time,x,y,vx,vy,speed,theta,omega,mass,fuel,thrust,throttle,dynamic_pressure,altitude,downrange
0.01,2.8328147526914626e-28,0.0,1.1331258930582158e-25,0.0,1.1331258930582158e-25,1.5707963267948966,1.7312888354460807e-24,10000.0,9000.0,0.0,0.0,7.864342523303749e-51,0.0,2.8328147526914626e-28
0.060000000000000005,1.8696577247488113e-26,0.0,6.798755358349295e-25,0.0,6.798755358349295e-25,1.5707963267948966,1.0387733012676484e-23,10000.0,9000.0,0.0,0.0,2.8311633083893494e-49,0.0,1.8696577247488113e-26
0.11999999999999998,7.8185686645072e-26,0.0,1.359751071669859e-24,0.0,1.359751071669859e-24,1.5707963267948966,2.0775466025352975e-23,10000.0,9000.0,0.0,0.0,1.1324653233557398e-48,0.0,7.8185686645072e-26
0.17,1.5892090653549286e-25,0.0,1.926314018198967e-24,0.0,1.926314018198967e-24,1.5707963267948966,2.9431910202583386e-23,10000.0,9000.0,0.0,0.0,2.2727949892347837e-48,0.0,1.5892090653549286e-25
0.22000000000000006,2.6798427375236917e-25,0.0,2.492876964728076e-24,0.0,2.492876964728076e-24,1.5707963267948966,3.8088354379813797e-23,10000.0,9000.0,0.0,0.0,3.806341781279017e-48,0.0,2.6798427375236917e-25
0.2700000000000001,4.0537578829570093e-25,0.0,3.0594399112571847e-24,0.0,3.0594399112571847e-24,1.5707963267948966,4.674479855704421e-23,10000.0,9000.0,0.0,0.0,5.73310569948844e-48,0.0,4.0537578829570093e-25
0.3200000000000001,5.71095450165488e-25,0.0,3.6260028577862936e-24,0.0,3.6260028577862936e-24,1.5707963267948966,5.540124273427462e-23,10000.0,9000.0,0.0,0.0,8.053086743863052e-48,0.0,5.71095450165488e-25
0.37000000000000016,7.651432593617306e-25,0.0,4.1925658043154024e-24,0.0,4.1925658043154024e-24,1.5707963267948966,6.405768691150503e-23,10000.0,9000.0,0.0,0.0,1.0766284914402851e-47,0.0,7.651432593617306e-25
0.4200000000000002,9.875192158844286e-25,0.0,4.759128750844511e-24,0.0,4.759128750844511e-24,1.5707963267948966,7.271413108873544e-23,10000.0,9000.0,0.0,0.0,1.3872700211107838e-47,0.0,9.875192158844286e-25
0.47000000000000025,1.2382233197335824e-24,0.0,5.32569169737362e-24,0.0,5.32569169737362e-24,1.5707963267948966,8.137057526596585e-23,10000.0,9000.0,0.0,0.0,1.7372332633978016e-47,0.0,1.2382233197335824e-24
0.5300000000000002,1.5764613988234878e-24,0.0,6.005567233208551e-24,0.0,6.005567233208551e-24,1.5707963267948966,9.175830827864235e-23,10000.0,9000.0,0.0,0.0,2.209093814796028e-47,0.0,1.5764613988234878e-24
0.5800000000000003,1.8894874267908438e-24,0.0,6.5721301797376595e-24,0.0,6.5721301797376595e-24,1.5707963267948966,1.0041475245587276e-22,10000.0,9000.0,0.0,0.0,2.645564824839387e-47,0.0,1.8894874267908438e-24
0.6300000000000003,2.2308416020846553e-24,0.0,7.138693126266765e-24,0.0,7.138693126266765e-24,1.5707963267948966,1.0907119663310314e-22,10000.0,9000.0,0.0,0.0,3.1213575474992615e-47,0.0,2.2308416020846553e-24
0.6800000000000004,2.600523924704922e-24,0.0,7.70525607279587e-24,0.0,7.70525607279587e-24,1.5707963267948966,1.177276408103335e-22,10000.0,9000.0,0.0,0.0,3.6364719827756554e-47,0.0,2.600523924704922e-24
0.7300000000000004,2.998534394651644e-24,0.0,8.271819019324975e-24,0.0,8.271819019324975e-24,1.5707963267948966,1.2638408498756385e-22,10000.0,9000.0,0.0,0.0,4.1909081306685664e-47,0.0,2.998534394651644e-24
0.7800000000000005,3.424873011924821e-24,0.0,8.83838196585408e-24,0.0,8.83838196585408e-24,1.5707963267948966,1.350405291647942e-22,10000.0,9000.0,0.0,0.0,4.784665991177997e-47,0.0,3.424873011924821e-24
0.8300000000000005,3.8795397765244515e-24,0.0,9.404944912383185e-24,0.0,9.404944912383185e-24,1.5707963267948966,1.4369697334202455e-22,10000.0,9000.0,0.0,0.0,5.417745564303944e-47,0.0,3.8795397765244515e-24
0.8800000000000006,4.3625346884505374e-24,0.0,9.97150785891229e-24,0.0,9.97150785891229e-24,1.5707963267948966,1.523534175192549e-22,10000.0,9000.0,0.0,0.0,6.090146850046412e-47,0.0,4.3625346884505374e-24
0.9300000000000006,4.873857747703079e-24,0.0,1.0538070805441396e-23,0.0,1.0538070805441396e-23,1.5707963267948966,1.6100986169648526e-22,10000.0,9000.0,0.0,0.0,6.801869848405397e-47,0.0,4.873857747703079e-24
0.9800000000000006,5.413508954282075e-24,0.0,1.1104633751970501e-23,0.0,1.1104633751970501e-23,1.5707963267948966,1.696663058737156e-22,10000.0,9000.0,0.0,0.0,7.5529145593809e-47,0.0,5.413508954282075e-24
1.0300000000000007,5.981488308187527e-24,0.0,1.1671196698499606e-23,0.0,1.1671196698499606e-23,1.5707963267948966,1.7832275005094596e-22,10000.0,9000.0,0.0,0.0,8.343280982972923e-47,0.0,5.981488308187527e-24
1.0800000000000007,6.577795809419434e-24,0.0,1.2237759645028711e-23,0.0,1.2237759645028711e-23,1.5707963267948966,1.8697919422817631e-22,10000.0,9000.0,0.0,0.0,9.17296911918146e-47,0.0,6.577795809419434e-24
1.1300000000000008,7.202431457977798e-24,0.0,1.2804322591557816e-23,0.0,1.2804322591557816e-23,1.5707963267948966,1.9563563840540667e-22,10000.0,9000.0,0.0,0.0,1.004197896800652e-46,0.0,7.202431457977798e-24
1.1800000000000008,7.855395253862618e-24,0.0,1.3370885538086923e-23,0.0,1.3370885538086923e-23,1.5707963267948966,2.0429208258263702e-22,10000.0,9000.0,0.0,0.0,1.09503105294481e-46,0.0,7.855395253862618e-24
1.2300000000000009,8.536687197073892e-24,0.0,1.3937448484616028e-23,0.0,1.3937448484616028e-23,1.5707963267948966,2.129485267598674e-22,10000.0,9000.0,0.0,0.0,1.1897963803506196e-46,0.0,8.536687197073892e-24
1.280000000000001,9.246307287611623e-24,0.0,1.4504011431145133e-23,0.0,1.4504011431145133e-23,1.5707963267948966,2.2160497093709786e-22,10000.0,9000.0,0.0,0.0,1.288493879018081e-46,0.0,9.246307287611623e-24
1.330000000000001,9.984255525475808e-24,0.0,1.5070574377674238e-23,0.0,1.5070574377674238e-23,1.5707963267948966,2.3026141511432833e-22,10000.0,9000.0,0.0,0.0,1.391123548947194e-46,0.0,9.984255525475808e-24
1.380000000000001,1.0750531910666448e-23,0.0,1.5637137324203343e-23,0.0,1.5637137324203343e-23,1.5707963267948966,2.389178592915588e-22,10000.0,9000.0,0.0,0.0,1.497685390137959e-46,0.0,1.0750531910666448e-23
1.430000000000001,1.1545136443183544e-23,0.0,1.620370027073245e-23,0.0,1.620370027073245e-23,1.5707963267948966,2.4757430346878927e-22,10000.0,9000.0,0.0,0.0,1.608179402590376e-46,0.0,1.1545136443183544e-23
1.480000000000001,1.2368069123027095e-23,0.0,1.6770263217261554e-23,0.0,1.6770263217261554e-23,1.5707963267948966,2.5623074764601974e-22,10000.0,9000.0,0.0,0.0,1.7226055863044445e-46,0.0,1.2368069123027095e-23
1.5300000000000011,1.32193299501971e-23,0.0,1.733682616379066e-23,0.0,1.733682616379066e-23,1.5707963267948966,2.648871918232502e-22,10000.0,9000.0,0.0,0.0,1.840963941280165e-46,0.0,1.32193299501971e-23
1.5800000000000012,1.4098918924693562e-23,0.0,1.7903389110319764e-23,0.0,1.7903389110319764e-23,1.5707963267948966,2.735436360004807e-22,10000.0,9000.0,0.0,0.0,1.9632544675175378e-46,0.0,1.4098918924693562e-23
1.6300000000000012,1.500683604651648e-23,0.0,1.846995205684887e-23,0.0,1.846995205684887e-23,1.5707963267948966,2.8220008017771115e-22,10000.0,9000.0,0.0,0.0,2.0894771650165617e-46,0.0,1.500683604651648e-23
1.6800000000000013,1.594308131566585e-23,0.0,1.9036515003377974e-23,0.0,1.9036515003377974e-23,1.5707963267948966,2.908565243549416e-22,10000.0,9000.0,0.0,0.0,2.219632033777238e-46,0.0,1.594308131566585e-23
1.7300000000000013,1.6907654732141678e-23,0.0,1.960307794990708e-23,0.0,1.960307794990708e-23,1.5707963267948966,2.995129685321721e-22,10000.0,9000.0,0.0,0.0,2.3537190737995658e-46,0.0,1.6907654732141678e-23
1.7800000000000014,1.790055629594396e-23,0.0,2.0169640896436185e-23,0.0,2.0169640896436185e-23,1.5707963267948966,3.0816941270940256e-22,10000.0,9000.0,0.0,0.0,2.4917382850835456e-46,0.0,1.790055629594396e-23
1.8300000000000014,1.8921786007072698e-23,0.0,2.073620384296529e-23,0.0,2.073620384296529e-23,1.5707963267948966,3.1682585688663303e-22,10000.0,9000.0,0.0,0.0,2.6336896676291767e-46,0.0,1.8921786007072698e-23
1.8800000000000014,1.997134386552789e-23,0.0,2.1302766789494395e-23,0.0,2.1302766789494395e-23,1.5707963267948966,3.254823010638635e-22,10000.0,9000.0,0.0,0.0,2.7795732214364603e-46,0.0,1.997134386552789e-23
1.9300000000000015,2.104922987130954e-23,0.0,2.18693297360235e-23,0.0,2.18693297360235e-23,1.5707963267948966,3.3413874524109397e-22,10000.0,9000.0,0.0,0.0,2.9293889465053957e-46,0.0,2.104922987130954e-23
1.9800000000000015,2.2155444024417643e-23,0.0,2.2435892682552605e-23,0.0,2.2435892682552605e-23,1.5707963267948966,3.4279518941832444e-22,10000.0,9000.0,0.0,0.0,3.0831368428359827e-46,0.0,2.2155444024417643e-23
2.0400000000000005,2.3520294162618287e-23,0.0,2.3115768218387532e-23,0.0,2.3115768218387532e-23,1.5707963267948966,3.53182922431001e-22,10000.0,9000.0,0.0,0.0,3.2728247844980677e-46,0.0,2.3520294162618287e-23
2.099999999999999,2.492593683296903e-23,0.0,2.3795643754222458e-23,0.0,2.3795643754222458e-23,1.5707963267948966,3.6357065544367757e-22,10000.0,9000.0,0.0,0.0,3.468175052776931e-46,0.0,2.492593683296903e-23
2.159999999999998,2.6372372035469864e-23,0.0,2.4475519290057384e-23,0.0,2.4475519290057384e-23,1.5707963267948966,3.7395838845635413e-22,10000.0,9000.0,0.0,0.0,3.669187647672573e-46,0.0,2.6372372035469864e-23
2.2199999999999966,2.785959977012079e-23,0.0,2.515539482589231e-23,0.0,2.515539482589231e-23,1.5707963267948966,3.843461214690307e-22,10000.0,9000.0,0.0,0.0,3.875862569184994e-46,0.0,2.785959977012079e-23
2.2799999999999954,2.938762003692182e-23,0.0,2.5835270361727236e-23,0.0,2.5835270361727236e-23,1.5707963267948966,3.9473385448170726e-22,10000.0,9000.0,0.0,0.0,4.088199817314193e-46,0.0,2.938762003692182e-23
2.339999999999994,3.095643283587294e-23,0.0,2.651514589756216e-23,0.0,2.651514589756216e-23,1.5707963267948966,4.0512158749438383e-22,10000.0,9000.0,0.0,0.0,4.3061993920601716e-46,0.0,3.095643283587294e-23
2.399999999999993,3.256603816697416e-23,0.0,2.7195021433397106e-23,0.0,2.7195021433397106e-23,1.5707963267948966,4.155093205070604e-22,10000.0,9000.0,0.0,0.0,4.529861293422934e-46,0.0,3.256603816697416e-23
2.4599999999999915,3.4216436030225475e-23,0.0,2.787489696923205e-23,0.0,2.787489696923205e-23,1.5707963267948966,4.258970535197369e-22,10000.0,9000.0,0.0,0.0,4.759185521402476e-46,0.0,3.4216436030225475e-23
2.5199999999999902,3.5907626425626886e-23,0.0,2.8554772505066994e-23,0.0,2.8554772505066994e-23,1.5707963267948966,4.362847865324131e-22,10000.0,9000.0,0.0,0.0,4.9941720759987966e-46,0.0,3.5907626425626886e-23
2.579999999999989,3.7639609353178395e-23,0.0,2.923464804090194e-23,0.0,2.923464804090194e-23,1.5707963267948966,4.466725195450894e-22,10000.0,9000.0,0.0,0.0,5.234820957211896e-46,0.0,3.7639609353178395e-23
2.6399999999999877,3.941238481288e-23,0.0,2.991452357673688e-23,0.0,2.991452357673688e-23,1.5707963267948966,4.570602525577657e-22,10000.0,9000.0,0.0,0.0,5.481132165041775e-46,0.0,3.941238481288e-23
2.6999999999999864,4.12259528047317e-23,0.0,3.0594399112571825e-23,0.0,3.0594399112571825e-23,1.5707963267948966,4.67447985570442e-22,10000.0,9000.0,0.0,0.0,5.733105699488432e-46,0.0,4.12259528047317e-23
2.759999999999985,4.30803133287335e-23,0.0,3.127427464840677e-23,0.0,3.127427464840677e-23,1.5707963267948966,4.778357185831183e-22,10000.0,9000.0,0.0,0.0,5.990741560551867e-46,0.0,4.30803133287335e-23
2.819999999999984,4.4975466384885396e-23,0.0,3.1954150184241713e-23,0.0,3.1954150184241713e-23,1.5707963267948966,4.8822345159579455e-22,10000.0,9000.0,0.0,0.0,6.254039748232083e-46,0.0,4.4975466384885396e-23
2.8799999999999826,4.6911411973187386e-23,0.0,3.2634025720076657e-23,0.0,3.2634025720076657e-23,1.5707963267948966,4.986111846084708e-22,10000.0,9000.0,0.0,0.0,6.523000262529077e-46,0.0,4.6911411973187386e-23
2.9399999999999813,4.8888150093639475e-23,0.0,3.33139012559116e-23,0.0,3.33139012559116e-23,1.5707963267948966,5.089989176211471e-22,10000.0,9000.0,0.0,0.0,6.79762310344285e-46,0.0,4.8888150093639475e-23
2.99999999999998,5.0905680746241657e-23,0.0,3.3993776791746544e-23,0.0,3.3993776791746544e-23,1.5707963267948966,5.193866506338234e-22,10000.0,9000.0,0.0,0.0,7.077908270973402e-46,0.0,5.0905680746241657e-23
3.0599999999999787,5.296400393099394e-23,0.0,3.467365232758149e-23,0.0,3.467365232758149e-23,1.5707963267948966,5.297743836464997e-22,10000.0,9000.0,0.0,0.0,7.363855765120734e-46,0.0,5.296400393099394e-23
3.1199999999999775,5.506311964789632e-23,0.0,3.535352786341643e-23,0.0,3.535352786341643e-23,1.5707963267948966,5.40162116659176e-22,10000.0,9000.0,0.0,0.0,7.655465585884843e-46,0.0,5.506311964789632e-23
3.179999999999976,5.720302789694879e-23,0.0,3.6033403399251376e-23,0.0,3.6033403399251376e-23,1.5707963267948966,5.505498496718522e-22,10000.0,9000.0,0.0,0.0,7.952737733265731e-46,0.0,5.720302789694879e-23
3.239999999999975,5.938372867815137e-23,0.0,3.671327893508632e-23,0.0,3.671327893508632e-23,1.5707963267948966,5.609375826845285e-22,10000.0,9000.0,0.0,0.0,8.255672207263399e-46,0.0,5.938372867815137e-23
3.2999999999999736,6.160522199150404e-23,0.0,3.7393154470921264e-23,0.0,3.7393154470921264e-23,1.5707963267948966,5.713253156972048e-22,10000.0,9000.0,0.0,0.0,8.564269007877847e-46,0.0,6.160522199150404e-23
3.3599999999999723,6.38675078370068e-23,0.0,3.807303000675621e-23,0.0,3.807303000675621e-23,1.5707963267948966,5.817130487098811e-22,10000.0,9000.0,0.0,0.0,8.878528135109072e-46,0.0,6.38675078370068e-23
3.419999999999971,6.617058621465966e-23,0.0,3.875290554259115e-23,0.0,3.875290554259115e-23,1.5707963267948966,5.921007817225574e-22,10000.0,9000.0,0.0,0.0,9.198449588957075e-46,0.0,6.617058621465966e-23
3.47999999999997,6.851445712446262e-23,0.0,3.9432781078426095e-23,0.0,3.9432781078426095e-23,1.5707963267948966,6.0248851473523365e-22,10000.0,9000.0,0.0,0.0,9.52403336942186e-46,0.0,6.851445712446262e-23
3.5399999999999685,7.089912056641567e-23,0.0,4.011265661426104e-23,0.0,4.011265661426104e-23,1.5707963267948966,6.128762477479099e-22,10000.0,9000.0,0.0,0.0,9.855279476503422e-46,0.0,7.089912056641567e-23
3.5999999999999672,7.332457654051883e-23,0.0,4.079253215009598e-23,0.0,4.079253215009598e-23,1.5707963267948966,6.232639807605862e-22,10000.0,9000.0,0.0,0.0,1.0192187910201764e-45,0.0,7.332457654051883e-23
3.659999999999966,7.579082504677207e-23,0.0,4.1472407685930927e-23,0.0,4.1472407685930927e-23,1.5707963267948966,6.336517137732625e-22,10000.0,9000.0,0.0,0.0,1.0534758670516884e-45,0.0,7.579082504677207e-23
3.7199999999999647,7.829786608517541e-23,0.0,4.215228322176587e-23,0.0,4.215228322176587e-23,1.5707963267948966,6.440394467859388e-22,10000.0,9000.0,0.0,0.0,1.0882991757448784e-45,0.0,7.829786608517541e-23
3.7799999999999634,8.084569965572886e-23,0.0,4.2832158757600814e-23,0.0,4.2832158757600814e-23,1.5707963267948966,6.544271797986151e-22,10000.0,9000.0,0.0,0.0,1.1236887170997462e-45,0.0,8.084569965572886e-23
3.839999999999962,8.34343257584324e-23,0.0,4.351203429343576e-23,0.0,4.351203429343576e-23,1.5707963267948966,6.648149128112913e-22,10000.0,9000.0,0.0,0.0,1.159644491116292e-45,0.0,8.34343257584324e-23
3.899999999999961,8.606374439328603e-23,0.0,4.41919098292707e-23,0.0,4.41919098292707e-23,1.5707963267948966,6.752026458239676e-22,10000.0,9000.0,0.0,0.0,1.1961664977945155e-45,0.0,8.606374439328603e-23
3.9599999999999596,8.873395556028976e-23,0.0,4.4871785365105646e-23,0.0,4.4871785365105646e-23,1.5707963267948966,6.855903788366439e-22,10000.0,9000.0,0.0,0.0,1.233254737134417e-45,0.0,8.873395556028976e-23
4.019999999999959,9.144495925944359e-23,0.0,4.555166090094059e-23,0.0,4.555166090094059e-23,1.5707963267948966,6.959781118493202e-22,10000.0,9000.0,0.0,0.0,1.2709092091359963e-45,0.0,9.144495925944359e-23
4.079999999999957,9.419675549074751e-23,0.0,4.6231536436775533e-23,0.0,4.6231536436775533e-23,1.5707963267948966,7.063658448619965e-22,10000.0,9000.0,0.0,0.0,1.3091299137992537e-45,0.0,9.419675549074751e-23
4.139999999999956,9.698934425420153e-23,0.0,4.691141197261048e-23,0.0,4.691141197261048e-23,1.5707963267948966,7.167535778746727e-22,10000.0,9000.0,0.0,0.0,1.3479168511241888e-45,0.0,9.698934425420153e-23
4.199999999999955,9.982272554980565e-23,0.0,4.759128750844542e-23,0.0,4.759128750844542e-23,1.5707963267948966,7.27141310887349e-22,10000.0,9000.0,0.0,0.0,1.387270021110802e-45,0.0,9.982272554980565e-23
4.259999999999954,1.0269689937755986e-22,0.0,4.8271163044280365e-23,0.0,4.8271163044280365e-23,1.5707963267948966,7.375290439000253e-22,10000.0,9000.0,0.0,0.0,1.427189423759093e-45,0.0,1.0269689937755986e-22
4.319999999999952,1.0561186573746417e-22,0.0,4.895103858011531e-23,0.0,4.895103858011531e-23,1.5707963267948966,7.479167769127016e-22,10000.0,9000.0,0.0,0.0,1.4676750590690617e-45,0.0,1.0561186573746417e-22
4.379999999999951,1.0856762462951856e-22,0.0,4.963091411595025e-23,0.0,4.963091411595025e-23,1.5707963267948966,7.583045099253779e-22,10000.0,9000.0,0.0,0.0,1.5087269270407085e-45,0.0,1.0856762462951856e-22
4.43999999999995,1.1156417605372306e-22,0.0,5.0310789651785196e-23,0.0,5.0310789651785196e-23,1.5707963267948966,7.686922429380542e-22,10000.0,9000.0,0.0,0.0,1.5503450276740332e-45,0.0,1.1156417605372306e-22
4.4999999999999485,1.1460152001007767e-22,0.0,5.099066518762014e-23,0.0,5.099066518762014e-23,1.5707963267948966,7.790799759507304e-22,10000.0,9000.0,0.0,0.0,1.5925293609690358e-45,0.0,1.1460152001007767e-22
4.559999999999947,1.1767965649858237e-22,0.0,5.1670540723455084e-23,0.0,5.1670540723455084e-23,1.5707963267948966,7.894677089634067e-22,10000.0,9000.0,0.0,0.0,1.6352799269257162e-45,0.0,1.1767965649858237e-22
4.619999999999946,1.2079858551923719e-22,0.0,5.235041625929003e-23,0.0,5.235041625929003e-23,1.5707963267948966,7.99855441976083e-22,10000.0,9000.0,0.0,0.0,1.6785967255440744e-45,0.0,1.2079858551923719e-22
4.679999999999945,1.2395830707204206e-22,0.0,5.303029179512497e-23,0.0,5.303029179512497e-23,1.5707963267948966,8.102431749887593e-22,10000.0,9000.0,0.0,0.0,1.7224797568241106e-45,0.0,1.2395830707204206e-22
4.739999999999943,1.2715882115699703e-22,0.0,5.371016733095988e-23,0.0,5.371016733095988e-23,1.5707963267948966,8.206309080014356e-22,10000.0,9000.0,0.0,0.0,1.7669290207658224e-45,0.0,1.2715882115699703e-22
4.799999999999942,1.304001277741021e-22,0.0,5.439004286679479e-23,0.0,5.439004286679479e-23,1.5707963267948966,8.310186410141118e-22,10000.0,9000.0,0.0,0.0,1.811944517369212e-45,0.0,1.304001277741021e-22
4.859999999999941,1.336822269233573e-22,0.0,5.50699184026297e-23,0.0,5.50699184026297e-23,1.5707963267948966,8.414063740267881e-22,10000.0,9000.0,0.0,0.0,1.85752624663428e-45,0.0,1.336822269233573e-22
4.9199999999999395,1.3700511860476258e-22,0.0,5.57497939384646e-23,0.0,5.57497939384646e-23,1.5707963267948966,8.517941070394645e-22,10000.0,9000.0,0.0,0.0,1.9036742085610252e-45,0.0,1.3700511860476258e-22
4.979999999999938,1.4036880281831792e-22,0.0,5.642966947429951e-23,0.0,5.642966947429951e-23,1.5707963267948966,8.621818400521408e-22,10000.0,9000.0,0.0,0.0,1.950388403149448e-45,0.0,1.4036880281831792e-22
5.039999999999937,1.4377327956402337e-22,0.0,5.710954501013442e-23,0.0,5.710954501013442e-23,1.5707963267948966,8.72569573064817e-22,10000.0,9000.0,0.0,0.0,1.9976688303995488e-45,0.0,1.4377327956402337e-22
5.099999999999936,1.4721854884187892e-22,0.0,5.778942054596933e-23,0.0,5.778942054596933e-23,1.5707963267948966,8.829573060774933e-22,10000.0,9000.0,0.0,0.0,2.045515490311328e-45,0.0,1.4721854884187892e-22
5.159999999999934,1.5070461065188458e-22,0.0,5.846929608180424e-23,0.0,5.846929608180424e-23,1.5707963267948966,8.933450390901696e-22,10000.0,9000.0,0.0,0.0,2.0939283828847843e-45,0.0,1.5070461065188458e-22
5.219999999999933,1.5423146499404034e-22,0.0,5.914917161763915e-23,0.0,5.914917161763915e-23,1.5707963267948966,9.03732772102846e-22,10000.0,9000.0,0.0,0.0,2.142907508119919e-45,0.0,1.5423146499404034e-22
5.279999999999932,1.5779911186834616e-22,0.0,5.982904715347406e-23,0.0,5.982904715347406e-23,1.5707963267948966,9.141205051155222e-22,10000.0,9000.0,0.0,0.0,2.192452866016731e-45,0.0,1.5779911186834616e-22
5.339999999999931,1.6140755127480209e-22,0.0,6.050892268930897e-23,0.0,6.050892268930897e-23,1.5707963267948966,9.245082381281985e-22,10000.0,9000.0,0.0,0.0,2.2425644565752213e-45,0.0,1.6140755127480209e-22
5.399999999999929,1.6505678321340811e-22,0.0,6.118879822514387e-23,0.0,6.118879822514387e-23,1.5707963267948966,9.348959711408748e-22,10000.0,9000.0,0.0,0.0,2.2932422797953896e-45,0.0,1.6505678321340811e-22
5.459999999999928,1.6874680768416425e-22,0.0,6.186867376097878e-23,0.0,6.186867376097878e-23,1.5707963267948966,9.45283704153551e-22,10000.0,9000.0,0.0,0.0,2.344486335677235e-45,0.0,1.6874680768416425e-22
5.519999999999927,1.7247762468707046e-22,0.0,6.254854929681369e-23,0.0,6.254854929681369e-23,1.5707963267948966,9.556714371662273e-22,10000.0,9000.0,0.0,0.0,2.3962966242207587e-45,0.0,1.7247762468707046e-22
5.5799999999999255,1.7624923422212675e-22,0.0,6.32284248326486e-23,0.0,6.32284248326486e-23,1.5707963267948966,9.660591701789036e-22,10000.0,9000.0,0.0,0.0,2.4486731454259602e-45,0.0,1.7624923422212675e-22
5.639999999999924,1.8006163628933315e-22,0.0,6.390830036848351e-23,0.0,6.390830036848351e-23,1.5707963267948966,9.764469031915799e-22,10000.0,9000.0,0.0,0.0,2.5016158992928397e-45,0.0,1.8006163628933315e-22
5.699999999999923,1.8391483088868965e-22,0.0,6.458817590431842e-23,0.0,6.458817590431842e-23,1.5707963267948966,9.868346362042562e-22,10000.0,9000.0,0.0,0.0,2.5551248858213967e-45,0.0,1.8391483088868965e-22
5.759999999999922,1.8780881802019626e-22,0.0,6.526805144015333e-23,0.0,6.526805144015333e-23,1.5707963267948966,9.972223692169324e-22,10000.0,9000.0,0.0,0.0,2.6092001050116317e-45,0.0,1.8780881802019626e-22
5.81999999999992,1.9174359768385295e-22,0.0,6.594792697598823e-23,0.0,6.594792697598823e-23,1.5707963267948966,1.0076101022296087e-21,10000.0,9000.0,0.0,0.0,2.6638415568635445e-45,0.0,1.9174359768385295e-22
5.879999999999919,1.9571916987965972e-22,0.0,6.662780251182314e-23,0.0,6.662780251182314e-23,1.5707963267948966,1.017997835242285e-21,10000.0,9000.0,0.0,0.0,2.719049241377135e-45,0.0,1.9571916987965972e-22
5.939999999999918,1.997355346076166e-22,0.0,6.730767804765805e-23,0.0,6.730767804765805e-23,1.5707963267948966,1.0283855682549613e-21,10000.0,9000.0,0.0,0.0,2.774823158552404e-45,0.0,1.997355346076166e-22
5.9999999999999165,2.0379269186772357e-22,0.0,6.798755358349296e-23,0.0,6.798755358349296e-23,1.5707963267948966,1.0387733012676376e-21,10000.0,9000.0,0.0,0.0,2.83116330838935e-45,0.0,2.0379269186772357e-22
6.059999999999915,2.0789064165998065e-22,0.0,6.866742911932787e-23,0.0,6.866742911932787e-23,1.5707963267948966,1.0491610342803139e-21,10000.0,9000.0,0.0,0.0,2.888069690887974e-45,0.0,2.0789064165998065e-22
6.119999999999914,2.120293839843878e-22,0.0,6.934730465516278e-23,0.0,6.934730465516278e-23,1.5707963267948966,1.0595487672929901e-21,10000.0,9000.0,0.0,0.0,2.945542306048276e-45,0.0,2.120293839843878e-22
6.179999999999913,2.1620891884094506e-22,0.0,7.002718019099769e-23,0.0,7.002718019099769e-23,1.5707963267948966,1.0699365003056664e-21,10000.0,9000.0,0.0,0.0,3.0035811538702557e-45,0.0,2.1620891884094506e-22
6.239999999999911,2.2042924622965243e-22,0.0,7.070705572683259e-23,0.0,7.070705572683259e-23,1.5707963267948966,1.0803242333183427e-21,10000.0,9000.0,0.0,0.0,3.0621862343539136e-45,0.0,2.2042924622965243e-22
6.29999999999991,2.2469036615050986e-22,0.0,7.13869312626675e-23,0.0,7.13869312626675e-23,1.5707963267948966,1.090711966331019e-21,10000.0,9000.0,0.0,0.0,3.121357547499249e-45,0.0,2.2469036615050986e-22
6.359999999999909,2.289922786035174e-22,0.0,7.206680679850241e-23,0.0,7.206680679850241e-23,1.5707963267948966,1.1010996993436953e-21,10000.0,9000.0,0.0,0.0,3.181095093306263e-45,0.0,2.289922786035174e-22
6.419999999999908,2.3333498358867503e-22,0.0,7.274668233433732e-23,0.0,7.274668233433732e-23,1.5707963267948966,1.1114874323563715e-21,10000.0,9000.0,0.0,0.0,3.241398871774954e-45,0.0,2.3333498358867503e-22
6.479999999999906,2.3771848110598277e-22,0.0,7.342655787017223e-23,0.0,7.342655787017223e-23,1.5707963267948966,1.1218751653690478e-21,10000.0,9000.0,0.0,0.0,3.302268882905323e-45,0.0,2.3771848110598277e-22
6.539999999999905,2.421427711554406e-22,0.0,7.410643340600714e-23,0.0,7.410643340600714e-23,1.5707963267948966,1.1322628983817241e-21,10000.0,9000.0,0.0,0.0,3.3637051266973695e-45,0.0,2.421427711554406e-22
6.599999999999904,2.4660785373704853e-22,0.0,7.478630894184205e-23,0.0,7.478630894184205e-23,1.5707963267948966,1.1426506313944004e-21,10000.0,9000.0,0.0,0.0,3.4257076031510945e-45,0.0,2.4660785373704853e-22
6.659999999999902,2.5111372885080653e-22,0.0,7.546618447767695e-23,0.0,7.546618447767695e-23,1.5707963267948966,1.1530383644070767e-21,10000.0,9000.0,0.0,0.0,3.4882763122664967e-45,0.0,2.5111372885080653e-22
6.719999999999901,2.5566039649671465e-22,0.0,7.614606001351186e-23,0.0,7.614606001351186e-23,1.5707963267948966,1.163426097419753e-21,10000.0,9000.0,0.0,0.0,3.5514112540435766e-45,0.0,2.5566039649671465e-22
6.7799999999999,2.6024785667477286e-22,0.0,7.682593554934677e-23,0.0,7.682593554934677e-23,1.5707963267948966,1.1738138304324292e-21,10000.0,9000.0,0.0,0.0,3.6151124284823355e-45,0.0,2.6024785667477286e-22
6.839999999999899,2.6487610938498114e-22,0.0,7.750581108518168e-23,0.0,7.750581108518168e-23,1.5707963267948966,1.1842015634451055e-21,10000.0,9000.0,0.0,0.0,3.6793798355827715e-45,0.0,2.6487610938498114e-22
6.899999999999897,2.695451546273395e-22,0.0,7.818568662101659e-23,0.0,7.818568662101659e-23,1.5707963267948966,1.1945892964577818e-21,10000.0,9000.0,0.0,0.0,3.744213475344885e-45,0.0,2.695451546273395e-22
6.959999999999896,2.74254992401848e-22,0.0,7.88655621568515e-23,0.0,7.88655621568515e-23,1.5707963267948966,1.204977029470458e-21,10000.0,9000.0,0.0,0.0,3.809613347768677e-45,0.0,2.74254992401848e-22
7.019999999999895,3.673944410119243e-22,0.0,7.347894847580844e-20,0.0,7.347894847580844e-20,1.5707963267948966,1.6891787563422643e-24,9999.993881702723,8999.993881702723,1199.9999999910215,0.007999999999940144,3.3069829698301884e-39,0.0,3.673944410119243e-22
7.0799999999998935,1.4695856063727701e-21,0.0,2.9391725244442735e-19,0.0,2.9391725244442735e-19,1.5707963267948966,1.5659657718897743e-24,9999.926580432666,8999.926580432666,4799.999999990945,0.03199999999993963,5.291225266174476e-38,0.0,1.4695856063727701e-21
7.139999999999892,2.5718086924914236e-21,0.0,5.143620306382351e-19,0.0,5.143620306382351e-19,1.5707963267948966,1.4474247914402914e-24,9999.785859595275,8999.785859595275,8399.999999990869,0.055999999999939126,1.6204808286940186e-37,0.0,2.5718086924914236e-21
7.199999999999891,3.674087979034009e-21,0.0,7.348181390048358e-19,0.0,7.348181390048358e-19,1.5707963267948966,1.333551346212395e-24,9999.57171919055,8999.57171919055,11999.999999990792,0.07999999999993862,3.3072408966394974e-37,0.0,3.674087979034009e-21
7.25999999999989,4.7764477497866815e-21,0.0,9.552904343237842e-19,0.0,9.552904343237842e-19,1.5707963267948966,1.2243415835953594e-24,9999.28415921849,8999.28415921849,15599.999999990716,0.1039999999999381,5.589551360201962e-37,0.0,4.7764477497866815e-21
7.319999999999888,5.878912294439136e-21,0.0,1.1757837745632935e-18,0.0,1.1757837745632935e-18,1.5707963267948966,1.1197922669171741e-24,9998.923179679097,8998.923179679097,19199.999999990636,0.12799999999993758,8.467613342723624e-37,0.0,5.878912294439136e-21
7.379999999999887,6.981505910369045e-21,0.0,1.3963030192371256e-18,0.0,1.3963030192371256e-18,1.5707963267948966,1.0199007753483015e-24,9998.488780572368,8998.488780572368,22799.99999999056,0.15199999999993707,1.1941680494375615e-36,0.0,6.981505910369045e-21
7.439999999999886,8.084252904427648e-21,0.0,1.616853029761717e-18,0.0,1.616853029761717e-18,1.5707963267948966,9.246651039412156e-25,9997.980961898305,8997.980961898305,26399.999999990487,0.17599999999993657,1.601205903407907e-36,0.0,8.084252904427648e-21
7.4999999999998845,9.187177594726834e-21,0.0,1.837438669813603e-18,0.0,1.837438669813603e-18,1.5707963267948966,8.34083863805827e-25,9997.399723656908,8997.399723656908,29999.99999999041,0.19999999999993606,2.0679107800124097e-36,0.0,9.187177594726834e-21
7.559999999999883,1.0290304312427946e-20,0.0,2.0580648056871856e-18,0.0,2.0580648056871856e-18,1.5707963267948966,7.481562824209341e-25,9996.745065848178,8996.745065848178,33599.99999999033,0.22399999999993556,2.5943238309500426e-36,0.0,1.0290304312427946e-20
7.619999999999882,1.1393657403532606e-20,0.0,2.2787363066529103e-18,0.0,2.2787363066529103e-18,1.5707963267948966,6.66882204081896e-25,9996.016988472113,8996.016988472113,37199.99999999026,0.24799999999993505,3.180491482595615e-36,0.0,1.1393657403532606e-20
7.679999999999881,1.2497261230675814e-20,0.0,2.4994580453159007e-18,0.0,2.4994580453159007e-18,1.5707963267948966,5.9026209048476055e-25,9995.215491528712,8995.215491528712,40799.99999999018,0.2719999999999345,3.82646544368031e-36,0.0,1.2497261230675814e-20
7.739999999999879,1.3601140174921646e-20,0.0,2.720234897975102e-18,0.0,2.720234897975102e-18,1.5707963267948966,5.18297021447138e-25,9994.340575017977,8994.340575017977,44399.999999990105,0.29599999999993404,4.532302713848989e-36,0.0,1.3601140174921646e-20
7.799999999999878,1.470531863756176e-20,0.0,2.941071744983007e-18,0.0,2.941071744983007e-18,1.5707963267948966,4.509886957661505e-25,9993.392238939909,8993.392238939909,47999.999999990025,0.3199999999999335,5.298065593096651e-36,0.0,1.470531863756176e-20
7.859999999999877,1.5809821041917072e-20,0.0,3.161973471106e-18,0.0,3.161973471106e-18,1.5707963267948966,3.8833943221383646e-25,9992.370483294506,8992.370483294506,51599.99999998995,0.343999999999933,6.123821692086603e-36,0.0,1.5809821041917072e-20
7.919999999999876,1.6914671835142784e-20,0.0,3.3829449658853815e-18,0.0,3.3829449658853815e-18,1.5707963267948966,3.303521706704421e-25,9991.27530808177,8991.27530808177,55199.99999998987,0.3679999999999325,7.009643943353163e-36,0.0,1.6914671835142784e-20
7.979999999999874,1.8019895490037164e-20,0.0,3.603991123999142e-18,0.0,3.603991123999142e-18,1.5707963267948966,2.770304733960668e-25,9990.106713301697,8990.106713301697,58799.99999998979,0.39199999999993196,7.955610613392067e-36,0.0,1.8019895490037164e-20
8.039999999999873,1.9125516506854244e-20,0.0,3.825116845624526e-18,0.0,3.825116845624526e-18,1.5707963267948966,2.2837852644119607e-25,9988.86469895429,8988.86469895429,62399.99999998977,0.4159999999999318,8.961805315641822e-36,0.0,1.9125516506854244e-20
8.099999999999872,2.0231559415120757e-20,0.0,4.0463270368014295e-18,0.0,4.0463270368014295e-18,1.5707963267948966,1.8440114119668765e-25,9987.54926503955,8987.54926503955,65999.99999998977,0.43999999999993183,1.0028317024359521e-35,0.0,2.0231559415120757e-20
8.15999999999987,2.1338048775457666e-20,0.0,4.26762660979674e-18,0.0,4.26762660979674e-18,1.5707963267948966,1.4510375608383052e-25,9986.160411557476,8986.160411557476,69599.99999998978,0.46399999999993186,1.1155240089395194e-35,0.0,2.1338048775457666e-20
8.21999999999987,2.2445009181406454e-20,0.0,4.48902048346961e-18,0.0,4.48902048346961e-18,1.5707963267948966,1.104924383851507e-25,9984.698138508067,8984.698138508067,73199.99999998978,0.4879999999999319,1.234267425186846e-35,0.0,2.2445009181406454e-20
8.279999999999868,2.3552465261260613e-20,0.0,4.710513583637784e-18,0.0,4.710513583637784e-18,1.5707963267948966,8.057388621667753e-26,9983.162445891321,8983.162445891321,76799.9999999898,0.511999999999932,1.3590724660752098e-35,0.0,2.3552465261260613e-20
8.339999999999867,2.46604416799024e-20,0.0,4.9321108434449776e-18,0.0,4.9321108434449776e-18,1.5707963267948966,5.535543064244457e-26,9981.553333707241,8981.553333707241,80399.9999999898,0.535999999999932,1.4899501890366864e-35,0.0,2.46604416799024e-20
8.399999999999865,2.576896314064536e-20,0.0,5.153817203729403e-18,0.0,5.153817203729403e-18,1.5707963267948966,3.484503793203815e-26,9979.870801955827,8979.870801955827,83999.9999999898,0.559999999999932,1.6269121958792512e-35,0.0,2.576896314064536e-20
8.459999999999864,2.687805438708282e-20,0.0,5.375637613393505e-18,0.0,5.375637613393505e-18,1.5707963267948966,1.9051311962066945e-26,9978.11485063708,8978.11485063708,87599.9999999898,0.583999999999932,1.7699706347200252e-35,0.0,2.687805438708282e-20
8.519999999999863,2.7987740204942616e-20,0.0,5.597577029774932e-18,0.0,5.597577029774932e-18,1.5707963267948966,-6.58840240255843e-26,9976.285479750995,8976.285479750995,91199.9999999898,0.607999999999932,1.9191382020111674e-35,0.0,2.7987740204942616e-20
8.579999999999862,2.909804542394842e-20,0.0,5.819640419018839e-18,0.0,5.819640419018839e-18,1.5707963267948966,-2.5606274905090146e-26,9974.382689297578,8974.382689297578,94799.99999998981,0.6319999999999321,2.074428144659013e-35,0.0,2.909804542394842e-20
8.63999999999986,3.020899491966637e-20,3.0178266526116563e-06,6.041832756442923e-18,0.0006041168774764628,0.0006041168774764628,1.5707963267948966,-5.248729808447874e-27,9972.406479276826,8972.406479276826,98399.99999998981,0.6559999999999321,2.2353628593243192e-07,3.0178266526116563e-06,3.020899491966637e-20
8.699999999999859,3.132061361442865e-20,2.117193762672687e-05,6.264159026531804e-18,0.004234980408987444,0.004234980408987444,1.5707963267948966,-3.5221346383845294e-26,9970.35684968874,8970.35684968874,101999.99999998981,0.6799999999999321,1.0985223649648645e-05,2.117193762672687e-05,3.132061361442865e-20
8.759999999999858,3.2432926480639855e-20,3.933738528092689e-05,6.486624223883194e-18,0.007868112794875254,0.007868112794875254,1.5707963267948966,-8.107443800932637e-26,9968.23380053332,8968.23380053332,105599.99999998981,0.7039999999999321,3.7918159183156306e-05,3.933738528092689e-05,3.2432926480639855e-20
8.819999999999856,3.3545958542757557e-20,5.7514578295617825e-05,6.7092333536218966e-18,0.011503595775031046,0.011503595775031046,1.5707963267948966,-8.667417436271331e-26,9966.037331810565,8966.037331810565,109199.99999998983,0.7279999999999321,8.105378785168465e-05,5.7514578295617825e-05,3.3545958542757557e-20
8.879999999999855,3.465973487865028e-20,7.570392622347348e-05,6.931991431563388e-18,0.015141511263937934,0.015141511263937934,1.5707963267948966,-1.5019898797945704e-25,9963.767443520475,8963.767443520475,112799.99999998983,0.7519999999999322,0.0001404250338048514,7.570392622347348e-05,3.465973487865028e-20
8.939999999999854,3.57742806215045e-20,9.39058395205777e-05,7.154903484595242e-18,0.018781941356900093,0.018781941356900093,1.5707963267948966,0.0,9961.424135663052,8961.424135663052,116399.99999998983,0.7759999999999322,0.00021606630680755023,9.39058395205777e-05,3.57742806215045e-20
8.999999999999853,3.6889620961740264e-20,0.0001121207295777096,7.377974551060302e-18,0.022424968336300487,0.022424968336300487,1.5707963267948966,0.0,9959.007408238294,8959.007408238294,119999.99999998983,0.7999999999999322,0.00030801350892859284,0.0001121207295777096,3.6889620961740264e-20
9.059999999999851,3.800578114893575e-20,0.00013034900875177413,7.601209681141649e-18,0.026070674677887738,0.026070674677887738,1.5707963267948966,0.0,9956.517261246203,8956.517261246203,123599.99999998983,0.8239999999999322,0.000416304041489061,0.00013034900875177413,3.800578114893575e-20
9.11999999999985,3.912278649376125e-20,0.00014859109039738579,7.824613937249425e-18,0.02971914305709355,0.02971914305709355,1.5707963267948966,0.0,9953.953694686776,8953.953694686776,127199.99999998984,0.8479999999999323,0.0005409768122724143,0.00014859109039738579,3.912278649376125e-20
9.179999999999849,4.024066236992261e-20,0.00016684738889860825,8.048192394409572e-18,0.0333704563553814,0.0333704563553814,1.5707963267948966,0.0,9951.316708560014,8951.316708560014,130799.99999998984,0.8719999999999323,0.0006820722429984616,0.00016684738889860825,4.024066236992261e-20
9.239999999999847,4.1359434216114706e-20,0.00018511831970085654,8.271950140654587e-18,0.0370246976666278,0.0370246976666278,1.5707963267948966,0.0,9948.60630286592,8948.60630286592,134399.99999998984,0.8959999999999323,0.000839632277063394,0.00018511831970085654,4.1359434216114706e-20
9.299999999999846,4.2479127537985207e-20,0.00020340429934296702,8.495892277416305e-18,0.04068195030353706,0.04068195030353706,1.5707963267948966,0.0,9945.82247760449,8945.82247760449,137999.99999998984,0.9199999999999323,0.0010137003875481517,0.00020340429934296702,4.2479127537985207e-20
9.359999999999845,4.35997679101087e-20,0.00022170574548943932,8.720023919920796e-18,0.04434229780409054,0.04434229780409054,1.5707963267948966,0.0,9942.965232775727,8942.965232775727,141599.99999998984,0.9439999999999323,0.0012043215854974697,0.00022170574548943932,4.35997679101087e-20
9.419999999999844,4.4721380977972013e-20,0.00024002307696285678,8.944350197585465e-18,0.04800582393803158,0.04800582393803158,1.5707963267948966,0.0,9940.034568379628,8940.034568379628,145199.99999998984,0.9679999999999324,0.0014115424284720389,0.00024002307696285678,4.4721380977972013e-20
9.479999999999842,4.5843992459970555e-20,0.00025835671377649055,9.168876254418381e-18,0.05167261271338718,0.05167261271338718,1.5707963267948966,0.0,9937.030484416195,8937.030484416195,148799.99999998984,0.9919999999999324,0.0016354110293763,0.00025835671377649055,4.5843992459970555e-20
9.539999999999841,4.622791087317053e-20,0.0002646265772747191,9.24566124444243e-18,0.05292660676426696,0.05292660676426696,1.5707963267948966,0.0,9933.973375209689,8933.973375209689,150000.0,1.0,0.0017157506900266765,0.0002646265772747191,4.622791087317053e-20
9.59999999999984,4.6242150570125176e-20,0.0002648591291740084,9.24850923252931e-18,0.05297311793939128,0.05297311793939128,1.5707963267948966,0.0,9930.914226570758,8930.914226570758,150000.0,1.0,0.001718767571278531,0.0002648591291740084,4.6242150570125176e-20
9.659999999999838,4.6256399042360436e-20,0.0002650918243845058,9.251358975717307e-18,0.05301965777749195,0.05301965777749195,1.5707963267948966,0.0,9927.855077931827,8927.855077931827,150000.0,1.0,0.0017217889641930433,0.0002650918243845058,4.6256399042360436e-20
9.719999999999837,4.627065629799053e-20,0.00026532466303872646,9.25421047562931e-18,0.05306622630507287,0.05306622630507287,1.5707963267948966,0.0,9924.795929292895,8924.795929292895,150000.0,1.0,0.0017248148753954686,0.00026532466303872646,4.627065629799053e-20
9.779999999999836,4.6284922345139664e-20,0.00026555764526934895,9.25706373389022e-18,0.05311282354867068,0.05311282354867068,1.5707963267948966,0.0,9921.736780653964,8921.736780653964,150000.0,1.0,0.001727845311522264,0.00026555764526934895,4.6284922345139664e-20
9.839999999999835,4.6299197191942086e-20,0.00026579077120921554,9.259918752126944e-18,0.05315944953485474,0.05315944953485474,1.5707963267948966,0.0,9918.677632015033,8918.677632015033,150000.0,1.0,0.0017308802792211045,0.00026579077120921554,4.6299197191942086e-20
9.899999999999833,4.631348084654208e-20,0.00026602404099133247,9.262775531968391e-18,0.0532061042902272,0.0532061042902272,1.5707963267948966,0.0,9915.618483376102,8915.618483376102,150000.0,1.0,0.0017339197851509072,0.00026602404099133247,4.631348084654208e-20
9.959999999999832,4.6327773317093987e-20,0.00026625745474886996,9.265634075045486e-18,0.05325278784142303,0.05325278784142303,1.5707963267948966,0.0,9912.55933473717,8912.55933473717,150000.0,1.0,0.001736963835981851,0.00026625745474886996,4.6327773317093987e-20
10.01999999999983,4.170500564633475e-19,0.0023979517949202,2.7804051865868375e-17,0.15987512608397367,0.15987512608397367,1.5707963267948966,0.0,9909.50018609824,8909.50018609824,150000.0,1.0,0.015655529846861388,0.0023979517949202,4.170500564633475e-19
10.07999999999983,3.75383629622347e-18,0.021587866591189733,8.342501104476563e-17,0.4798353254085818,0.4798353254085818,1.5707963267948966,0.0,9906.441037459308,8906.441037459308,150000.0,1.0,0.141022829786803,0.021587866591189733,3.75383629622347e-18
10.139999999999828,1.0428393638758037e-17,0.059983780430037284,1.3906308306497537e-16,0.8000750039588067,0.8000750039588067,1.5707963267948966,0.0,9903.381888820377,8903.381888820377,150000.0,1.0,0.3920707405055194,0.059983780430037284,1.0428393638758037e-17
10.199999999999827,2.0441747852292078e-17,0.11760244580341253,1.9471823449395562e-16,1.1205936192889219,1.1205936192889219,1.5707963267948966,0.0,9900.322740181446,8900.322740181446,150000.0,1.0,0.7691240201475602,0.11760244580341253,2.0441747852292078e-17
10.259999999999826,3.379492269476907e-17,0.19446058258591614,2.503904317549673e-16,1.4413906266013767,1.4413906266013767,1.5707963267948966,0.0,9897.263591542514,8897.263591542514,150000.0,1.0,1.272505137459622,0.19446058258591614,3.379492269476907e-17
10.319999999999824,5.0488939905217895e-17,0.2905748778939958,3.060796411277002e-16,1.7624654787570073,1.7624654787570073,1.5707963267948966,0.0,9894.204442903583,8894.204442903583,150000.0,1.0,1.9025342555562679,0.2905748778939958,5.0488939905217895e-17
10.379999999999823,7.052481919515743e-17,0.4059619859457589,3.6178582874890464e-16,2.0838176262853554,2.0838176262853554,1.5707963267948966,0.0,9891.145294264652,8891.145294264652,150000.0,1.0,2.6595292157457266,0.4059619859457589,7.052481919515743e-17
10.439999999999822,9.390357824003934e-17,0.5406385279214069,4.1750896061303105e-16,2.4054465173950956,2.4054465173950956,1.5707963267948966,0.0,9888.08614562572,8888.08614562572,150000.0,1.0,3.543805521416912,0.5406385279214069,9.390357824003934e-17
10.49999999999982,1.206262326707295e-16,0.6946210918242985,4.732490025728749e-16,2.727351597984574,2.727351597984574,1.5707963267948966,0.0,9885.02699698679,8885.02699698679,150000.0,1.0,4.555676321988834,0.6946210918242985,1.206262326707295e-16
10.55999999999982,1.5069379606502814e-16,0.8679262323426498,5.290059203402291e-16,3.0495323116524466,3.0495323116524466,1.5707963267948966,0.0,9881.967848347858,8881.967848347858,150000.0,1.0,5.6954523969235,0.8679262323426498,1.5069379606502814e-16
10.619999999999818,1.8410727993922936e-16,1.0605704707118735,5.847796794865428e-16,3.3719880997084357,3.3719880997084357,1.5707963267948966,0.0,9878.908699708927,8878.908699708927,150000.0,1.0,6.963442139803526,1.0605704707118735,1.8410727993922936e-16
10.679999999999817,2.2086769373972057e-16,1.2725702945775692,6.405702454435867e-16,3.6947184011841867,3.6947184011841867,1.5707963267948966,0.0,9875.849551069996,8875.849551069996,150000.0,1.0,8.359951542475535,1.2725702945775692,2.2086769373972057e-16
10.739999999999815,2.6097604483462184e-16,1.503942157859166,6.963775835041242e-16,4.017722652844234,4.017722652844234,1.5707963267948966,0.0,9872.790402431065,8872.790402431065,150000.0,1.0,9.885284179260513,1.503942157859166,2.6097604483462184e-16
10.799999999999814,3.044333385054658e-16,1.7547024806142297,7.522016588225911e-16,4.341000289197077,4.341000289197077,1.5707963267948966,0.0,9869.731253792133,8869.731253792133,150000.0,1.0,11.539741191232286,1.7547024806142297,3.044333385054658e-16
10.859999999999813,3.5124057793891847e-16,2.024867648903433,8.080424364157796e-16,4.664550742506358,4.664550742506358,1.5707963267948966,0.0,9866.672105153202,8866.672105153202,150000.0,1.0,13.323621270565221,2.024867648903433,3.5124057793891847e-16
10.919999999999812,4.0139876421854147e-16,2.3144540146562047,8.638998811635304e-16,4.988373442802149,4.988373442802149,1.5707963267948966,0.0,9863.612956514271,8863.612956514271,150000.0,1.0,15.237220644952274,2.3144540146562047,4.0139876421854147e-16
10.97999999999981,4.549088963165956e-16,2.6234778955370537,9.19773957809431e-16,5.312467817892352,5.312467817892352,1.5707963267948966,0.0,9860.55380787534,8860.55380787534,150000.0,1.0,17.280833062094654,2.6234778955370537,4.549088963165956e-16
11.039999999999809,5.117719710858868e-16,2.9519555748125863,9.756646309615188e-16,5.636833293374194,5.636833293374194,1.5707963267948966,0.0,9857.494659236409,8857.494659236409,150000.0,1.0,19.454749774264045,2.9519555748125863,5.117719710858868e-16
11.099999999999808,5.71988983251655e-16,3.299903301219212,1.0315718650929945e-15,5.961469292645835,5.961469292645835,1.5707963267948966,0.0,9854.435510597477,8854.435510597477,150000.0,1.0,21.759259522938624,3.299903301219212,5.71988983251655e-16
11.159999999999807,6.355609254035046e-16,3.6673372888315496,1.087495624542938e-15,6.286375236918081,6.286375236918081,1.5707963267948966,0.0,9851.376361958546,8851.376361958546,150000.0,1.0,24.19464852351403,3.6673372888315496,6.355609254035046e-16
11.219999999999805,7.024887879873791e-16,4.054273716931542,1.1434358735170329e-15,6.611550545226204,6.611550545226204,1.5707963267948966,0.0,9848.317213319615,8848.317213319615,150000.0,1.0,26.76120045009035,4.054273716931542,7.024887879873791e-16
11.279999999999804,7.727735592975798e-16,4.460728729878279,1.1993925760882974e-15,6.936994634441862,6.936994634441862,1.5707963267948966,0.0,9845.258064680684,8845.258064680684,150000.0,1.0,29.459196420336305,4.460728729878279,7.727735592975798e-16
11.339999999999803,8.464162254688273e-16,4.886718436978545,1.2553656961978211e-15,7.262706919285134,7.262706919285134,1.5707963267948966,0.0,9842.198916041752,8842.198916041752,150000.0,1.0,32.28891498043169,4.886718436978545,8.464162254688273e-16
11.399999999999801,9.234177704683685e-16,5.332258912358079,1.3113551976555081e-15,7.5886868123366495,7.5886868123366495,1.5707963267948966,0.0,9839.139767402821,8839.139767402821,150000.0,1.0,35.25063209008924,5.332258912358079,9.234177704683685e-16
11.4599999999998,1.0037791760881274e-15,5.797366194833587,1.367361044140827e-15,7.9149337240498285,7.9149337240498285,1.5707963267948966,0.0,9836.08061876389,8836.08061876389,150000.0,1.0,38.34462110765701,5.797366194833587,1.0037791760881274e-15
11.519999999999799,1.087501421936902e-15,6.282056287785466,1.423383199203567e-15,8.241447062763228,8.241447062763228,1.5707963267948966,0.0,9833.021470124959,8833.021470124959,150000.0,1.0,41.571152775302494,6.282056287785466,1.087501421936902e-15
11.579999999999798,1.1745854854326066e-15,6.7863451590312955,1.4794216262646018e-15,8.568226234712984,8.568226234712984,1.5707963267948966,0.0,9829.962321486028,8829.962321486028,150000.0,1.0,44.93049520427933,6.7863451590312955,1.1745854854326066e-15
11.639999999999796,1.2650323417945597e-15,7.310248740700062,1.5354762886166556e-15,8.895270644045368,8.895270644045368,1.5707963267948966,0.0,9826.903172847096,8826.903172847096,150000.0,1.0,48.42291386027806,7.310248740700062,1.2650323417945597e-15
11.699999999999795,1.3588429640358176e-15,7.853782929107149,1.591547149425082e-15,9.222579692829438,9.222579692829438,1.5707963267948966,0.0,9823.844024208165,8823.844024208165,150000.0,1.0,52.04867154886168,7.853782929107149,1.3588429640358176e-15
11.759999999999794,1.4560183229555564e-15,8.416963584630087,1.6476341717286427e-15,9.550152781069798,9.550152781069798,1.5707963267948966,0.0,9820.784875569234,8820.784875569234,150000.0,1.0,55.80802840098739,8.416963584630087,1.4560183229555564e-15
11.819999999999792,1.5565593871315e-15,8.99980653158507,1.703737318440297e-15,9.877989306719465,9.877989306719465,1.5707963267948966,0.0,9817.725726930303,8817.725726930303,150000.0,1.0,59.701241858615575,8.99980653158507,1.5565593871315e-15
11.879999999999791,1.6604671229123958e-15,9.60232755810425,1.7598565523479958e-15,10.206088665692828,10.206088665692828,1.5707963267948966,0.0,9814.666578291371,8814.666578291371,150000.0,1.0,63.728566660406806,9.60232755810425,1.6604671229123958e-15
11.93999999999979,1.7677424944105378e-15,10.224542416013803,1.815991836115482e-15,10.53445025187871,10.53445025187871,1.5707963267948966,0.0,9811.60742965244,8811.60742965244,150000.0,1.0,67.89025482750843,10.224542416013803,1.7677424944105378e-15
11.999999999999789,1.878386463494338e-15,10.866466820712807,1.8721431322830967e-15,10.86307345715354,10.86307345715354,1.5707963267948966,0.0,9808.548281013509,8808.548281013509,150000.0,1.0,72.18655564943143,10.866466820712807,1.878386463494338e-15
12.059999999999787,1.992399989780948e-15,11.528116451052876,1.9283104032685938e-15,11.19195767139463,11.19195767139463,1.5707963267948966,0.0,9805.489132374578,8805.489132374578,150000.0,1.0,76.61771567001905,11.528116451052876,1.992399989780948e-15
12.119999999999786,2.109784030628927e-15,12.209506949218632,1.9844936113679568e-15,11.521102282493535,11.521102282493535,1.5707963267948966,0.0,9802.429983735647,8802.429983735647,150000.0,1.0,81.18397867350778,12.209506949218632,2.109784030628927e-15
12.179999999999785,2.230539541130961e-15,12.910653920608947,2.0406927187562254e-15,11.850506676369534,11.850506676369534,1.5707963267948966,0.0,9799.370835096715,8799.370835096715,150000.0,1.0,85.88558567068209,12.910653920608947,2.230539541130961e-15
12.239999999999783,2.35466747410663e-15,13.631572933719028,2.096907687488329e-15,12.180170236983203,12.180170236983203,1.5707963267948966,0.0,9796.311686457784,8796.311686457784,150000.0,1.0,90.7227748851241,13.631572933719028,2.35466747410663e-15
12.299999999999782,2.482168780095229e-15,14.372279520023287,2.1531384794999194e-15,12.510092346350081,12.510092346350081,1.5707963267948966,0.0,9793.252537818853,8793.252537818853,150000.0,1.0,95.69578173955868,14.372279520023287,2.482168780095229e-15
12.359999999999781,2.6130444073486333e-15,15.132789173859068,2.2093850566082206e-15,12.840272384554451,12.840272384554451,1.5707963267948966,0.0,9790.193389179922,8790.193389179922,150000.0,1.0,100.80483884229591,15.132789173859068,2.6130444073486333e-15
12.41999999999978,2.7472953018242207e-15,15.91311735231118,2.2656473805128745e-15,13.170709729763203,13.170709729763203,1.5707963267948966,0.0,9787.13424054099,8787.13424054099,150000.0,1.0,106.05017597377088,15.91311735231118,2.7472953018242207e-15
12.479999999999778,2.884922407177841e-15,16.713279475097274,2.3219254127967978e-15,13.50140375823982,13.50140375823982,1.5707963267948966,0.0,9784.07509190206,8784.07509190206,150000.0,1.0,111.43202007318314,16.713279475097274,2.884922407177841e-15
12.539999999999777,3.0259266647568396e-15,17.533290924454054,2.3782191149270445e-15,13.832353844358439,13.832353844358439,1.5707963267948966,0.0,9781.015943263128,8781.015943263128,150000.0,1.0,116.95059522523579,17.533290924454054,3.0259266647568396e-15
12.599999999999776,3.1703090135931307e-15,18.373167045024353,2.434528448255675e-15,14.163559360618024,14.163559360618024,1.5707963267948966,0.0,9777.956794624197,8777.956794624197,150000.0,1.0,122.60612264697554,18.373167045024353,3.1703090135931307e-15
12.659999999999775,3.318070390396323e-15,19.232923143745033,2.4908533740206272e-15,14.495019677656627,14.495019677656627,1.5707963267948966,0.0,9774.897645985266,8774.897645985266,150000.0,1.0,128.39882067473508,19.232923143745033,3.318070390396323e-15
12.719999999999773,3.4692117295469015e-15,20.11257448973578,2.5471938533465988e-15,14.826734164265769,14.826734164265769,1.5707963267948966,0.0,9771.838497346334,8771.838497346334,150000.0,1.0,134.32890475117887,20.11257448973578,3.4692117295469015e-15
12.779999999999772,3.6237339630894565e-15,21.012136314188737,2.603549847245933e-15,15.158702187404883,15.158702187404883,1.5707963267948966,0.0,9768.779348707403,8768.779348707403,150000.0,1.0,140.39658741245233,21.012136314188737,3.6237339630894565e-15
12.83999999999977,3.781638020725972e-15,21.93162381025901,2.65992131661951e-15,15.490923112215878,15.490923112215878,1.5707963267948966,0.0,9765.720200068472,8765.720200068472,150000.0,1.0,146.6020782754369,21.93162381025901,3.781638020725972e-15
12.89999999999977,3.942924829809162e-15,22.871052132956056,2.716308222257646e-15,15.823396302037805,15.823396302037805,1.5707963267948966,0.0,9762.66105142954,8762.66105142954,150000.0,1.0,152.94558402511112,22.871052132956056,3.942924829809162e-15
12.959999999999768,4.1075953153358654e-15,23.830436399035964,2.772710524840994e-15,16.15612111842159,16.15612111842159,1.5707963267948966,0.0,9759.60190279061,8759.60190279061,150000.0,1.0,159.4273084020186,23.830436399035964,4.1075953153358654e-15
13.019999999999767,4.275650399940495e-15,24.80979168689461,2.8291281849414557e-15,16.489096921144895,16.489096921144895,1.5707963267948966,0.0,9756.542754151678,8756.542754151678,150000.0,1.0,166.04745218984473,24.80979168689461,4.275650399940495e-15
13.079999999999766,4.447091003888536e-15,25.80913303646169,2.885561163023097e-15,16.82232306822706,16.82232306822706,1.5707963267948966,0.0,9753.483605512747,8753.483605512747,150000.0,1.0,172.8062132031024,25.80913303646169,4.447091003888536e-15
13.139999999999764,4.621918045070105e-15,26.828475449095706,2.9420094194430677e-15,17.155798915944114,17.155798915944114,1.5707963267948966,0.0,9750.424456873816,8750.424456873816,150000.0,1.0,179.70378627492718,26.828475449095706,4.621918045070105e-15
13.199999999999763,4.800132438993565e-15,27.867833887479783,2.998472914452529e-15,17.489523818843942,17.489523818843942,1.5707963267948966,0.0,9747.365308234885,8747.365308234885,150000.0,1.0,186.74036324498522,27.867833887479783,4.800132438993565e-15
13.259999999999762,4.981735098779191e-15,28.927223275518465,3.0549516081975863e-15,17.82349712976149,17.82349712976149,1.5707963267948966,0.0,9744.306159595953,8744.306159595953,150000.0,1.0,193.91613294749206,28.927223275518465,4.981735098779191e-15
13.31999999999976,5.1667269351528954e-15,30.00665849823538,3.1114454607202274e-15,18.157718199834058,18.157718199834058,1.5707963267948966,0.0,9741.247010957022,8741.247010957022,150000.0,1.0,201.2312811993445,30.00665849823538,5.1667269351528954e-15
13.37999999999976,5.355108856440014e-15,31.106154401671866,3.167954431959267e-15,18.49218637851676,18.49218637851676,1.5707963267948966,0.0,9738.187862318091,8738.187862318091,150000.0,1.0,208.68599078836775,31.106154401671866,5.355108856440014e-15
13.439999999999758,5.5468817685591365e-15,32.22572579278646,3.2244784817512946e-15,18.826901013597986,18.826901013597986,1.5707963267948966,0.0,9735.12871367916,8735.12871367916,150000.0,1.0,216.2804414616765,32.22572579278646,5.5468817685591365e-15
13.499999999999757,5.7420465750160045e-15,33.36538743935542,3.2810175698316317e-15,19.161861451215007,19.161861451215007,1.5707963267948966,0.0,9732.069565040229,8732.069565040229,150000.0,1.0,224.01480991415227,33.36538743935542,5.7420465750160045e-15
13.559999999999755,5.940604176897466e-15,34.52515406987409,3.3375716558352913e-15,19.49706703586966,19.49706703586966,1.5707963267948966,0.0,9729.010416401297,8729.010416401297,150000.0,1.0,231.88926977703798,34.52515406987409,5.940604176897466e-15
13.619999999999754,6.142555472865484e-15,35.70504037345925,3.3941406992979448e-15,19.832517110444112,19.832517110444112,1.5707963267948966,0.0,9725.951267762366,8725.951267762366,150000.0,1.0,239.9039916066501,35.70504037345925,6.142555472865484e-15
13.679999999999753,6.347901359151209e-15,36.90506099975241,3.4507246596568946e-15,20.16821101621675,20.16821101621675,1.5707963267948966,0.0,9722.892119123435,8722.892119123435,150000.0,1.0,248.05914287320996,36.90506099975241,6.347901359151209e-15
13.739999999999752,6.5566427295491e-15,38.125230558824086,3.5073234962520506e-15,20.504148092878097,20.504148092878097,1.5707963267948966,0.0,9719.832970484504,8719.832970484504,150000.0,1.0,256.35488794979415,38.125230558824086,6.5566427295491e-15
13.79999999999975,6.768780475411113e-15,39.36556362107897,3.563937168326912e-15,20.840327678546906,20.840327678546906,1.5707963267948966,0.0,9716.773821845572,8716.773821845572,150000.0,1.0,264.7913881014067,39.36556362107897,6.768780475411113e-15
13.859999999999749,6.984315485640948e-15,40.62607471716214,3.6205656350295574e-15,21.17674910978624,21.17674910978624,1.5707963267948966,0.0,9713.714673206641,8713.714673206641,150000.0,1.0,273.36880147417133,40.62607471716214,6.984315485640948e-15
13.919999999999748,7.203248646688352e-15,41.90677833786621,3.677208855413639e-15,21.513411721619732,21.513411721619732,1.5707963267948966,0.0,9710.65552456771,8710.65552456771,150000.0,1.0,282.0872830846476,41.90677833786621,7.203248646688352e-15
13.979999999999746,7.42558084254348e-15,43.2076889340394,3.733866788439378e-15,21.85031484754786,21.85031484754786,1.5707963267948966,0.0,9707.596375928779,8707.596375928779,150000.0,1.0,290.94698480926905,43.2076889340394,7.42558084254348e-15
14.039999999999745,7.651312954731329e-15,44.52882091649471,3.790539392974574e-15,22.18745781956437,22.18745781956437,1.5707963267948966,0.0,9704.537227289848,8704.537227289848,150000.0,1.0,299.9480553739069,44.52882091649471,7.651312954731329e-15
14.099999999999744,7.880445862306208e-15,45.87018865591995,3.847226627795611e-15,22.52483996817273,22.52483996817273,1.5707963267948966,0.0,9701.478078650916,8701.478078650916,150000.0,1.0,309.0906403435581,45.87018865591995,7.880445862306208e-15
14.159999999999743,8.1129804418463e-15,47.23180648278885,3.9039284515884714e-15,22.862460622402725,22.862460622402725,1.5707963267948966,0.0,9698.418930011985,8698.418930011985,150000.0,1.0,318.374882112159,47.23180648278885,8.1129804418463e-15
14.219999999999741,8.348917567448254e-15,48.61368868727313,3.960644822949758e-15,23.200319109827063,23.200319109827063,1.5707963267948966,0.0,9695.359781373054,8695.359781373054,150000.0,1.0,327.80091989252657,48.61368868727313,8.348917567448254e-15
14.27999999999974,8.588258110721862e-15,50.01584951915559,4.01737570038772e-15,23.538414756578177,23.538414756578177,1.5707963267948966,0.0,9692.300632734123,8692.300632734123,150000.0,1.0,337.3688897064278,50.01584951915559,8.588258110721862e-15
14.339999999999739,8.83100294078479e-15,51.43830318774417,4.074121042323283e-15,23.876746887364988,23.876746887364988,1.5707963267948966,0.0,9689.241484095191,8689.241484095191,150000.0,1.0,347.07892437477614,51.43830318774417,8.83100294078479e-15
14.399999999999737,9.077152924257358e-15,52.881063861787084,4.130880807091081e-15,24.215314825489827,24.215314825489827,1.5707963267948966,0.0,9686.18233545626,8686.18233545626,150000.0,1.0,356.9311535079579,52.881063861787084,9.077152924257358e-15
14.459999999999736,9.32670892525741e-15,54.34414566938888,4.187654952940504e-15,24.554117892865428,24.554117892865428,1.5707963267948966,0.0,9683.123186817329,8683.123186817329,150000.0,1.0,366.9257034962897,54.34414566938888,9.32670892525741e-15
14.519999999999735,9.579671805395212e-15,55.82756269792766,4.244443438036737e-15,24.89315541003199,24.89315541003199,1.5707963267948966,0.0,9680.064038178398,8680.064038178398,150000.0,1.0,377.06269750060613,55.82756269792766,9.579671805395212e-15
14.579999999999734,9.83604242376845e-15,57.33132899397314,4.301246220461813e-15,25.23242669617432,25.23242669617432,1.5707963267948966,0.0,9677.004889539467,8677.004889539467,150000.0,1.0,387.3422554429784,57.33132899397314,9.83604242376845e-15
14.639999999999732,1.009582163695726e-14,58.855458563205914,4.358063258215668e-15,25.571931069139083,25.571931069139083,1.5707963267948966,0.0,9673.945740900535,8673.945740900535,150000.0,1.0,397.76449399756837,58.855458563205914,1.009582163695726e-14
14.699999999999731,1.0359010299019338e-14,60.39996537033766,4.414894509217204e-15,25.911667845452097,25.911667845452097,1.5707963267948966,0.0,9670.886592261604,8670.886592261604,150000.0,1.0,408.32952658161264,60.39996537033766,1.0359010299019338e-14
14.75999999999973,1.062560926148511e-14,61.964863339032426,4.4717399313053506e-15,26.25163634033572,26.25163634033572,1.5707963267948966,0.0,9667.827443622673,8667.827443622673,150000.0,1.0,419.03746334654284,61.964863339032426,1.062560926148511e-14
14.819999999999729,1.0895619373352966e-14,63.55016635182892,4.5285994822401366e-15,26.591835867726335,26.591835867726335,1.5707963267948966,0.0,9664.768294983742,8664.768294983742,150000.0,1.0,429.88841116924067,63.55016635182892,1.0895619373352966e-14
14.879999999999727,1.1169041481084556e-14,65.15588825006391,4.585473119703769e-15,26.932265740291896,26.932265740291896,1.5707963267948966,0.0,9661.70914634481,8661.70914634481,150000.0,1.0,440.88247364342845,65.15588825006391,1.1169041481084556e-14
14.939999999999726,1.1445876428600154e-14,66.78204283379662,4.642360801301704e-15,27.27292526944954,27.27292526944954,1.5707963267948966,0.0,9658.64999770588,8658.64999770588,150000.0,1.0,452.0197510711959,66.78204283379662,1.1445876428600154e-14
14.999999999999725,1.172612505727409e-14,68.42864386173423,4.69926248456374e-15,27.6138137653833,27.6138137653833,1.5707963267948966,0.0,9655.590849066948,8655.590849066948,150000.0,1.0,463.30034045466397,68.42864386173423,1.172612505727409e-14
15.059999999999723,1.2009788205930239e-14,70.09570505115833,4.756178126945103e-15,27.954930537061895,27.954930537061895,1.5707963267948966,0.0,9652.531700428017,8652.531700428017,150000.0,1.0,474.72433548778884,70.09570505115833,1.2009788205930239e-14
15.119999999999722,1.2296866710837573e-14,71.78324007785275,4.813107685827538e-15,28.29627489225656,28.29627489225656,1.5707963267948966,0.0,9649.472551789086,8649.472551789086,150000.0,1.0,486.29182654830004,71.78324007785275,1.2296866710837573e-14
15.17999999999972,1.25873614057058e-14,73.49126257603206,4.870051118520413e-15,28.637846137559002,28.637846137559002,1.5707963267948966,0.0,9646.413403150154,8646.413403150154,150000.0,1.0,498.0029006897834,73.49126257603206,1.25873614057058e-14
15.23999999999972,1.2881273121681041e-14,75.21978613827136,4.92700838226182e-15,28.979643578399394,28.979643578399394,1.5707963267948966,0.0,9643.354254511223,8643.354254511223,150000.0,1.0,509.8576416339,75.21978613827136,1.2881273121681041e-14
15.299999999999718,1.3178602687341595e-14,76.96882431543722,4.98397943421968e-15,29.32166651906445,29.32166651906445,1.5707963267948966,0.0,9640.295105872292,8640.295105872292,150000.0,1.0,521.8561297627477,76.96882431543722,1.3178602687341595e-14
15.359999999999717,1.3479350928693755e-14,78.73839061661954,5.040964231492857e-15,29.66391426271558,29.66391426271558,1.5707963267948966,0.0,9637.23595723336,8637.23595723336,150000.0,1.0,533.9984421113639,78.73839061661954,1.3479350928693755e-14
15.419999999999716,1.3783518669167706e-14,80.5284985090646,5.0979627311122726e-15,30.006386111407117,30.006386111407117,1.5707963267948966,0.0,9634.17680859443,8634.17680859443,150000.0,1.0,546.2846523603711,80.5284985090646,1.3783518669167706e-14
15.479999999999714,1.4091106729613478e-14,82.33916141810921,5.154974890042031e-15,30.349081366104613,30.349081366104613,1.5707963267948966,0.0,9631.117659955498,8631.117659955498,150000.0,1.0,558.7148308287628,82.33916141810921,1.4091106729613478e-14
15.539999999999713,1.440211592829697e-14,84.17039272711587,5.21200066518054e-15,30.691999326703208,30.691999326703208,1.5707963267948966,0.0,9628.058511316567,8628.058511316567,150000.0,1.0,571.2890444668376,84.17039272711587,1.440211592829697e-14
15.599999999999712,1.4716547080896038e-14,86.02220577740917,5.269040013361639e-15,31.035139292046058,31.035139292046058,1.5707963267948966,0.0,9624.999362677636,8624.999362677636,150000.0,1.0,584.0073568492718,86.02220577740917,1.4716547080896038e-14
15.65999999999971,1.5034401000496663e-14,87.89461386821317,5.326092891355742e-15,31.378500559942854,31.378500559942854,1.5707963267948966,0.0,9621.940214038705,8621.940214038705,150000.0,1.0,596.8698281683412,87.89461386821317,1.5034401000496663e-14
15.71999999999971,1.5355678497589186e-14,89.78763025658995,5.383159255870962e-15,31.722082427188386,31.722082427188386,1.5707963267948966,0.0,9618.881065399773,8618.881065399773,150000.0,1.0,609.876515227286,89.78763025658995,1.5355678497589186e-14
15.779999999999708,1.568038038006458e-14,91.70126815737937,5.440239063554266e-15,32.0658841895812,32.0658841895812,1.5707963267948966,0.0,9615.821916760842,8615.821916760842,150000.0,1.0,623.0274714338224,91.70126815737937,1.568038038006458e-14
15.839999999999707,1.600850745321084e-14,93.6355407431397,5.497332270992611e-15,32.409905141942296,32.409905141942296,1.5707963267948966,0.0,9612.762768121911,8612.762768121911,150000.0,1.0,636.3227467938016,93.6355407431397,1.600850745321084e-14
15.899999999999705,1.6340060519709395e-14,95.59046114408969,5.554438834714101e-15,32.75414457813391,32.75414457813391,1.5707963267948966,0.0,9609.70361948298,8609.70361948298,150000.0,1.0,649.7623879050132,95.59046114408969,1.6340060519709395e-14
15.959999999999704,1.6675040379631638e-14,97.56604244805146,5.611558711189138e-15,33.09860179107836,33.09860179107836,1.5707963267948966,0.0,9606.644470844049,8606.644470844049,150000.0,1.0,663.3464379511402,97.56604244805146,1.6675040379631638e-14
16.019999999999705,1.7013447830435474e-14,99.5622977003948,5.668691856831583e-15,33.44327607277696,33.44327607277696,1.5707963267948966,0.0,9603.585322205117,8603.585322205117,150000.0,1.0,677.0749366958601,99.5622977003948,1.7013447830435474e-14
16.069999999999713,1.72980729115461e-14,101.2416457256747,5.716312916219602e-15,33.73066994585837,33.73066994585837,1.5707963267948966,0.0,9601.036031672675,8601.036031672675,150000.0,1.0,688.6257213914555,101.2416457256747,1.72980729115461e-14
16.11999999999972,1.7585079274709274e-14,102.93536719230089,5.763943134717236e-15,34.018213658140866,34.018213658140866,1.5707963267948966,0.0,9598.486741140232,8598.486741140232,150000.0,1.0,700.2768621875123,102.93536719230089,1.7585079274709274e-14
16.169999999999728,1.787446737724783e-14,104.64346958195685,5.811582487014487e-15,34.30590679849359,34.30590679849359,1.5707963267948966,0.0,9595.93745060779,8595.93745060779,150000.0,1.0,712.028376635923,104.64346958195685,1.787446737724783e-14
16.219999999999736,1.8166237675218476e-14,106.36596035575927,5.859230947776158e-15,34.59374895537516,34.59374895537516,1.5707963267948966,0.0,9593.388160075347,8593.388160075347,150000.0,1.0,723.8802806294526,106.36596035575927,1.8166237675218476e-14
16.269999999999744,1.8460390623410533e-14,108.10284695423766,5.906888491642317e-15,34.8817397168415,34.8817397168415,1.5707963267948966,0.0,9590.838869542904,8590.838869542904,150000.0,1.0,735.8325883996478,108.10284695423766,1.8460390623410533e-14
16.31999999999975,1.8756926675344725e-14,109.8541367973144,5.9545550932287765e-15,35.169878670553494,35.169878670553494,1.5707963267948966,0.0,9588.289579010461,8588.289579010461,150000.0,1.0,747.8853125147906,109.8541367973144,1.8756926675344725e-14
16.36999999999976,1.9055846283271964e-14,111.6198372842852,6.002230727127567e-15,35.45816540378479,35.45816540378479,1.5707963267948966,0.0,9585.740288478019,8585.740288478019,150000.0,1.0,760.0384638779069,111.6198372842852,1.9055846283271964e-14
16.419999999999767,1.935714989817218e-14,113.39995579379996,6.0499153679074135e-15,35.74659950342955,35.74659950342955,1.5707963267948966,0.0,9583.190997945576,8583.190997945576,150000.0,1.0,772.2920517248238,113.39995579379996,1.935714989817218e-14
16.469999999999775,1.9660837969753166e-14,115.19449968384396,6.097608990114213e-15,36.03518055601024,36.03518055601024,1.5707963267948966,0.0,9580.641707413133,8580.641707413133,150000.0,1.0,784.6460836222775,115.19449968384396,1.9660837969753166e-14
16.519999999999783,1.9966910946449455e-14,117.00347629171942,6.145311568271512e-15,36.32390814768548,36.32390814768548,1.5707963267948966,0.0,9578.09241688069,8578.09241688069,150000.0,1.0,797.1005654660764,117.00347629171942,1.9966910946449455e-14
16.56999999999979,2.0275369275421203e-14,118.82689293402767,6.193023076880987e-15,36.61278186425783,36.61278186425783,1.5707963267948966,0.0,9575.543126348248,8575.543126348248,150000.0,1.0,809.6555014793104,118.82689293402767,2.0275369275421203e-14
16.6199999999998,2.0586213402553108e-14,120.66475690665126,6.240743490422927e-15,36.9018012911817,36.9018012911817,1.5707963267948966,0.0,9572.993835815805,8572.993835815805,150000.0,1.0,822.3108942106142,120.66475690665126,2.0586213402553108e-14
16.669999999999806,2.089944377245337e-14,122.51707548473709,6.288472783356717e-15,37.190966013571156,37.190966013571156,1.5707963267948966,0.0,9570.444545283362,8570.444545283362,150000.0,1.0,835.0667445324832,122.51707548473709,2.089944377245337e-14
16.719999999999814,2.1215060828452638e-14,124.38385592267934,6.336210930121316e-15,37.480275616207884,37.480275616207884,1.5707963267948966,0.0,9567.89525475092,8567.89525475092,150000.0,1.0,847.9230516396393,124.38385592267934,2.1215060828452638e-14
16.769999999999822,2.1533065012603013e-14,126.26510545410312,6.383957905135747e-15,37.76972968354905,37.76972968354905,1.5707963267948966,0.0,9565.345964218477,8565.345964218477,150000.0,1.0,860.8798130474495,126.26510545410312,2.1533065012603013e-14
16.81999999999983,2.1853456765677052e-14,128.1608312918485,6.43171368279958e-15,38.05932779973524,38.05932779973524,1.5707963267948966,0.0,9562.796673686034,8562.796673686034,150000.0,1.0,873.9370245903941,128.1608312918485,2.1853456765677052e-14
16.869999999999838,2.2176236527166816e-14,130.07104062795474,6.479478237493416e-15,38.3490695485984,38.3490695485984,1.5707963267948966,0.0,9560.247383153592,8560.247383153592,150000.0,1.0,887.0946804205909,130.07104062795474,2.2176236527166816e-14
16.919999999999845,2.2501404735282938e-14,131.99574063364528,6.527251543579385e-15,38.63895451366981,38.63895451366981,1.5707963267948966,0.0,9557.698092621149,8557.698092621149,150000.0,1.0,900.352773006369,131.99574063364528,2.2501404735282938e-14
16.969999999999853,2.28289618269537e-14,133.93493845931263,6.575033575401619e-15,38.92898227818807,38.92898227818807,1.5707963267948966,0.0,9555.148802088706,8555.148802088706,150000.0,1.0,913.7112931308967,133.93493845931263,2.28289618269537e-14
17.01999999999986,2.315890823782416e-14,135.8886412345042,6.6228243072867585e-15,39.219152425107104,39.219152425107104,1.5707963267948966,0.0,9552.599511556264,8552.599511556264,150000.0,1.0,927.1702298908574,135.8886412345042,2.315890823782416e-14
17.06999999999987,2.3491244402255264e-14,137.8568560679081,6.670623713544431e-15,39.509464537104115,39.509464537104115,1.5707963267948966,0.0,9550.050221023821,8550.050221023821,150000.0,1.0,940.7295706951834,137.8568560679081,2.3491244402255264e-14
17.119999999999877,2.3825970753323038e-14,139.83959004733953,6.718431768467752e-15,39.7999181965877,39.7999181965877,1.5707963267948966,0.0,9547.500930491378,8547.500930491378,150000.0,1.0,954.389301263839,139.83959004733953,2.3825970753323038e-14
17.169999999999884,2.4163087722817758e-14,141.83685023972754,6.766248446333811e-15,40.09051298570586,40.09051298570586,1.5707963267948966,0.0,9544.951639958936,8544.951639958936,150000.0,1.0,968.1494056266589,141.83685023972754,2.4163087722817758e-14
17.219999999999892,2.4502595741243165e-14,143.84864369110238,6.8140737214041685e-15,40.38124848635407,40.38124848635407,1.5707963267948966,0.0,9542.402349426493,8542.402349426493,150000.0,1.0,982.0098661222354,143.84864369110238,2.4502595741243165e-14
17.2699999999999,2.4844495237815698e-14,145.87497742658277,6.8619075679253526e-15,40.67212428018334,40.67212428018334,1.5707963267948966,0.0,9539.85305889405,8539.85305889405,150000.0,1.0,995.9706633968611,145.87497742658277,2.4844495237815698e-14
17.319999999999908,2.5188786640463754e-14,147.9158584503641,6.909749960129352e-15,40.96313994860836,40.96313994860836,1.5707963267948966,0.0,9537.303768361608,8537.303768361608,150000.0,1.0,1010.0317764035258,147.9158584503641,2.5188786640463754e-14
17.369999999999916,2.5535470375826982e-14,149.97129374570673,6.957600872234114e-15,41.254295072815545,41.254295072815545,1.5707963267948966,0.0,9534.754477829165,8534.754477829165,150000.0,1.0,1024.1931824009616,149.97129374570673,2.5535470375826982e-14
17.419999999999924,2.5884546869255586e-14,152.04129027492488,7.005460278444047e-15,41.545589233771246,41.545589233771246,1.5707963267948966,0.0,9532.205187296722,8532.205187296722,150000.0,1.0,1038.4548569527485,152.04129027492488,2.5884546869255586e-14
17.46999999999993,2.6236016544809667e-14,154.12585497937567,7.05332815295051e-15,41.83702201222981,41.83702201222981,1.5707963267948966,0.0,9529.65589676428,8529.65589676428,150000.0,1.0,1052.8167739264645,154.12585497937567,2.6236016544809667e-14
17.51999999999994,2.6589879825258565e-14,156.22499477944885,7.101204469932321e-15,42.1285929887418,42.1285929887418,1.5707963267948966,0.0,9527.106606231837,8527.106606231837,150000.0,1.0,1067.278905492896,156.22499477944885,2.6589879825258565e-14
17.569999999999947,2.694613713208027e-14,158.33871657455677,7.149089203556251e-15,42.42030174366216,42.42030174366216,1.5707963267948966,0.0,9524.557315699394,8524.557315699394,150000.0,1.0,1081.8412221252993,158.33871657455677,2.694613713208027e-14
17.619999999999955,2.7304788885460817e-14,160.46702724312476,7.196982327977532e-15,42.71214785715836,42.71214785715836,1.5707963267948966,0.0,9522.008025166951,8522.008025166951,150000.0,1.0,1096.5036925987126,160.46702724312476,2.7304788885460817e-14
17.669999999999963,2.766583550429372e-14,162.60993364258212,7.244883817340357e-15,43.00413090921863,43.00413090921863,1.5707963267948966,0.0,9519.458734634509,8519.458734634509,150000.0,1.0,1111.266283989325,162.60993364258212,2.766583550429372e-14
17.71999999999997,2.802927740617944e-14,164.76744260935308,7.29279364577838e-15,43.29625047966021,43.29625047966021,1.5707963267948966,0.0,9516.909444102066,8516.909444102066,150000.0,1.0,1126.1289616739,164.76744260935308,2.802927740617944e-14
17.76999999999998,2.8395115007424872e-14,166.9395609588488,7.340711787415221e-15,43.58850614813749,43.58850614813749,1.5707963267948966,0.0,9514.360153569623,8514.360153569623,150000.0,1.0,1141.0916893292465,166.9395609588488,2.8395115007424872e-14
17.819999999999986,2.8763348723042856e-14,169.12629548545917,7.388638216364976e-15,43.88089749415035,43.88089749415035,1.5707963267948966,0.0,9511.81086303718,8511.81086303718,150000.0,1.0,1156.1544289317508,169.12629548545917,2.8763348723042856e-14
17.869999999999994,2.9133978966751685e-14,171.32765296254541,7.436572906732719e-15,44.17342409705234,44.17342409705234,1.5707963267948966,0.0,9509.261572504738,8509.261572504738,150000.0,1.0,1171.3171407569578,171.32765296254541,2.9133978966751685e-14
17.92,2.95070061509747e-14,173.5436401424329,7.484515832615007e-15,44.466085536059005,44.466085536059005,1.5707963267948966,0.0,9506.712281972295,8506.712281972295,150000.0,1.0,1186.5797833792062,173.5436401424329,2.95070061509747e-14
17.97000000000001,2.9882430686839896e-14,175.77426375640457,7.532466968100393e-15,44.75888139025613,44.75888139025613,1.5707963267948966,0.0,9504.162991439853,8504.162991439853,150000.0,1.0,1201.9423136713194,175.77426375640457,2.9882430686839896e-14
18.020000000000017,3.026025298417948e-14,178.0195305146945,7.580426287269924e-15,45.05181123860806,45.05181123860806,1.5707963267948966,0.0,9501.61370090741,8501.61370090741,150000.0,1.0,1217.4046868043501,178.0195305146945,3.026025298417948e-14
18.070000000000025,3.064047345152953e-14,180.27944710648222,7.62839376419766e-15,45.34487465996598,45.34487465996598,1.5707963267948966,0.0,9499.064410374967,8499.064410374967,150000.0,1.0,1232.9668562473742,180.27944710648222,3.064047345152953e-14
18.120000000000033,3.1023092496129677e-14,182.55402019988705,7.676369372951181e-15,45.63807123307628,45.63807123307628,1.5707963267948966,0.0,9496.515119842525,8496.515119842525,150000.0,1.0,1248.6287737673476,182.55402019988705,3.1023092496129677e-14
18.17000000000004,3.140811052392278e-14,184.8432564419633,7.724353087592098e-15,45.931400536588825,45.931400536588825,1.5707963267948966,0.0,9493.965829310082,8493.965829310082,150000.0,1.0,1264.3903894290067,184.8432564419633,3.140811052392278e-14
18.22000000000005,3.1795527939554617e-14,187.14716245869542,7.772344882176553e-15,46.22486214906533,46.22486214906533,1.5707963267948966,0.0,9491.41653877764,8491.41653877764,150000.0,1.0,1280.25165159483,187.14716245869542,3.1795527939554617e-14
18.270000000000056,3.218534514637368e-14,189.46574485499403,7.820344730755749e-15,46.518455648987725,46.518455648987725,1.5707963267948966,0.0,9488.867248245197,8488.867248245197,150000.0,1.0,1296.2125069250521,189.46574485499403,3.218534514637368e-14
18.320000000000064,3.2577562546430894e-14,191.79901021469192,7.86835260737645e-15,46.81218061476648,46.81218061476648,1.5707963267948966,0.0,9486.317957712754,8486.317957712754,150000.0,1.0,1312.2729003777304,191.79901021469192,3.2577562546430894e-14
18.370000000000072,3.2972180540479406e-14,194.1469651005408,7.916368486081498e-15,47.10603662474905,47.10603662474905,1.5707963267948966,0.0,9483.768667180311,8483.768667180311,150000.0,1.0,1328.432775208866,194.1469651005408,3.2972180540479406e-14
18.42000000000008,3.3369199527974437e-14,196.50961605420844,7.964392340910321e-15,47.400023257228185,47.400023257228185,1.5707963267948966,0.0,9481.219376647869,8481.219376647869,150000.0,1.0,1344.6920729725812,196.50961605420844,3.3369199527974437e-14
18.470000000000088,3.376861990707311e-14,198.886969596276,8.012424145899461e-15,47.694140090450354,47.694140090450354,1.5707963267948966,0.0,9478.670086115426,8478.670086115426,150000.0,1.0,1361.0507335213474,198.886969596276,3.376861990707311e-14
18.520000000000095,3.41704420746343e-14,201.279032226236,8.060463875083073e-15,47.988386702624176,47.988386702624176,1.5707963267948966,0.0,9476.120795582983,8476.120795582983,150000.0,1.0,1377.50869500627,201.279032226236,3.41704420746343e-14
18.570000000000103,3.4574666426218534e-14,203.68581042249065,8.108511502493451e-15,48.28276267192879,48.28276267192879,1.5707963267948966,0.0,9473.57150505054,8473.57150505054,150000.0,1.0,1394.0658938774257,203.68581042249065,3.4574666426218534e-14
18.62000000000011,3.498129335608794e-14,206.10731064235046,8.15656700216154e-15,48.577267576522345,48.577267576522345,1.5707963267948966,0.0,9471.022214518098,8471.022214518098,150000.0,1.0,1410.7222648842553,206.10731064235046,3.498129335608794e-14
18.67000000000012,3.539032325720615e-14,208.5435393220335,8.204630348117455e-15,48.87190099455035,48.87190099455035,1.5707963267948966,0.0,9468.472923985655,8468.472923985655,150000.0,1.0,1427.4777410760098,208.5435393220335,3.539032325720615e-14
18.720000000000127,3.580175652123831e-14,210.99450287666508,8.252701514390993e-15,49.166662504154196,49.166662504154196,1.5707963267948966,0.0,9465.923633453212,8465.923633453212,150000.0,1.0,1444.3322538022514,210.99450287666508,3.580175652123831e-14
18.770000000000135,3.621559353855104e-14,213.46020770027758,8.300780475012157e-15,49.46155168347957,49.46155168347957,1.5707963267948966,0.0,9463.37434292077,8463.37434292077,150000.0,1.0,1461.2857327134072,213.46020770027758,3.621559353855104e-14
18.820000000000142,3.6631834698212497e-14,215.94066016581098,8.348867204011674e-15,49.75656811068491,49.75656811068491,1.5707963267948966,0.0,9460.825052388327,8460.825052388327,150000.0,1.0,1478.3381057613785,215.94066016581098,3.6631834698212497e-14
18.87000000000015,3.705048038799238e-14,218.43586662511373,8.396961675421507e-15,50.051711363949885,50.051711363949885,1.5707963267948966,0.0,9458.275761855884,8458.275761855884,150000.0,1.0,1495.4892992002024,218.43586662511373,3.705048038799238e-14
18.920000000000158,3.747153099436204e-14,220.94583340894383,8.445063863275382e-15,50.34698102148387,50.34698102148387,1.5707963267948966,0.0,9455.726471323442,8455.726471323442,150000.0,1.0,1512.7392375867712,220.94583340894383,3.747153099436204e-14
18.970000000000166,3.789498690249458e-14,223.47056682697072,8.493173741609306e-15,50.64237666153446,50.64237666153446,1.5707963267948966,0.0,9453.177180790999,8453.177180790999,150000.0,1.0,1530.0878437816034,223.47056682697072,3.789498690249458e-14
19.020000000000174,3.832084849626495e-14,226.01007316777742,8.54129128446208e-15,50.937897862395914,50.937897862395914,1.5707963267948966,0.0,9450.627890258556,8450.627890258556,150000.0,1.0,1547.5350389496662,226.01007316777742,3.832084849626495e-14
19.07000000000018,3.8749116158250136e-14,228.56435869886295,8.589416465875831e-15,51.233544202417676,51.233544202417676,1.5707963267948966,0.0,9448.078599726114,8448.078599726114,150000.0,1.0,1565.0807425612584,228.56435869886295,3.8749116158250136e-14
19.12000000000019,3.917979026972932e-14,231.13342966664538,8.637549259896526e-15,51.5293152600129,51.5293152600129,1.5707963267948966,0.0,9445.529309193671,8445.529309193671,150000.0,1.0,1582.724872392942,231.13342966664538,3.917979026972932e-14
19.170000000000197,3.961287121068408e-14,233.7172922964652,8.685689640574496e-15,51.82521061366692,51.82521061366692,1.5707963267948966,0.0,9442.980018661228,8442.980018661228,150000.0,1.0,1600.467344528529,233.7172922964652,3.961287121068408e-14
19.220000000000205,4.004835935979865e-14,236.3159527925891,8.733837581964953e-15,52.12122984194581,52.12122984194581,1.5707963267948966,0.0,9440.430728128786,8440.430728128786,150000.0,1.0,1618.308073360126,236.3159527925891,4.004835935979865e-14
19.270000000000213,4.048625509446013e-14,238.92941733821436,8.781993058128518e-15,52.4173725235049,52.4173725235049,1.5707963267948966,0.0,9437.881437596343,8437.881437596343,150000.0,1.0,1636.2469715892264,238.92941733821436,4.048625509446013e-14
19.32000000000022,4.092655879075882e-14,241.5576920954734,8.830156043131745e-15,52.7136382370973,52.7136382370973,1.5707963267948966,0.0,9435.3321470639,8435.3321470639,150000.0,1.0,1654.2839502278614,241.5576920954734,4.092655879075882e-14
19.37000000000023,4.136927082348851e-14,244.20078320543894,8.878326511047638e-15,53.01002656158243,53.01002656158243,1.5707963267948966,0.0,9432.782856531458,8432.782856531458,150000.0,1.0,1672.4189185998048,244.20078320543894,4.136927082348851e-14
19.420000000000236,4.181439156614679e-14,246.85869678812938,8.926504435956178e-15,53.306537075934564,53.306537075934564,1.5707963267948966,0.0,9430.233565999015,8430.233565999015,150000.0,1.0,1690.6517843418267,246.85869678812938,4.181439156614679e-14
19.470000000000244,4.226192139093546e-14,249.53143894251508,8.974689791944843e-15,53.60316935925142,53.60316935925142,1.5707963267948966,0.0,9427.684275466572,8427.684275466572,150000.0,1.0,1708.982453405009,249.53143894251508,4.226192139093546e-14
19.520000000000252,4.271186066876087e-14,252.2190157465244,9.02288255310914e-15,53.899922990762654,53.899922990762654,1.5707963267948966,0.0,9425.13498493413,8425.13498493413,150000.0,1.0,1727.4108300561081,252.2190157465244,4.271186066876087e-14
19.57000000000026,4.3164209769234363e-14,254.9214332570507,9.071082693553118e-15,54.19679754983844,54.19679754983844,1.5707963267948966,0.0,9422.585694401687,8422.585694401687,150000.0,1.0,1745.9368168789729,254.9214332570507,4.3164209769234363e-14
19.620000000000267,4.361896906067273e-14,257.63869750995957,9.1192901873899e-15,54.49379261599807,54.49379261599807,1.5707963267948966,0.0,9420.036403869244,8420.036403869244,150000.0,1.0,1764.5603147760196,257.63869750995957,4.361896906067273e-14
19.670000000000275,4.4076138910098616e-14,260.3708145200964,9.167505008742208e-15,54.79090776891843,54.79090776891843,1.5707963267948966,0.0,9417.487113336801,8417.487113336801,150000.0,1.0,1783.2812229697556,260.3708145200964,4.4076138910098616e-14
19.720000000000283,4.453571968324109e-14,263.1177902812946,9.215727131742886e-15,55.08814258844267,55.08814258844267,1.5707963267948966,0.0,9414.937822804359,8414.937822804359,150000.0,1.0,1802.0994390043604,263.1177902812946,4.453571968324109e-14
19.77000000000029,4.4997711744536104e-14,265.8796307663842,9.263956530535421e-15,55.38549665458871,55.38549665458871,1.5707963267948966,0.0,9412.388532271916,8412.388532271916,150000.0,1.0,1821.0148587473186,265.8796307663842,4.4997711744536104e-14
19.8200000000003,4.5462115457127073e-14,268.6563419272004,9.312193179274477e-15,55.68296954755784,55.68296954755784,1.5707963267948966,0.0,9409.839241739473,8409.839241739473,150000.0,1.0,1840.0273763911066,268.6563419272004,4.5462115457127073e-14
19.870000000000307,4.5928931182865426e-14,271.44792969459337,9.36043705212641e-15,55.98056084774331,55.98056084774331,1.5707963267948966,0.0,9407.28995120703,8407.28995120703,150000.0,1.0,1859.1368844549334,271.44792969459337,4.5928931182865426e-14
19.920000000000314,4.639815928231123e-14,274.2543999784381,9.408688123269809e-15,56.2782701357389,56.2782701357389,1.5707963267948966,0.0,9404.740660674588,8404.740660674588,150000.0,1.0,1878.343273786532,274.2543999784381,4.639815928231123e-14
19.970000000000322,4.6869800114733784e-14,277.075758667644,9.456946366896005e-15,56.57609699234749,56.57609699234749,1.5707963267948966,0.0,9402.191370142145,8402.191370142145,150000.0,1.0,1897.6464335640087,277.075758667644,4.6869800114733784e-14
20.02000000000033,4.7343854038112285e-14,279.91201163016655,9.505211757209606e-15,56.87404099858965,56.87404099858965,1.5707963267948966,0.0,9399.642079609703,8399.642079609703,150000.0,1.0,1917.04625129774,279.91201163016655,4.7343854038112285e-14
20.070000000000338,4.78203214091365e-14,282.7631647130175,9.553484268429026e-15,57.172101735712275,57.172101735712275,1.5707963267948966,0.0,9397.09278907726,8397.09278907726,150000.0,1.0,1936.542612832328,282.7631647130175,4.78203214091365e-14
20.120000000000346,4.829920258320749e-14,285.62922374227696,9.601763874786998e-15,57.470278785197124,57.470278785197124,1.5707963267948966,0.0,9394.543498544817,8394.543498544817,150000.0,1.0,1956.1354023486065,285.62922374227696,4.829920258320749e-14
20.170000000000353,4.8780497914438304e-14,288.51019452310516,9.650050550531119e-15,57.76857172876944,57.76857172876944,1.5707963267948966,0.0,9391.994208012375,8391.994208012375,150000.0,1.0,1975.8245023656982,288.51019452310516,4.8780497914438304e-14
20.22000000000036,4.9264207755654755e-14,291.40608283975484,9.698344269924361e-15,58.06698014840651,58.06698014840651,1.5707963267948966,0.0,9389.444917479932,8389.444917479932,150000.0,1.0,1995.6097937431282,291.40608283975484,4.9264207755654755e-14
20.27000000000037,4.9750332458396204e-14,294.316894455584,9.746645007245606e-15,58.36550362634631,58.36550362634631,1.5707963267948966,0.0,9386.89562694749,8386.89562694749,150000.0,1.0,2015.4911556829868,294.316894455584,4.9750332458396204e-14
20.320000000000377,5.0238872372916364e-14,297.24263511306935,9.794952736790166e-15,58.66414174509608,58.66414174509608,1.5707963267948966,0.0,9384.346336415047,8384.346336415047,150000.0,1.0,2035.4684657321507,297.24263511306935,5.0238872372916364e-14
20.370000000000385,5.072982784818413e-14,300.18331053381996,9.843267432870317e-15,58.96289408744089,58.96289408744089,1.5707963267948966,0.0,9381.797045882604,8381.797045882604,150000.0,1.0,2055.5415997845457,300.18331053381996,5.072982784818413e-14
20.420000000000393,5.1223199231884464e-14,303.1389264185911,9.891589069815819e-15,59.26176023645226,59.26176023645226,1.5707963267948966,0.0,9379.247755350161,8379.247755350161,150000.0,1.0,2075.7104320834774,303.1389264185911,5.1223199231884464e-14
20.4700000000004,5.171898687041925e-14,306.1094884472989,9.939917621974445e-15,59.56073977549677,59.56073977549677,1.5707963267948966,0.0,9376.698464817719,8376.698464817719,150000.0,1.0,2095.9748352239985,306.1094884472989,5.171898687041925e-14
20.520000000000408,5.221719110890823e-14,309.0950022790356,9.988253063712513e-15,59.85983228824463,59.85983228824463,1.5707963267948966,0.0,9374.149174285276,8374.149174285276,150000.0,1.0,2116.334680155342,309.0950022790356,5.221719110890823e-14
20.570000000000416,5.271781229118991e-14,312.0954735520846,1.0036595369415402e-14,60.15903735867829,60.15903735867829,1.5707963267948966,0.0,9371.599883752833,8371.599883752833,150000.0,1.0,2136.7898361833945,312.0954735520846,5.271781229118991e-14
20.620000000000424,5.3220850759822586e-14,315.1109078839364,1.0084944513488084e-14,60.458354571101026,60.458354571101026,1.5707963267948966,0.0,9369.05059322039,8369.05059322039,150000.0,1.0,2157.3401709732334,315.1109078839364,5.3220850759822586e-14
20.67000000000043,5.3726306856085294e-14,318.14131087130494,1.013330047035565e-14,60.75778351014553,60.75778351014553,1.5707963267948966,0.0,9366.501302687948,8366.501302687948,150000.0,1.0,2177.9855505517053,318.14131087130494,5.3726306856085294e-14
20.72000000000044,5.423418091997882e-14,321.18668809014406,1.018166321446384e-14,61.05732376078251,61.05732376078251,1.5707963267948966,0.0,9363.952012155505,8363.952012155505,150000.0,1.0,2198.7258393100624,321.18668809014406,5.423418091997882e-14
20.770000000000447,5.474447329022679e-14,324.2470450956648,1.0230032720279561e-14,61.356974908329285,61.356974908329285,1.5707963267948966,0.0,9361.402721623062,8361.402721623062,150000.0,1.0,2219.5609000066515,324.2470450956648,5.474447329022679e-14
20.820000000000455,5.52571843042767e-14,327.32238742235313,1.0278408962291422e-14,61.65673653845834,61.65673653845834,1.5707963267948966,0.0,9358.85343109062,8358.85343109062,150000.0,1.0,2240.4905937696476,327.32238742235313,5.52571843042767e-14
20.870000000000463,5.5772314298301035e-14,330.4127205839874,1.0326791915010248e-14,61.95660823720597,61.95660823720597,1.5707963267948966,0.0,9356.304140558177,8356.304140558177,150000.0,1.0,2261.514780099849,330.4127205839874,5.5772314298301035e-14
20.92000000000047,5.628986360719839e-14,333.5180500736572,1.0375181552969618e-14,62.25658959098079,62.25658959098079,1.5707963267948966,0.0,9353.754850025734,8353.754850025734,150000.0,1.0,2282.6333168735123,333.5180500736572,5.628986360719839e-14
20.97000000000048,5.680983256459461e-14,336.6383813637821,1.0423577850726386e-14,62.55668018657237,62.55668018657237,1.5707963267948966,0.0,9351.205559493292,8351.205559493292,150000.0,1.0,2303.8460603452518,336.6383813637821,5.680983256459461e-14
21.020000000000486,5.733222150284399e-14,339.77371990613085,1.04719807828612e-14,62.8568796111598,62.8568796111598,1.5707963267948966,0.0,9348.656268960849,8348.656268960849,150000.0,1.0,2325.1528651509766,339.77371990613085,5.733222150284399e-14
21.070000000000494,5.785703075303044e-14,342.92407113184083,1.0520390323979046e-14,63.15718745232023,63.15718745232023,1.5707963267948966,0.0,9346.106978428406,8346.106978428406,150000.0,1.0,2346.553584310887,342.92407113184083,5.785703075303044e-14
21.120000000000502,5.838426064496877e-14,346.0894404514385,1.056880644870975e-14,63.457603298037505,63.457603298037505,1.5707963267948966,0.0,9343.557687895964,8343.557687895964,150000.0,1.0,2368.048069232522,346.0894404514385,5.838426064496877e-14
21.17000000000051,5.891391150720588e-14,349.2698332548602,1.0617229131708515e-14,63.75812673671068,63.75812673671068,1.5707963267948966,0.0,9341.008397363521,8341.008397363521,150000.0,1.0,2389.636169713852,349.2698332548602,5.891391150720588e-14
21.220000000000518,5.944598366702208e-14,352.4652549114723,1.0665658347656442e-14,64.05875735716258,64.05875735716258,1.5707963267948966,0.0,9338.459106831078,8338.459106831078,150000.0,1.0,2411.3177339464237,352.4652549114723,5.944598366702208e-14
21.270000000000525,5.998047745043244e-14,355.6757107700934,1.0714094071261058e-14,64.35949474864842,64.35949474864842,1.5707963267948966,0.0,9335.909816298636,8335.909816298636,150000.0,1.0,2433.092608518565,355.6757107700934,5.998047745043244e-14
21.320000000000533,6.051739318218802e-14,358.9012061590157,1.0762536277256836e-14,64.66033850086424,64.66033850086424,1.5707963267948966,0.0,9333.360525766193,8333.360525766193,150000.0,1.0,2454.9606384186172,358.9012061590157,6.051739318218802e-14
21.37000000000054,6.105673118577732e-14,362.1417463860275,1.0810984940405725e-14,64.9612882039556,64.9612882039556,1.5707963267948966,0.0,9330.81123523375,8330.81123523375,150000.0,1.0,2476.9216670382475,362.1417463860275,6.105673118577732e-14
21.42000000000055,6.159849178342762e-14,365.3973367384357,1.085944003549766e-14,65.26234344852604,65.26234344852604,1.5707963267948966,0.0,9328.261944701308,8328.261944701308,150000.0,1.0,2498.9755361757866,365.3973367384357,6.159849178342762e-14
21.470000000000557,6.214267529610642e-14,368.66798248308896,1.0907901537351101e-14,65.56350382564558,65.56350382564558,1.5707963267948966,0.0,9325.712654168865,8325.712654168865,150000.0,1.0,2521.1220860396256,368.66798248308896,6.214267529610642e-14
21.520000000000564,6.268928204352287e-14,371.95368886640154,1.0956369420813546e-14,65.86476892685936,65.86476892685936,1.5707963267948966,0.0,9323.163363636422,8323.163363636422,150000.0,1.0,2543.3611552516663,371.95368886640154,6.268928204352287e-14
21.570000000000572,6.323831234412919e-14,375.25446111437674,1.1004843660762056e-14,66.16613834419606,66.16613834419606,1.5707963267948966,0.0,9320.61407310398,8320.61407310398,150000.0,1.0,2565.692580850811,375.25446111437674,6.323831234412919e-14
21.62000000000058,6.378976651512226e-14,378.5703044326316,1.1053324232103772e-14,66.46761167017651,66.46761167017651,1.5707963267948966,0.0,9318.064782571537,8318.064782571537,150000.0,1.0,2588.1161982965127,378.5703044326316,6.378976651512226e-14
21.670000000000588,6.434364487244507e-14,381.9012240064218,1.1101811109776448e-14,66.76918849782214,66.76918849782214,1.5707963267948966,0.0,9315.515492039094,8315.515492039094,150000.0,1.0,2610.631841472368,381.9012240064218,6.434364487244507e-14
21.720000000000596,6.489994773078822e-14,385.24722500066673,1.1150304268748962e-14,67.0708684206635,67.0708684206635,1.5707963267948966,0.0,9312.966201506651,8312.966201506651,150000.0,1.0,2633.2393426897524,385.24722500066673,6.489994773078822e-14
21.770000000000604,6.545867540359163e-14,388.60831255997516,1.1198803684021837e-14,67.37265103274882,67.37265103274882,1.5707963267948966,0.0,9310.416910974209,8310.416910974209,150000.0,1.0,2655.9385326915267,388.60831255997516,6.545867540359163e-14
21.82000000000061,6.601982820304597e-14,391.9844918086716,1.124730933062777e-14,67.67453592865242,67.67453592865242,1.5707963267948966,0.0,9307.867620441766,8307.867620441766,150000.0,1.0,2678.729240655762,391.9844918086716,6.601982820304597e-14
21.87000000000062,6.658340644009439e-14,395.37576785082217,1.1295821183632142e-14,67.97652270348324,67.97652270348324,1.5707963267948966,0.0,9305.318329909323,8305.318329909323,150000.0,1.0,2701.6112941995375,395.37576785082217,6.658340644009439e-14
21.920000000000627,6.714941042443413e-14,398.7821457702625,1.1344339218133544e-14,68.2786109528933,68.2786109528933,1.5707963267948966,0.0,9302.76903937688,8302.76903937688,150000.0,1.0,2724.5845193827713,398.7821457702625,6.714941042443413e-14
21.970000000000635,6.771784046451822e-14,402.2036306306242,1.139286340926429e-14,68.58080027308617,68.58080027308617,1.5707963267948966,0.0,9300.219748844438,8300.219748844438,150000.0,1.0,2747.648740712107,402.2036306306242,6.771784046451822e-14
22.020000000000643,6.828869686755714e-14,405.6402274753632,1.1441393732190944e-14,68.8830902608255,68.8830902608255,1.5707963267948966,0.0,9297.670458311995,8297.670458311995,150000.0,1.0,2770.803781144854,405.6402274753632,6.828869686755714e-14
22.07000000000065,6.886197993952058e-14,409.09194132778765,1.1489930162114827e-14,69.18548051344335,69.18548051344335,1.5707963267948966,0.0,9295.121167779553,8295.121167779553,150000.0,1.0,2794.049462092951,409.09194132778765,6.886197993952058e-14
22.12000000000066,6.943768998513916e-14,412.55877719108685,1.153847267427254e-14,69.48797062884876,69.48797062884876,1.5707963267948966,0.0,9292.57187724711,8292.57187724711,150000.0,1.0,2817.3856034270116,412.55877719108685,6.943768998513916e-14
22.170000000000666,7.001582730790625e-14,416.0407400483602,1.1587021243936481e-14,69.79056020553608,69.79056020553608,1.5707963267948966,0.0,9290.022586714667,8290.022586714667,150000.0,1.0,2840.8120234803837,416.0407400483602,7.001582730790625e-14
22.220000000000674,7.059639221007971e-14,419.5378348626464,1.1635575846415367e-14,70.09324884259345,70.09324884259345,1.5707963267948966,0.0,9287.473296182225,8287.473296182225,150000.0,1.0,2864.3285390532815,419.5378348626464,7.059639221007971e-14
22.27000000000068,7.117938499268378e-14,423.0500665769536,1.1684136457054733e-14,70.39603613971128,70.39603613971128,1.5707963267948966,0.0,9284.924005649782,8284.924005649782,150000.0,1.0,2887.934965416952,423.0500665769536,7.117938499268378e-14
22.32000000000069,7.176480595551089e-14,426.5774401142899,1.1732703051237467e-14,70.69892169719053,70.69892169719053,1.5707963267948966,0.0,9282.37471511734,8282.37471511734,150000.0,1.0,2911.6311163178875,426.5774401142899,7.176480595551089e-14
22.370000000000697,7.235265539712356e-14,430.11996037769376,1.178127560438431e-14,71.00190511595113,71.00190511595113,1.5707963267948966,0.0,9279.825424584897,8279.825424584897,150000.0,1.0,2935.4168039820856,430.11996037769376,7.235265539712356e-14
22.420000000000705,7.294293361485634e-14,433.6776322502652,1.1829854091954371e-14,71.30498599754051,71.30498599754051,1.5707963267948966,0.0,9277.276134052454,8277.276134052454,150000.0,1.0,2959.291839119369,433.6776322502652,7.294293361485634e-14
22.470000000000713,7.353564090481766e-14,437.2504605951977,1.1878438489445651e-14,71.60816394414181,71.60816394414181,1.5707963267948966,0.0,9274.726843520011,8274.726843520011,150000.0,1.0,2983.256030927723,437.2504605951977,7.353564090481766e-14
22.52000000000072,7.413077756189187e-14,440.8384502558097,1.1927028772395543e-14,71.9114385585823,71.9114385585823,1.5707963267948966,0.0,9272.177552987569,8272.177552987569,150000.0,1.0,3007.3091870977078,440.8384502558097,7.413077756189187e-14
22.57000000000073,7.472834387974113e-14,444.4416060555775,1.1975624916381352e-14,72.2148094443418,72.2148094443418,1.5707963267948966,0.0,9269.628262455126,8269.628262455126,150000.0,1.0,3031.4511138168973,444.4416060555775,7.472834387974113e-14
22.620000000000736,7.532834015080754e-14,448.0599327981679,1.20242268970208e-14,72.51827620556091,72.51827620556091,1.5707963267948966,0.0,9267.078971922683,8267.078971922683,150000.0,1.0,3055.6816157743747,448.0599327981679,7.532834015080754e-14
22.670000000000744,7.593076666631506e-14,451.69343526747116,1.2072834689972546e-14,72.82183844704946,72.82183844704946,1.5707963267948966,0.0,9264.52968139024,8264.52968139024,150000.0,1.0,3080.0004961652644,451.69343526747116,7.593076666631506e-14
22.720000000000752,7.653562371627164e-14,455.3421182276351,1.2121448270936682e-14,73.1254957742947,73.1254957742947,1.5707963267948966,0.0,9261.980390857798,8261.980390857798,150000.0,1.0,3104.407556695313,455.3421182276351,7.653562371627164e-14
22.77000000000076,7.714291158947128e-14,459.0059864230991,1.2170067615655253e-14,73.42924779346977,73.42924779346977,1.5707963267948966,0.0,9259.431100325355,8259.431100325355,150000.0,1.0,3128.902597585517,459.0059864230991,7.714291158947128e-14
22.820000000000768,7.775263057349613e-14,462.68504457862826,1.2218692699912759e-14,73.73309411144187,73.73309411144187,1.5707963267948966,0.0,9256.881809792912,8256.881809792912,150000.0,1.0,3153.485417576795,462.68504457862826,7.775263057349613e-14
22.870000000000775,7.836478095471865e-14,466.37929739934896,1.2267323499536669e-14,74.03703433578055,74.03703433578055,1.5707963267948966,0.0,9254.33251926047,8254.33251926047,150000.0,1.0,3178.155813934694,466.37929739934896,7.836478095471865e-14
22.920000000000783,7.897936301830375e-14,470.0887495707834,1.2315959990397922e-14,74.34106807476608,74.34106807476608,1.5707963267948966,0.0,9251.783228728027,8251.783228728027,150000.0,1.0,3202.913582454157,470.0887495707834,7.897936301830375e-14
22.97000000000079,7.959637704821096e-14,473.813405758886,1.2364602148411432e-14,74.64519493739762,74.64519493739762,1.5707963267948966,0.0,9249.233938195584,8249.233938195584,150000.0,1.0,3227.7585174643195,473.813405758886,7.959637704821096e-14
23.0200000000008,8.021582332719671e-14,477.55327061007904,1.24132499495366e-14,74.94941453340148,74.94941453340148,1.5707963267948966,0.0,9246.684647663142,8246.684647663142,150000.0,1.0,3252.690411833356,477.55327061007904,8.021582332719671e-14
23.070000000000807,8.083770213681652e-14,481.30834875128966,1.2461903369777812e-14,75.25372647323937,75.25372647323937,1.5707963267948966,0.0,9244.135357130699,8244.135357130699,150000.0,1.0,3277.7090569733678,481.30834875128966,8.083770213681652e-14
23.120000000000815,8.146201375742724e-14,485.07864478998647,1.2510562385184941e-14,75.55813036811662,75.55813036811662,1.5707963267948966,0.0,9241.586066598256,8241.586066598256,150000.0,1.0,3302.8142428453216,485.07864478998647,8.146201375742724e-14
23.170000000000822,8.208875846818935e-14,488.8641633142174,1.2559226971853859e-14,75.86262582999038,75.86262582999038,1.5707963267948966,0.0,9239.036776065814,8239.036776065814,150000.0,1.0,3328.005757964017,488.8641633142174,8.208875846818935e-14
23.22000000000083,8.271793654706931e-14,492.664908892647,1.2607897105926927e-14,76.16721247157778,76.16721247157778,1.5707963267948966,0.0,9236.487485533371,8236.487485533371,150000.0,1.0,3353.283389403103,492.664908892647,8.271793654706931e-14
23.270000000000838,8.33495482708419e-14,496.4808860745947,1.2656572763593508e-14,76.47188990636417,76.47188990636417,1.5707963267948966,0.0,9233.938195000928,8233.938195000928,150000.0,1.0,3378.6469228001465,496.4808860745947,8.33495482708419e-14
23.320000000000846,8.398359391509247e-14,500.31209939007385,1.2705253921090453e-14,76.77665774861123,76.77665774861123,1.5707963267948966,0.0,9231.388904468486,8231.388904468486,150000.0,1.0,3404.0961423617273,500.31209939007385,8.398359391509247e-14
23.370000000000854,8.46200737542195e-14,504.1585533498304,1.2753940554702614e-14,77.08151561336511,77.08151561336511,1.5707963267948966,0.0,9228.839613936043,8228.839613936043,150000.0,1.0,3429.6308308685807,504.1585533498304,8.46200737542195e-14
23.42000000000086,8.525898806143687e-14,508.0202524453823,1.2802632640763331e-14,77.38646311646463,77.38646311646463,1.5707963267948966,0.0,9226.2903234036,8226.2903234036,150000.0,1.0,3455.2507696807893,508.0202524453823,8.525898806143687e-14
23.47000000000087,8.590033710877633e-14,511.8972011490595,1.2851330155654934e-14,77.6914998745493,77.6914998745493,1.5707963267948966,0.0,9223.741032871158,8223.741032871158,150000.0,1.0,3480.9557387430023,511.8972011490595,8.590033710877633e-14
23.520000000000877,8.654412116709005e-14,515.7894039140441,1.2900033075809242e-14,77.99662550506748,77.99662550506748,1.5707963267948966,0.0,9221.191742338715,8221.191742338715,150000.0,1.0,3506.745516589708,515.7894039140441,8.654412116709005e-14
23.570000000000885,8.719034050605298e-14,519.696865174411,1.2948741377708053e-14,78.30183962628453,78.30183962628453,1.5707963267948966,0.0,9218.642451806272,8218.642451806272,150000.0,1.0,3532.6198803505445,519.696865174411,8.719034050605298e-14
23.620000000000893,8.783899539416544e-14,523.6195893451686,1.2997455037883641e-14,78.6071418572907,78.6071418572907,1.5707963267948966,0.0,9216.09316127383,8216.09316127383,150000.0,1.0,3558.578605755639,523.6195893451686,8.783899539416544e-14
23.6700000000009,8.849008609875564e-14,527.5575808223014,1.3046174032919249e-14,78.91253181800931,78.91253181800931,1.5707963267948966,0.0,9213.543870741387,8213.543870741387,150000.0,1.0,3584.621467141004,527.5575808223014,8.849008609875564e-14
23.72000000000091,8.914361288598223e-14,531.5108439828103,1.309489833944958e-14,79.21800912920482,79.21800912920482,1.5707963267948966,0.0,9210.994580208944,8210.994580208944,150000.0,1.0,3610.7482374539686,531.5108439828103,8.914361288598223e-14
23.770000000000916,8.97995760208369e-14,535.4793831847562,1.3143627934161288e-14,79.52357341249073,79.52357341249073,1.5707963267948966,0.0,9208.445289676501,8208.445289676501,150000.0,1.0,3636.9586882586464,535.4793831847562,8.97995760208369e-14
23.820000000000924,9.045797576714699e-14,539.4632027673016,1.319236279379347e-14,79.82922429033766,79.82922429033766,1.5707963267948966,0.0,9205.895999144059,8205.895999144059,150000.0,1.0,3663.2525897414343,539.4632027673016,9.045797576714699e-14
23.870000000000932,1.7540304119526166e-06,543.4623070488668,0.00035080000186947047,80.13496100856592,80.13496100933376,1.5707966773913071,7.009718443342988e-05,9203.346708611616,8203.346708611616,150000.0,1.0,3689.629676024447,543.4623070488668,1.7540304119526166e-06
23.92000000000094,6.607178589839485e-05,547.4767002620998,0.002267075234388815,80.44078169069665,80.44078172264332,1.5708094952847897,0.00045110351596575965,9200.797418079173,8200.797418079173,150000.0,1.0,3716.089578323126,547.4767002620998,6.607178589839485e-05
23.970000000000947,0.00023331540240662503,551.5063866301826,0.0044685061108579414,80.74668712288889,80.74668724653202,1.5708427012158588,0.0008857018297780862,9198.24812754673,8198.24812754673,150000.0,1.0,3742.632171470148,551.5063866301826,0.00023331540240662503
24.020000000000955,0.000517859529515662,555.5513703784932,0.0069596486093283704,81.05267682006567,81.05267711886339,1.5708989901196522,0.0013744743529028201,9195.698837014288,8195.698837014288,150000.0,1.0,3769.2572114176883,555.5513703784932,0.000517859529515662
24.070000000000963,0.0009342895117156671,559.6116557081357,0.009744362641741765,81.3587502966046,81.35875088014726,1.5709810814276792,0.0019178148686398366,9193.149546481845,8193.149546481845,150000.0,1.0,3795.9644528280337,559.6116557081357,0.0009342895117156671
24.12000000000097,0.0014973651355511982,563.6872467959479,0.012825757684333883,81.66490706770145,81.66490807486636,1.5710917091386234,0.002515909209757456,9190.600255949403,8190.600255949403,150000.0,1.0,3822.7536492059226,563.6872467959479,0.0014973651355511982
24.17000000000098,0.002221981808409223,567.7781477945783,0.016206140323502184,81.9711466508611,81.97114825288202,1.5712336109524625,0.0031687165002849244,9188.05096541696,8188.05096541696,150000.0,1.0,3849.6245530407355,567.7781477945783,0.002221981808409223
24.220000000000987,0.0031231290333175563,571.8843628326416,0.019886958541609677,82.277468567518,82.27747097091665,1.5714095164622035,0.0038759502384249156,9185.501674884517,8185.501674884517,150000.0,1.0,3876.576915958476,571.8843628326416,0.0031231290333175563
24.270000000000994,0.004215846015273879,576.0058960149582,0.023868742691060946,82.5838723447701,82.58387579409289,1.5716221343983101,0.0046370593435476936,9182.952384352075,8182.952384352075,150000.0,1.0,3903.610488881778,576.0058960149582,0.004215846015273879
24.320000000001002,0.005515174233264377,580.1427514228831,0.028151043155677652,82.8903575172045,82.89036229750243,1.5718741389273687,0.005451209303237114,9180.403093819632,8180.403093819632,150000.0,1.0,3930.72502219549,580.1427514228831,0.005515174233264377
24.37000000000101,0.007036106813587044,584.2949331147267,0.03273236476057652,83.19692362878412,83.19693006777017,1.5721681550136746,0.00631726356947933,9177.85380328719,8177.853803287189,150000.0,1.0,3957.9202659146235,584.2949331147267,0.007036106813587044
24.420000000001018,0.008793534544978306,588.4624451262722,0.03761009806682058,83.50357023475644,83.50357870457037,1.5725067428601935,0.00723376536629605,9175.304512754747,8175.304512754747,150000.0,1.0,3985.1959698504784,588.4624451262722,0.008793534544978306
24.470000000001026,0.010802188385002071,592.6452914713864,0.04278044777524823,83.81029690353611,83.8103078220429,1.5728923814538056,0.008198920084169541,9172.755222222304,8172.755222222304,150000.0,1.0,4012.551883769881,592.6452914713864,0.010802188385002071
24.520000000001033,0.013076578320881816,596.8434761427238,0.048238358566227005,84.11710321850235,84.11711705004764,1.5733274512488247,0.009210578449448148,9170.205931689861,8170.205931689861,150000.0,1.0,4039.987757541348,596.8434761427238,0.013076578320881816
24.57000000000104,0.01563092846714559,601.0570031125174,0.05397743881848406,84.42398877964241,84.42400603518581,1.5738142160325064,0.01026622066929645,9167.656641157419,8167.656641157419,150000.0,1.0,4067.503341260956,601.0570031125174,0.01563092846714559
24.62000000000105,0.018479108307823223,605.2858763334445,0.05998988278097096,84.73095320496179,84.73097444150788,1.5743548040265856,0.011362941764544299,9165.107350624976,8165.107350624976,150000.0,1.0,4095.098385349649,605.2858763334445,0.018479108307823223
24.670000000001057,0.02163456002319333,609.5300997395575,0.06626639191633944,85.03799613157231,85.03802195081919,1.574951188289782,0.012497438313749333,9162.558060092533,8162.558060092533,150000.0,1.0,4122.77264061271,609.5300997395575,0.02163456002319333
24.720000000001065,0.025110221880897083,613.7896772472574,0.07279609629225058,85.34511721636072,85.34514826248758,1.5756051664976256,0.013665996841706139,9160.00876956009,8160.0087695600905,150000.0,1.0,4150.525858251217,613.7896772472574,0.025110221880897083
24.770000000001072,0.028918447719242412,618.0646127562884,0.07956647706634197,85.65231613613389,85.65235309265294,1.5763183401878464,0.014864484094331417,9157.459479027648,8157.459479027648,150000.0,1.0,4178.357789814697,618.0646127562884,0.028918447719242412
24.82000000000108,0.03307092260725806,622.3549101507258,0.08656329128985961,85.95959258713272,85.95963617273657,1.5770920935718482,0.01608833944898541,9154.910188495205,8154.910188495205,150000.0,1.0,4206.26818708373,622.3549101507258,0.03307092260725806
24.870000000001088,0.03757857483195593,626.6605732999192,0.09377050044185133,86.26694628380602,86.26699724715024,1.577927572025385,0.017332569714730305,9152.360897962762,8152.3608979627625,150000.0,1.0,4234.256801871233,626.6605732999192,0.03757857483195593
24.920000000001096,0.04245148443861691,630.9816060593556,0.10117020429664106,86.57437695673967,86.57443607011191,1.5788256603843807,0.018591746580392227,9149.81160743032,8149.81160743032,150000.0,1.0,4262.323385731602,630.9816060593556,0.04245148443861691
24.970000000001104,0.04769878863484647,635.318012271395,0.10874258191878741,86.88188434964457,86.88195240148633,1.5797869611847584,0.019860006969444528,9147.262316897877,8147.262316897877,150000.0,1.0,4290.467689567825,635.318012271395,0.04769878863484647
25.02000000000111,0.0533285844635604,639.6697957658304,0.11646584176668298,87.18946821532202,87.18954600158753,1.580811772998079,0.021131056559277262,9144.713026365434,8144.713026365434,150000.0,1.0,4318.689463128328,639.6697957658304,0.0533285844635604
25.07000000000112,0.05934782925361537,644.0369603602187,0.12431618306375393,87.49712831054612,87.49721662490495,1.5819000690275693,0.022398176718242683,9142.163735832992,8142.163735832992,150000.0,1.0,4346.988454387656,644.0369603602187,0.05934782925361537
25.120000000001127,0.06576223946887828,648.4195098599288,0.13226777075828156,87.80486438983108,87.80496401274706,1.5830514761416206,0.023654235106599888,9139.614445300549,8139.614445300549,150000.0,1.0,4375.364408808214,648.4195098599288,0.06576223946887828
25.170000000001135,0.07257618869618737,652.8174480578491,0.1402927265329568,88.11267619808777,88.11278788483645,1.5842652545339049,0.024891700176969327,9137.065154768106,8137.065154768106,150000.0,1.0,4403.817068484282,652.8174480578491,0.07257618869618737
25.220000000001143,0.07979260563862715,657.2307787337014,0.14836113843619644,88.42056346221658,88.42068792993678,1.5855402782106898,0.026102659795936112,9134.515864235664,8134.515864235664,150000.0,1.0,4432.346171174318,657.2307787337014,0.07979260563862715
25.27000000000115,0.08741287311115511,661.6595056529102,0.15644109178114254,88.72852588173497,88.72866379564672,1.5868750165165977,0.027278844190777966,9131.966573703221,8131.966573703221,150000.0,1.0,4460.951449233207,661.6595056529102,0.08741287311115511
25.32000000000116,0.09543672916885486,666.1036325649817,0.16449872398765783,89.0365631185952,89.03671507755539,1.5882675169197324,0.028411653403872302,9129.417283170778,8129.417283170778,150000.0,1.0,4489.632628462472,666.1036325649817,0.09543672916885486
25.370000000001166,0.10386217163150377,670.5631632013581,0.1724983060192088,89.34467478641027,89.34484130801842,1.5897153892856053,0.029492189411982103,9126.867992638336,8126.867992638336,150000.0,1.0,4518.389426903489,670.5631632013581,0.10386217163150377
25.420000000001174,0.11268536739891379,675.038101272724,0.1804023529827738,89.65286043937232,89.65304194488066,1.591215791876436,0.030511293038330143,9124.318702105893,8124.318702105893,150000.0,1.0,4547.221553606066,675.038101272724,0.11268536739891379
25.470000000001182,0.12190056807641479,679.5284504657586,0.1881717663082832,89.96111956121526,89.96131636053856,1.5927654193179883,0.03145958575211145,9121.76941157345,8121.76941157345,150000.0,1.0,4576.128707412436,679.5284504657586,0.12190056807641479
25.52000000000119,0.1315000335453473,684.034214439345,0.19576600969805052,90.26945155463943,90.26966383179871,1.5943604927799162,0.03232751641294327,9119.220121041008,8119.220121041008,150000.0,1.0,4605.110575804027,684.034214439345,0.1315000335453473
25.570000000001198,0.14147396521564293,688.5553968202726,0.2031433207305207,90.57785573167695,90.5780835310465,1.595996752617463,0.03310541297682085,9116.670830508565,8116.670830508565,150000.0,1.0,4634.1668338653535,688.5553968202726,0.14147396521564293
25.620000000001205,0.1518104507823829,693.0920011984928,0.21026095961222024,90.88633130552907,90.88657451928492,1.5976694537220888,0.03378353913562574,9114.121539976122,8114.121539976122,150000.0,1.0,4663.297143425268,693.0920011984928,0.1518104507823829
25.670000000001213,0.1624954223713556,697.6440311220134,0.21707549609473847,91.19487738444587,91.19513574163439,1.5993733638260166,0.034352155814413914,9111.57224944368,8111.5722494436795,150000.0,1.0,4692.501152440273,697.6440311220134,0.1624954223713556
25.72000000000122,0.1735126299957221,702.2114900915523,0.22354313500911605,91.50349296824149,91.50376602589769,1.6011027650006435,0.03480158739984901,9109.022958911237,8109.022958911237,150000.0,1.0,4721.778494687312,702.2114900915523,0.1735126299957221
25.77000000000123,0.18484363225262979,706.7943815550935,0.22962008022066824,91.81217694803807,91.81246408478042,1.6028514585811025,0.035122292519742304,9106.473668378794,8106.473668378794,150000.0,1.0,4751.1287898333785,706.7943815550935,0.18484363225262979
25.820000000001237,0.1964678061608335,711.3927089025253,0.23526293607719095,92.1209281098072,92.1212285223192,1.604612773738876,0.03530493913807479,9103.924377846351,8103.9243778463515,150000.0,1.0,4780.551643946683,711.3927089025253,0.1964678061608335
25.870000000001244,0.20836237797423873,716.0064754605582,0.24042914462065185,92.42974514222317,92.43005784499927,1.606379579911161,0.03534048367271172,9101.375087313909,8101.375087313909,150000.0,1.0,4810.046650507922,716.0064754605582,0.20836237797423873
25.920000000001252,0.2205024766983874,720.6356844881553,0.24507745596716948,92.73862664925568,92.73895047793812,1.6081443032795864,0.035220253784778,9098.825796781466,8098.825796781466,150000.0,1.0,4839.6133919703825,720.6356844881553,0.2205024766983874
25.97000000000126,0.23286121188446804,725.2803391727157,0.2491684283463704,93.04757116781,93.04790478637524,1.6098989474718717,0.03493603443001372,9096.276506249023,8096.276506249023,150000.0,1.0,4869.251441904006,725.2803391727157,0.23286121188446804
26.020000000001268,0.24540977707643483,729.9404426272703,0.2526649533455161,93.35657719056799,93.35691910253426,1.61163511863806,0.03448015670391901,9093.72721571658,8093.727215716581,150000.0,1.0,4898.96036774086,729.9404426272703,0.24540977707643483
26.070000000001276,0.25811758004015806,734.6159978889497,0.2555328009465227,93.6656431939966,93.6659917577209,1.6133440550281097,0.03384558895489452,9091.177925184138,8091.177925184138,150000.0,1.0,4928.739734118141,734.6159978889497,0.25811758004015806
26.120000000001284,0.2709524006091575,739.3070079189766,0.25774117799680263,93.97476767127455,93.97512111928808,1.6150166611699208,0.033026029583351296,9088.628634651695,8088.628634651695,150000.0,1.0,4958.589106789948,739.3070079189766,0.2709524006091575
26.17000000000129,0.28388057664052413,744.0134756044179,0.25926329284340754,94.28394916964723,94.28430563184754,1.6166435467164084,0.032016000890688595,9086.079344119253,8086.079344119253,150000.0,1.0,4988.508057051516,744.0134756044179,0.28388057664052413
26.2200000000013,0.29686721818954714,748.7354037619003,0.2600769180102514,94.59318633146397,94.59354386184262,1.6182150699971347,0.0308109432905575,9083.53005358681,8083.53005358681,150000.0,1.0,5018.496166589942,748.7354037619003,0.29686721818954714
26.270000000001307,0.3098764495861171,753.4727951434502,0.26016494203833185,94.90247793788839,94.90283454432992,1.619721386274403,0.029407309146499878,9080.980763054367,8080.980763054367,150000.0,1.0,5048.553032645062,753.4727951434502,0.3098764495861171
26.320000000001315,0.3228716786353818,758.2256524445582,0.25951590096749066,95.21182295401483,95.21217663056296,1.6211525006657925,0.02780265545535355,9078.431472521925,8078.431472521925,150000.0,1.0,5078.678273334207,758.2256524445582,0.3228716786353818
26.370000000001323,0.3358158916760066,762.9939783145059,0.2581244794431856,95.52122057388353,95.52156933473925,1.6224983256550403,0.025995734555018475,9075.882181989482,8075.882181989482,150000.0,1.0,5108.871532966607,762.9939783145059,0.3358158916760066
26.42000000000133,0.3486719727197561,767.7777753689038,0.25599197111065913,95.83067026368145,95.83101217808208,1.623748743071179,0.023986581998633492,9073.33289145704,8073.332891457039,150000.0,1.0,5139.132487149113,767.7777753689038,0.3486719727197561
26.47000000000134,0.3614030443752966,772.5770462043074,0.2531266878369232,96.14017180125556,96.14050502829195,1.6248936703721113,0.021776600705031467,9070.783600924597,8070.783600924597,150000.0,1.0,5169.460847466072,772.5770462043074,0.3614030443752966
26.520000000001346,0.37397282773767404,777.3917934146731,0.2495443074011575,96.44972530996996,96.45004813233645,1.6259231310235887,0.01936864046765113,9068.234310392154,8068.234310392154,150000.0,1.0,5199.856365504735,777.3917934146731,0.37397282773767404
26.570000000001354,0.3863460179144396,782.2220196093268,0.24526814963555468,96.75933128491853,96.75964214056313,1.6268273287180677,0.016767071880843514,9065.685019859711,8065.685019859711,150000.0,1.0,5230.318835994765,782.2220196093268,0.3863460179144396
26.62000000000136,0.3984886713723513,787.0677274320102,0.24032937159669998,97.06899060957407,97.06928812023106,1.627596725130378,0.013977853723703138,9063.135729327269,8063.135729327269,150000.0,1.0,5260.848098838014,787.0677274320102,0.3984886713723513
26.67000000000137,0.4103686008380682,791.9289195804839,0.23476707321218074,97.37870456112168,97.3789875567665,1.6282221208587555,0.01100859282702718,9060.586438794826,8060.586438794826,150000.0,1.0,5291.444039823446,791.9289195804839,0.4103686008380682
26.720000000001377,0.4219557730857543,796.8055988260836,0.22862830598311892,97.68847480299361,97.68874234136405,1.6286947391508035,0.0078685954386848,9058.037148262383,8058.037148262383,150000.0,1.0,5322.106589852889,796.8055988260836,0.4219557730857543
26.770000000001385,0.43322270460756546,801.6977680325577,0.221967978729003,97.99830336349548,97.99855474397197,1.6290063119645324,0.004568909096441417,9055.48785772994,8055.4878577299405,150000.0,1.0,5352.835722545964,801.6977680325577,0.43322270460756546
26.820000000001393,0.44414484990292713,806.6054301734756,0.2148486560283504,98.30819259988397,98.30842737121208,1.6291491678650083,0.0011223540150969184,9052.938567197498,8052.938567197498,150000.0,1.0,5383.631450146715,806.6054301734756,0.44414484990292713
26.8700000000014,0.45470097695203043,811.5285883474712,0.20734024692207603,98.61814514781328,98.61836310937818,1.6291163212075146,-0.0024564570032531703,9050.389276665055,8050.389276665055,150000.0,1.0,5414.493817718803,811.5285883474712,0.45470097695203043
26.92000000000141,0.46487352436985263,816.4672457906056,0.19951958358286973,98.9281638566932,98.92836505331003,1.628901562008709,-0.0061511111207688965,9047.839986132612,8047.8399861326125,150000.0,1.0,5445.422895688643,816.4672457906056,0.46487352436985263
26.970000000001416,0.4746489347796704,821.4214058851668,0.19146989198296496,99.23825171217197,99.2384364226278,1.628499545858261,-0.009943401451141488,9045.29069560017,8045.29069560017,150000.0,1.0,5476.418770873699,821.4214058851668,0.4746489347796704
27.020000000001424,0.4840179591081564,826.3910721643113,0.18328015907489237,99.54841174764312,99.54858046750341,1.627905883175149,-0.01381334744021878,9042.741405067727,8042.741405067727,150000.0,1.0,5507.481536213217,826.3910721643113,0.4840179591081564
27.070000000001432,0.49297592679426083,831.3762483120579,0.17504440358844015,99.85864694734052,99.85880036680206,1.6271172270654428,-0.017739230575077012,9040.192114535284,8040.192114535284,150000.0,1.0,5538.611279496444,831.3762483120579,0.49297592679426083
27.12000000000144,0.5015229773251187,836.3769381582914,0.16686086018557741,100.16896014419358,100.1690991220132,1.6261313589923563,-0.02169764632688563,9037.642824002842,8037.642824002842,150000.0,1.0,5569.808071455042,836.3769381582914,0.5015229773251187
27.170000000001448,0.5096642490651232,841.3931456686032,0.1588310893394888,100.47935391612148,100.4794794508617,1.624947271425005,-0.02566357319450323,9035.093533470399,8035.093533470399,150000.0,1.0,5601.071953646451,841.3931456686032,0.5096642490651232
27.220000000001455,0.51741002202657,846.4248749289911,0.1510590278412344,100.7898304848149,100.7899436848122,1.6235652465901302,-0.029610459667105495,9032.544242937956,8032.544242937956,150000.0,1.0,5632.40292659964,846.4248749289911,0.51741002202657
27.270000000001463,0.5247758120355696,851.4721301256494,0.14364999720724608,101.1003916212442,101.10049367481172,1.6219869304115901,-0.03351032986348312,9029.994952405514,8029.994952405514,150000.0,1.0,5663.800938718748,851.4721301256494,0.5247758120355696
27.32000000000147,0.5317824146647009,856.5349155202894,0.1367096893755122,101.41103856211544,101.41113070953323,1.6202154006863525,-0.03733390853095683,9027.445661873071,8027.445661873071,150000.0,1.0,5695.265876440136,856.5349155202894,0.5317824146647009
27.37000000000148,0.5384558983190849,861.61323542164,0.13034315084455486,101.7217719412449,101.72185545006349,1.6182552285137601,-0.04105076599610402,9024.896371340628,8024.896371340628,150000.0,1.0,5726.797556111806,861.61323542164,0.5384558983190849
27.420000000001487,0.5448275469553407,866.7070941539642,0.12465378773029646,102.03259173932615,102.0326678844124,1.616112531967884,-0.04462948355058939,9022.347080808186,8022.347080808186,150000.0,1.0,5758.395718008503,866.7070941539642,0.5448275469553407
27.470000000001495,0.5509337540585603,871.816496023582,0.11974241499376553,102.34349725482403,102.3435673044189,1.613795020981747,-0.04803783962629843,9019.797790275743,8019.797790275743,150000.0,1.0,5790.060022812226,871.816496023582,0.5509337540585603
27.520000000001502,0.5568158706714007,876.9414452845039,0.11570637323091565,102.65448709776383,102.65455230660629,1.611312032398181,-0.05124301696294915,9017.2484997433,8017.2484997433,150000.0,1.0,5821.790050777304,876.9414452845039,0.5568158706714007
27.57000000000151,0.562520011427416,882.0819461043434,0.11263873582539577,102.96555920702717,102.96562081734187,1.6086745541361713,-0.05421183079673916,9014.699209210858,8014.699209210858,150000.0,1.0,5853.585303665914,882.0819461043434,0.562520011427416
27.620000000001518,0.5680968236493366,887.2380025316683,0.11062762786634797,103.27671089047149,103.2767701413347,1.6058952374250146,-0.05691097789932059,9012.149918678415,8012.149918678415,150000.0,1.0,5885.44520938994,887.2380025316683,0.5680968236493366
27.670000000001526,0.5736012255901184,892.40961846589,0.10975567596391764,103.58793888582966,103.5879970311367,1.602988396072646,-0.059307306071680624,9009.600628145972,8009.600628145972,150000.0,1.0,5917.369129136161,892.40961846589,0.5736012255901184
27.720000000001534,0.5790921207755406,897.596797630649,0.11009960491381643,103.89923943900376,103.89929777398132,1.5999699917604244,-0.06136810344725242,9007.05133761353,8007.0513376135295,150000.0,1.0,5949.356366594028,897.596797630649,0.5790921207755406
27.77000000000154,0.5846320961058984,902.7995435514543,0.11172999305626514,104.2106083951422,104.21066829109691,1.5968576043957299,-0.06306140668312789,9004.502047081087,8004.502047081087,150000.0,1.0,5981.4061787596675,902.7995435514543,0.5846320961058984
27.82000000000155,0.5902871118450297,908.0178595380844,0.11471119316404495,104.52204129688342,104.52210424367297,1.593670386607186,-0.0643563268186762,9001.952756548644,8001.952756548644,150000.0,1.0,6013.517787668706,908.0178595380844,0.5902871118450297
27.870000000001557,0.5957589724563803,913.2517240473875,0.09443316392436983,104.83189401611747,104.83193654907332,1.590355595896206,-0.07014650918815415,8999.403466016201,7999.4034660162015,150000.0,1.0,6045.498419570861,913.2517240473875,0.5957589724563803
27.920000000001565,0.6001121164487068,918.5011046424443,0.07969213796510545,105.14333946010838,105.14336966095597,1.5867362633639173,-0.07458687071408675,8996.854175483759,7996.854175483759,150000.0,1.0,6077.716922414822,918.5011046424443,0.6001121164487068
27.970000000001573,0.6037357197165484,923.7660590792844,0.06536860758344237,105.45484947443448,105.45486973454801,1.5829027259373771,-0.07868506392407981,8994.304884951316,7994.304884951316,150000.0,1.0,6109.996481325496,923.7660590792844,0.6037357197165484
28.02000000000158,0.6066584896201496,929.0465906919076,0.051670958357019174,105.76642655800892,105.76643917963122,1.5788746058415457,-0.08236124266550544,8991.755594418873,7991.755594418873,150000.0,1.0,6142.337092597276,929.0465906919076,0.6066584896201496
28.07000000000159,0.608913447879245,934.3427028501616,0.038666517230368375,106.07807146462703,106.0780785117928,1.5746743371115528,-0.08556220441834968,8989.20630388643,7989.206303886431,150000.0,1.0,6174.738533872375,934.3427028501616,0.608913447879245
28.120000000001596,0.6105367393910668,939.6543989787981,0.02641294302578452,106.38978566811788,106.38978894683277,1.5703269944449705,-0.08823561363594623,8986.657013353988,7986.657013353988,150000.0,1.0,6207.200664303805,939.6543989787981,0.6105367393910668
28.170000000001604,0.6115676918156012,944.981682596405,0.01499954143781481,106.7015713928966,106.70157244717461,1.5658602381949822,-0.0903303933657576,8984.107722821545,7984.107722821545,150000.0,1.0,6239.723430894861,944.981682596405,0.6115676918156012
28.220000000001612,0.6120536498539717,950.3245573285836,0.004656891982295956,107.01343036655337,107.0134304678801,1.5613042570980067,-0.09179652565721187,8981.558432289103,7981.558432289103,150000.0,1.0,6272.306722487482,950.3245573285836,0.6120536498539717
28.27000000000162,0.6120557258063433,955.6830268510013,-0.0042428792545612885,107.32536342921986,107.32536351308646,1.5566918629570807,-0.09256574780849901,8979.00914175666,7979.00914175666,150000.0,1.0,6304.950317001434,955.6830268510013,0.6120557258063433
28.320000000001627,0.6116594619098633,961.0570948744273,-0.011303374372606756,107.63736894893306,107.63736954243637,1.5520603284162058,-0.09256962881066273,8976.459851224217,7976.459851224217,150000.0,1.0,6337.653692512504,961.0570948744273,0.6116594619098633
28.370000000001635,0.6109555440240888,966.4467648223703,-0.016508806905006244,107.9494393368039,107.9494405991574,1.5474473187583855,-0.09181935668935118,8973.910560691775,7973.910560691775,150000.0,1.0,6370.415626128617,966.4467648223703,0.6109555440240888
28.420000000001643,0.6100428248646258,971.8520397640406,-0.019617334196685154,108.26156725960716,108.26156903696827,1.5428913378968958,-0.09028401475621355,8971.361270159332,7971.361270159332,150000.0,1.0,6403.234922783021,971.8520397640406,0.6100428248646258
28.47000000000165,0.6090319071056565,977.2729223492267,-0.020401736642388483,108.57374332460745,108.5737452414192,1.5384322955627854,-0.08793838798107245,8968.81197962689,7968.811979626889,150000.0,1.0,6436.110145596604,977.2729223492267,0.6090319071056565
28.52000000000166,0.6080442712686119,982.7094147140177,-0.018655052581618568,108.88595645356283,108.88595805161549,1.5341112072395484,-0.08476355690524749,8966.262689094447,7966.262689094447,150000.0,1.0,6469.039663506225,982.7094147140177,0.6080442712686119
28.570000000001667,0.6072111235296932,988.1615184089899,-0.014196117534607172,109.19819440417533,109.19819532694585,1.5299698652162357,-0.08074745771693301,8963.713398562004,7963.713398562004,150000.0,1.0,6502.02171683286,988.1615184089899,0.6072111235296932
28.620000000001674,0.6066719727066349,993.62923435667,-0.006874826885283882,109.51044441454314,109.51044463033647,1.5260504826454964,-0.07588540068339794,8961.164108029561,7961.164108029561,150000.0,1.0,6535.054497648056,993.62923435667,0.6066719727066349
28.670000000001682,0.6065731652303145,999.1125628417808,0.0034651243075349107,109.82269357294524,109.82269362761103,1.52239535488346,-0.07017214204282762,8958.614817497119,7958.614817497119,150000.0,1.0,6568.136197247773,999.1125628417808,0.6065731652303145
28.72000000000169,0.6070796288851724,1004.611503406646,0.017341349393707677,110.13492551748666,110.13492688273205,1.519049172707067,-0.06353107397667093,8956.065526964676,7956.065526964676,150000.0,1.0,6601.264622286623,1004.611503406646,0.6070796288851724
28.770000000001698,0.6083620623507244,1010.1260549587286,0.03450493922206349,110.44713142168598,110.44713681155345,1.5160564253545656,-0.056039001480095225,8953.516236432233,7953.516236432233,150000.0,1.0,6634.4385066874265,1010.1260549587286,0.6083620623507244
28.820000000001706,0.6105850393096667,1015.6562159656737,0.05495686505757415,110.75930251972336,110.75931615404917,1.5134590371817724,-0.04772237506083104,8950.96694589979,7950.9669458997905,150000.0,1.0,6667.656615521662,1015.6562159656737,0.6105850393096667
28.870000000001713,0.6139119985722816,1021.2019845271527,0.07864953041362856,111.07143295716295,111.07146080297215,1.511297378139798,-0.038617176712987776,8948.417655367348,7948.417655367348,150000.0,1.0,6700.918086741776,1021.2019845271527,0.6139119985722816
28.92000000000172,0.6185027397817887,1026.7633585325293,0.10548504340950046,111.38352022977683,111.38357017923015,1.5096097689547365,-0.028769419253409652,8945.868364834905,7945.868364834905,150000.0,1.0,6734.222480602729,1026.7633585325293,0.6185027397817887
28.97000000000173,0.6245109294345129,1032.3403358343883,0.13531629664434577,111.69556538284942,111.69564734892103,1.508431975892904,-0.01823527735117446,8943.319074302462,7943.3190743024625,150000.0,1.0,6767.569798315231,1032.3403358343883,0.6245109294345129
29.020000000001737,0.6320816982867365,1037.9329144257033,0.16794954855092412,112.00757295408027,112.00769886982981,1.5077967014854479,-0.00708111718309841,8940.76978377002,7940.76978377002,150000.0,1.0,6800.960467985777,1037.9329144257033,0.6320816982867365
29.070000000001745,0.6413494056943186,1043.541092607506,0.20314851660887326,112.31955065102503,112.31973436474988,1.5077330764209802,0.004616580772487621,8938.220493237577,7938.220493237577,150000.0,1.0,6834.395297043056,1043.541092607506,0.6413494056943186
29.120000000001752,0.652435645644319,1049.1648691340533,0.24063993996558616,112.63150877841727,112.63176584464702,1.508266158073527,0.01677141067005392,8935.671202705134,7935.671202705134,150000.0,1.0,6867.875393479403,1049.1648691340533,0.652435645644319
29.17000000000176,0.665447565729705,1054.8042433239195,0.28012051320333503,112.9434594568498,112.94380683146372,1.5094164413617897,0.02928734624604981,8933.121912172692,7933.121912172692,150000.0,1.0,6901.402061559958,1054.8042433239195,0.665447565729705
29.220000000001768,0.6804765639723714,1060.4592151281504,0.32126503552148034,113.2554156999608,113.25587135594328,1.5111993878360328,0.042059165510549903,8930.572621640249,7930.572621640249,150000.0,1.0,6934.976680889602,1060.4592151281504,0.6804765639723714
29.270000000001776,0.6975974191686319,1066.1297851505708,0.3637355619172387,113.56739043997989,113.56797292769576,1.5136249790610772,0.05497299833305443,8928.023331107806,7928.023331107806,150000.0,1.0,6968.600580562229,1066.1297851505708,0.6975974191686319
29.320000000001784,0.7168678983441432,1071.8159546202783,0.4071912866803162,113.87939560862324,113.88012359024408,1.5166973005057782,0.0679069994314402,8925.474040575364,7925.474040575364,150000.0,1.0,7002.274922220906,1071.8159546202783,0.7168678983441432
29.37000000000179,0.7383288700789051,1077.517725321973,0.4512988365608256,114.19144138935911,114.19233318055691,1.52041416225629,0.08073214850597824,8922.924750042921,7922.924750042921,150000.0,1.0,7036.00060691601,1077.517725321973,0.7383288700789051
29.4200000000018,0.762004935117276,1083.2350994955898,0.4957426035508421,114.5035357557933,114.50460890858153,1.5247667629346244,0.09331317831016636,8920.375459510478,7920.375459510478,150000.0,1.0,7069.778220391151,1083.2350994955898,0.762004935117276
29.470000000001807,0.787905566153025,1088.9680797221572,0.5402347079335641,114.81568439772764,114.8169553561592,1.529739403215062,0.10550963026552364,8917.826168978036,7917.826168978036,150000.0,1.0,7103.60802965651,1088.9680797221572,0.787905566153025
29.520000000001815,0.816026727454372,1094.7166688172954,0.5845241540520123,115.12789111055056,115.12937496594628,1.5353092552761058,0.11717703577253304,8915.276878445593,7915.276878445593,150000.0,1.0,7137.490040335013,1094.7166688172954,0.816026727454372
29.570000000001823,0.8463529227026532,1100.4808697566343,0.6284047273512257,115.44015868532827,115.44186905016365,1.5414461943910192,0.12816821963238287,8912.72758791315,7912.72758791315,150000.0,1.0,7171.424119330884,1100.4808697566343,0.8463529227026532
29.62000000000183,0.8788595968586598,1106.260685658118,0.6717211849591567,115.75249028785414,115.75443929798153,1.5481126986316491,0.1383347199915327,8910.178297380708,7910.178297380708,150000.0,1.0,7205.410181070322,1106.260685658118,0.8788595968586598
29.67000000000184,0.9135157960026736,1112.0561198441756,0.714373316507925,116.06489125792727,116.0670897022486,1.5552638223261814,0.14752831700445862,8907.629006848265,7907.629006848265,150000.0,1.0,7239.448428266964,1112.0561198441756,0.9135157960026736
29.720000000001846,0.950286969021344,1117.8671760017883,0.7563174996266454,116.37737119958517,116.37982876549646,1.562847248462878,0.1556026600636589,8905.079716315822,7905.079716315822,150000.0,1.0,7273.5396304049345,1117.8671760017883,0.950286969021344
29.770000000001854,0.9891369999348469,1123.6938584530521,0.79748913870511,116.68994635492912,116.69267144616491,1.5708034229913996,0.16241478603176254,8902.53042578338,7902.5304257833795,150000.0,1.0,7307.6853728784545,1123.6938584530521,0.9891369999348469
29.820000000001862,1.0300153097506344,1129.5361724962418,0.8373136622716826,117.00263800066956,117.00563402368601,1.5790657141654758,0.1678243798466506,8899.981135250937,7899.981135250937,150000.0,1.0,7341.887420286846,1129.5361724962418,1.0300153097506344
29.87000000000187,1.0728336108694463,1135.3941243393695,0.8749450538073065,117.31545930391012,117.3187219523575,1.5875605908318389,0.1716968203900359,8897.431844718494,7897.431844718494,150000.0,1.0,7376.14619072437,1135.3941243393695,1.0728336108694463
29.920000000001878,1.1174601882981898,1141.2677205045945,0.9094966489795779,117.62840924496206,117.63192528244524,1.5962080342694247,0.17390765938211142,8894.882554186051,7894.8825541860515,150000.0,1.0,7410.460165831856,1141.2677205045945,1.1174601882981898
29.970000000001885,1.1637184749285225,1147.1569670658912,0.9400651406844898,117.94147070664678,117.94521709215492,1.6049221080660667,0.17434502870572594,8892.333263653609,7892.333263653609,150000.0,1.0,7444.825674373718,1147.1569670658912,1.1637184749285225
30.020000000001893,1.2113868601487956,1153.0618688233067,0.9657566458161979,118.25460987983796,118.258553363939,1.613611645541992,0.17291196733712613,8889.783973121166,7889.783973121166,150000.0,1.0,7479.236856378067,1153.0618688233067,1.2113868601487956
30.0700000000019,1.2601998604281517,1158.9824284848992,0.9857149528370853,118.56777719310074,118.5718745001572,1.6221810518673387,0.16952867416363776,8887.234682588723,7887.234682588723,150000.0,1.0,7513.685835027124,1158.9824284848992,1.2601998604281517
30.12000000000191,1.3098507346713042,1164.9186459356476,0.999150870591328,118.88090986594152,118.88510854188726,1.6305312159660161,0.1641346386865544,8884.68539205628,7884.685392056281,150000.0,1.0,7548.163107182701,1164.9186459356476,1.3098507346713042
30.170000000001917,1.3599955691054522,1170.8705176738097,1.005371445853189,119.19393602981938,119.19817598447055,1.638560524922503,0.15669060291594478,8882.136101523838,7882.136101523838,150000.0,1.0,7582.658141870525,1170.8705176738097,1.3599955691054522
30.220000000001924,1.4102587922962304,1176.8380364881973,1.0038077269293266,119.50678019155774,119.51099590291238,1.6461659713481631,0.14718031107058377,8879.586810991395,7879.586810991395,150000.0,1.0,7617.160152795945,1176.8380364881973,1.4102587922962304
30.270000000001932,1.4602400139877358,1182.8211914343685,0.9940397323283378,119.81936964775167,119.82349292928329,1.6532443421158232,0.1356120088324748,8877.037520458953,7877.037520458953,150000.0,1.0,7651.658988524268,1182.8211914343685,1.4602400139877358
30.32000000000194,1.5095220155145728,1188.8199681444398,0.9758173399275633,120.13164131554637,120.13560448363337,1.6596934751189993,0.12201966051148998,8874.48822992651,7874.48822992651,150000.0,1.0,7686.1460650340605,1188.8199681444398,1.5095220155145728
30.370000000001948,1.5576796582123564,1194.83434947575,0.9490759395366101,120.44354834359105,120.44728756901901,1.6654135693160506,0.10646386002005614,8871.938939394067,7871.938939394067,150000.0,1.0,7720.615252514271,1194.83434947575,1.5576796582123564
30.420000000001956,1.6042894228935727,1200.8643164704235,0.9139458807614238,120.75506582300122,120.75852441542303,1.6703085323106084,0.08903241938428641,8869.389648861625,7869.389648861625,150000.0,1.0,7755.063623636713,1200.8643164704235,1.6042894228935727
30.470000000001964,1.6489392508037215,1206.9098495641895,0.870754984828089,121.06619494274777,121.06932630587735,1.674287349094229,0.06984062591511943,8866.840358329182,7866.840358329182,150000.0,1.0,7789.491975451626,1206.9098495641895,1.6489392508037215
30.52000000000197,1.6912383265234432,1212.970929952167,0.8200236577029533,121.37696503141159,121.37973504269856,1.6772654552965052,0.04903116544916447,8864.29106779674,7864.291067796739,150000.0,1.0,7823.905051927455,1212.970929952167,1.6912383265234432
30.57000000000198,1.7308264272400686,1219.0475409953344,0.7624524270419188,121.68743309464378,121.6898217061185,1.6791660982816232,0.026773713682966417,8861.741777264297,7861.741777264297,150000.0,1.0,7858.311418342184,1219.0475409953344,1.7308264272400686
30.620000000001987,1.7673824611691094,1225.1396695373146,0.6989020144767621,121.99768068439433,121.99968260777273,1.679921669604969,0.003264200208145926,8859.192486731854,7859.192486731854,150000.0,1.0,7892.722970567872,1225.1396695373146,1.7673824611691094
30.670000000001995,1.8006318306192086,1231.2473069995035,0.6303663389917316,122.30780820460778,122.30943262699103,1.6794749925939123,-0.021276249682367084,8856.643196199411,7856.643196199411,150000.0,1.0,7927.154099216122,1231.2473069995035,1.8006318306192086
30.720000000002003,1.8303522819137252,1237.3704501349623,0.5579391229263823,122.61792704559888,122.61919641322358,1.6777805490412838,-0.04660269179392654,8854.093905666969,7854.093905666969,150000.0,1.0,7961.620567386727,1237.3704501349623,1.8303522819137252
30.77000000000201,1.856377944680873,1243.5091013481842,0.4827750398560145,122.92815021867172,122.92909821487925,1.6748056291144064,-0.07244805765800058,8851.544615134526,7851.544615134526,150000.0,1.0,7996.1381977005785,1243.5091013481842,1.856377944680873
30.82000000000202,1.8786013165622597,1249.6632685276882,0.4060466059690141,123.23858240453434,123.239251324103,1.6705313885352906,-0.09852516968328398,8848.995324602083,7848.995324602083,150000.0,1.0,8030.7214955435775,1249.6632685276882,1.8786013165622597
30.870000000002026,1.8969730159658853,1255.8329643887978,0.3288982759215049,123.54931050437678,123.54974828053196,1.6649537968706642,-0.12452908267230885,8846.44603406964,7846.4460340696405,150000.0,1.0,8065.382357241793,1255.8329643887978,1.8969730159658853
30.920000000002034,1.9114992049453254,1262.0182053808799,0.2523994593087061,123.86039586393032,123.86065303015558,1.65808446042572,-0.1501397593442901,8843.896743537198,7843.896743537198,150000.0,1.0,8100.129020849916,1262.0182053808799,1.9114992049453254
30.97000000000204,1.9222366762509664,1268.219010271483,0.1774984171068115,124.17186930585406,124.17199616901621,1.6499513028548205,-0.17502508699446037,8841.347453004755,7841.347453004755,150000.0,1.0,8134.965410663465,1268.219010271483,1.9222366762509664
31.02000000000205,1.9292857021018297,1274.4353985729922,0.10497921223180941,124.48372993931996,124.48377420467514,1.6405990863213653,-0.1988442388460503,8838.798162472312,7838.7981624723125,150000.0,1.0,8169.891002764858,1274.4353985729922,1.9292857021018297
31.070000000002057,1.9327808552371122,1280.66738901886,0.035424048823260994,124.79594841319947,124.79595344085952,1.630089756022785,-0.2212513766005672,8836.24887193987,7836.24887193987,150000.0,1.0,8204.90129754841,1280.66738901886,1.9327808552371122
31.120000000002065,1.9328847023598876,1286.9149986354287,-0.03021783788584053,125.10851595328577,125.10851960258857,1.618503506292081,-0.24177987889014876,8833.699581407427,7833.699581407427,150000.0,1.0,8239.994322424182,1286.9149986354287,1.9328847023598876
31.170000000002073,1.929844738173734,1293.1782467258408,-0.09071451470687485,125.42145132667025,125.42148413255002,1.6059524662306937,-0.25986380442922297,8831.150290874984,7831.150290874984,150000.0,1.0,8275.171481460264,1293.1782467258408,1.929844738173734
31.22000000000208,1.923867813325445,1299.457147057874,-0.14774491874805037,125.73459822146339,125.7346850255483,1.5925576262430219,-0.2754779278753565,8828.601000342542,7828.601000342542,150000.0,1.0,8310.411265196679,1299.457147057874,1.923867813325445
31.27000000000209,1.915118055068114,1305.7517093716115,-0.20171538849471551,126.04792881310655,126.04809021628186,1.578450471751325,-0.28830493767349086,8826.051709810099,7826.051709810099,150000.0,1.0,8345.709223410799,1305.7517093716115,1.915118055068114
31.320000000002096,1.903734618299035,1312.0619430135143,-0.25313610752826254,126.36145750895199,126.3617110586732,1.5637779642541039,-0.2980439578031938,8823.502419277656,7823.502419277656,150000.0,1.0,8381.066635215258,1312.0619430135143,1.903734618299035
31.370000000002104,1.889860691142153,1318.3878589356066,-0.3009673404856625,126.67522341844028,126.67558095170433,1.5487015624012663,-0.30441763018973705,8820.953128745214,7820.953128745214,150000.0,1.0,8416.48771702192,1318.3878589356066,1.889860691142153
31.420000000002112,1.873734741739955,1324.7294688814018,-0.34280919298247153,126.98920748140019,126.98967018973197,1.5333957794881439,-0.3071826945969735,8818.403838212771,7818.403838212771,150000.0,1.0,8451.968314134281,1324.7294688814018,1.873734741739955
31.47000000000212,1.8557180473795813,1331.0867814217222,-0.3761929142851909,127.30330087272769,127.30385671377356,1.518046284166425,-0.3061371457693622,8815.854547680328,7815.854547680328,150000.0,1.0,8487.491931986398,1331.0867814217222,1.8557180473795813
31.520000000002128,1.836294028716171,1337.459797420497,-0.3987195244501541,127.61730514540471,127.61792801105383,1.5028477007567842,-0.30112558949834095,8813.305257147886,7813.305257147886,150000.0,1.0,8523.02988888194,1337.459797420497,1.836294028716171
31.570000000002135,1.8160620345504683,1343.8485057939045,-0.40816908117142203,127.93094372595495,127.9315948646474,1.488001160162581,-0.2920438444602068,8810.755966615443,7810.755966615443,150000.0,1.0,8558.543057819235,1343.8485057939045,1.8160620345504683
31.620000000002143,1.7957256869455405,1350.252880121112,-0.40260787742204823,128.24388432331003,128.24451629381073,1.4737116422744385,-0.2788426609535673,8808.206676083,7808.206676083,150000.0,1.0,8593.985127881257,1350.252880121112,1.7957256869455405
31.67000000000215,1.7760775547174223,1356.6728766353112,-0.3802699692199956,128.55577313252513,128.55633555352594,1.4601854535887928,-0.26148743484580406,8805.657385550558,7805.657385550558,150000.0,1.0,8629.30738499136,1356.6728766353112,1.7760775547174223
31.72000000000216,1.7580359739291163,1363.1084343281266,-0.3379879374647407,128.86627330534773,128.8667165386565,1.4476388203981914,-0.23963358847030644,8803.108095018115,7803.108095018115,150000.0,1.0,8664.463595499054,1363.1084343281266,1.7580359739291163
31.770000000002167,1.7426105631411248,1369.5594752975305,-0.27582032149085894,129.17505825322172,129.17535272478636,1.4362929234991972,-0.21353256417939145,8800.558804485672,7800.558804485672,150000.0,1.0,8699.4112402295,1369.5594752975305,1.7426105631411248
31.820000000002175,1.7307604678903292,1376.0259081864422,-0.19528252790152445,129.4819309785793,129.48207823945086,1.426348322860616,-0.183668228570102,8798.00951395323,7798.0095139532295,150000.0,1.0,8734.126535671789,1376.0259081864422,1.7307604678903292
31.870000000002182,1.7233529283732383,1382.507636000285,-0.0985267743790975,129.78686611411845,129.78690351206234,1.4179796828528295,-0.1505908201602498,8795.460223420787,7795.460223420787,150000.0,1.0,8768.609401981223,1382.507636000285,1.7233529283732383
31.92000000000219,1.7211356535533946,1389.0045648997461,0.012069003582782345,130.09000587787853,130.09000643772495,1.4113332478901652,-0.1148379021430584,8792.910932888344,7792.910932888344,150000.0,1.0,8802.882449248847,1389.0045648997461,1.7211356535533946
31.970000000002198,1.7248811825121182,1395.5166053783546,0.14042881506789018,130.39133900457603,130.3914146240402,1.4065582095379965,-0.07564639230895928,8790.361642355901,7790.3616423559015,150000.0,1.0,8836.948081552322,1395.5166053783546,1.7248811825121182
32.0200000000022,1.7354051775895272,1402.0436754546974,0.28249492655979735,130.69127136494123,130.69157667718392,1.4038124557759646,-0.03380175055630063,8787.812351823459,7787.812351823459,150000.0,1.0,8870.865886880567,1402.0436754546974,1.7354051775895272
32.08000000000219,1.7578231284282415,1409.8959180875768,0.46687241172506444,131.05000393922114,131.05083556512986,1.403360282025392,0.019150082549373237,8784.753203184528,7784.753203184528,150000.0,1.0,8911.467119416162,1409.8959180875768,1.7578231284282415
32.140000000002175,1.791641766653048,1417.7696669008326,0.6616338481591816,131.40830283509808,131.40996847024155,1.4061538865837033,0.07422949627749377,8781.694054545596,7781.694054545596,150000.0,1.0,8952.079811799362,1417.7696669008326,1.791641766653048
32.20000000000216,1.8373253262399056,1425.664923942625,0.8614712214109226,131.76709609564884,131.76991214289123,1.412291389888866,0.13043775338733837,8778.634905906665,7778.634905906665,150000.0,1.0,8992.83116677409,1425.664923942625,1.8373253262399056
32.26000000000215,1.8950205384869214,1433.5817441954564,1.061173013115115,132.12719775497078,132.1314590653752,1.4218085233805198,0.1866963177407565,8775.575757267734,7775.575757267734,150000.0,1.0,9033.829525197742,1433.5817441954564,1.8950205384869214
32.32000000000214,1.9645740397457148,1441.5202249447816,1.2560132876873806,132.4891860145064,132.49513945864325,1.4346742781875994,0.24186175431534218,8772.516608628803,7772.516608628803,150000.0,1.0,9075.148036683662,1441.5202249447816,1.9645740397457148
32.38000000000213,2.045573219742833,1449.4804889117856,1.4421398468346358,132.85332137280423,132.86114844875996,1.4507875145065117,0.29474291896106114,8769.457459989871,7769.4574599898715,150000.0,1.0,9116.814361653778,1449.4804889117856,2.045573219742833
32.440000000002115,2.1374096563773013,1457.462664251536,1.6169338694580666,133.21952727349188,133.22933956944638,1.469974680697267,0.3441208118928209,8766.39831135094,7766.39831135094,150000.0,1.0,9158.809385034578,1457.462664251536,2.1374096563773013
32.5000000000021,2.2393624544049726,1465.4668656610372,1.7793077753383297,133.58744801673384,133.59929716799766,1.491988809504484,0.38877130854596004,8763.339162712009,7763.339162712009,150000.0,1.0,9201.076781250998,1465.4668656610372,2.2393624544049726
32.56000000000209,2.350696676753145,1473.4931813755543,1.9299041015652312,133.95658627788654,133.9704875600074,1.5165099632183783,0.42749068023034315,8760.280014073078,7760.280014073078,150000.0,1.0,9243.543545011045,1473.4931813755543,2.350696676753145
32.62000000000208,2.4707698036991457,1481.541670509145,2.071158381576686,134.32650672467213,134.34247320149709,1.5431472826943775,0.45912341817436314,8757.220865434147,7757.220865434147,150000.0,1.0,9286.149451634728,1481.541670509145,2.4707698036991457
32.68000000000207,2.5991044363940556,1489.6123775826825,2.2039290917690324,134.69743161302102,134.7154608298024,1.571437108327318,0.48204169144778636,8754.161716795215,7754.161716795215,150000.0,1.0,9328.923078867265,1489.6123775826825,2.5991044363940556
32.740000000002055,2.734626673870178,1497.7054290811855,2.3073061205558067,135.0714616557036,135.09116705152178,1.600724909283526,0.4918995076905841,8751.102568156284,7751.102568156284,150000.0,1.0,9372.102615673095,1497.7054290811855,2.734626673870178
32.80000000000204,2.87515215248785,1505.8209985516755,2.3692758034024304,135.44774291643822,135.46846322664965,1.630185377639405,0.4877880451348124,8748.043419517353,7748.043419517353,150000.0,1.0,9415.532431262369,1505.8209985516755,2.87515215248785
32.86000000000203,3.0179556112639765,1513.9591618733575,2.3821151654664794,135.82418924458284,135.8450766741651,1.658982979193929,0.4698659449786699,8744.984270878422,7744.984270878422,150000.0,1.0,9458.896531287679,1513.9591618733575,3.0179556112639765
32.92000000000202,3.159912824240307,1522.119853039679,2.340401277385437,136.19822324225544,136.2183302367432,1.6863044145324635,0.43871339199625675,8741.92512223949,7741.9251222394905,150000.0,1.0,9501.820353034696,1522.119853039679,3.159912824240307
32.98000000000201,3.297663490605599,1530.3028479232628,2.2417930289128063,136.56723680629972,136.58563542661588,1.711383316307602,0.39530941442208833,8738.86597360056,7738.865973600559,150000.0,1.0,9543.939279774619,1530.3028479232628,3.297663490605599
33.040000000001996,3.4278114764477943,1538.507777997964,2.0874808129770024,136.92910961293816,136.94502048463312,1.733523094561923,0.34099329825857655,8735.806824961628,7735.806824961628,150000.0,1.0,9584.97280546981,1538.507777997964,3.4278114764477943
33.100000000001984,3.547140720774711,1546.7341738904329,1.8822568397862767,137.2826651261175,137.29556815476835,1.7521170692594676,0.27741337460874854,8732.747676322697,7732.747676322697,150000.0,1.0,9624.786763779039,1546.7341738904329,3.547140720774711
33.16000000000197,3.6528242927185968,1554.9815316900942,1.6342243896640327,137.6279583911335,137.63766061753353,1.7666652515228045,0.20646722906867856,8729.688527683766,7729.688527683766,150000.0,1.0,9663.428955002972,1554.9815316900942,3.6528242927185968
33.22000000000196,3.742606778406275,1563.2493897376619,1.3542136508553002,137.9663311271152,137.9729771342525,1.7767873852934346,0.13023751118438018,8726.629379044834,7726.629379044834,150000.0,1.0,9701.130137793773,1563.2493897376619,3.742606778406275
33.28000000000195,3.8149450935689493,1571.537401337902,1.0549960680742323,138.30022361254916,138.30424746906638,1.7822320992990504,0.050927007458993284,8723.570230405903,7723.570230405903,150000.0,1.0,9738.270466831844,1571.537401337902,3.8149450935689493
33.340000000001936,3.8690984543923377,1579.8453898093503,0.7503898096829514,138.63278464005774,138.6348154754898,1.7828822110829239,-0.029204348634169888,8720.511081766972,7720.511081766972,150000.0,1.0,9775.318800339892,1579.8453898093503,3.8690984543923377
33.400000000001924,3.9050690784150763,1588.1733671160268,0.44800536689365317,138.96676021201756,138.96748235696418,1.7787375324392531,-0.10916166075798187,8717.45193312804,7717.451933128041,150000.0,1.0,9812.669832020803,1588.1733671160268,3.9050690784150763
33.46000000000191,3.9228095540943895,1596.5214544091853,0.1439370458259599,139.30346826649637,139.30354262885032,1.7697587305026417,-0.1901577488489472,8714.39278448911,7714.3927844891095,150000.0,1.0,9850.507288412691,1596.5214544091853,3.9228095540943895
33.5200000000019,3.9225224217759598,1604.8898824529458,-0.14928889160515146,139.64534293136643,139.64542273054312,1.7559359150536231,-0.2699151690067799,8711.333635850178,7711.333635850178,150000.0,1.0,9889.176144647097,1604.8898824529458,3.9225224217759598
33.58000000000189,3.9053432470672442,1613.2790344843477,-0.41972717388100655,139.99417932318102,139.99480852971462,1.737441976228595,-0.3459288637155031,8708.274487211247,7708.274487211247,150000.0,1.0,9928.918214336647,1613.2790344843477,3.9053432470672442
33.640000000001876,3.872619600129167,1621.6893148072181,-0.6666124780535777,140.34958285889655,140.35116594051567,1.7145121927755858,-0.4174693039243824,8705.215338572316,7705.215338572316,150000.0,1.0,9969.661450183123,1621.6893148072181,3.872619600129167
33.700000000001864,3.8258826915794857,1630.1211012595918,-0.8865175165234063,140.7108677066354,140.7136603321133,1.6874701746485088,-0.4826948336646695,8702.156189933385,7702.156189933385,150000.0,1.0,10011.290708254646,1630.1211012595918,3.8258826915794857
33.76000000000185,3.7667740305086768,1638.5747075122235,-1.079261500119427,141.07664045249314,141.08076866372562,1.6567499938589823,-0.5397713721899166,8699.097041294453,7699.097041294453,150000.0,1.0,10053.592134964718,1638.5747075122235,3.7667740305086768
33.82000000000184,3.6968411170904014,1647.0503534175925,-1.24817803726151,141.44525866726858,141.4507658086842,1.6228945283056269,-0.5869136663225805,8696.037892655522,7696.037892655522,150000.0,1.0,10096.321787716492,1647.0503534175925,3.6968411170904014
33.88000000000183,3.617330634993016,1655.5481683110877,-1.3992822466145862,141.81554544808066,141.82244858111258,1.5865518853101508,-0.6222808378612853,8692.978744016591,7692.978744016591,150000.0,1.0,10139.308879451186,1655.5481683110877,3.617330634993016
33.94000000000182,3.5295821308134028,1664.068303205316,-1.5186837505581012,142.18972204364115,142.1978321043684,1.5485770034146566,-0.640278386234446,8689.91959537766,7689.91959537766,150000.0,1.0,10182.842403214181,1664.068303205316,3.5295821308134028
34.000000000001805,3.4360879970766063,1672.6110063329957,-1.5881458097958685,142.5674024422288,142.57624783335265,1.510114527439484,-0.6384963353062755,8686.860446738729,7686.860446738729,150000.0,1.0,10226.828141067805,1672.6110063329957,3.4360879970766063
34.06000000000179,3.340303985008857,1681.1763944691418,-1.5927612432159937,142.94518397892455,142.95405734412185,1.472351154592982,-0.6170514222908365,8683.801298099797,7683.801298099797,150000.0,1.0,10270.744653265347,1681.1763944691418,3.340303985008857
34.12000000000178,3.2464842540488457,1689.7643353934343,-1.5211761468541272,143.31830143285146,143.32637406446668,1.4364461807592603,-0.5767367137175584,8680.742149460866,7680.742149460866,150000.0,1.0,10313.88774578068,1689.7643353934343,3.2464842540488457
34.18000000000177,3.159412225823164,1698.3743940759412,-1.3673353915607322,143.6816188420143,143.6881247672712,1.4034919099358338,-0.5189830082526847,8677.683000821935,7677.683000821935,150000.0,1.0,10355.52230472893,1698.3743940759412,3.159412225823164
34.24000000000176,3.084048782338217,1707.0058462473814,-1.1314735426590712,144.03083149813602,144.0352757293233,1.3744773386780142,-0.4457892662233379,8674.623852183004,7674.623852183004,150000.0,1.0,10395.05951960604,1707.0058462473814,3.084048782338217
34.300000000001745,3.0251464036257603,1715.6577622259817,-0.820257328182468,144.36355174515248,144.36588203090008,1.3502567634984437,-0.35962954507392325,8671.564703544072,7671.5647035440725,150000.0,1.0,10432.210088318547,1715.6577622259817,3.0251464036257603
34.36000000000173,2.986878716117458,1724.3291450168683,-0.44615518069279164,144.67999306498578,144.68068097617456,1.3315244425581985,-0.26334590242218875,8668.505554905141,7668.505554905141,150000.0,1.0,10467.072315937725,1724.3291450168683,2.986878716117458
34.42000000000172,2.9725261684324313,1733.0190929390421,-0.026236641915529227,144.9830889499819,144.98309132391867,1.3187958612411257,-0.16003687770981878,8665.44640626621,7665.44640626621,150000.0,1.0,10500.134151432665,1733.0190929390421,2.9725261684324313
34.48000000000171,2.984244727940868,1741.7269517866876,0.41935474474821915,145.278035723132,145.2786409695987,1.3123956158525423,-0.05294951902257293,8662.387257627279,7662.387257627279,150000.0,1.0,10532.191791242678,1741.7269517866876,2.984244727940868
34.5400000000017,3.0229305580506223,1750.4524250979457,0.8690436628449673,145.5713827901598,145.5739768101674,1.3124515343553143,0.05461997751073359,8659.328108988348,7659.328108988348,150000.0,1.0,10564.206937838913,1750.4524250979457,3.0229305580506223
34.600000000001685,3.0883664104619326,1759.1955953425322,1.3122579991644039,145.8683362123481,145.87423874836503,1.3189312815302225,0.16158839629137361,8656.268960349416,7656.268960349416,150000.0,1.0,10596.925807699256,1759.1955953425322,3.0883664104619326
34.66000000000167,3.180315248207156,1767.9567490951194,1.750437478624472,146.17154803098083,146.18202859838794,1.3318560482989248,0.26909299674081666,8653.209811710485,7653.209811710485,150000.0,1.0,10630.728319789005,1767.9567490951194,3.180315248207156
34.72000000000166,3.29803021763984,1776.7363805534953,2.168769773051544,146.48476100096275,146.50081490502936,1.3511845439062362,0.3745961503221338,8650.150663071554,7650.150663071554,150000.0,1.0,10666.122069505593,1776.7363805534953,3.29803021763984
34.78000000000165,3.4399311806253743,1785.5351588402032,2.554880018886125,146.80993025446082,146.83215939715168,1.376715280411481,0.4753710412632132,8647.091514432623,7647.091514432623,150000.0,1.0,10703.338989617532,1785.5351588402032,3.4399311806253743
34.84000000000164,3.603817669930781,1794.3538065768319,2.900700797938857,147.14687484437366,147.17546277007227,1.4080811125905608,0.5686315026400615,8644.032365793691,7644.0323657936915,150000.0,1.0,10742.29695232635,1794.3538065768319,3.603817669930781
34.900000000001626,3.787167567991032,1803.1929756393167,3.2037707843383374,147.493501720868,147.52829286995183,1.4447474150896704,0.6515923988311789,8640.97321715476,7640.97321715476,150000.0,1.0,10782.645907033286,1803.1929756393167,3.787167567991032
34.960000000001614,3.9874419886599637,1812.0531672060865,3.462478932759883,147.84786067424446,147.88839936354242,1.4860018007303115,0.7203934227184827,8637.914068515829,7637.914068515829,150000.0,1.0,10824.060938878105,1812.0531672060865,3.9874419886599637
35.0200000000016,4.201314607023301,1820.934947243032,3.6563178600858723,148.21309218168113,148.2581847802997,1.5307256113330527,0.7662612529189298,8634.854919876898,7634.854919876898,150000.0,1.0,10866.897425248992,1820.934947243032,4.201314607023301
35.08000000000159,4.425142133921311,1829.8388977116313,3.79615876833224,148.58637675312744,148.63486192013204,1.5774436080419376,0.7866790907085692,8631.795771237967,7631.795771237967,150000.0,1.0,10910.751010870787,1829.8388977116313,4.425142133921311
35.14000000000158,4.655607698359546,1838.7654183853251,3.8735595161103102,148.96484010705544,149.0151940288152,1.6246039455654944,0.7809725594561366,8628.736622599035,7628.736622599035,150000.0,1.0,10955.149167103264,1838.7654183853251,4.655607698359546
35.200000000001566,4.888246717156951,1847.7146789620194,3.865036091909652,149.3432339110218,149.39323953577664,1.6706431877792554,0.7494426754138751,8625.677473960104,7625.677473960104,150000.0,1.0,10999.218543230596,1847.7146789620194,4.888246717156951
35.260000000001554,5.117331938362288,1856.6864483848208,3.752812302214447,149.71370117474768,149.76072889652113,1.7140456537556072,0.6933726114114797,8622.618325321173,7622.618325321173,150000.0,1.0,11041.737870587862,1856.6864483848208,5.117331938362288
35.32000000000154,5.3363262260602875,1865.679993350243,3.528041933531783,150.0677387195824,150.1092045288816,1.7534003741395656,0.6149523914129805,8619.559176682242,7619.559176682242,150000.0,1.0,11081.452218007094,1865.679993350243,5.3363262260602875
35.38000000000153,5.538469167628251,1874.6941096635423,3.1922246322154395,150.3985341058131,150.43240794217164,1.787451940517757,0.517152924810748,8616.50002804331,7616.5000280433105,150000.0,1.0,11117.426915365351,1874.6941096635423,5.538469167628251
35.44000000000152,5.717399021382671,1883.727286482946,2.7569887133297746,150.7029438548915,150.72816018679458,1.8151426713797174,0.40356560398770225,8613.44087940438,7613.440879404379,150000.0,1.0,11149.328936555634,1883.727286482946,5.717399021382671
35.500000000001506,5.867719469335864,1892.7779636594814,2.242544250644081,150.9825485358318,150.99920187567517,1.8356446022068535,0.27822676679449126,8610.381730765448,7610.381730765448,150000.0,1.0,11177.554739893498,1892.7779636594814,5.867719469335864
35.560000000001494,5.985446463220863,1901.8448177649102,1.6753248784541355,151.24354377642692,151.2528222794548,1.8483809529999828,0.14544519468119008,8607.322582126517,7607.322582126517,150000.0,1.0,11203.177553280397,1901.8448177649102,5.985446463220863
35.62000000000148,6.068302268522408,1910.9270084186344,1.0853269574166289,151.49556706831729,151.49945470514248,1.8530376839457143,0.009645863148580926,8604.263433487586,7604.263433487586,150000.0,1.0,11227.739907088508,1910.9270084186344,6.068302268522408
35.68000000000147,6.115850041784834,1920.0243305802599,0.5034967615571944,151.74980816264525,151.750643446374,1.84956633540136,-0.12476393210817785,8601.204284848654,7601.204284848654,150000.0,1.0,11252.952169598737,1920.0243305802599,6.115850041784834
35.74000000000146,6.129418384396924,1929.1372341969109,-0.04611873243618357,152.01601084434444,152.01601784011226,1.8381676011738655,-0.25460296268814975,8598.145136209723,7598.145136209723,150000.0,1.0,11280.243744898793,1929.1372341969109,6.129418384396924
35.80000000000145,6.111189362805182,1938.2666135777415,-0.5546578403215863,152.29977337666028,152.3007833725812,1.8191276602639241,-0.37925691856409943,8595.085987570792,7595.085987570792,150000.0,1.0,11310.390597926114,1938.2666135777415,6.111189362805182
35.860000000001435,6.063704897533067,1947.4135914564692,-1.019614846415678,152.6028904617636,152.60629669748246,1.7927565463680182,-0.49861990115416055,8592.02683893186,7592.026838931861,150000.0,1.0,11343.599505325436,1947.4135914564692,6.063704897533067
35.92000000000142,5.989934248022865,1956.579357874709,-1.4292311618099778,152.92589045682797,152.93256904180888,1.759458294994363,-0.6095993856752101,8588.96769029293,7588.96769029293,150000.0,1.0,11379.87876953791,1956.579357874709,5.989934248022865
35.98000000000141,5.89341433385005,1965.7650427466922,-1.777608219863413,153.26616924472307,153.27647740581534,1.719836926045892,-0.7088283888331899,8585.908541653998,7585.908541653998,150000.0,1.0,11418.770927646035,1965.7650427466922,5.89341433385005
36.0400000000014,5.777786579091252,1974.9715422363738,-2.0673563041460263,153.6187761369145,153.63268644364632,1.6746978749922719,-0.7929747435924867,8582.849393015067,7582.849393015067,150000.0,1.0,11459.487529970278,1974.9715422363738,5.777786579091252
36.10000000000139,5.646535039827447,1984.199485709508,-2.2940792253829656,153.98152817065926,153.99861628360128,1.6250984337659424,-0.8555785697608635,8579.790244376136,7579.790244376136,150000.0,1.0,11501.648641739823,1984.199485709508,5.646535039827447
36.160000000001375,5.503945755654017,1993.449540944086,-2.4490016606162666,154.35504285239153,154.37446959616517,1.5726324241627747,-0.8881250196774965,8576.731095737205,7576.731095737205,150000.0,1.0,11545.288736752696,1993.449540944086,5.503945755654017
36.22000000000136,5.35390834660022,2002.7222252406445,-2.53930253760745,154.73518699794488,154.7560213777366,1.519151409789356,-0.8893144096436754,8573.671947098273,7573.671947098273,150000.0,1.0,11589.779676103644,2002.7222252406445,5.35390834660022
36.28000000000135,5.201108314001336,2012.017778737431,-2.535893014732739,155.1159402902762,155.13666776593695,1.466541500996887,-0.8592071043371029,8570.612798459342,7570.612798459342,150000.0,1.0,11634.13352293984,2012.017778737431,5.201108314001336
36.34000000000134,5.0520178161834455,2021.3359445167382,-2.412048295455359,155.48695386060874,155.50566162629153,1.416646239672005,-0.799156229361033,8567.553649820411,7567.553649820411,150000.0,1.0,11676.73541212558,2021.3359445167382,5.0520178161834455
36.40000000000133,4.914383404241762,2030.6757751842233,-2.1526393331865004,155.83613075335188,155.8509977647707,1.3711911420630527,-0.7117207789718485,8564.49450118148,7564.49450118148,150000.0,1.0,11715.774348122733,2030.6757751842233,4.914383404241762
36.460000000001315,4.796443003821368,2040.0356354407218,-1.7566095585920165,156.15324510200404,156.16312507448066,1.3317160427219648,-0.6004978489412824,8561.435352542549,7561.435352542549,150000.0,1.0,11749.802841306184,2040.0356354407218,4.796443003821368
36.5200000000013,4.706072291157714,2049.4134159207415,-1.236875719661318,156.43316380072596,156.43805354916256,1.299519252494515,-0.46990138357389966,8558.376203903617,7558.376203903617,150000.0,1.0,11778.20911487669,2049.4134159207415,4.706072291157714
36.58000000000129,4.650003664118561,2058.806901992224,-0.6181352698870674,156.67766359587526,156.678882945578,1.2756158358469822,-0.32491802559462046,8555.317055264686,7555.317055264686,150000.0,1.0,11801.451899563137,2058.806901992224,4.650003664118561
36.64000000000128,4.6332176588716445,2068.2141967431,0.06653148256882774,156.89539928728624,156.89541339362074,1.2607104730597702,-0.17086951672806217,8552.257906625755,7552.257906625755,150000.0,1.0,11821.003660965047,2068.2141967431,4.6332176588716445
36.70000000000127,4.6585522568291,2077.6340892058297,0.7794039083996708,157.10017830620706,157.10211167993407,1.2551838196824163,-0.013203002501939464,8549.198757986824,7549.198757986824,150000.0,1.0,11839.043232783104,2077.6340892058297,4.6585522568291
36.760000000001256,4.726532377608744,2087.066281927627,1.4816582328455374,157.30811477728656,157.31509236530016,1.2590903463761625,0.1426814640691748,8546.139609347892,7546.1396093478925,150000.0,1.0,11857.999208013118,2087.066281927627,4.726532377608744
36.820000000001244,4.8356051110544165,2096.51139273484,2.1498801038731252,157.53179485799885,157.54646418007502,1.2722070383941602,0.29428097262380076,8543.080460708961,7543.080460708961,150000.0,1.0,11879.697327904341,2096.51139273484,4.8356051110544165
36.88000000000123,4.9838851209952,2105.970506208037,2.7850531904759523,157.77609280912,157.8006716823025,1.2943614500130627,0.4434279052606431,8540.02131207003,7540.02131207003,150000.0,1.0,11904.809502243023,2105.970506208037,4.9838851209952
36.94000000000122,5.168703165504366,2115.445052094215,3.364338047091105,158.04679915952244,158.0826033915988,1.3252910132103217,0.5860528307249763,8536.962163431099,7536.962163431099,150000.0,1.0,11934.076762690784,2115.445052094215,5.168703165504366
37.00000000000121,5.386168179022635,2124.9366647845686,3.8713440790790448,158.3446675941244,158.39198546792818,1.3644720913329669,0.7177350820954855,8533.903014792168,7533.903014792168,150000.0,1.0,11967.463570813834,2124.9366647845686,5.386168179022635
37.060000000001196,5.6317077646924405,2134.446867780308,4.299828603339808,158.66552142208755,158.72377331124983,1.411114372706029,0.8339459760753456,8530.843866153236,7530.843866153236,150000.0,1.0,12004.214800774458,2134.446867780308,5.6317077646924405
37.120000000001184,5.899970811868206,2143.9770415806124,4.622521928377065,159.0111991086592,159.0783742403473,1.463998205606402,0.9233501064493782,8527.784717514305,7527.784717514305,150000.0,1.0,12044.399647743212,2143.9770415806124,5.899970811868206
37.18000000000117,6.184307365230764,2153.5286104717093,4.840502837253038,159.3769098544793,159.45039938012158,1.5212278506427042,0.978366407382074,8524.725568875374,7524.725568875374,150000.0,1.0,12087.210059869296,2153.5286104717093,6.184307365230764
37.24000000000116,6.479383657632257,2163.102496075648,4.984060298747753,159.75408558501692,159.83181384870306,1.5806729124029586,0.9969641888021934,8521.666420236443,7521.666420236443,150000.0,1.0,12131.434005517052,2163.102496075648,6.479383657632257
37.30000000000115,6.780628194049865,2172.699223076987,5.0390988008020186,160.1371242111199,160.216388260789,1.6401209631322113,0.9784880927397149,8518.607271597511,7518.6072715975115,150000.0,1.0,12176.128656548424,2172.699223076987,6.780628194049865
37.360000000001136,7.081497462293119,2182.3188613064217,4.965674655622175,160.51550703138798,160.59229720733512,1.6973681064792487,0.9238965349373075,8515.54812295858,7515.54812295858,150000.0,1.0,12219.495456383987,2182.3188613064217,7.081497462293119
37.420000000001124,7.373375706570676,2191.9606830002685,4.736190002924759,160.87384460877277,160.94354716779225,1.75031617680641,0.8357334166458809,8512.488974319649,7512.488974319649,150000.0,1.0,12259.093481408712,2191.9606830002685,7.373375706570676
37.48000000000111,7.6465112931486185,2201.6230113216807,4.340906232135228,161.19679638048083,161.25523442743304,1.7970627474414034,0.7179393479103496,8509.429825680718,7509.429825680718,150000.0,1.0,12292.640450721017,2201.6230113216807,7.6465112931486185
37.5400000000011,7.891143179721704,2211.303382411344,3.7891263339408914,161.4742448407225,161.518696209622,1.8359769305462368,0.5755733892912478,8506.370677041787,7506.370677041787,150000.0,1.0,12318.803677356404,2211.303382411344,7.891143179721704
37.60000000000109,8.098589554745157,2220.9989774679975,3.106915100959674,161.70486678383804,161.7347113733579,1.8657568810460947,0.41448937047718953,8503.311528402855,7503.311528402855,150000.0,1.0,12337.694933638546,2220.9989774679975,8.098589554745157
37.66000000000108,8.262127458165985,2230.707192371058,2.332665544144696,161.8970599046742,161.91386393486664,1.8854676927788494,0.241013255763189,8500.252379763924,7500.252379763924,150000.0,1.0,12350.92826761994,2230.707192371058,8.262127458165985
37.720000000001065,8.377578914638573,2240.4261806891373,1.5119666753127325,162.06720199539592,162.07425460523865,1.8945609264655852,0.06165827377631281,8497.193231124993,7497.193231124993,150000.0,1.0,12361.267777197882,2240.4261806891373,8.377578914638573
37.78000000000105,8.443594811583443,2250.15522971728,0.6927729990637659,162.23599304085582,162.23747215850244,1.892878694031875,-0.11710360861157774,8494.134082486062,7494.134082486062,150000.0,1.0,12372.00821213885,2250.15522971728,8.443594811583443
37.84000000000104,8.461667293968361,2259.8948865304474,-0.07899603759282821,162.42393416778793,162.42395337792965,1.880645500892326,-0.28906221748058936,8491.07493384713,7491.0749338471305,150000.0,1.0,12386.265327426621,2259.8948865304474,8.461667293968361
37.90000000000103,8.435687604785553,2269.646776973923,-0.7765637877864746,162.64460665240074,162.64646053459222,1.8584058814925917,-0.45114040651459597,8488.0157852082,7488.015785208199,150000.0,1.0,12405.983536169364,2269.646776973923,8.435687604785553
37.96000000000102,8.36980870386322,2279.4129294820814,-1.4060467260537526,162.89992997275564,162.90599790223973,1.8266513305690868,-0.6056927336486131,8484.956636569268,7484.956636569268,150000.0,1.0,12431.316666073297,2279.4129294820814,8.36980870386322
38.020000000001005,8.268689293547373,2289.1954849412523,-1.9487489638679811,163.19103307896418,163.20266817642337,1.7859593462166317,-0.7482459126063916,8481.897487930337,7481.897487930337,150000.0,1.0,12462.284604054441,2289.1954849412523,8.268689293547373
38.08000000000099,8.137854540166844,2298.996464003619,-2.3963241273969818,163.51271604604347,163.53027450009856,1.7371953497346178,-0.8739514597995225,8478.838339291406,7478.838339291406,150000.0,1.0,12497.948225656888,2298.996464003619,8.137854540166844
38.14000000000098,7.98298650950891,2308.8174466504784,-2.7471108244036833,163.85731689247402,163.8803432907138,1.681532518579988,-0.9763729539603778,8475.779190652474,7475.779190652474,150000.0,1.0,12537.020375806242,2308.8174466504784,7.98298650950891
38.20000000000097,7.810648894481619,2318.6598064322866,-2.979503607690524,164.22428382325276,164.2513100069784,1.6207774983544188,-1.0422017283822225,8472.720042013543,7472.720042013543,150000.0,1.0,12579.26902999189,2318.6598064322866,7.810648894481619
38.26000000000096,7.627174414977512,2328.5246166045945,-3.1244047836399957,164.6042961437907,164.63394611757556,1.5572804762590122,-1.067472897929119,8469.660893374612,7469.660893374612,150000.0,1.0,12623.287392573906,2328.5246166045945,7.627174414977512
38.320000000000945,7.437517667801799,2338.412450288882,-3.1782419907634836,164.9904361214711,165.02104482066852,1.493512358460225,-1.0512290363376888,8466.60174473568,7466.601744735681,150000.0,1.0,12667.973764038732,2338.412450288882,7.437517667801799
38.38000000000093,7.248561492280608,2348.3233524138423,-3.093783423916988,165.3705169757148,165.39945399150892,1.431946099132829,-0.9943934807376944,8463.54259609675,7463.54259609675,150000.0,1.0,12711.308263957584,2348.3233524138423,7.248561492280608
38.44000000000092,7.0697354852471905,2358.2564174242657,-2.8364707347211713,165.72584195191007,165.7501138970903,1.374941861196323,-0.8997778765528865,8460.483447457818,7460.483447457818,150000.0,1.0,12750.354631440656,2358.2564174242657,7.0697354852471905
38.50000000000091,6.911919670853835,2368.209574401773,-2.393212040488663,166.03744014251382,166.05468675394138,1.324639740620025,-0.771857263586824,8457.424298818887,7457.424298818887,150000.0,1.0,12782.280016823606,2368.209574401773,6.911919670853835
38.5600000000009,6.786083537595621,2378.1797783278344,-1.7739590779123928,166.2928291669756,166.30229091376654,1.2828697746088105,-0.6164281262908944,8454.365150179956,7454.365150179956,150000.0,1.0,12805.398655510877,2378.1797783278344,6.786083537595621
38.620000000000886,6.70197340825083,2388.163554456674,-1.008748006503112,166.49066976306236,166.4937256796595,1.2510845209852657,-0.4402085389995549,8451.306001541025,7451.306001541025,150000.0,1.0,12819.830328426913,2388.163554456674,6.70197340825083
38.680000000000874,6.667069111482145,2398.1577196310336,-0.142035703068943,166.6418971520334,166.64195768344126,1.2303157953169535,-0.25044247049703583,8448.246852902093,7448.246852902093,150000.0,1.0,12827.576555250766,2398.1577196310336,6.667069111482145
38.74000000000086,6.685910441473683,2408.1600632154673,0.7736710223953841,166.76735363525233,166.76914824198212,1.2211537546222075,-0.054556793322798884,8445.187704263162,7445.187704263162,150000.0,1.0,12832.056527582816,2408.1600632154673,6.685910441473683
38.80000000000085,6.759792246159245,2418.169806162498,1.683596341495213,166.89299173930337,166.90148348153252,1.2237443273175055,0.14010575301936853,8442.128555624231,7442.128555624231,150000.0,1.0,12837.303355607477,2418.169806162498,6.759792246159245
38.86000000000084,6.886835801457571,2428.1877231097938,2.541525141795888,167.042767914884,167.0621012160214,1.237812326806052,0.327707440599173,8439.0694069853,7439.0694069853,150000.0,1.0,12846.873242271167,2428.1877231097938,6.886835801457571
38.920000000000826,7.063784793783668,2438.215592317199,3.345767512983757,167.22598305507535,167.25944986453615,1.2629936752926467,0.5106339577299249,8436.010258346369,7436.010258346369,150000.0,1.0,12862.059952712021,2438.215592317199,7.063784793783668
38.980000000000814,7.28673918033081,2448.255676865189,4.070075927828016,167.45092224504808,167.500378742185,1.2989161411779697,0.6847608384699164,8432.951109707437,7432.951109707437,150000.0,1.0,12883.913653967442,2448.255676865189,7.28673918033081
39.0400000000008,7.550140147182299,2458.310559759187,4.691331669354986,167.7186797970174,167.78427860108448,1.344874060009071,0.8441515441514073,8429.891961068506,7429.891961068506,150000.0,1.0,12912.341689595674,2458.310559759187,7.550140147182299
39.10000000000079,7.8473659731447505,2468.3826671797583,5.191094340155032,168.02547027289694,168.1056397652279,1.3997756455560406,0.9804668100407989,8426.832812429575,7426.832812429575,150000.0,1.0,12946.501580631708,2468.3826671797583,7.8473659731447505
39.16000000000078,8.169847767167603,2478.4744476121987,5.5335685972448685,168.37270616346257,168.46361198261218,1.4617416738206348,1.0780640628599456,8423.773663790644,7423.773663790644,150000.0,1.0,12986.27074701637,2478.4744476121987,8.169847767167603
39.220000000000766,8.508853893607041,2488.5878789355615,5.749627690254038,168.74450083839474,168.8424258940138,1.5282692628644516,1.1320123591120341,8420.714515151712,7420.7145151517125,150000.0,1.0,13029.227687489503,2488.5878789355615,8.508853893607041
39.280000000000754,8.858153034294068,2498.7240353161933,5.878530136389897,169.12892129805877,169.23105251699346,1.596665311116893,1.1401338959924032,8417.655366512781,7417.655366512781,150000.0,1.0,13073.676257677946,2498.7240353161933,8.858153034294068
39.34000000000074,9.211835705737675,2508.8834308432215,5.885681768302138,169.51700213035372,169.61914768427553,1.6641633549823878,1.1022337416696564,8414.59621787385,7414.59621787385,150000.0,1.0,13118.02003313308,2508.8834308432215,9.211835705737675
39.40000000000073,9.560931791784975,2519.0657945042885,5.71844691086029,169.890836309254,169.98704920354982,1.7280526557782954,1.020369377540574,8411.537069234919,7411.537069234919,150000.0,1.0,13159.214145593487,2519.0657945042885,9.560931791784975
39.46000000000072,9.89393357548292,2529.269576606187,5.346374685163039,170.22705533791003,170.3109922796824,1.7858105009243783,0.8987049800701412,8408.477920595988,7408.477920595988,150000.0,1.0,13193.569108037918,2529.269576606187,9.89393357548292
39.52000000000071,10.198326377704612,2539.491879596124,4.766689216152602,170.50557988502356,170.5721961458301,1.8352187307845849,0.7431575473282668,8405.418771957056,7405.418771957056,150000.0,1.0,13218.163728080253,2539.491879596124,10.198326377704612
39.580000000000695,10.462245925563836,2549.7289001012787,4.003183484698083,170.71731331890246,170.76424258268025,1.8744553237893966,0.5609322995403483,8402.359623318125,7402.359623318125,150000.0,1.0,13231.99939175793,2549.7289001012787,10.462245925563836
39.64000000000068,10.675913225450053,2559.9767258280667,3.1003460519190638,170.86795628056203,170.89608137443557,1.902156828152513,0.36002933472358023,8399.300474679194,7399.300474679194,150000.0,1.0,13236.470984521562,2559.9767258280667,10.675913225450053
39.70000000000067,10.832644378804906,2570.2322179604116,2.1155270415767937,170.97706452696525,170.99015190624775,1.917452255842466,0.14879629364915722,8396.241326040263,7396.241326040263,150000.0,1.0,13235.069022616171,2570.2322179604116,10.832644378804906
39.76000000000066,10.929391237634295,2580.4937136040116,1.1114113596095527,171.07324854462257,171.07685875892298,1.9199727634867292,-0.06442679943944925,8393.182177401332,7393.1821774013315,150000.0,1.0,13232.510690344548,2580.4937136040116,10.929391237634295
39.82000000000065,10.96686744038951,2590.7613691655138,0.14977843520229617,171.187338103647,171.1874036271127,1.9098430967254139,-0.27156184186446414,8390.1230287624,7390.1230287624,150000.0,1.0,13233.62180125891,2590.7613691655138,10.96686744038951
39.880000000000635,10.949301182654265,2601.037074113177,-0.7180400950721851,171.3445178747134,171.3460223853945,1.8876530097201047,-0.4658736355115513,8387.063880123469,7387.063880123469,150000.0,1.0,13242.138983613831,2601.037074113177,10.949301182654265
39.94000000000062,10.882450200423927,2611.3236838120138,-1.4937412629975626,171.55104190984017,171.55754499092285,1.854123293870154,-0.6498970484808475,8384.004731484538,7384.004731484538,150000.0,1.0,13258.798007929028,2611.3236838120138,10.882450200423927
40.00000000000061,10.77224480405113,2621.6242228312053,-2.15939888340415,171.8086305253665,171.82220033086395,1.8099415364696119,-0.819913969442449,8380.945582845607,7380.945582845607,150000.0,1.0,13283.630020316561,2621.6242228312053,10.77224480405113
40.0600000000006,10.625793806121134,2631.9416156064303,-2.701201415636222,172.11102860058796,172.13222433652638,1.7561332534425935,-0.9697494411350049,8377.886434206675,7377.886434206675,150000.0,1.0,13315.437143439507,2631.9416156064303,10.625793806121134
40.12000000000059,10.450711150684926,2642.278238038782,-3.1074919692746463,172.4495358581654,172.47753164988123,1.6941491374440718,-1.0895404984593593,8374.827285567744,7374.827285567744,150000.0,1.0,13352.666123358382,2642.278238038782,10.450711150684926
40.180000000000575,10.256010283451017,2652.636196926635,-3.36050419799663,172.8195166725605,172.85218636569851,1.626299259536378,-1.1642020055563194,8371.768136928813,7371.768136928813,150000.0,1.0,13394.406148178414,2652.636196926635,10.256010283451017
40.24000000000056,10.049514551022277,2663.016891094089,-3.508955585175859,173.20543144586762,173.24097163098537,1.5554206651729394,-1.190141170676109,8368.708988289882,7368.708988289882,150000.0,1.0,13438.306590798391,2663.016891094089,10.049514551022277
40.30000000000055,9.837060067179127,2673.420983501062,-3.549539785141496,173.59766881243294,173.6339536202452,1.4844791952095922,-1.1663224391057279,8365.64983965095,7365.6498396509505,150000.0,1.0,13482.829751782148,2673.420983501062,9.837060067179127
40.36000000000054,9.62697408641308,2683.8484033411623,-3.420656448288049,173.97918669114526,174.01281071303225,1.4164301979883542,-1.0941750537776869,8362.59069101202,7362.590691012019,150000.0,1.0,13525.128911778856,2683.8484033411623,9.62697408641308
40.42000000000053,9.430851295700801,2694.297752915367,-3.0793173066217023,174.3240850726262,174.3512799823479,1.3540686410912885,-0.9775756840242962,8359.531542373088,7359.531542373088,150000.0,1.0,13561.113658188311,2694.297752915367,9.430851295700801
40.480000000000516,9.261980120316538,2704.7660533258595,-2.512833158652032,174.6073486071697,174.6254291851817,1.2998917324448929,-0.8224987926532209,8356.472393734157,7356.472393734157,150000.0,1.0,13587.05041992682,2704.7660533258595,9.261980120316538
40.540000000000504,9.133465096829662,2715.2491054731236,-1.7395142553832732,174.81472881145575,174.82338321651227,1.2559877195601645,-0.6365091802283179,8353.413245095226,7353.413245095226,150000.0,1.0,13601.087656613852,2715.2491054731236,9.133465096829662
40.60000000000049,9.056514709817971,2725.7423400997554,-0.8029269309547253,174.94865946103158,174.95050196803794,1.223957460199901,-0.42819400839670735,8350.354096456294,7350.354096456294,150000.0,1.0,13604.069706019518,2725.7423400997554,9.056514709817971
40.66000000000048,9.039184407640901,2736.24185418148,0.23694215350130055,175.02848481297553,175.02864519132322,1.2048694437869538,-0.2066300101863836,8347.294947817363,7347.294947817363,150000.0,1.0,13599.416300662451,2736.24185418148,9.039184407640901
40.72000000000047,9.085662307367441,2746.7453025745144,1.3125365018223745,175.0856737394086,175.0905934105292,1.1992439609382994,0.019047868660653486,8344.235799178432,7344.235799178432,150000.0,1.0,13592.238230611936,2746.7453025745144,9.085662307367441
40.780000000000456,9.196043472036857,2757.252402409002,2.3560532187069523,175.15609568222484,175.17194079363875,1.2070594721954315,0.2399554896554113,8341.1766505395,7341.176650539501,150000.0,1.0,13588.06412676021,2757.252402409002,9.196043472036857
40.840000000000444,9.366846784611496,2767.764857867706,3.3267054440817954,175.26635620133416,175.29792521648574,1.2278465042654825,0.452079702567627,8338.11750190057,7338.11750190057,150000.0,1.0,13590.797399387131,2767.764857867706,9.366846784611496
40.90000000000043,9.59367580454086,2778.2853609672284,4.217226583133511,175.42651047819723,175.4771938988384,1.2611704606815808,0.6568785028368629,8335.058353261638,7335.058353261638,150000.0,1.0,13601.763500623349,2778.2853609672284,9.59367580454086
40.96000000000042,9.870597074679168,2788.817194085762,4.991494425562671,175.64428746305427,175.71519779178027,1.306391078486783,0.8474191351633972,8331.999204622707,7331.999204622707,150000.0,1.0,13621.796912750777,2788.817194085762,9.870597074679168
41.02000000000041,10.189908126286113,2799.363743775778,5.625257094785242,175.91653367129402,176.00644970087305,1.3624257546211436,1.01537550182281,8328.940055983776,7328.940055983776,150000.0,1.0,13650.044124787983,2799.363743775778,10.189908126286113
41.080000000000396,10.541716088307236,2809.928367562398,6.06962933616997,176.24608139687956,176.35056452428495,1.427395116744942,1.1424314907250308,8325.880907344845,7325.880907344845,150000.0,1.0,13686.449998239465,2809.928367562398,10.541716088307236
41.140000000000384,10.914861674040338,2820.514042462205,6.344801396792003,176.6142351291495,176.72816570942857,1.4985297715965158,1.220163778482316,8322.821758705913,7322.821758705913,150000.0,1.0,13728.016342184637,2820.514042462205,10.914861674040338
41.20000000000037,11.300896089694099,2831.1224436850166,6.508429125584752,177.00126423043406,177.1208829835,1.572760577526302,1.2452605591396555,8319.762610066982,7319.762610066982,150000.0,1.0,13771.896967375958,2831.1224436850166,11.300896089694099
41.26000000000036,11.693561024360516,2841.754362264595,6.554796326948674,177.39622433914175,177.51728300272876,1.6468861157350718,1.2167076259791425,8316.703461428051,7316.703461428051,150000.0,1.0,13816.317044924497,2841.754362264595,11.693561024360516
41.32000000000035,12.08372459874748,2852.409779815017,6.414693224542764,177.7802754469173,177.89596574162883,1.7177256671678391,1.1362552486861959,8313.64431278912,7313.64431278912,150000.0,1.0,13857.943386005858,2852.409779815017,12.08372459874748
41.38000000000034,12.458634824465868,2863.0871949865204,6.041331281436819,178.12435792613843,178.22677848811367,1.7822865966519212,1.0083727261244066,8310.585164150189,7310.585164150189,150000.0,1.0,13892.06964938489,2863.0871949865204,12.458634824465868
41.440000000000325,12.803760839378148,2873.783340770262,5.422994553032117,178.4007911469765,178.4831957126198,1.8379159504659048,0.8398248397815863,8307.526015511257,7307.526015511257,150000.0,1.0,13914.551136936858,2873.783340770262,12.803760839378148
41.50000000000031,13.10494345425682,2884.493626861205,4.5830581930399745,178.59474282248922,178.65353784974945,1.8824208060959728,0.6390728904713942,8304.466866872326,7304.466866872326,150000.0,1.0,13923.56833688993,2884.493626861205,13.10494345425682
41.5600000000003,13.350306207688595,2895.213135986548,3.5726106606785195,178.71065070363954,178.7463572268007,1.9141503874990249,0.4156197184877889,8301.407718233395,7301.407718233395,150000.0,1.0,13920.47362023927,2895.213135986548,13.350306207688595
41.62000000000029,13.531607242869653,2905.9378012089073,2.4599157256771704,178.7718081687259,178.78873169552148,1.9320401131638902,0.17941222188824277,8298.348569594464,7298.348569594464,150000.0,1.0,13909.51344944513,2905.9378012089073,13.531607242869653
41.68000000000028,13.644958972442485,2916.665375929159,1.3203245641889798,178.8142318166502,178.81910624184854,1.9356234884817056,-0.05962546047408534,8295.289420955532,7295.2894209555325,150000.0,1.0,13896.69041042416,2916.665375929159,13.644958972442485
41.740000000000265,13.691000587614287,2927.395929275003,0.22820689143287679,178.87746187654375,178.87760744648745,1.925020450341306,-0.2919120944783709,8292.230272316601,7292.230272316601,150000.0,1.0,13888.240748140635,2927.395929275003,13.691000587614287
41.80000000000025,13.67460863088229,2938.131761367827,-0.7538020512912993,178.99412890482213,178.99571614965708,1.9009031228997209,-0.5093189581231558,8289.17112367767,7289.17112367767,150000.0,1.0,13889.03348945715,2938.131761367827,13.67460863088229
41.86000000000024,13.602683620930215,2948.8764529182804,-1.623576074284017,179.1730138664607,179.18036973189868,1.8641295029980336,-0.7141925405538699,8286.111975038739,7286.111975038739,150000.0,1.0,13900.122377048458,2948.8764529182804,13.602683620930215
41.92000000000023,13.482435587214328,2959.633800413518,-2.360172377125052,179.415580068317,179.43110317027094,1.8155331168740365,-0.9021892564540385,8283.052826399808,7283.052826399808,150000.0,1.0,13921.421771374211,2959.633800413518,13.482435587214328
41.98000000000022,13.32242097605843,2970.4074146617268,-2.9486837582301173,179.7127395107362,179.73692853267463,1.7563467205658407,-1.0659682179284558,8279.993677760876,7279.993677760876,150000.0,1.0,13951.22385554264,2970.4074146617268,13.32242097605843
42.040000000000205,13.132198884566767,2981.2003074811273,-3.3591331027234395,180.05816554584572,180.08949651475234,1.6884223228776336,-1.1897759923067255,8276.934529121945,7276.934529121945,150000.0,1.0,13988.237485882735,2981.2003074811273,13.132198884566767
42.10000000000019,12.922741861727507,2992.0150733997307,-3.5996648241186135,180.43779679915022,180.47369919347645,1.6146287796016976,-1.2608964822821878,8273.875380483014,7273.875380483014,150000.0,1.0,14030.123880288389,2992.0150733997307,12.922741861727507
42.16000000000018,12.702337000987734,3002.853145526174,-3.7311478452275235,180.83299206006572,180.87148056462286,1.5382327371956999,-1.276201318891258,8270.816231844083,7270.816231844083,150000.0,1.0,14074.082672616702,3002.853145526174,12.702337000987734
42.22000000000017,12.477708295759706,3013.7151097024243,-3.7272169915278752,181.23144309210116,181.26976612702805,1.4626138279179968,-1.2351509654053079,8267.757083205152,7267.7570832051515,150000.0,1.0,14118.081478859134,3013.7151097024243,12.477708295759706
42.28000000000016,12.259250099351059,3024.600502936758,-3.515402217747551,181.60880000541795,181.64282064579496,1.3910937619722754,-1.1402404639065422,8264.69793456622,7264.69793456622,150000.0,1.0,14158.108529618716,3024.600502936758,12.259250099351059
42.340000000000146,12.06089260623197,3035.507081842068,-3.0533059663720064,181.93214487605408,181.95776437548855,1.326756458747766,-0.9968346498129023,8261.638785927289,7261.638785927289,150000.0,1.0,14189.029516874623,3035.507081842068,12.06089260623197
42.400000000000134,11.897950919798738,3046.430712952158,-2.337581966385002,182.17371635118454,182.18871320323717,1.2722903676715922,-0.8126461333628164,8258.579637288358,7258.579637288358,150000.0,1.0,14206.801693038584,3046.430712952158,11.897950919798738
42.46000000000012,11.784808826054318,3057.366061261476,-1.4014616872763423,182.32273193740596,182.3281181715538,1.2298677532596518,-0.5970471613487539,8255.520488649427,7255.520488649427,150000.0,1.0,14210.257764367798,3057.366061261476,11.784808826054318
42.52000000000011,11.732989668678808,3068.307803556316,-0.30513184185565745,182.39056427318866,182.3908195094618,1.2010668111024192,-0.3603530277803028,8252.461340010495,7252.461340010495,150000.0,1.0,14201.739900061293,3068.307803556316,11.732989668678808
42.5800000000001,11.749893415257407,3079.2519177203985,0.8760718130345316,182.40822397316953,182.4103277637195,1.186834496521523,-0.11319803770144836,8249.402191371564,7249.402191371564,150000.0,1.0,14186.500565756913,3079.2519177203985,11.749893415257407
42.640000000000086,11.83821223906263,3090.1966349615686,2.062088722023871,182.41813044556133,182.4297851918686,1.187482185350827,0.13392939790053218,8246.343042732633,7246.343042732633,150000.0,1.0,14171.268358146675,3090.1966349615686,11.83821223906263
42.700000000000074,11.995914557855546,3101.142802804497,3.1787763192183816,182.4627051963154,182.49039264148982,1.2027077100046573,0.3715379116547029,8243.283894093702,7243.283894093702,150000.0,1.0,14162.43606370549,3101.142802804497,11.995914557855546
42.76000000000006,12.21807888143235,3112.093230527974,4.210620536789826,182.56186160625734,182.61041218519574,1.231926942060508,0.6009538395773448,8240.22474545477,7240.2247454547705,150000.0,1.0,14162.813270374749,3112.093230527974,12.21807888143235
42.82000000000005,12.498849613185298,3123.051570792304,5.125003403932025,182.72803771191917,182.7998944910496,1.274574602348739,0.817756179968053,8237.16559681584,7237.165596815839,150000.0,1.0,14173.935024881765,3123.051570792304,12.498849613185298
42.88000000000004,12.83006721739478,3134.0219577871308,5.888383602383146,182.96228431516812,183.05701446072266,1.3296412446209238,1.013462850923447,8234.106448176908,7234.106448176908,150000.0,1.0,14195.50317063459,3134.0219577871308,12.83006721739478
42.940000000000026,13.201259406476737,3145.0085036290056,6.446261303312274,183.26774166821596,183.3810770525643,1.3953852638502873,1.1696462687581577,8231.047299537977,7231.047299537977,150000.0,1.0,14227.40644618357,3145.0085036290056,13.201259406476737
43.000000000000014,13.599404291297862,3156.015198152935,6.794613760749976,183.62879550167597,183.75445930249992,1.468934543032343,1.2726879090627479,8227.988150899046,7227.988150899046,150000.0,1.0,14266.916008701623,3156.015198152935,13.599404291297862
43.06,14.013663368454493,3167.0445089140458,6.9961380208702,184.01782728479532,184.15077166773924,1.5469519523981885,1.3180196463851044,8224.929002260114,7224.929002260114,150000.0,1.0,14309.942557979177,3167.0445089140458,14.013663368454493
43.11999999999999,14.436832468552899,3178.09758643789,7.085743397257298,184.41921276835714,184.55528656094455,1.62589978736622,1.303603360886242,8221.869853621183,7221.869853621183,150000.0,1.0,14354.201693019328,3178.09758643789,14.436832468552899
43.17999999999998,14.860234327998041,3189.1747227369406,6.990321015475013,184.81543454819123,184.94758564289546,1.7022087657131737,1.2305190524673175,8218.810704982252,7218.810704982252,150000.0,1.0,14396.516771054157,3189.1747227369406,14.860234327998041
43.23999999999997,15.270643333864518,3200.2746916986775,6.644918065145011,185.17422507377216,185.2934121002809,1.7724740723259889,1.1031307371662586,8215.75155634332,7215.751556343321,150000.0,1.0,14431.547943665375,3200.2746916986775,15.270643333864518
43.299999999999955,15.652105256040423,3211.394177916778,6.025033994210015,185.4608767607116,185.5587180476392,1.833641177474626,0.9286506319109904,8212.69240770439,7212.69240770439,150000.0,1.0,14453.983442065219,3211.394177916778,15.652105256040423
43.35999999999994,15.9885056088514,3222.528100936901,5.14925354464696,185.65352208808056,185.7249177568171,1.8831566043739725,0.7164379584726293,8209.633259065458,7209.633259065458,150000.0,1.0,14460.932687113755,3222.528100936901,15.9885056088514
43.41999999999993,16.265958904342785,3233.6707193259704,4.071376513766346,185.75292713825544,185.79754047658133,1.9190727700169807,0.4771963429149805,8206.574110426527,7206.574110426527,150000.0,1.0,14453.284832176674,3233.6707193259704,16.265958904342785
43.47999999999992,16.47454544082317,3244.8170645522127,2.867541613333399,185.78353186256157,185.80566058716195,1.940105575121299,0.22222463895343078,8203.514961787596,7203.514961787596,150000.0,1.0,14435.605866308111,3244.8170645522127,16.47454544082317
43.53999999999991,16.609261081864105,3255.964190416939,1.6235436442444533,185.7866932629098,185.7937869992732,1.9456515122241027,-0.0371714151254036,8200.455813148665,7200.455813148665,150000.0,1.0,14414.844549428783,3255.964190416939,16.609261081864105
43.599999999999895,16.670281571953456,3267.1118649484265,0.42482219188775616,185.80950026158303,185.80998590321764,1.9357752689334324,-0.29007573535667597,8197.396664509733,7197.3966645097335,150000.0,1.0,14398.462405024555,3267.1118649484265,16.670281571953456
43.65999999999988,16.66266844854091,3278.2625445735735,-0.6546456595123585,185.89208245116663,185.89323516193602,1.9111709506235783,-0.5269274412094711,8194.337515870802,7194.337515870802,150000.0,1.0,14392.4742269993,3278.2625445735735,16.66266844854091
43.71999999999987,16.594182003229097,3289.420351258897,-1.605652252282856,186.04731434013664,186.05424287646028,1.872808666501559,-0.7493029266743281,8191.278367231871,7191.278367231871,150000.0,1.0,14398.50344897584,3289.420351258897,16.594182003229097
43.77999999999986,16.472989438070663,3300.5897121895823,-2.4063545844275964,186.27678093534468,186.29232313227615,1.8216250513005756,-0.9529144277390115,8188.21921859294,7188.21921859294,150000.0,1.0,14416.420247581933,3300.5897121895823,16.472989438070663
43.83999999999985,16.30877964619584,3311.77483776051,-3.037778955734871,186.5702265602616,186.59495582606527,1.7589982732741836,-1.1290745952066372,8185.160069954009,7185.160069954009,150000.0,1.0,14444.277673511608,3311.77483776051,16.30877964619584
43.899999999999835,16.11276736246588,3322.97934006793,-3.459825785916969,186.9217832069562,186.9538002602173,1.6870943262158045,-1.258423738701276,8182.100921315077,7182.100921315077,150000.0,1.0,14480.78642153129,3322.97934006793,16.11276736246588
43.95999999999982,15.897297365783839,3334.2061809065012,-3.6980964924885926,187.31015100108655,187.3466535215337,1.6091544565532157,-1.3295048365629045,8179.041772676146,7179.041772676146,150000.0,1.0,14522.514358195462,3334.2061809065012,15.897297365783839
44.01999999999981,15.671191221340711,3345.4568648915174,-3.8205782421226,187.71431507436196,187.75319145607355,1.5287866928861857,-1.3390382608389422,8175.982624037215,7175.982624037215,150000.0,1.0,14566.316900642832,3345.4568648915174,15.671191221340711
44.0799999999998,15.441954789310635,3356.731929596796,-3.7870155633150997,188.1192965427002,188.15741074588897,1.4497078336493563,-1.2867946575801767,8172.923475398284,7172.923475398284,150000.0,1.0,14609.712584875935,3356.731929596796,15.441954789310635
44.13999999999979,15.221508174825694,3368.030599811328,-3.516852067949573,188.49494974685223,188.52775479630628,1.3755433340213057,-1.1760605690032269,8169.8643267593525,7169.8643267593525,150000.0,1.0,14647.797209847095,3368.030599811328,15.221508174825694
44.199999999999775,15.025544805673306,3379.3499628779086,-2.9676703377120157,188.80287850895922,188.82620051386448,1.3096215190014149,-1.0133653505104814,8166.805178120421,7166.805178120421,150000.0,1.0,14674.654713862281,3379.3499628779086,15.025544805673306
44.25999999999976,14.870920557584984,3390.6849829701814,-2.143246018832069,189.01347066336004,189.02562153238938,1.254797824245201,-0.8078111989861128,8163.74602948149,7163.74602948149,150000.0,1.0,14686.069741805317,3390.6849829701814,14.870920557584984
44.31999999999975,14.77298319006282,3402.029464253963,-1.0883709542768476,189.1192291744159,189.12236090652885,1.213325300739951,-0.5702297869546412,8160.686880842559,7160.686880842559,150000.0,1.0,14681.497969791188,3402.029464253963,14.77298319006282
44.37999999999974,14.743473914469773,3413.377558248277,0.12393893346864182,189.13911788146396,189.13915848876337,1.186776509057523,-0.31234090297089107,8157.627732203628,7157.627732203628,150000.0,1.0,14664.514838622545,3413.377558248277,14.743473914469773
44.43999999999973,14.789263204944328,3424.725242932092,1.4065444641452243,189.11358550400277,189.1188160641595,1.1760121196104671,-0.04605489009588085,8154.568583564696,7154.568583564696,150000.0,1.0,14641.800416912589,3424.725242932092,14.789263204944328
44.499999999999716,14.911867400054714,3436.0712979558693,2.669764074745308,189.09342580146748,189.1122717370554,1.1811852393333928,0.21701755406123457,8151.509434925765,7151.509434925765,150000.0,1.0,14621.257171079485,3436.0712979558693,14.911867400054714
44.559999999999704,15.107714070105757,3447.417491057992,3.8427848908445563,189.12314118638596,189.16217784727206,1.2018000234049009,0.46852560339239924,8148.450286286834,7148.450286286834,150000.0,1.0,14609.460787877537,3447.417491057992,15.107714070105757
44.61999999999969,15.371065113573955,3458.7674018045955,4.9145124791261905,189.2199725872228,189.28378287327428,1.2372427380166036,0.7107286034111736,8145.391137647903,7145.391137647903,150000.0,1.0,14608.730708596586,3458.7674018045955,15.371065113573955
44.67999999999968,15.69452886217042,3470.1254762056874,5.8395334995207335,189.3959543252483,189.4859563826923,1.286747821874748,0.9356946161620727,8142.3319890089715,7142.3319890089715,150000.0,1.0,14620.404980551066,3470.1254762056874,15.69452886217042
44.73999999999967,16.068145920943635,3481.4964527050506,6.575406865078873,189.65094441797717,189.76489847722627,1.3489603445257028,1.1308628472884772,8139.27284037004,7139.27284037004,150000.0,1.0,14643.878899253208,3481.4964527050506,16.068145920943635
44.799999999999656,16.478542078049994,3492.8852234333513,7.065096750829855,189.98563988255475,190.11696124670823,1.4213885680956815,1.273849184356289,8136.213691731109,7136.213691731109,150000.0,1.0,14678.585275422716,3492.8852234333513,16.478542078049994
44.859999999999644,16.911853457209176,3504.2956835150185,7.35081567438256,190.36831731122678,190.5101853628479,1.5006169255166446,1.3566564629562283,8133.154543092178,7133.154543092178,150000.0,1.0,14719.59535215223,3504.2956835150185,16.911853457209176
44.91999999999963,17.35816722212012,3515.7298340362745,7.50894467960669,190.77233170833213,190.92005341408037,1.5829040186059236,1.3753995778199706,8130.095394453247,7130.095394453247,150000.0,1.0,14763.12700854823,3515.7298340362745,17.35816722212012
44.97999999999962,17.809947247088857,3527.1885051796025,7.517220486746828,191.18267238125912,191.3304022435698,1.664366423733778,1.3293503015475232,8127.036245814315,7127.036245814315,150000.0,1.0,14806.682622415792,3527.1885051796025,17.809947247088857
45.03999999999961,18.255420337308447,3538.671321982251,7.286202372154683,191.5709467046587,191.7094582077973,1.741188001254363,1.2215178412651917,8123.977097175384,7123.977097175384,150000.0,1.0,14845.341111059266,3538.671321982251,18.255420337308447
45.099999999999596,18.67843121271519,3550.175766722826,6.763895628230153,191.8968490934223,192.01601749867973,1.8098418784566006,1.0584466396635892,8120.917948536453,7120.917948536453,150000.0,1.0,14872.713617542915,3550.175766722826,18.67843121271519
45.159999999999584,19.061189144886942,3561.6970050256305,5.948217715112042,192.126589060488,192.2186450841957,1.8672831930604281,0.8495196406796793,8117.858799897522,7117.858799897522,150000.0,1.0,14883.931505420487,3561.6970050256305,19.061189144886942
45.21999999999957,19.38720079931741,3573.2287814239144,4.882792470547967,192.24851587681658,192.3105132829431,1.911092726271338,0.606050180631052,8114.7996512585905,7114.7996512585905,150000.0,1.0,14877.963709095371,3573.2287814239144,19.38720079931741
45.27999999999956,19.643634660766693,3584.764986011492,3.6434281393322454,192.2792209184182,192.31373680941346,1.9395646562261413,0.34035972840162537,8111.740502619659,7111.740502619659,150000.0,1.0,14858.28312436385,3584.764986011492,19.643634660766693
45.33999999999955,19.82277905555065,3596.301263721388,2.32251168259269,192.25913164518508,192.27315923309834,1.9517428576399134,0.06500641774071848,8108.681353980728,7108.681353980728,150000.0,1.0,14831.870070390934,3596.301263721388,19.82277905555065
45.39999999999954,19.922628357177505,3607.8361198892176,1.016002930127746,192.24087280163818,192.2435575968403,1.9474176631775528,-0.20775676752320363,8105.622205341797,7105.622205341797,150000.0,1.0,14807.195880953095,3607.8361198892176,19.922628357177505
45.459999999999525,19.94678080406026,3619.3712239457377,-0.18878742636481768,192.27440975627272,192.27450243809088,1.9270936070001865,-0.4668586078586685,8102.563056702866,7102.563056702866,150000.0,1.0,14791.875946493536,3619.3712239457377,19.94678080406026
45.51999999999951,19.903045781941444,3630.9107031172334,-1.2469096410457385,192.38834270199123,192.39238340244074,1.8917807681899033,-0.7079708797979832,8099.503908063934,7099.503908063934,150000.0,1.0,14789.926685330822,3630.9107031172334,19.903045781941444
45.5799999999995,19.800205530078912,3642.45949226565,-2.151897909210338,192.58528847917202,192.5973104776325,1.8424843624799372,-0.9314558636825456,8096.444759425003,7096.444759425003,150000.0,1.0,14801.326546261722,3642.45949226565,19.800205530078912
45.63999999999949,19.64845169797299,3654.0224666900863,-2.8751103436284144,192.85850537786726,192.87993507898352,1.7805380268417919,-1.1280850780089604,8093.385610786072,7093.385610786072,150000.0,1.0,14824.618084161164,3654.0224666900863,19.64845169797299
45.69999999999948,19.459663137794557,3665.6038838462455,-3.376343926548819,193.19975341585808,193.22925352611261,1.7080245698593661,-1.2792893875372249,8090.326462147141,7090.326462147141,150000.0,1.0,14858.105197152674,3665.6038838462455,19.459663137794557
45.759999999999465,19.247654277403356,3677.2073985759075,-3.6607130375108734,193.58934401050433,193.62395237769627,1.6282546342869249,-1.3690169163697532,8087.26731350821,7087.26731350821,150000.0,1.0,14898.51473287956,3677.2073985759075,19.247654277403356
45.81999999999945,19.02304807938907,3688.835007140851,-3.8087587381177643,193.9997337054325,194.03711841012253,1.5450596917607904,-1.3929919906802937,8084.208164869278,7084.208164869278,150000.0,1.0,14941.711642666041,3688.835007140851,19.02304807938907
45.87999999999944,18.793506323613332,3700.4874783799864,-3.8097793405897975,194.41492450879238,194.4522493837071,1.4624337963043113,-1.3501930694114004,8081.149016230347,7081.149016230347,150000.0,1.0,14985.156932254413,3700.4874783799864,18.793506323613332
45.93999999999943,18.570701981994365,3712.164303634092,-3.570836483974039,194.80492857206403,194.8376531093573,1.384317088243392,-1.2434922487620028,8078.089867591416,7078.089867591416,150000.0,1.0,15023.963598218372,3712.164303634092,18.570701981994365
45.99999999999942,18.370965275067732,3723.8627053595296,-3.0357298439305676,195.1269502681742,195.15056335210477,1.314362643017777,-1.079497241603401,8075.030718952485,7075.030718952485,150000.0,1.0,15051.530050018664,3723.8627053595296,18.370965275067732
46.059999999999405,18.212453901955637,3735.5774410821327,-2.200287250575033,195.34497525194135,195.3573664343544,1.2557321765904141,-0.8678332947702408,8071.9715703135535,7071.9715703135535,150000.0,1.0,15062.67372646487,3735.5774410821327,18.212453901955637
46.11999999999939,18.11208529622485,3747.3017535133863,-1.1082512068684072,195.44661429342463,195.44975635569418,1.2109429633157662,-0.6201891342532279,8068.912421674622,7068.912421674622,150000.0,1.0,15056.142477112984,3747.3017535133863,18.11208529622485
46.17999999999938,18.083057727495817,3759.0290473054083,0.16292157660055373,195.44976456184034,195.44983246531305,1.1817737433461064,-0.3493396598343416,8065.853273035691,7065.853273035691,150000.0,1.0,15035.395827074526,3759.0290473054083,18.083057727495817
46.23999999999937,18.13332617147076,3770.754616757222,1.5185022326738158,195.39793815474084,195.40383845808805,1.1692252781135306,-0.0683251649805869,8062.79412439676,7062.79412439676,150000.0,1.0,15007.603329172269,3770.754616757222,18.13332617147076
46.29999999999936,18.26499353328839,3782.4768349559936,2.8600724608526416,195.3477884168034,195.36872434915858,1.173522990280631,0.21012528911878398,8059.734975757829,7059.734975757829,150000.0,1.0,14981.535019459903,3782.4768349559936,18.26499353328839
46.359999999999346,18.47452721597947,3794.1974514482663,4.106943482615104,195.35063279870346,195.39379908181138,1.1941734378459343,0.47634243233506707,8056.675827118897,7056.675827118897,150000.0,1.0,14964.731854046782,3794.1974514482663,18.47452721597947
46.419999999999334,18.755734000072415,3805.920370133766,5.243956743337704,195.42737715489466,195.4977207641241,1.2305041326823951,0.7323708002753738,8053.616678479966,7053.616678479966,150000.0,1.0,14960.007718903353,3805.920370133766,18.755734000072415
46.47999999999932,19.100635048483937,3817.65049391697,6.222272619342103,195.59164545371019,195.69059366213614,1.2816933720764938,0.969899773022066,8050.557529841035,7050.557529841035,150000.0,1.0,14968.869060925668,3817.65049391697,19.100635048483937
46.53999999999931,19.49832431397515,3829.393108854129,6.990256411341236,195.84528149352514,195.9699925191977,1.3462585807193939,1.1741621127177226,8047.498381202104,7047.498381202104,150000.0,1.0,14990.91939846934,3829.393108854129,19.49832431397515
46.5999999999993,19.934038296331437,3841.1537104372505,7.491544028448738,196.1864543969267,196.32943773353907,1.4214462779618322,1.3218298850363488,8044.4392325631725,7044.4392325631725,150000.0,1.0,15025.15886850749,3841.1537104372505,19.934038296331437
46.659999999999286,20.39297202229322,3852.9364911861485,7.777317616896518,196.57836687304757,196.73215545962123,1.5035846941300306,1.4049212464653487,8041.380083924241,7041.380083924241,150000.0,1.0,15065.963274517962,3852.9364911861485,20.39297202229322
46.719999999999274,20.86477500596627,3864.743533871793,7.930595200355631,196.99203732805876,197.15160945549292,1.5886621069788844,1.419391815766619,8038.32093528531,7038.32093528531,150000.0,1.0,15109.273923033186,3864.743533871793,20.86477500596627
46.77999999999926,21.341330544992704,3876.5756518268367,7.917905127539101,197.41062258141568,197.5693476468221,1.6725265287413105,1.3647475228903052,8035.261786646379,7035.261786646379,150000.0,1.0,15152.264015880462,3876.5756518268367,21.341330544992704
46.83999999999925,21.80964098390263,3888.432255016799,7.642688976442161,197.80110595670146,197.9487009618524,1.7511200844623422,1.2446472508302706,8032.202638007448,7032.202638007448,150000.0,1.0,15189.305403901379,3888.432255016799,21.80964098390263
46.89999999999924,22.252126541269487,3900.310319785434,7.053079649035427,198.1186948365425,198.24420086416322,1.8207232951064298,1.0666035828082605,8029.143489368516,7029.143489368516,150000.0,1.0,15213.414381355718,3900.310319785434,22.252126541269487
46.959999999999226,22.649772745760036,3912.204318926882,6.153265424319604,198.32824650201695,198.42367811313986,1.8781630674377565,0.8411535286589691,8026.084340729585,7026.084340729585,150000.0,1.0,15219.661609871018,3912.204318926882,22.649772745760036
47.019999999999214,22.985363189763607,3924.107354493347,4.996794551034104,198.42116361622027,198.48407020866964,1.9209633072608094,0.5808138265913914,8023.025192090654,7023.025192090654,150000.0,1.0,15207.616499264617,3924.107354493347,22.985363189763607
47.0799999999992,23.245976517957523,3936.012971708663,3.670244882867962,198.42060349169202,198.45454539392009,1.9474322507080202,0.29905332048807914,8019.966043451723,7019.966043451723,150000.0,1.0,15181.813052119696,3936.012971708663,23.245976517957523
47.13999999999919,23.424432084669174,3947.9169140552076,2.275707661767857,198.37476846632313,198.38782122254668,1.9566934510702387,0.009464695587041189,8016.9068948127915,7016.9068948127915,150000.0,1.0,15150.373529070333,3947.9169140552076,23.424432084669174
47.19999999999918,23.519781558782103,3959.8182227576353,0.9168892710679774,198.3426846446095,198.34480390967244,1.9486751702458127,-0.27479189667040277,8013.84774617386,7013.84774617386,150000.0,1.0,15122.61517581962,3959.8182227576353,23.519781558782103
47.25999999999917,23.536996986998464,3971.7193739316967,-0.31851226868715893,198.37610375494856,198.37635945610913,1.9240546635333668,-0.5428715028485708,8010.788597534929,7010.788597534929,150000.0,1.0,15106.261778911889,3971.7193739316967,23.536996986998464
47.319999999999155,23.48476985100777,3983.6251770289655,-1.3963090930928157,198.4991704168484,198.5040814070594,1.8839091827815013,-0.7924887476331908,8007.729448895998,7007.729448895998,150000.0,1.0,15104.548463983705,3983.6251770289655,23.48476985100777
47.37999999999914,23.37294974191461,3995.5410967096914,-2.2983310757031385,198.71295752066683,198.72624842316094,1.8293789820362802,-1.0206855422854755,8004.670300257067,7004.670300257067,150000.0,1.0,15117.170382546237,3995.5410967096914,23.37294974191461
47.43999999999913,23.212992120803996,4007.472306713448,-2.995396205398164,199.00671001166577,199.02925168953067,1.7620627624956107,-1.2160002599197441,8001.611151618135,7001.611151618135,150000.0,1.0,15142.03526947497,4007.472306713448,23.212992120803996
47.49999999999912,23.018762681885445,4019.423406869322,-3.4376140694896646,199.37314362445264,199.40277728554176,1.684620928756959,-1.3546776229693427,7998.552002979204,6998.552002979204,150000.0,1.0,15177.568993030107,4019.423406869322,23.018762681885445
47.55999999999911,22.80462204030048,4031.3978907900096,-3.6739577605892157,199.78043251177326,199.81421165727372,1.600845771635505,-1.4262431111116618,7995.492854340273,6995.492854340273,150000.0,1.0,15218.811568707522,4031.3978907900096,22.80462204030048
47.619999999999095,22.58026973579678,4043.39737076361,-3.7823636921449464,200.20374519028283,200.2394712920391,1.514887477744052,-1.4271499201696838,7992.433705701342,6992.433705701342,150000.0,1.0,15262.099367533201,4043.39737076361,22.58026973579678
47.67999999999908,22.354554998253583,4055.4222789791315,-3.7008059864984206,200.62309388286192,200.65722454993076,1.4309978850283487,-1.357700225570465,7989.3745570624105,6989.3745570624105,150000.0,1.0,15304.181391717715,4055.4222789791315,22.354554998253583
47.73999999999907,22.141854995870254,4067.4712681964593,-3.336949597308773,200.99850492244994,201.02620280370198,1.3532806665984147,-1.2225199783329614,7986.315408423479,6986.315408423479,150000.0,1.0,15338.75874514126,4067.4712681964593,22.141854995870254
47.79999999999906,21.960623404226993,4079.540273032292,-2.6499690257481965,201.2831463203894,201.30058948863692,1.2854424510765305,-1.03008969990897,7983.256259784548,6983.256259784548,150000.0,1.0,15358.836744630373,4079.540273032292,21.960623404226993
47.85999999999905,21.83001591723216,4091.622786122557,-1.6567403409624637,201.44589475088299,201.45270735470694,1.2305880914714813,-0.7918101249486843,7980.197111145617,6980.197111145617,150000.0,1.0,15360.208465847638,4091.622786122557,21.83001591723216
47.919999999999035,21.76667293311689,4103.711315826481,-0.4215659742283955,201.48656500942707,201.48700602562118,1.1910784641140393,-0.5208938822311467,7977.137962506686,6977.137962506686,150000.0,1.0,15343.602379356857,4103.711315826481,21.76667293311689
47.97999999999902,21.782401549166593,4115.799373199112,0.9619114631206004,201.43800237174202,201.44029902971457,1.1684538283735293,-0.23132530925240513,7974.078813867754,6974.078813867754,150000.0,1.0,15314.69466354016,4115.799373199112,21.782401549166593
48.03999999999901,21.882957574496462,4127.883210020311,2.388210249380756,201.35637545540604,201.37053777733647,1.1634130026251184,0.06294116633626065,7971.019665228823,6971.019665228823,150000.0,1.0,15282.347904238182,4127.883210020311,21.882957574496462
48.099999999999,22.067751823925178,4139.962750148966,3.7531234310127637,201.30500283132375,201.33998634252382,1.1758319895921183,0.3484972199909904,7967.960516589892,6967.960516589892,150000.0,1.0,15256.014979862208,4139.962750148966,22.067751823925178
48.15999999999899,22.331125578782007,4152.041242142698,5.007614866795588,201.32459158575617,201.3868600078607,1.2049940146849385,0.6220268954544302,7964.901367950961,6964.901367950961,150000.0,1.0,15241.445791977692,4152.041242142698,22.331125578782007
48.219999999998976,22.665853797035435,4164.123491048376,6.1209711435208245,201.43328919416726,201.52626698105843,1.2501970409520364,0.881361652163005,7961.84221931203,6961.84221931203,150000.0,1.0,15240.8750012259,4164.123491048376,22.665853797035435
48.279999999998964,23.061805713739744,4176.215139987146,7.040313995811609,201.6376849855189,201.76055617359646,1.3102529155427811,1.1147368306753034,7958.783070673098,6958.783070673098,150000.0,1.0,15254.617038671533,4176.215139987146,23.061805713739744
48.33999999999895,23.505061943640495,4188.322143242678,7.686521256324707,201.9450389182592,202.09126985775796,1.3829154438855742,1.2971131540053795,7955.723922034167,6955.723922034167,150000.0,1.0,15282.883177524545,4188.322143242678,23.505061943640495
48.39999999999894,23.978916327030195,4200.450016404118,8.070837094146418,202.32602285470782,202.48693275271864,1.4645990007471312,1.4142118124633407,7952.664773395236,6952.664773395236,150000.0,1.0,15320.90911077094,4200.450016404118,23.978916327030195
48.45999999999893,24.47002702603443,4212.601939995914,8.279011871200536,202.74147527588642,202.9104428919476,1.5511971002021991,1.4602378441231088,7949.605624756305,6949.605624756305,150000.0,1.0,15363.085455825758,4212.601939995914,24.47002702603443
48.519999999998916,24.969794503897358,4224.779263598523,8.349301588478149,203.17011443653686,203.34159986872055,1.6383576229509706,1.432918764208163,7946.5464761173735,6946.5464761173735,150000.0,1.0,15406.356368205854,4224.779263598523,24.969794503897358
48.579999999998904,25.467141910514314,4236.98210888755,8.180939799915198,203.58573754932212,203.75004370431753,1.7217187239444336,1.3343188664152277,7943.487327478442,6943.487327478442,150000.0,1.0,15446.119925531631,4236.98210888755,25.467141910514314
48.63999999999889,25.945114825502436,4249.208368634379,7.6950307265068725,203.9422270730767,204.08734767596022,1.797177749066254,1.170936476683519,7940.428178839511,6940.428178839511,150000.0,1.0,15475.028677633014,4249.208368634379,25.945114825502436
48.69999999999888,26.383768693739633,4261.453076510283,6.872294182942613,204.19456671299798,204.3101796349019,1.8611374209527418,0.9529566995843347,7937.36903020058,6937.36903020058,150000.0,1.0,15486.51458790589,4261.453076510283,26.383768693739633
48.75999999999887,26.763812605328592,4273.7091777811165,5.752137372123477,204.32117875688098,204.40213103817948,1.91069512731316,0.6931520522791687,7934.309881561649,6934.309881561649,150000.0,1.0,15478.123464927054,4273.7091777811165,26.763812605328592
48.819999999998856,27.069713532659136,4285.969342224226,4.417157050675954,204.33509757057828,204.38283532524957,1.9437626280844573,0.40570764908057644,7931.250732922717,6931.250732922717,150000.0,1.0,15452.896398514595,4285.969342224226,27.069713532659136
48.879999999998844,27.29168761550664,4298.228013989172,2.973170011165646,204.28084996054523,204.3024850571282,1.9591192473935868,0.105211817847855,7928.191584283786,6928.191584283786,150000.0,1.0,15418.496058192046,4298.228013989172,27.29168761550664
48.93999999999883,27.426558368788953,4310.482926957418,1.5321935285240822,204.22072362890268,204.2264712923413,1.956413093023595,-0.19405688637852703,7925.132435644855,6925.132435644855,150000.0,1.0,15384.827691456245,4310.482926957418,27.426558368788953
48.99999999999882,27.47773373726446,4322.73563343435,0.19864579342061472,204.21633583563465,204.21643244921296,1.9361268681910857,-0.4788828207679383,7922.073287005924,6922.073287005924,150000.0,1.0,15361.15623725598,4322.73563343435,27.47773373726446
49.05999999999881,27.45341491437522,4334.99068404556,-0.9785959356477141,204.30253295880473,204.30487665102063,1.8992905999795004,-0.7453121372974633,7919.0141383669925,6919.0141383669925,150000.0,1.0,15352.314180656373,4334.99068404556,27.45341491437522
49.1199999999988,27.363867033806226,4347.253914747682,-1.9728842378806535,204.4882538197487,204.4977707029249,1.847096632029275,-0.9902020788857684,7915.954989728061,6915.954989728061,150000.0,1.0,15359.142446515287,4347.253914747682,27.363867033806226
49.179999999998785,27.220851590654153,4359.531066811552,-2.756726579368397,204.7638105805129,204.78236658678784,1.7810741449030676,-1.2041328931186548,7912.89584108913,6912.89584108913,150000.0,1.0,15379.692251324333,4359.531066811552,27.220851590654153
49.23999999999877,27.038541626516654,4371.827277034314,-3.273980978880007,205.12206145322952,205.1481880160596,1.703723042714693,-1.3632379092342068,7909.836692450199,6909.836692450199,150000.0,1.0,15412.377746507194,4371.827277034314,27.038541626516654
49.29999999999876,26.832760317513046,4384.146746477817,-3.553485943202934,205.53233222481273,205.56304836258712,1.6188749830958182,-1.4529824856787752,7906.777543811268,6906.777543811268,150000.0,1.0,15452.363939179555,4384.146746477817,26.832760317513046
49.35999999999875,26.614897833807564,4396.491555977758,-3.6887253862141005,205.96334797320665,205.99637716063626,1.5308461274769918,-1.4688072138415522,7903.718395172336,6903.718395172336,150000.0,1.0,15495.059757881125,4396.491555977758,26.614897833807564
49.41999999999874,26.393632384117936,4408.862389287655,-3.647434180410506,206.39539067850097,206.427617022121,1.4441112665661533,-1.4101368358748712,7900.659246533405,6900.659246533405,150000.0,1.0,15537.374005011736,4408.862389287655,26.393632384117936
49.479999999998725,26.18289277450721,4421.258246728588,-3.3236389257322645,206.789193980485,206.815902006609,1.3630407474170116,-1.281060411490739,7897.600097894474,6897.600097894474,150000.0,1.0,15573.152311488142,4421.258246728588,26.18289277450721
49.53999999999871,26.001589537097654,4433.675293339418,-2.6623447068509742,207.0935100908414,207.11062261768112,1.2916263087048616,-1.0899819927500527,7894.540949255543,6894.540949255543,150000.0,1.0,15594.770676536584,4433.675293339418,26.001589537097654
49.5999999999987,25.87003355228594,4446.106896896172,-1.6717896898914901,207.27041360545692,207.2771556080033,1.233249389368902,-0.8486505833087634,7891.4818006166115,6891.4818006166115,150000.0,1.0,15597.031570617926,4446.106896896172,25.87003355228594
49.65999999999869,25.806335808582986,4458.545056144174,-0.414335462255106,207.31426256427494,207.314676606468,1.1905162274463084,-0.5709509316504296,7888.42265197768,6888.42265197768,150000.0,1.0,15579.863880356297,4458.545056144174,25.806335808582986
49.71999999999868,25.82372078408866,4470.982552301874,1.013020308714588,207.2562560109291,207.25873169980957,1.165165611604857,-0.27173486708949457,7885.363503338749,6885.363503338749,150000.0,1.0,15548.688369881342,4470.982552301874,25.82372078408866
49.779999999998665,25.929058586797225,4483.414937055191,2.498414591277407,207.15509879869535,207.17016443920474,1.1580399650873447,0.034096578238278795,7882.304354699818,6882.304354699818,150000.0,1.0,15512.696468447855,4483.414937055191,25.929058586797225
49.83999999999865,26.122448328334126,4495.841682475256,3.9300576815563666,207.07954511373183,207.11683504218206,1.1691018166484728,0.33218877083375187,7879.245206060887,6879.245206060887,150000.0,1.0,15482.060130036922,4495.841682475256,26.122448328334126
49.89999999999864,26.398256409763313,4508.2660017469425,5.2451410095356685,207.07813132020092,207.1445485048455,1.1976237758120025,0.61706606668672,7876.186057421955,6876.186057421955,150000.0,1.0,15463.584180061018,4508.2660017469425,26.398256409763313
49.95999999999863,26.748991252022428,4520.692947315147,6.415933169682427,207.17074276198588,207.27006743616107,1.2428736488365937,0.8878358055101218,7873.126908783024,6873.126908783024,150000.0,1.0,15459.711600182589,4520.692947315147,26.748991252022428
50.01999999999862,27.164151674130014,4533.128542043868,7.3836005582887285,207.36645247348744,207.49786304596844,1.3036467260387479,1.1319639193955529,7870.067760144093,6870.067760144093,150000.0,1.0,15471.06068612792,4533.128542043868,27.164151674130014
50.079999999998606,27.629076088614116,4545.579231613068,8.062662642356758,207.67385316696448,207.830305340916,1.3776162626674395,1.3230089855778766,7867.008611505162,6867.008611505162,150000.0,1.0,15497.956418072843,4545.579231613068,27.629076088614116
50.139999999998594,28.126076522162677,4558.051004464182,8.46385780226677,208.06127476306696,208.23335694583,1.4610410573513872,1.4458204700096526,7863.9494628662305,6863.9494628662305,150000.0,1.0,15535.314826464803,4558.051004464182,28.126076522162677
50.19999999999858,28.640983431551202,4570.547312433545,8.678062541411556,208.4859184877446,208.66644909316673,1.549622803519731,1.4941604554172494,7860.890314227299,6860.890314227299,150000.0,1.0,15577.086422719707,4570.547312433545,28.640983431551202
50.25999999999857,29.164743403107757,4583.06959854885,8.74868358052045,208.92444593356487,209.1075406890893,1.6387986093156846,1.4655773738309075,7857.831165588368,6857.831165588368,150000.0,1.0,15619.983101566804,4583.06959854885,29.164743403107757
50.31999999999856,29.685785188106436,4595.617978600981,8.56883272032611,209.3487605730419,209.52405219367478,1.723994620263391,1.3622828641975,7854.772016949437,6854.772016949437,150000.0,1.0,15659.136155456777,4595.617978600981,29.685785188106436
50.379999999998546,30.186270584984815,4608.190170757745,8.054604025526945,209.70918178219273,209.86380719353394,1.8009152271582778,1.1912550439590162,7851.712868310506,6851.712868310506,150000.0,1.0,15686.742528191171,4608.190170757745,30.186270584984815
50.439999999998534,30.645224951950855,4620.780823125342,7.186911896433518,209.95766710027002,210.08063613002247,1.8658071006619885,0.9634123550214206,7848.653719671574,6848.653719671574,150000.0,1.0,15695.907166229648,4620.780823125342,30.645224951950855
50.49999999999852,31.042481670763205,4633.382387325588,6.009839427991816,210.07230914493556,210.15825760468138,1.915660442112576,0.6924038241546496,7845.594571032643,6845.594571032643,150000.0,1.0,15684.238380249211,4633.382387325588,31.042481670763205
50.55999999999851,31.361997140448374,4645.987119192418,4.613111847327275,210.06906956427827,210.11971537320701,1.9483340146652814,0.393328876124188,7842.535422393712,6842.535422393712,150000.0,1.0,15655.25349967388,4645.987119192418,31.361997140448374
50.6199999999985,31.593927786687814,4658.58929852265,3.1101783351345698,209.99758985589742,210.0206203080118,1.9626081868190584,0.08165384971884848,7839.476273754781,6839.476273754781,150000.0,1.0,15617.319002201235,4658.58929852265,31.593927786687814
50.679999999998486,31.73547854837126,4671.186820114662,1.619989039434556,209.92554467882474,209.931795288825,1.9581827210238685,-0.22753692303529519,7836.41712511585,6836.41712511585,150000.0,1.0,15581.00245972644,4671.186820114662,31.73547854837126
50.739999999998474,31.79079890873376,4683.781675251887,0.25022920258615317,209.91770209500578,209.91785123590947,1.9356341691113559,-0.5207801463906393,7833.357976476918,6833.357976476918,150000.0,1.0,15555.86573805009,4683.781675251887,31.79079890873376
50.79999999999846,31.76863436216794,4696.378868374566,-0.9554594071233061,210.00739530019993,210.00956879021751,1.8960284364910067,-0.7953377666299707,7830.298827837987,6830.298827837987,150000.0,1.0,15546.404875276925,4696.378868374566,31.76863436216794
50.85999999999845,31.68005207834452,4708.984681126153,-1.9612113588565057,210.20362929322476,210.21277819875166,1.840652262515684,-1.0457925433028972,7827.239679199056,6827.239679199056,150000.0,1.0,15553.42203859265,4708.984681126153,31.68005207834452
50.91999999999844,31.53779735422744,4721.605168559357,-2.737168626905506,210.49447178848047,210.51226744682484,1.7712136837352133,-1.260979454008769,7824.180530560125,6824.180530560125,150000.0,1.0,15574.629583199816,4721.605168559357,31.53779735422744
50.97999999999843,31.35755371244344,4734.245805524692,-3.2241164786995538,210.87173754988544,210.89638362090514,1.6906048584517037,-1.4142614855996778,7821.1213819211935,6821.1213819211935,150000.0,1.0,15608.2897857089,4734.245805524692,31.35755371244344
51.039999999998415,31.155616297732674,4746.91072562327,-3.477010580584509,211.29701132418867,211.3256174653509,1.6029767394558034,-1.4939422425104294,7818.062233282262,6818.062233282262,150000.0,1.0,15648.555438234773,4746.91072562327,31.155616297732674
51.0999999999984,30.942953697830053,4759.601794405099,-3.5882890381448718,211.74023690792134,211.77063947592904,1.5128899812784422,-1.495860052229962,7815.003084643331,6815.003084643331,150000.0,1.0,15691.086804115046,4759.601794405099,30.942953697830053
51.15999999999839,30.729168944027705,4772.319471517246,-3.4931057133252117,212.17824820183316,212.20699987871083,1.4250265729914535,-1.4202986698588094,7811.9439360044,6811.9439360044,150000.0,1.0,15732.261246472244,4772.319471517246,30.729168944027705
51.21999999999838,30.53007034205343,4785.062153950521,-3.0855976736910375,212.56447094480745,212.58686511882567,1.343900841952816,-1.2725525303855454,7808.884787365469,6808.884787365469,150000.0,1.0,15764.983706768433,4785.062153950521,30.53007034205343
51.27999999999837,30.366088424929828,4797.8250728606645,-2.3208689132134928,212.84464445109083,212.85729751179215,1.273571400230406,-1.0623610186245835,7805.825638726537,6805.825638726537,150000.0,1.0,15781.404693398476,4797.8250728606645,30.366088424929828
51.339999999998355,30.258293083310203,4810.600676888778,-1.2216225730928747,212.98442732073465,212.98793074456682,1.2174067814517748,-0.8027719246693099,7802.766490087606,6802.766490087606,150000.0,1.0,15777.050206197773,4810.600676888778,30.258293083310203
51.39999999999834,30.224671486409825,4823.380436184482,0.1354665994964902,212.98716491735394,212.98720799787884,1.1779266821493621,-0.5088111742848347,7799.707341448675,6799.707341448675,150000.0,1.0,15753.240303493178,4823.380436184482,30.224671486409825
51.45999999999833,30.277545217949854,4836.157220731342,1.6420147111219308,212.89498886316514,212.90132102774456,1.1567210491462159,-0.19626360993587963,7796.648192809744,6796.648192809744,150000.0,1.0,15716.895261257678,4836.157220731342,30.277545217949854
51.51999999999832,30.42230719386358,4848.927289011501,3.1783905392705636,212.77570158393834,212.79943926372857,1.1544335448620646,0.11923320979103535,7793.5890441708125,6793.5890441708125,150000.0,1.0,15678.284394240794,4848.927289011501,30.42230719386358
51.57999999999831,30.65722357030033,4861.691235636598,4.6301470138731595,212.7020438816278,212.7524329656232,1.170790493247391,0.42311481982714505,7790.529895531881,6790.529895531881,150000.0,1.0,15647.843563810653,4861.691235636598,30.65722357030033
51.639999999998295,30.975573213479784,4874.453215646437,5.958249278384698,212.71347281203586,212.79690376088675,1.204988874123941,0.7147121075405619,7787.47074689295,6787.47074689295,150000.0,1.0,15630.899853741537,4874.453215646437,30.975573213479784
51.69999999999828,31.368779032847996,4887.218974854963,7.114209182315921,212.83051311402488,212.94938197766356,1.2561948814079316,0.9879436538463114,7784.411598254019,6784.411598254019,150000.0,1.0,15629.816976019942,4887.218974854963,31.368779032847996
51.75999999999827,31.824611066327353,4899.995088779645,8.029856693127638,213.06075468871023,213.2120160474895,1.3228749762638967,1.2259920069077512,7781.352449615088,6781.352449615088,150000.0,1.0,15644.860747476547,4899.995088779645,31.824611066327353
51.81999999999826,32.32589135240414,4912.788605417833,8.628515198442889,213.40543671035982,213.57980169498506,1.402027856716732,1.4007915810777407,7778.293300976156,6778.293300976156,150000.0,1.0,15675.270402509032,4912.788605417833,32.32589135240414
51.87999999999825,32.8546996250763,4925.605101643339,8.962367047091925,213.81847537556447,214.00622522491645,1.4894931499141348,1.501869353176037,7775.234152337225,6775.234152337225,150000.0,1.0,15714.213797277038,4925.605101643339,32.8546996250763
51.939999999998236,33.39824134543295,4938.4473689515335,9.135244852558387,214.2599224812119,214.45458045975872,1.5806686036449589,1.523909687191431,7772.175003698294,6772.175003698294,150000.0,1.0,15756.303635394646,4938.4473689515335,33.39824134543295
51.999999999998224,33.94734630617006,4951.31645276981,9.127128214825337,214.7082949669351,214.90220193627212,1.6707588659204449,1.4659582754483853,7769.115855059363,6769.115855059363,150000.0,1.0,15798.210376905163,4951.31645276981,33.94734630617006
52.05999999999821,34.48744937615819,4964.211724836952,8.818683618943375,215.12409603594003,215.30477439214246,1.7550647299676945,1.332227105684653,7766.0567064204315,6766.0567064204315,150000.0,1.0,15833.415866249057,4964.211724836952,34.48744937615819
52.1199999999982,34.99823117680052,4977.129567523967,8.144869552031482,215.4515109739711,215.60540921087022,1.829288867796858,1.1317592482345658,7762.9975577815,6762.9975577815,150000.0,1.0,15853.55214169378,4977.129567523967,34.99823117680052
52.17999999999819,35.45761568973287,4990.0632495643795,7.112263422568468,215.647342191847,215.76459506925494,1.8897951446890733,0.8773351527657681,7759.938409142569,6759.938409142569,150000.0,1.0,15852.830602290835,4990.0632495643795,35.45761568973287
52.239999999998176,35.845867355664225,5003.0044272921905,5.789194004295052,215.70354385062498,215.78121696973037,1.933792117453927,0.5840958666140774,7756.879260503638,6756.879260503638,150000.0,1.0,15831.152059897606,5003.0044272921905,35.845867355664225
52.299999999998164,36.14865227728973,5015.945519809957,4.283313721934,215.6530491058381,215.6955826276596,1.959433888264238,0.26821725043315875,7753.820111864707,6753.820111864707,150000.0,1.0,15794.52395320519,5015.945519809957,36.14865227728973
52.35999999999815,36.358693157581165,5028.881920641767,2.718801473044262,215.55928443328096,215.57642957159754,1.9658495385852726,-0.05411635965481994,7750.760963225775,6750.760963225775,150000.0,1.0,15753.085231824898,5028.881920641767,36.358693157581165
52.41999999999814,36.47621716946548,5041.813256146066,1.2193023964550205,215.49624713917203,215.49969658772403,1.9531223978004155,-0.36735993666193417,7747.701814586844,6747.701814586844,150000.0,1.0,15717.942385493492,5041.813256146066,36.47621716946548
52.47999999999813,36.5081600617026,5054.743263280012,-0.1303707032640257,215.52004309154853,215.52008252295934,1.9221601500624301,-0.6623933395152687,7744.642665947913,6744.642665947913,150000.0,1.0,15697.020190370546,5054.743263280012,36.5081600617026
52.539999999998116,36.46458840912074,5067.677959702998,-1.2868482628286275,215.65568205235041,215.6595214218839,1.874106811563023,-0.9352294325150339,7741.583517308982,6741.583517308982,150000.0,1.0,15693.438986618114,5067.677959702998,36.46458840912074
52.599999999998104,36.35815651040524,5080.62410616573,-2.2210882111893095,215.89925875193916,215.9106832986239,1.8105006665061076,-1.1790813447370994,7738.5243686700505,6738.5243686700505,150000.0,1.0,15706.07435655193,5080.62410616573,36.35815651040524
52.65999999999809,36.20353528352215,5093.587813206453,-2.8785621058592796,216.24091909125931,216.26007770559468,1.7335989014445365,-1.372882483037888,7735.465220031119,6735.465220031119,150000.0,1.0,15732.934484448844,5093.587813206453,36.20353528352215
52.71999999999808,36.01859532514341,5106.5744981960315,-3.244750518558126,216.65682185344585,216.68111791654448,1.6472155272408087,-1.4937615557017454,7732.406071392188,6732.406071392188,150000.0,1.0,15770.142770415898,5106.5744981960315,36.01859532514341
52.77999999999807,35.81792632460444,5119.587239755561,-3.4227539206356283,217.10412344213216,217.13110247032273,1.5559361860884346,-1.5353455245120504,7729.346922753257,6729.346922753257,150000.0,1.0,15811.486399656496,5119.587239755561,35.81792632460444
52.83999999999806,35.61092304267545,5132.627172414963,-3.4409219394325605,217.5595443152262,217.58675342594304,1.4646061971866677,-1.4955038996051484,7726.287774114326,6726.287774114326,150000.0,1.0,15853.577240099361,5132.627172414963,35.61092304267545
52.899999999998045,35.41063266543733,5145.693823880543,-3.180113247148903,217.9861221215529,218.0093175941278,1.3780467972100654,-1.3772822355903545,7723.228625475394,6723.228625475394,150000.0,1.0,15890.76696821084,5145.693823880543,35.41063266543733
52.95999999999803,35.236553529367754,5158.783768683982,-2.5596228342046112,218.32606906416368,218.3410728700932,1.3007393130241367,-1.1888503235624661,7720.169476836463,6720.169476836463,150000.0,1.0,15914.63993397784,5158.783768683982,35.236553529367754
53.01999999999802,35.11088405323303,5171.890200937929,-1.571098566486269,218.5296593377241,218.53530689791836,1.23654500505646,-0.9424975226696086,7717.110328197532,6717.110328197532,150000.0,1.0,15918.403488256617,5171.890200937929,35.11088405323303
53.07999999999801,35.054254526789066,5185.00425469647,-0.2724241205166057,218.58112086272914,218.58129062778553,1.1884983280031693,-0.6532523422726831,7714.051179558601,6714.051179558601,150000.0,1.0,15900.552444618887,5185.00425469647,35.054254526789066
53.139999999998,35.082360373753076,5198.117423221226,1.2339511076537661,218.50819271431538,218.51167684728537,1.1586853365126493,-0.3374817112638828,7710.99203091967,6710.99203091967,150000.0,1.0,15865.930371042166,5198.117423221226,35.082360373753076
53.199999999997985,35.204022543068604,5211.223999163817,2.8249733928946408,218.3738619797466,218.39213371964655,1.14819921774959,-0.011756896833428468,7707.932882280738,6707.932882280738,150000.0,1.0,15824.156406958962,5211.223999163817,35.204022543068604
53.25999999999797,35.42053821343902,5224.322635044941,4.375400613583409,218.2566959729588,218.30054848204554,1.1571523369032943,0.30789181505379215,7704.873733641807,6704.873733641807,150000.0,1.0,15786.541041994611,5224.322635044941,35.42053821343902
53.31999999999796,35.72644006878655,5237.416442500917,5.801137940301413,218.2187072100275,218.29580247411565,1.1848251203053906,0.6128195395757978,7701.814585002876,6701.814585002876,150000.0,1.0,15761.556061341167,5237.416442500917,35.72644006878655
53.37999999999795,36.1136757629359,5250.5109563094775,7.074699218605601,218.28448966626007,218.39910667833175,1.2304163368628915,0.9033766250356046,7698.755436363945,6698.755436363945,150000.0,1.0,15752.191843369068,5250.5109563094775,36.1136757629359
53.43999999999794,36.57105713937816,5263.612908323278,8.12820074270342,218.46727646984286,218.61843137179545,1.2926892889520465,1.165979778980921,7695.6962877250135,6695.6962877250135,150000.0,1.0,15759.535055074106,5263.612908323278,36.57105713937816
53.499999999997925,37.08251872801577,5276.729680653441,8.864180349426162,218.7783050254635,218.95780516593123,1.3691585783012,1.3715137972054405,7692.637139086082,6692.637139086082,150000.0,1.0,15784.125801420205,5276.729680653441,37.08251872801577
53.55999999999791,37.62858844943047,5289.868137926284,9.293810274928703,219.18096413080514,219.37791581363803,1.4557971537097825,1.5034746154227707,7689.577990447151,6689.577990447151,150000.0,1.0,15820.281049601466,5289.868137926284,37.62858844943047
53.6199999999979,38.19364309753129,5303.032218425981,9.51778926072588,219.6256846052696,219.83182128787666,1.5479612072140712,1.5548599995803714,7686.51884180822,6686.51884180822,150000.0,1.0,15861.23134755178,5303.032218425981,38.19364309753129
53.67999999999789,38.76781325476589,5316.223526313735,9.586481131523083,220.0853875416702,220.29407261624678,1.6407107874445144,1.5229502532729897,7683.459693169289,6683.459693169289,150000.0,1.0,15903.306085239652,5316.223526313735,38.76781325476589
53.73999999999788,39.33849885446886,5329.442142281144,9.380876129844129,220.5279868584027,220.72741973933216,1.7290967286624255,1.4102974799224088,7680.400544530357,6680.400544530357,150000.0,1.0,15941.125542642305,5329.442142281144,39.33849885446886
53.799999999997866,39.886137115712174,5342.685407144254,8.808817712452926,220.89682222531158,221.07238936314985,1.8084869813509536,1.224817342249265,7677.341395891426,6677.341395891426,150000.0,1.0,15966.097424628499,5342.685407144254,39.886137115712174
53.859999999997854,40.38783064069044,5355.947193390799,7.852892335456517,221.1384072085773,221.27779613142124,1.8748621759346358,0.9788044392790192,7674.282247252495,6674.282247252495,150000.0,1.0,15970.843304857935,5355.947193390799,40.38783064069044
53.91999999999784,40.82184970351467,5369.219003305753,6.56690830271869,221.23090803686873,221.3283509979546,1.9250369682117576,0.6875127463728362,7671.223098613564,6671.223098613564,150000.0,1.0,15953.213153038747,5369.219003305753,40.82184970351467
53.97999999999783,41.17131135628355,5382.492339448524,5.0542878801831925,221.19656588353723,221.25430297430555,1.956792813633418,0.36768403617636086,7668.1639499746325,6668.1639499746325,150000.0,1.0,15917.66431735952,5382.492339448524,41.17131135628355
54.03999999999782,41.42638023056053,5395.7612366436015,3.442567973525934,221.09511148628422,221.1219111652773,1.9689291019241348,0.03633886329778177,7665.104801335701,6665.104801335701,150000.0,1.0,15873.821600924646,5395.7612366436015,41.42638023056053
54.099999999997806,41.58507290252273,5409.023969885317,1.86317419500735,221.0043134529443,221.01216704717456,1.9612537666800602,-0.2900247504642952,7662.04565269677,6662.04565269677,150000.0,1.0,15833.344574180108,5409.023969885317,41.58507290252273
54.159999999997794,41.652946604345196,5422.283403863113,0.4268129664675334,220.9936255626176,220.99403772187787,1.934515879440434,-0.5980846127910685,7658.986504057839,6658.986504057839,150000.0,1.0,15806.071445482707,5422.283403863113,41.652946604345196
54.21999999999778,41.63967367334727,5435.5453706258695,-0.8301932532717256,221.0933120274627,221.09487068702148,1.8898240163583477,-0.8868312795531067,7655.927355418908,6655.927355418908,150000.0,1.0,15795.83401864389,5435.5453706258695,41.63967367334727
54.27999999999777,41.55790264330439,5448.816980423516,-1.854742197819234,221.31230576113117,221.32007760239193,1.8286588845721348,-1.1464172986255163,7652.868206779976,6652.868206779976,150000.0,1.0,15803.33557302192,5448.816980423516,41.55790264330439
54.33999999999776,41.422438441200846,5462.104913701873,-2.6054800301364094,221.63707729305648,221.65239127335335,1.7531229277626923,-1.360670822082124,7649.809058141045,6649.809058141045,150000.0,1.0,15826.068819063963,5462.104913701873,41.422438441200846
54.399999999997746,41.25168178086815,5475.415220857455,-3.0393350961355945,222.0503085801518,222.07110820268187,1.6668467935197178,-1.5021935935127089,7646.749909502114,6646.749909502114,150000.0,1.0,15861.061819478919,5475.415220857455,41.25168178086815
54.459999999997734,41.06219775395646,5488.751747487973,-3.2507073444608623,222.50430413093258,222.5280486928106,1.5744845920903763,-1.5626134985229787,7643.690760863183,6643.690760863183,150000.0,1.0,15901.432430772162,5488.751747487973,41.06219775395646
54.51999999999772,40.86441319902409,5502.116000483804,-3.3094300975941526,222.971162656539,222.99572126832308,1.4810241091572838,-1.5386688247007438,7640.6316122242515,6640.6316122242515,150000.0,1.0,15943.253918905624,5502.116000483804,40.86441319902409
54.57999999999771,40.67039863490005,5515.507897790976,-3.1032700962852005,223.417529763147,223.43908093875874,1.391494647075762,-1.4323970082260022,7637.57246358532,6637.57246358532,150000.0,1.0,15981.51463716413,5515.507897790976,40.67039863490005
54.6399999999977,40.49934396204884,5528.924509242433,-2.5335851537859218,223.78423820177983,223.7985798017548,1.3106347618782275,-1.2513655387868925,7634.513314946389,6634.513314946389,150000.0,1.0,16007.695534665909,5528.924509242433,40.49934396204884
54.69999999999769,40.37415594405812,5542.35925254985,-1.5770446146266865,224.01440933770766,224.0199604067427,1.2425849456115365,-1.007731627524782,7631.454166307458,6631.454166307458,150000.0,1.0,16014.049539158093,5542.35925254985,40.37415594405812
54.759999999997675,40.316873711496555,5555.802985772595,-0.2834845926374652,224.08358092873894,224.08376024460352,1.190653771237205,-0.7168111667214021,7628.395017668527,6628.395017668527,150000.0,1.0,15997.849821034888,5555.802985772595,40.316873711496555
54.81999999999766,40.3448655309469,5569.246471371872,1.2456398308610288,224.01360773869104,224.01707093588286,1.157174404147261,-0.39556145777413987,7625.335869029595,6625.335869029595,150000.0,1.0,15963.062094992109,5569.246471371872,40.3448655309469
54.87999999999765,40.46852555448547,5582.683064677595,2.883389869296431,223.86663165071107,223.8851998319083,1.1434460265729083,-0.06131261133819415,7622.276720390664,6622.276720390664,150000.0,1.0,15919.089411556444,5582.683064677595,40.46852555448547
54.93999999999764,40.690404909072384,5596.110581499507,4.4980871296468505,223.72522165304244,223.7704350255611,1.149739234520491,0.2690861317796037,7619.217571751733,6619.217571751733,150000.0,1.0,15877.67126215863,5596.110581499507,40.690404909072384
54.99999999999763,41.00565641344574,5609.531701853636,5.988634760959085,223.66121949207377,223.7413793891996,1.1754000671126796,0.5842123807964517,7616.158423112802,6616.158423112802,150000.0,1.0,15848.504387178366,5609.531701853636,41.00565641344574
55.059999999997615,41.40611098202602,5622.952045650824,7.328076588332255,223.70372440348515,223.82371862355183,1.2195894152301294,0.8854350222981519,7613.0992744738705,6613.0992744738705,150000.0,1.0,15835.150078329783,5622.952045650824,41.40611098202602
55.1199999999976,41.88064353536812,5636.378606340609,8.446792835797805,223.8691942435097,224.02849024275721,1.2811308213737804,1.1599160853052357,7610.040125834939,6610.040125834939,150000.0,1.0,15839.098687168565,5636.378606340609,41.88064353536812
55.17999999999759,42.41308106462658,5649.819160343993,9.24183303712499,224.1711655582783,224.36158972881947,1.3576284280183786,1.378328117251669,7606.980977196008,6606.980977196008,150000.0,1.0,15861.134690535624,5649.819160343993,42.41308106462658
55.23999999999758,42.98309173897046,5663.281200646707,9.710626556904216,224.57571657538784,224.78556168819335,1.4450252999853992,1.5216146719646204,7603.921828557077,6603.921828557077,150000.0,1.0,15895.940864459131,5663.281200646707,42.98309173897046
55.29999999999757,43.57380669806131,5676.76919649084,9.953495818774691,225.02870698060354,225.24873150447863,1.538562420951493,1.5820593138036534,7600.862679918146,6600.862679918146,150000.0,1.0,15936.207391960896,5676.76919649084,43.57380669806131
55.359999999997555,44.17462948358336,5690.284994431939,10.04018287570397,225.49916036441397,225.72256554725155,1.6331460056864449,1.556371791999712,7597.803531279214,6597.803531279214,150000.0,1.0,15977.898270419677,5690.284994431939,44.17462948358336
55.41999999999754,44.77311480001157,5703.828835710687,9.852980375015031,225.95549602390543,226.17021776900594,1.7236441697365275,1.4467349328442465,7594.744382640283,6594.744382640283,150000.0,1.0,16015.795938574875,5703.828835710687,44.77311480001157
55.47999999999753,45.34940699034909,5717.398196585341,9.289517509121945,226.33899430440795,226.52954659002674,1.8052294806290927,1.261020864179685,7591.685234001352,6591.685234001352,150000.0,1.0,16041.098295405876,5717.398196585341,45.34940699034909
55.53999999999752,45.879801594224574,5730.986876956371,8.325921938527971,226.591738698715,226.7446515855075,1.873694357740681,1.0117981233878126,7588.626085362421,6588.626085362421,150000.0,1.0,16045.904362564555,5730.986876956371,45.879801594224574
55.59999999999751,46.34152913906889,5744.586042915445,7.014712928493242,226.68801758931227,226.79652447963466,1.9256894231492292,0.7148369762696353,7585.56693672349,6585.56693672349,150000.0,1.0,16027.58383385722,5744.586042915445,46.34152913906889
55.659999999997495,46.71672515923453,5758.186703536604,5.4622588364069635,226.64893486849314,226.7147457679327,1.9588678516504288,0.38753782613671084,7582.507788084558,6582.507788084558,150000.0,1.0,15990.421008862812,5758.186703536604,46.71672515923453
55.71999999999748,46.99482956310421,5771.782429749931,3.801397812405035,226.53627576442432,226.56816824643187,1.971942202459109,0.047631329571400975,7579.448639445627,6579.448639445627,150000.0,1.0,15944.22801551172,5771.782429749931,46.99482956310421
55.77999999999747,47.17348218668364,5785.371228588535,2.1696537443996347,226.43203348504494,226.4424279713126,1.9646761391216352,-0.2876829641072036,7576.389490806696,6576.389490806696,150000.0,1.0,15901.09441758153,5785.371228588535,47.17348218668364
55.83999999999746,47.25824790407205,5798.955977851959,0.6848122766480844,226.41061413486838,226.41164979033766,1.9378192373140204,-0.6041980815502423,7573.330342167765,6573.330342167765,150000.0,1.0,15871.386118199245,5798.955977851959,47.25824790407205
55.89999999999745,47.259034127626244,5812.54273044662,-0.6191795112244334,226.5032503271647,226.50409663411688,1.892494397382576,-0.9019098470322123,7570.2711935288335,6570.2711935288335,150000.0,1.0,15858.979832182013,5812.54273044662,47.259034127626244
55.959999999997436,47.18886338221092,5826.138919461208,-1.6773721276083646,226.7226446510082,226.72884945414825,1.8302010026226208,-1.168776684724898,7567.212044889902,6567.212044889902,150000.0,1.0,15865.070863711106,5826.138919461208,47.18886338221092
56.019999999997424,47.06339290457413,5839.75164960253,-2.446596650317327,227.05447506843808,227.06765618152954,1.7531568796803125,-1.388020308494907,7564.152896250971,6564.152896250971,150000.0,1.0,15887.057983460903,5839.75164960253,47.06339290457413
56.07999999999741,46.90196417411454,5853.387323228805,-2.885653661336736,227.47878921892084,227.49709128153572,1.6651602220199133,-1.5317415834066115,7561.09374761204,6561.09374761204,150000.0,1.0,15921.644728776912,5853.387323228805,46.90196417411454
56.1399999999974,46.72172010680001,5867.049917230489,-3.0959382218562457,227.9447604005605,227.96578389649287,1.571029128101722,-1.5915507283808372,7558.034598973109,6558.034598973109,150000.0,1.0,15961.639492634438,5867.049917230489,46.72172010680001
56.19999999999739,46.533397287697305,5880.740952376681,-3.146872816875612,228.4232137241344,228.44488914525354,1.475921758858732,-1.5641715369856426,7554.975450334177,6554.975450334177,150000.0,1.0,16003.00471783651,5880.740952376681,46.533397287697305
56.259999999997376,46.34971664655039,5894.460247135584,-2.9186433275684553,228.87781243293577,228.89642090465216,1.3850299156068004,-1.4519209472256696,7551.916301695246,6551.916301695246,150000.0,1.0,16040.417881616082,5894.460247135584,46.34971664655039
56.319999999997364,46.19081548287104,5908.204544563644,-2.3104525957546436,229.24529132960183,229.25693400198662,1.3032298362531565,-1.2629013938643445,7548.857153056315,6548.857153056315,150000.0,1.0,16064.987446466606,5908.204544563644,46.19081548287104
56.37999999999735,46.08052494558256,5921.9667297389915,-1.3017645226503138,229.46643106292237,229.47012349242186,1.2347621441314245,-1.009969728070157,7545.798004417384,6545.798004417384,150000.0,1.0,16068.841665230253,5921.9667297389915,46.08052494558256
56.43999999999734,46.04153041530572,5935.737088131581,0.05149234266102054,229.51790787159794,229.5179136477514,1.182991231293504,-0.709202671557911,7542.7388557784525,6542.7388557784525,150000.0,1.0,16049.513493981714,5935.737088131581,46.04153041530572
56.49999999999733,46.09144066285171,5949.505981564105,1.6407834572801983,229.4259830984041,229.43185021052088,1.1502608044948877,-0.3782947655342388,7539.679707139521,6539.679707139521,150000.0,1.0,16011.521824736674,5949.505981564105,46.09144066285171
56.559999999997316,46.240478693664805,5963.266687372015,3.3327022683551233,229.2588014072445,229.28302363475555,1.1378383169721535,-0.03524363982886607,7536.62055850059,6536.62055850059,150000.0,1.0,15964.88943582123,5963.266687372015,46.240478693664805
56.619999999997304,46.4906714929925,5977.017298442815,4.9903108380375665,229.10442654366898,229.15876911906219,1.1459249817441644,0.30251324654755013,7533.561409861659,6533.561409861659,150000.0,1.0,15921.812672320732,5977.017298442815,46.4906714929925
56.67999999999729,46.83649690637625,5990.7609998732305,6.515125418618191,229.03574451983542,229.1283900501543,1.1737905428976068,0.6244106920705068,7530.502261222728,6530.502261222728,150000.0,1.0,15891.875059586033,5990.7609998732305,46.83649690637625
56.73999999999728,47.269306418627124,6004.503873931897,7.877634428146951,229.08156380078873,229.21697144321223,1.2205731540935982,0.9313611201000743,7527.443112583796,6527.443112583796,150000.0,1.0,15878.47186561071,6004.503873931897,47.269306418627124
56.79999999999727,47.77711118500673,6018.253388986373,9.001161513530075,229.25858447838814,229.43521845093198,1.2849811206816184,1.2084786167513686,7524.383963944865,6524.383963944865,150000.0,1.0,15883.01037717892,6018.253388986373,47.77711118500673
56.85999999999726,48.34229636893122,6032.0178882225,9.777502527698049,229.5800245053549,229.78813548039963,1.3643203750274604,1.4239063139609713,7521.324815305934,6521.324815305934,150000.0,1.0,15906.13191276531,6032.0178882225,48.34229636893122
56.919999999997245,48.943762473060886,6045.80500959441,10.223830747121891,230.0023339857873,230.2294515348882,1.454275197735436,1.5607285871158723,7518.265666667003,6518.265666667003,150000.0,1.0,15941.408959059867,6045.80500959441,48.943762473060886
56.97999999999723,49.564772500588525,6059.619050285215,10.451842780260783,230.46986558230805,230.706740168185,1.5498820958742707,1.6114219719529392,7515.2065180280715,6515.2065180280715,150000.0,1.0,15981.579654503146,6059.619050285215,49.564772500588525
57.03999999999722,50.194794053804415,6073.46170828162,10.510373817996593,230.95263833369162,231.19167180304527,1.645864052181654,1.5732300791588578,7512.14736938914,6512.14736938914,150000.0,1.0,16022.719866648611,6073.46170828162,50.194794053804415
57.09999999999721,50.81992938490672,6087.3329484876,10.266613102251165,231.41343725069993,231.64106346840785,1.736949871537347,1.4492459641218185,7509.088220750209,6509.088220750209,150000.0,1.0,16058.842521069328,6087.3329484876,50.81992938490672
57.1599999999972,51.418747436306155,6101.229595723586,9.623795504659311,231.7882086725893,231.98791158067547,1.818233713872532,1.2484279001376881,7506.029072111278,6506.029072111278,150000.0,1.0,16080.658226820782,6101.229595723586,51.418747436306155
57.219999999997185,51.96650381634227,6115.144627799676,8.569602832258177,232.01904788065926,232.17725270178883,1.8854957140484374,0.9844373781003694,7502.969923472347,6502.969923472347,150000.0,1.0,16080.571515837843,6115.144627799676,51.96650381634227
57.27999999999717,52.44014849582463,6129.068568699436,7.169580603333949,232.08601091766812,232.196725536136,1.9354366671885146,0.6740170210062558,7499.910774833415,6499.910774833415,150000.0,1.0,16056.944394021753,6129.068568699436,52.44014849582463
57.33999999999716,52.82227028705075,6142.992245929081,5.54113851539426,232.01921630218249,232.08537426887918,1.965812865601002,0.33535504519961706,7496.851626194484,6496.851626194484,150000.0,1.0,16015.291864952964,6142.992245929081,52.82227028705075
57.39999999999715,53.103329186120426,6156.909597747324,3.8249249529090186,231.8891533846634,231.92069659336428,1.9754816524890224,-0.013211966512371082,7493.792477555553,6493.792477555553,150000.0,1.0,15966.408639322326,6156.909597747324,53.103329186120426
57.45999999999714,53.28236129240007,6170.819434946063,2.1632787034562435,231.78327286046024,231.79336779264284,1.9643833798158192,-0.3540188339348861,7490.733328916622,6490.733328916622,150000.0,1.0,15922.80351120937,6170.819434946063,53.28236129240007
57.519999999997125,53.36636941163853,6184.725579755928,0.6654719116320389,231.77364244953404,231.77459780396475,1.9334346313719422,-0.674699494133024,7487.6741802776905,6487.6741802776905,150000.0,1.0,15894.200381017181,6184.725579755928,53.36636941163853
57.57999999999711,53.36593374227534,6198.634687169584,-0.6368797088358831,231.88681692809578,231.88769152503056,1.8837756210613312,-0.9753320442596594,7484.615031638759,6484.615031638759,150000.0,1.0,15883.702398984758,6198.634687169584,53.36593374227534
57.6399999999971,53.29521950094088,6212.554631709544,-1.6752645109385618,232.13100443854964,232.13704946180297,1.8170706324824732,-1.241779583828611,7481.555882999828,6481.555882999828,150000.0,1.0,15891.83506869423,6212.554631709544,53.29521950094088
57.69999999999709,53.17143822937726,6226.4928087651015,-2.3893446103727096,232.49414380253754,232.50642113744325,1.735907690445123,-1.451061952594738,7478.496734360897,6478.496734360897,150000.0,1.0,15916.328048627418,6226.4928087651015,53.17143822937726
57.75999999999708,53.01510833485226,6240.455626841276,-2.7753482838757906,232.94237536408556,232.95890796095208,1.6445554145605459,-1.579867948910347,7475.437585721966,6475.437585721966,150000.0,1.0,15952.112871613817,6240.455626841276,53.01510833485226
57.819999999997066,52.8425487231275,6254.446556661736,-2.953163245858311,233.42498933816904,233.44366948084289,1.5480795099471294,-1.6210376370265591,7472.378437083034,6472.378437083034,150000.0,1.0,15992.226335087118,6254.446556661736,52.8425487231275
57.879999999997054,52.66422671293717,6268.466782601975,-2.948898036753668,233.91431056382135,233.93289782794346,1.4518315881884023,-1.5723841370745757,7469.319288444103,6469.319288444103,150000.0,1.0,16032.859416398527,6268.466782601975,52.66422671293717
57.93999999999704,52.49512810306533,6282.5155018039195,-2.624611439792458,234.36415517174032,234.37885103945166,1.3611169395398215,-1.4377535855048411,7466.260139805172,6466.260139805172,150000.0,1.0,16067.467395436866,6282.5155018039195,52.49512810306533
57.99999999999703,52.3574678118674,6296.588294533707,-1.893617574171457,234.70515311689365,234.71279191203385,1.2808295138239263,-1.2268603829793512,7463.200991166241,6463.200991166241,150000.0,1.0,16086.630128875913,6296.588294533707,52.3574678118674
58.05999999999702,52.276085735313664,6310.676795975405,-0.7556186292787748,234.8815051363967,234.88272055358195,1.215134598942925,-0.954019165715392,7460.14184252731,6460.14184252731,150000.0,1.0,16083.2519084502,6310.676795975405,52.276085735313664
58.119999999997006,52.273463808046365,6324.77050923095,0.7143207593555074,234.88140623257343,234.88249242533686,1.167242282090069,-0.636465650595323,7457.082693888378,6457.082693888378,150000.0,1.0,16056.575433640404,6324.77050923095,52.273463808046365
58.179999999996994,52.36600789984498,6338.859823773159,2.3938473198433474,234.7456230431544,234.7578285018616,1.139282603648907,-0.2927165644421609,7454.023545249447,6454.023545249447,150000.0,1.0,16012.971322646097,6338.859823773159,52.36600789984498
58.23999999999698,52.562087719968275,6352.938864327987,4.1415474890626465,234.55432149978228,234.59088249509483,1.1322689574824087,0.058692399014881026,7450.964396610516,6450.964396610516,150000.0,1.0,15963.740871788785,6352.938864327987,52.562087719968275
58.29999999999697,52.86153862710836,6367.007120474565,5.816975029794206,234.40143957622743,234.47360634814538,1.146122478784139,0.3999796926942617,7447.905247971585,6447.905247971585,150000.0,1.0,15921.410576666964,6367.007120474565,52.86153862710836
58.35999999999696,53.2572323345086,6381.069078531154,7.348286697379019,234.3494410369724,234.46461957346204,1.179960601045978,0.7259741165672347,7444.8460993326535,6444.8460993326535,150000.0,1.0,15893.874384902025,6381.069078531154,53.2572323345086
58.419999999996946,53.739556444001174,6395.131619783882,8.690234710075913,234.42506650450457,234.5860865118765,1.2328761903424736,1.0334415189306,7441.786950693722,6441.786950693722,150000.0,1.0,15884.046058709784,6395.131619783882,53.739556444001174
58.479999999996934,54.29461582289656,6409.202895532353,9.752125311998123,234.64417759993856,234.84674583577356,1.3032388448442849,1.302066401923772,7438.727802054791,6438.727802054791,150000.0,1.0,15893.032830643464,6409.202895532353,54.29461582289656
58.53999999999692,54.90219520456026,6423.291895655716,10.440237195111681,235.00906436742977,235.24085293066113,1.3876750740177655,1.4993093162211253,7435.66865341586,6435.66865341586,150000.0,1.0,15920.009477151918,6423.291895655716,54.90219520456026
58.59999999999691,55.54111955893019,6437.405710062195,10.814515996179487,235.46066364664784,235.70888375526167,1.4814803030190828,1.6129132345414454,7432.609504776929,6432.609504776929,150000.0,1.0,15956.90317534446,6437.405710062195,55.54111955893019
58.6599999999969,56.19626496884363,6451.547842339614,11.00032140224777,235.94704047214952,236.20332973630772,1.5794203890388614,1.6364766928335994,7429.550356137997,6429.550356137997,150000.0,1.0,15997.280794978815,6451.547842339614,56.19626496884363
58.71999999999689,56.85700820022476,6465.719528488472,10.976192396686121,236.4406897798152,236.6953243794306,1.6760308378951065,1.56892663236407,7426.491207499066,6426.491207499066,150000.0,1.0,16037.232091563594,6465.719528488472,56.85700820022476
58.779999999996875,57.50628599404089,6479.919885837961,10.598598449828922,236.89164942949836,237.1286230266795,1.765969624025168,1.4154753382876122,7423.432058860135,6423.432058860135,150000.0,1.0,16069.133897729322,6479.919885837961,57.50628599404089
58.83999999999686,58.12023284517786,6494.144264795602,9.793774557142838,237.23021132492093,237.43228757972827,1.8443872865578212,1.1871414739883568,7420.372910221204,6420.372910221204,150000.0,1.0,16083.378829979714,6494.144264795602,58.12023284517786
58.89999999999685,58.67326501083636,6508.384214463754,8.577774375584676,237.4056129886456,237.56052553350062,1.9072349412550773,0.8993109506934567,7417.3137615822725,6417.3137615822725,150000.0,1.0,16073.806066059367,6508.384214463754,58.67326501083636
58.95999999999684,59.14311222336072,6522.629566652034,7.040532154371829,237.4142453122482,237.51861604977643,1.9514738817658515,0.5699751833903514,7414.254612943341,6414.254612943341,150000.0,1.0,16041.228795194565,6522.629566652034,59.14311222336072
59.01999999999683,59.51436364692437,6536.871527849656,5.315497922969348,237.3042934668671,237.36381825370538,1.975181409131818,0.2181026234493615,7411.19546430441,6411.19546430441,150000.0,1.0,15993.506557090977,6536.871527849656,59.51436364692437
59.079999999996815,59.780194341805974,6551.105374174209,3.551417358874869,237.15922301886275,237.18581245126697,1.9775712723678687,-0.13754739128405474,7408.136315665479,6408.136315665479,150000.0,1.0,15942.80787499987,6551.105374174209,59.780194341805974
59.1399999999968,59.94265597514559,6565.331775590811,1.8928613080945766,237.07052312139098,237.07807966360292,1.9589583110803996,-0.47910951668354834,7405.077167026548,6405.077167026548,150000.0,1.0,15901.691460430082,6565.331775590811,59.94265597514559
59.19999999999679,60.01099878091808,6579.556152117711,0.41460701063018895,237.09571139029205,237.09607389967874,1.9204844639137872,-0.8007882412632124,7402.018018387616,6402.018018387616,150000.0,1.0,15877.512865426783,6579.556152117711,60.01099878091808
59.25999999999678,59.9969242814506,6593.785961423481,-0.8348882800602461,237.2561289776935,237.2575979308568,1.863342288859634,-1.0976110131340777,7398.958869748685,6398.958869748685,150000.0,1.0,15872.55922786761,6593.785961423481,59.9969242814506
59.31999999999677,59.91648487209726,6608.029478839154,-1.7917528335378563,237.54895224993746,237.55570945203476,1.78955286514948,-1.3530157450507871,7395.899721109754,6395.899721109754,150000.0,1.0,15885.829347205101,6608.029478839154,59.91648487209726
59.379999999996755,59.789410751101016,6622.294303453977,-2.3848012593004997,237.9612470876009,237.97319679437138,1.7024528496022333,-1.536693636085229,7392.840572470823,6392.840572470823,150000.0,1.0,15914.983669505238,6622.294303453977,59.789410751101016
59.43999999999674,59.63633340168784,6636.586130788327,-2.6788906896686564,238.4393582497184,238.45440658093267,1.6068736990312873,-1.6343203588812405,7389.7814238318915,6389.7814238318915,150000.0,1.0,15952.567608976682,6636.586130788327,59.63633340168784
59.49999999999673,59.47123977500335,6650.90746403262,-2.7978230817994896,238.94030687605175,238.95668658570497,1.5081702572077502,-1.6403399734943307,7386.72227519296,6386.72227519296,150000.0,1.0,15992.874806659263,6650.90746403262,59.47123977500335
59.55999999999672,59.305431063378144,6665.258838911484,-2.6756098758250078,239.43328479335193,239.44823397791427,1.4118676433277177,-1.5548447912089225,7383.663126554029,6383.663126554029,150000.0,1.0,16031.648321500139,6665.258838911484,59.305431063378144
59.61999999999671,59.157766249231024,6679.638062957644,-2.1763146141209413,239.8561348492642,239.86600795053903,1.3232929490654648,-1.3843377378999533,7380.603977915098,6380.603977915098,150000.0,1.0,16060.44708899911,6679.638062957644,59.157766249231024
59.679999999996696,59.05296621038643,6694.038706254151,-1.245473082574911,240.13660672768253,240.13983654088943,1.2472069421275702,-1.1409765827189298,7377.544829276167,6377.544829276167,150000.0,1.0,16069.888331614442,6694.038706254151,59.05296621038643
59.739999999996684,59.01629000364349,6708.450719014492,0.08210384717252489,240.2321346047941,240.23214863506016,1.1875094710683771,-0.8410051223586517,7374.485680637235,6374.485680637235,150000.0,1.0,16055.000709021797,6708.450719014492,59.01629000364349
59.79999999999667,59.06872847727172,6722.863045719833,1.7040004232495016,240.15364951974158,240.15969477639936,1.1470483728613046,-0.5029527791745838,7371.426531998304,6371.426531998304,150000.0,1.0,16018.134940749891,6722.863045719833,59.06872847727172
59.85999999999666,59.22389428415263,6737.266917571203,3.4818306858462087,239.96426664075574,239.98952562426683,1.1275317968087946,-0.1460522970011371,7368.367383359373,6368.367383359373,150000.0,1.0,15968.360654748933,6737.266917571203,59.22389428415263
59.91999999999665,59.48670164357828,6751.658424799169,5.267603328170445,239.75829147752557,239.81615036741178,1.1295215739575513,0.21085647214337255,7365.308234720442,6365.308234720442,150000.0,1.0,15918.322557777157,6751.658424799169,59.48670164357828
59.979999999996636,59.85341873700384,6766.039497348997,6.930061504987362,239.62889535926155,239.7290830157301,1.152493135663884,0.551876177565832,7362.2490860815105,6362.2490860815105,150000.0,1.0,15879.876324516945,6766.039497348997,59.85341873700384
60.039999999996624,60.31530184200413,6780.416232823293,8.433592369333157,239.61827708049944,239.7666452851169,1.195499962490156,0.8786027816636474,7359.189937442579,6359.189937442579,150000.0,1.0,15858.008409037195,6780.416232823293,60.31530184200413
60.09999999999661,60.86082989096157,6794.796537324499,9.705428284122387,239.74946339342998,239.94582833551382,1.257422942585171,1.1797145846607737,7356.130788803648,6356.130788803648,150000.0,1.0,15854.873378279046,6794.796537324499,60.86082989096157
60.1599999999966,61.47278826353924,6809.189474489925,10.626475897081253,240.04203072965663,240.27712855535933,1.3359042876961458,1.423945874123865,7353.071640164717,6353.071640164717,150000.0,1.0,15871.787923979215,6809.189474489925,61.47278826353924
60.21999999999659,62.12849074749314,6823.604157195244,11.174494412171978,240.4630329087448,240.7225363796247,1.4266894671099908,1.5879576780883937,7350.012491525786,6350.012491525786,150000.0,1.0,15903.693257420246,6823.604157195244,62.12849074749314
60.279999999996576,62.80831506171804,6838.046273274908,11.453983452759134,240.94674965181974,241.21884235008005,1.5246681094594507,1.6625780903938612,7346.953342886854,6346.953342886854,150000.0,1.0,15942.229220421961,6838.046273274908,62.80831506171804
60.339999999996564,63.499874272964576,6852.518201805708,11.56371988576287,241.45276536595347,241.7295131349554,1.6243216033230465,1.6435438493476984,7343.894194247923,6343.894194247923,150000.0,1.0,15982.566683578434,6852.518201805708,63.499874272964576
60.39999999999655,64.19012861730829,6867.020397139121,11.383776522748878,241.94694490163994,242.2146042565499,1.7200525419402852,1.532690105037775,7340.835045608992,6340.835045608992,150000.0,1.0,16019.42241700972,6867.020397139121,64.19012861730829
60.45999999999654,64.8576114796323,6881.550264919942,10.791212396237286,242.36253825265092,242.60265912237728,1.8065707403629325,1.3383348645124644,7337.775896970061,6337.775896970061,150000.0,1.0,16043.345458241207,6881.550264919942,64.8576114796323
60.51999999999653,65.47611131486677,6896.100926344591,9.753592365205478,242.63067828063683,242.82664311592436,1.8792544239542375,1.074187036698569,7334.71674833113,6334.71674833113,150000.0,1.0,16045.492435396956,6896.100926344591,65.47611131486677
60.57999999999652,66.02023584038186,6910.662314908172,8.327735352079108,242.71920427795527,242.86202523535468,1.9344235237316845,0.7576157577144311,7331.657599692198,6331.657599692198,150000.0,1.0,16022.69665466173,6910.662314908172,66.02023584038186
60.639999999996505,66.47004058960891,6925.224068761999,6.632887630242092,242.65131150075075,242.74194975601105,1.9695036478087717,0.40781989235893445,7328.598451053267,6328.598451053267,150000.0,1.0,15979.45810481854,6925.224068761999,66.47004058960891
60.69999999999649,66.81378211532149,6939.778759876675,4.818145519461444,242.49861614234112,242.5464766950805,1.9830884766989798,0.044329239371786934,7325.539302414336,6325.539302414336,150000.0,1.0,15926.438410759716,6939.778759876675,66.81378211532149
60.75999999999648,67.04890440454606,6954.324121941356,3.037323819948776,242.35665792967887,242.37568974389862,1.9749279674112725,-0.3139593847425475,7322.480153775405,6322.480153775405,150000.0,1.0,15876.825401084578,6954.324121941356,67.04890440454606
60.81999999999647,67.18169960517541,6968.863554552398,1.4215965227765412,242.31167742712935,242.31584750944944,1.9458527556926606,-0.6515726308046518,7319.4210051364735,6319.4210051364735,150000.0,1.0,15841.865394850965,6968.863554552398,67.18169960517541
60.87999999999646,67.22321771470556,6983.4040820017135,0.0003572041989689523,242.39590940564082,242.39590940590404,1.8970710784233256,-0.9706499595024518,7316.361856497542,6316.361856497542,150000.0,1.0,15825.240904697792,6983.4040820017135,67.22321771470556
60.939999999996445,67.18742301917099,6997.954036770866,-1.1422285604143767,242.62609529896318,242.62878396040688,1.8300760237826716,-1.2554229936955281,7313.302707858611,6313.302707858611,150000.0,1.0,15828.544893040433,6997.954036770866,67.18742301917099
60.99999999999643,67.09302019107277,7012.521892277715,-1.937598390339557,242.99134465426948,242.99906967807968,1.747552553392004,-1.4823308613628128,7310.24355921968,6310.24355921968,150000.0,1.0,15849.707384203517,7012.521892277715,67.09302019107277
61.05999999999642,66.96221186181492,7027.11499279628,-2.3706887008971487,243.45640198584337,243.46794415858758,1.6538724672868406,-1.6255721294101488,7307.184410580749,6307.184410580749,150000.0,1.0,15883.638415172598,7027.11499279628,66.96221186181492
61.11999999999641,66.81329486863781,7041.737456798734,-2.5666946245592284,243.96260713074247,243.97610866501813,1.5543233195218045,-1.677015220829227,7304.125261941817,6304.125261941817,150000.0,1.0,15922.596980662482,7041.737456798734,66.81329486863781
61.1799999999964,66.65771188551636,7056.390708644059,-2.5769653415605123,244.47793123838048,244.4915123536396,1.4545285018890404,-1.6337898886381432,7301.066113302886,6301.066113302886,150000.0,1.0,15962.400048548485,7056.390708644059,66.65771188551636
61.239999999996385,66.51073250280919,7071.074044915619,-2.2560365662340116,244.95399607865446,244.96438495399622,1.3600948850761314,-1.4994642500210837,7298.006964663955,6298.006964663955,150000.0,1.0,15996.548580206856,7071.074044915619,66.51073250280919
61.29999999999637,66.39568104243936,7085.78286378581,-1.5037455028713165,245.31429502889193,245.31890387016577,1.2762190838534473,-1.283994250447947,7294.947816025024,6294.947816025024,150000.0,1.0,16015.145948175657,7085.78286378581,66.39568104243936
61.35999999999636,66.33907686077556,7100.508132012764,-0.3146295084401267,245.49489061391213,245.4950922305052,1.2073406071379496,-1.0023795715266421,7291.8886673860925,6291.8886673860925,150000.0,1.0,16010.398202514181,7100.508132012764,66.33907686077556
61.41999999999635,66.36513593719323,7115.238297229712,1.2332722393678515,245.47988586472522,245.48298377805114,1.1568931386448975,-0.6728297707630901,7288.829518747161,6288.829518747161,150000.0,1.0,15981.100264991346,7115.238297229712,66.36513593719323
61.47999999999634,66.49165222864544,7129.962635982771,3.0096618068044294,245.31231669492286,245.330778310471,1.1271674186656158,-0.3149591114641933,7285.77037010823,6285.77037010823,150000.0,1.0,15933.663650732316,7129.962635982771,66.49165222864544
61.539999999996326,66.72784188245136,7144.674470404813,4.863444787653873,245.08005871397134,245.1283098184422,1.1192711925072178,0.051597742780408795,7282.711221469299,6282.711221469299,150000.0,1.0,15879.866051805137,7144.674470404813,66.72784188245136
61.599999999996314,67.07380090522368,7159.373044103623,6.644485638435537,244.88734075842376,244.97746601092055,1.1331555787714298,0.4080173800734028,7279.652072830368,6279.652072830368,150000.0,1.0,15832.925505502537,7159.373044103623,67.07380090522368
61.6599999999963,67.52201292902737,7174.063221164679,8.270147541358368,244.80598657298626,244.9456396883377,1.1678912659059,0.7478565033825249,7276.592924191436,6276.592924191436,150000.0,1.0,15801.479278569388,7174.063221164679,67.52201292902737
61.71999999999629,68.06222273780531,7188.7525864725185,9.695424675615358,244.86505173703736,245.05692159541732,1.2225289590661164,1.0688291600884658,7273.533775552505,6273.533775552505,150000.0,1.0,15788.531455912374,7188.7525864725185,68.06222273780531
61.77999999999628,68.67957378859383,7203.450168650239,10.81795866879321,245.08444430803064,245.32307896228573,1.2953699040243807,1.3485176777782248,7270.474626913574,6270.474626913574,150000.0,1.0,15795.509988273454,7203.450168650239,68.67957378859383
61.839999999996266,69.3522257182033,7218.165999653918,11.539432422185454,245.4650633492318,245.73615083188017,1.382824176480167,1.5527814974349097,7267.415478274643,6267.415478274643,150000.0,1.0,15821.332537216993,7218.165999653918,69.3522257182033
61.899999999996254,70.05757297393731,7232.907856825149,11.926912993678672,245.94014198537138,246.22917108527864,1.479941117072647,1.6690719520576698,7264.3563296357115,6264.3563296357115,150000.0,1.0,15857.35503029645,7232.907856825149,70.05757297393731
61.95999999999624,70.7795970715272,7247.679527003979,12.11551155429229,246.45233932735812,246.749956798678,1.5812154312882665,1.690681098272922,7261.29718099678,6261.29718099678,150000.0,1.0,15896.85373385124,7247.679527003979,70.7795970715272
62.01999999999623,71.5069043131222,7262.48230146575,12.07554322028908,246.97112748474703,247.26616540714227,1.6809056038501555,1.6166640596210227,7258.238032357849,6258.238032357849,150000.0,1.0,15935.660558102723,7262.48230146575,71.5069043131222
62.07999999999622,72.2209493981009,7277.315081577982,11.652886677821868,247.4401269182149,247.71436409144394,1.7734145688518237,1.4528285045859908,7255.178883718918,6255.178883718918,150000.0,1.0,15965.598573894347,7277.315081577982,72.2209493981009
62.139999999996206,72.89602704130394,7292.172566486698,10.772463468655566,247.7824516912448,248.0165102070981,1.8536850096420416,1.2111455223811591,7252.119735079987,6252.119735079987,150000.0,1.0,15976.61937260748,7292.172566486698,72.89602704130394
62.199999999996194,73.50489591144913,7307.045329013165,9.457252077991944,247.94434109083005,248.12463782509096,1.9175238865759778,0.908142124932088,7249.060586441055,6249.060586441055,150000.0,1.0,15962.598250034898,7307.045329013165,73.50489591144913
62.25999999999618,74.0241983634158,7321.922233526712,7.808540241712944,247.92552793080657,248.04846441870103,1.9618182072331292,0.5629732812467215,7246.001437802124,6246.001437802124,150000.0,1.0,15924.90227684325,7321.922233526712,74.0241983634158
62.31999999999617,74.43815015063429,7336.793884280456,5.971713494096747,247.78258878028933,247.85453932643142,1.9846385060466287,0.1956821762611324,7242.942289163193,6242.942289163193,150000.0,1.0,15872.21729640526,7336.793884280456,74.43815015063429
62.37999999999616,74.74023130859946,7351.655530418775,4.106025706231447,247.60916793524797,247.64321006780312,1.9852524633147712,-0.1740242324368409,7239.883140524262,6239.883140524262,150000.0,1.0,15817.482508848561,7351.655530418775,74.74023130859946
62.43999999999615,74.93337349963757,7366.5083911170905,2.3646989259563544,247.50525436995693,247.5165504400615,1.9640821848603802,-0.5274456051276026,7236.8239918853305,6236.8239918853305,150000.0,1.0,15773.71960293521,7366.5083911170905,74.93337349963757
62.499999999996135,75.02785771707325,7381.3587300198005,0.8176401412475746,247.52886584411232,247.53021625949657,1.9223594236531392,-0.8604610820063286,7233.764843246399,6233.764843246399,150000.0,1.0,15747.92421407493,7381.3587300198005,75.02785771707325
62.55999999999612,75.03628558987674,7396.214768710794,-0.4859238400036824,247.69861642573878,247.69909305688537,1.861311368954955,-1.1681242971572632,7230.705694607468,6230.705694607468,150000.0,1.0,15741.882263343838,7396.214768710794,75.03628558987674
62.61999999999611,74.97610859341648,7411.085501210531,-1.455973694580976,248.0168822836542,248.02115586599322,1.7831212038597035,-1.427324252809101,7227.646545968537,6227.646545968537,150000.0,1.0,15755.256717433926,7411.085501210531,74.97610859341648
62.6799999999961,74.86962849321496,7425.979392095237,-2.0319055224533145,248.4621346385399,248.47044288846936,1.6916391900476286,-1.6075784826626753,7224.587397329606,6224.587397329606,150000.0,1.0,15784.706730180224,7425.979392095237,74.86962849321496
62.73999999999609,74.73838465622009,7440.902207904476,-2.304967034979939,248.9708750717895,248.98154451092344,1.5920401685834251,-1.6965808103916424,7221.528248690674,6221.528248690674,150000.0,1.0,15821.909793932315,7440.902207904476,74.73838465622009
62.799999999996075,74.59633987259184,7455.856288972715,-2.39805944518466,249.49978251142429,249.51130668238395,1.489982159249032,-1.6891575830106718,7218.469100051743,6218.469100051743,150000.0,1.0,15861.380956970803,7455.856288972715,74.59633987259184
62.85999999999606,74.45627688675167,7470.841864744022,-2.2099980439481195,250.0112344174018,250.02100197036904,1.391253398121228,-1.586362482073918,7215.409951412812,6215.409951412812,150000.0,1.0,15898.196204968795,7470.841864744022,74.45627688675167
62.91999999999605,74.33955564014245,7485.855822084599,-1.6044699589308902,250.4317908556409,250.43693057337327,1.3013724216033298,-1.3960758409390288,7212.350802773881,6212.350802773881,150000.0,1.0,15922.98548886178,7485.855822084599,74.33955564014245
62.97999999999604,74.27300316982172,7500.890284251063,-0.5390923242292661,250.68398513779013,250.68456479228598,1.225203114477586,-1.1319829760080435,7209.29165413495,6209.29165413495,150000.0,1.0,15926.295904300418,7500.890284251063,74.27300316982172
63.03999999999603,74.28305743151311,7515.933726085386,0.9336789207016922,250.72963491084394,250.73137334376815,1.1666579001617294,-0.8117859921446052,7206.232505496018,6206.232505496018,150000.0,1.0,15904.071853995338,7515.933726085386,74.28305743151311
63.099999999996015,74.39082741323813,7530.9741334536,2.6945661575383473,250.5918514784944,250.60633813652268,1.1285156742211182,-0.4552575833819714,7203.173356857087,6203.173356857087,150000.0,1.0,15860.12496692946,7530.9741334536,74.39082741323813
63.159999999996,74.60914591108342,7546.002622856177,4.592343916057523,250.34878812965064,250.3909050677122,1.1123487603161222,-0.08261828061610538,7200.114208218156,6200.114208218156,150000.0,1.0,15804.899768750736,7546.002622856177,74.60914591108342
63.21999999999599,74.94150478465004,7561.016027751984,6.4702945010794695,250.10756386636342,250.19124328021107,1.118530620087258,0.28651707585691644,7197.055059579225,6197.055059579225,150000.0,1.0,15751.85733188002,7561.016027751984,74.94150478465004
63.27999999999598,75.38247265416562,7576.017577716264,8.201793158440971,249.96473109069075,250.09925269831413,1.1463378157603747,0.6377893668613721,7193.9959109402935,6193.9959109402935,150000.0,1.0,15712.5208137294,7576.017577716264,75.38247265416562
63.33999999999597,75.92226346447444,7591.014515115823,9.753736905058636,249.95906109108566,250.14929063491303,1.1947873106821791,0.9735382084905219,7190.936762301362,6190.936762301362,150000.0,1.0,15691.09976416873,7591.014515115823,75.92226346447444
63.399999999995956,76.54765878790435,7606.015849106012,11.037498666087814,250.114190752984,250.35761381037318,1.2625697623791377,1.2781411185221192,7187.877613662431,6187.877613662431,150000.0,1.0,15689.531278476865,7606.015849106012,76.54765878790435
63.459999999995944,77.2385541950902,7621.031933722555,11.922460108435295,250.44924810030167,250.73286766804964,1.3467723654063417,1.515208895336221,7184.8184650235,6184.8184650235,150000.0,1.0,15708.823997983614,7621.031933722555,77.2385541950902
63.51999999999593,77.97067218110517,7636.072272602997,12.426309044590436,250.9098913005652,251.21740924731532,1.4426670912192303,1.6660353410566033,7181.759316384569,6181.759316384569,150000.0,1.0,15741.718440175515,7636.072272602997,77.97067218110517
63.57999999999592,78.7246202714379,7651.142209781253,12.67688273372245,251.4263655168952,251.74574600751436,1.5447947330221268,1.7219490466877347,7178.700167745637,6178.700167745637,150000.0,1.0,15779.999352311255,7651.142209781253,78.7246202714379
63.63999999999591,79.48829884911981,7666.24380551743,12.735256569076524,251.96077422611862,252.28241815177157,1.6473343987961162,1.6797685386199315,7175.641019106706,6175.641019106706,150000.0,1.0,15819.220410419255,7666.24380551743,79.48829884911981
63.699999999995896,80.24587174974364,7681.37698274827,12.44724235094661,252.46787383241082,252.7745263265294,1.7444716591931935,1.54305202290777,7172.581870467775,6172.581870467775,150000.0,1.0,15852.746354386103,7681.37698274827,80.24587174974364
63.759999999995884,80.97274586172101,7696.537833086299,11.701692433440414,252.86943475827613,253.14004155956223,1.8308119608323932,1.322080482329906,7169.522721828844,6169.522721828844,150000.0,1.0,15870.29407081933,7696.537833086299,80.97274586172101
63.81999999999587,81.64067388429686,7711.717782495794,10.489222339924522,253.096103883318,253.31336637890163,1.9017456427558734,1.0324367444169453,7166.4635731899125,6166.4635731899125,150000.0,1.0,15863.67838938493,7711.717782495794,81.64067388429686
63.87999999999586,82.22370823431403,7726.90540390814,8.891446383322538,253.12686374448734,253.282978046113,1.9537086392013079,0.693052207916892,7163.404424550981,6163.404424550981,150000.0,1.0,15831.559711001013,7726.90540390814,82.22370823431403
63.93999999999585,82.70270763025512,7742.089868087469,7.047398395074092,253.00237487811404,253.10050872747104,1.9843244115904564,0.3242895472017411,7160.34527591205,6160.34527591205,150000.0,1.0,15780.541610125865,7742.089868087469,82.70270763025512
63.999999999995836,83.0677140568543,7757.264339221677,5.1191873671456065,252.81100409868054,252.86282817504633,1.9924432375465262,-0.053511560553033063,7157.286127273119,6157.286127273119,150000.0,1.0,15722.823322839145,7757.264339221677,83.0677140568543
64.04999999999586,83.28440437108927,7769.901306642519,3.56484609843587,252.67725940809925,252.7024051126016,1.9820233308605688,-0.3611705153916104,7154.736836740676,6154.736836740676,150000.0,1.0,15679.551518803555,7769.901306642519,83.28440437108927
64.09999999999589,83.42647285749572,7782.533430172341,2.142517314221706,252.62362712024589,252.63271237080676,1.9566124681520376,-0.6525083535036593,7152.1875462082335,6152.1875462082335,150000.0,1.0,15647.632452843056,7782.533430172341,83.42647285749572
64.14999999999591,83.50087868917812,7795.165271878278,0.8603760607589752,252.66754632295607,252.66901118227594,1.916958820916805,-0.9311528370412104,7149.638255675791,6149.638255675791,150000.0,1.0,15628.886007932146,7795.165271878278,83.50087868917812
64.19999999999594,83.5155068310575,7807.801956730208,-0.240472627995891,252.81787813653278,252.81799250160884,1.8638043848663068,-1.1908640404069464,7147.088965143348,6147.088965143348,150000.0,1.0,15624.076870502948,7807.801956730208,83.5155068310575
64.24999999999596,83.48094068340629,7820.448911769507,-1.0968331158266489,253.07827902986745,253.08065583841727,1.7984621527309137,-1.4153980129723542,7144.539674610905,6144.539674610905,150000.0,1.0,15633.28105440271,7820.448911769507,83.48094068340629
64.29999999999599,83.41073363961829,7833.111477836476,-1.6646387884213867,253.4380306245022,253.44349742915486,1.723186413953374,-1.585659602250336,7141.990384078463,6141.990384078463,150000.0,1.0,15654.801489526579,7833.111477836476,83.41073363961829
64.34999999999602,83.31863950639696,7845.793719144683,-1.9840449857830784,253.85830405139788,253.86605714501806,1.6409439202023612,-1.6931349991767042,7139.44109354602,6139.44109354602,150000.0,1.0,15683.62880394395,7845.793719144683,83.31863950639696
64.39999999999604,83.21501587993528,7858.497723525105,-2.1423918073169097,254.30428442935423,254.3133085817216,1.5549935780060826,-1.7334611544234972,7136.891803013577,6136.891803013577,150000.0,1.0,15715.433437248803,7858.497723525105,83.21501587993528
64.44999999999607,83.1064450405765,7871.224281618265,-2.1715126738276487,254.757717774297,254.7669724137353,1.4687455921920762,-1.7050357571709105,7134.342512481135,6134.342512481135,150000.0,1.0,15747.956105233914,7871.224281618265,83.1064450405765
64.49999999999609,83.00163212785134,7883.97316469553,-1.9757349434108582,255.19060223685045,255.1982503830562,1.3856090074987217,-1.6095845585529762,7131.793221948692,6131.793221948692,150000.0,1.0,15777.636420286295,7883.97316469553,83.00163212785134
64.54999999999612,82.9139372040116,7896.742211426086,-1.4777023597803827,255.55560970802196,255.55988194061865,1.3088207737094386,-1.4522120143757906,7129.243931416249,6129.243931416249,150000.0,1.0,15798.632671882542,7896.742211426086,82.9139372040116
64.59999999999614,82.85940696696511,7909.526770094134,-0.6486610829789545,255.80391105713488,255.80473348499075,1.2412880679382343,-1.240894986146592,7126.694640883807,6126.694640883807,150000.0,1.0,15805.130625885995,7909.526770094134,82.85940696696511
64.64999999999617,82.85426571323961,7922.320124036896,0.4907482437517774,255.90454929363383,255.90501984724062,1.1854627368499253,-0.9857331337575465,7124.145350351364,6124.145350351364,150000.0,1.0,15793.736567065023,7922.320124036896,82.85426571323961
64.6999999999962,82.91267824844034,7935.114730270968,1.8811699056824986,255.8565962862878,255.86351178591002,1.1432559090500307,-0.6981192793541163,7121.596059818921,6121.596059818921,150000.0,1.0,15764.865563636045,7935.114730270968,82.91267824844034
64.74999999999622,83.04519072066772,7947.9038057277185,3.439764705129939,255.69079627570108,255.71393251312827,1.1159927756819419,-0.3899854748098735,7119.046769286479,6119.046769286479,150000.0,1.0,15722.764258969637,7947.9038057277185,83.04519072066772
64.79999999999625,83.2579136543271,7960.682755688932,5.07389964934587,255.4621336721006,255.5125167148448,1.1044008038064437,-0.07323138334823406,7116.497478754036,6116.497478754036,150000.0,1.0,15674.422866336969,7960.682755688932,83.2579136543271
64.84999999999627,83.55228701670907,7973.4500817739645,6.690603468535106,255.2371403166992,255.32481659999203,1.1086211686513892,0.24063417731714928,7113.948188221593,6113.948188221593,150000.0,1.0,15627.9110268015,7973.4500817739645,83.55228701670907
64.8999999999963,83.92523923039074,7986.207599452584,8.205998007598012,255.0785671427976,255.21052842491315,1.1282374560139143,0.5414307197571742,7111.3988976891505,6111.3988976891505,150000.0,1.0,15590.50634899697,7986.207599452584,83.92523923039074
64.94999999999632,84.37106585940349,7998.959461122603,9.604770311151551,255.01329840186762,255.1941103837037,1.162622629107271,0.832111764911801,7108.849607156708,6108.849607156708,150000.0,1.0,15565.131864941799,7998.959461122603,84.37106585940349
64.99999999999635,84.8830870485107,8011.710786271258,10.844625397762238,255.05940912213538,255.28985111388707,1.211203563136283,1.1076840223922044,7106.300316624265,6106.300316624265,150000.0,1.0,15553.463013268687,8011.710786271258,84.8830870485107
65.04999999999637,85.4519217638525,8024.467402287886,11.860835819502118,255.2287398034975,255.50418596966,1.2729304621186852,1.3537946365538864,7103.7510260918225,6103.7510260918225,150000.0,1.0,15556.226583525571,8024.467402287886,85.4519217638525
65.0999999999964,86.06409819453447,8037.235877031193,12.576790420967455,255.5291235579141,255.83844246627336,1.3456883977980747,1.5468609058926521,7101.20173555938,6101.20173555938,150000.0,1.0,15573.54349518973,8037.235877031193,86.06409819453447
65.14999999999642,86.70503638327406,8050.021809704132,13.02037796638784,255.9191828945044,256.25018715267,1.4265927377640615,1.67857090024709,7098.652445026937,6098.652445026937,150000.0,1.0,15600.227799581011,8050.021809704132,86.70503638327406
65.19999999999645,87.36283072845946,8062.828545597011,13.266764000724956,256.3548664544759,256.6979247713995,1.5124330039079297,1.7436197539892486,7096.103154494494,6096.103154494494,150000.0,1.0,15631.2220482097,8062.828545597011,87.36283072845946
65.24999999999648,88.02983557500485,8075.657595925127,13.391014688162848,256.8091602711483,257.15805270990626,1.599797314040644,1.7393313144656186,7093.553863962052,6093.553863962052,150000.0,1.0,15663.650827480287,8075.657595925127,88.02983557500485
65.2999999999965,88.6987152553915,8088.509478269195,13.323065893092497,257.263511579615,257.60826554104665,1.6852170666995598,1.6662186418252785,7091.004573429609,6091.004573429609,150000.0,1.0,15694.796039499633,8088.509478269195,88.6987152553915
65.34999999999653,89.35732628048984,8101.383301417342,12.967745739097431,257.67874159555527,258.00483774499816,1.7653372774295146,1.5282976865480116,7088.455282897166,6088.455282897166,150000.0,1.0,15719.329572497563,8101.383301417342,89.35732628048984
65.39999999999655,89.9898424161386,8114.2758609206485,12.275386686341864,258.0048252499022,258.2966801384249,1.8370844617212396,1.3327161419696338,7085.905992364724,6085.905992364724,150000.0,1.0,15731.033061273289,8114.2758609206485,89.9898424161386
65.44999999999658,90.57926694570382,8127.181611061579,11.248691256755476,258.2014400829383,258.44635171712713,1.897806672625164,1.089054610456464,7083.356701832281,6083.356701832281,150000.0,1.0,15725.37488636436,8127.181611061579,90.57926694570382
65.4999999999966,91.1099230923869,8140.093586663489,9.935712384425344,258.25406622621693,258.44512203359784,1.9453744201814658,0.8084884485069931,7080.807411299838,6080.807411299838,150000.0,1.0,15701.355881581805,8140.093586663489,91.1099230923869
65.54999999999663,91.56937049573276,8153.004891742573,8.41516835513548,258.1800893190654,258.31719567083775,1.978239698556372,0.5029766538054893,7078.258120767396,6078.258120767396,150000.0,1.0,15662.007561061208,8153.004891742573,91.56937049573276
65.59999999999665,91.94954696455295,8165.910228240368,6.78115270742531,258.02463444580695,258.113726897532,1.995458012587735,0.1846095572548112,7075.708830234953,6075.708830234953,150000.0,1.0,15613.620510055782,8165.910228240368,91.94954696455295
65.64999999999668,92.24722709667333,8178.8070240588895,5.131482184111952,257.8493932122781,257.90044918407153,1.9966831623273147,-0.13482553084141097,7073.15953970251,6073.15953970251,150000.0,1.0,15564.195289508727,8178.8070240588895,92.24722709667333
65.6999999999967,92.46400683420278,8191.695914379018,3.560211284592037,257.71858320109163,257.743173006714,1.9821455102028087,-0.4440793272295395,7070.610249170068,6070.610249170068,150000.0,1.0,15521.663987293794,8191.695914379018,92.46400683420278
65.74999999999673,92.60577208950167,8204.580461569589,2.1337517263678003,257.6799753152692,257.68880956476846,1.9525788171248037,-0.7364228832829687,7068.060958637625,6068.060958637625,150000.0,1.0,15491.616539042858,8204.580461569589,92.60577208950167
65.79999999999676,92.67981101840164,8217.46564398868,0.8575278899708583,257.7460713451108,257.7474978499714,1.9087027608816316,-1.0157362863367398,7065.511668105182,6065.511668105182,150000.0,1.0,15475.197032978302,8217.46564398868,92.67981101840164
65.84999999999678,92.69478905863822,8230.3569140283,-0.2215837037315681,257.9229394125883,257.9230345947555,1.851353296339763,-1.2736886183866665,7062.96237757274,6062.96237757274,150000.0,1.0,15472.798554126775,8230.3569140283,92.69478905863822
65.89999999999681,92.6622611139469,8243.259908330225,-1.0278392113213213,258.21623495811883,258.21828062588975,1.7820415901744233,-1.4897187456954868,7060.413087040297,6060.413087040297,150000.0,1.0,15484.71879525525,8243.259908330225,92.6622611139469
65.94999999999683,92.59699276588849,8256.180144349897,-1.53701928914134,258.6054665267016,258.6100341165984,1.7033660648936253,-1.6468678841706936,7057.863796507854,6057.863796507854,150000.0,1.0,15508.148692852117,8256.180144349897,92.59699276588849
65.99999999999686,92.5125195667172,8269.121315751507,-1.809889390604807,259.0467876710229,259.0531101961184,1.6184448836148535,-1.7386954021295256,7055.3145059754115,6055.3145059754115,150000.0,1.0,15537.660417202542,8269.121315751507,92.5125195667172
66.04999999999688,92.41833695277741,8282.085149431954,-1.9395809259351313,259.5084968548029,259.5157450213907,1.5306497807553345,-1.7614244106772872,7052.765215442969,6052.765215442969,150000.0,1.0,15569.44245287755,8282.085149431954,92.41833695277741
66.09999999999691,92.3210870129743,8295.072215991064,-1.9156181430309767,259.97230014593106,259.9793577114075,1.4434694129251453,-1.7142572120164112,7050.215924910526,6050.215924910526,150000.0,1.0,15601.26505764788,8295.072215991064,92.3210870129743
66.14999999999694,92.23108380477365,8308.08182721325,-1.6345338328514722,260.4023836700296,260.4075135664946,1.3603458211169612,-1.5998978123965564,7047.6666343780835,6047.6666343780835,150000.0,1.0,15628.755531186898,8308.08182721325,92.23108380477365
66.19999999999696,92.16307124120881,8321.111019322192,-1.0289984274471027,260.746516246648,260.74854663550315,1.284500040430052,-1.4244064535201453,7045.117343845641,6045.117343845641,150000.0,1.0,15645.716712719324,8321.111019322192,92.16307124120881
66.24999999999699,92.13387199565871,8334.154233109912,-0.08385707350780722,260.9567202618518,260.9567337353668,1.2187783390976397,-1.1965899895102297,7042.568053313198,6042.568053313198,150000.0,1.0,15646.682224113583,8334.154233109912,92.13387199565871
66.29999999999701,92.15980179995474,8347.204027627406,1.1670629865587714,261.00825085997786,261.01086002884966,1.1655347291609386,-0.9271879799989557,7040.018762780755,6040.018762780755,150000.0,1.0,15629.160196043034,8347.204027627406,92.15980179995474
66.34999999999704,92.25452787013674,8360.252534063218,2.654316929062632,260.90943029778316,260.9229315653833,1.1265557596139395,-0.6280238055079697,7037.469472248313,6037.469472248313,150000.0,1.0,15594.673716403833,8360.252534063218,92.25452787013674
66.39999999999706,92.42769112724183,8373.29312163858,4.288829027165883,260.700422496117,260.73569825414813,1.1030253340581002,-0.3112739825625024,7034.92018171587,6034.92018171587,150000.0,1.0,15548.42836564399,8373.29312163858,92.42769112724183
66.44999999999709,92.68426918617307,8386.321773195436,5.974917676266649,260.443499057811,260.51202629190493,1.0955210549263574,0.011053898476617072,7032.370891183427,6032.370891183427,150000.0,1.0,15497.990124363596,8386.321773195436,92.68426918617307
66.49999999999712,93.02447302933439,8399.337849561776,7.618645103904449,260.2090340793195,260.32054311888584,1.104031101877652,0.32742534176376825,7029.821600650985,6029.821600650985,150000.0,1.0,15451.536527664965,8399.337849561776,93.02447302933439
66.54999999999714,93.44409393408388,8412.34408380925,9.145867248947669,260.05639180214155,260.21716662219717,1.128008147831359,0.6296607365041658,7027.272310118542,6027.272310118542,150000.0,1.0,15415.660717855073,8412.34408380925,93.44409393408388
66.59999999999717,93.9370636012664,8425.345177393307,10.547328921111278,260.00663071908565,260.2204722254978,1.1668519543422893,0.9218229841831668,7024.723019586099,6024.723019586099,150000.0,1.0,15392.49092671172,8425.345177393307,93.9370636012664
66.64999999999719,94.49589623116866,8438.346741776802,11.771844836711514,260.0765341372083,260.3428123449581,1.2199036612021428,1.1963581603886881,7022.173729053657,6022.173729053657,150000.0,1.0,15383.419169503479,8438.346741776802,94.49589623116866
66.69999999999722,95.10994213531313,8451.355105727333,12.737318554066228,260.28289899669403,260.59437214581396,1.2858730698548262,1.4336215454445824,7019.624438521214,6019.624438521214,150000.0,1.0,15389.592212626092,8451.355105727333,95.10994213531313
66.74999999999724,95.76445625652315,8464.377184813879,13.394060801251147,260.61792248439264,260.9618791793707,1.3623156814728181,1.6139374354206457,7017.075147988771,6017.075147988771,150000.0,1.0,15409.404173065615,8464.377184813879,95.76445625652315
66.79999999999727,96.44491954240642,8477.418246939902,13.786576472326653,261.03403729698977,261.39785446402107,1.4461982491951628,1.7302180371895375,7014.525857456329,6014.525857456329,150000.0,1.0,15437.231906665642,8477.418246939902,96.44491954240642
66.8499999999973,97.14015557296352,8490.48120779177,14.002337077836515,261.48809646912844,261.8627312900589,1.534189516772016,1.7777136207945903,7011.976566923886,6011.976566923886,150000.0,1.0,15468.398287507287,8490.48120779177,97.14015557296352
66.89999999999732,97.84312118864094,8503.567309906131,14.087698421279901,261.95728889097217,262.3358238020823,1.62278905370296,1.7544936685062174,7009.427276391443,6009.427276391443,150000.0,1.0,15500.458550641579,8503.567309906131,97.84312118864094
66.94999999999735,98.54510987141954,8516.676806736154,13.945249743982162,262.41781523158244,262.7880890400837,1.7084830109490665,1.6620411647145454,7006.877985859001,6006.877985859001,150000.0,1.0,15529.979727506534,8516.676806736154,98.54510987141954
66.99999999999737,99.23236635828077,8529.808183368574,13.487774281151884,262.82366037249096,263.1695204742635,1.7879211226535023,1.5053678971325575,7004.328695326558,6004.328695326558,150000.0,1.0,15551.052442190741,8529.808183368574,99.23236635828077
67.0499999999974,99.88799849796551,8542.957390881631,12.678808079877056,263.1231397445269,263.42843210888265,1.8580821410179764,1.2925105293796997,7001.779404794115,6001.779404794115,150000.0,1.0,15557.580723128325,8542.957390881631,99.88799849796551
67.09999999999742,100.49464737702783,8556.118104145236,11.53531111903725,263.28007054769773,263.5326525313584,1.916406427186111,1.0337539284572628,6999.2301142616725,5999.2301142616725,150000.0,1.0,15545.804765317409,8556.118104145236,100.49464737702783
67.14999999999745,101.03693845617646,8569.282897452782,10.117231787688196,263.2881178105099,263.4824308359985,1.9608865933489208,0.740759433626545,6996.68082372923,5996.68082372923,150000.0,1.0,15515.830643680105,8569.282897452782,101.03693845617646
67.19999999999747,101.50323363286523,8582.44486549959,8.511308367213063,263.17404099017574,263.3116370789952,1.9901157666755067,0.4257668674157717,6994.131533196787,5994.131533196787,150000.0,1.0,15471.745873269625,8582.44486549959,101.50323363286523
67.2499999999975,101.88657934748406,8595.59914300237,6.816008566268933,262.9909063599491,263.07921772881065,2.0033004259259575,0.1009888163147859,6991.582242664344,5991.582242664344,150000.0,1.0,15420.562040796522,8595.59914300237,101.88657934748406
67.29999999999752,102.18500792989136,8608.743914537186,5.130927717186189,262.8052270347514,262.8553095830979,2.000248712873683,-0.22176545200339096,6989.032952131902,5989.032952131902,150000.0,1.0,15370.536105979309,8608.743914537186,102.18500792989136
67.34999999999755,102.40141757019026,8621.880718889915,3.5502310277536946,262.6822354189222,262.706225554387,1.981344986941042,-0.5312758076773143,6986.483661599459,5986.483661599459,150000.0,1.0,15329.395595562677,8621.880718889915,102.40141757019026
67.39999999999758,102.54264232045277,8635.013879345974,2.1218267342585717,262.6617143800749,262.6702844818391,1.9474069576946509,-0.8244773521043454,6983.934371067016,5983.934371067016,150000.0,1.0,15301.541082234182,8635.013879345974,102.54264232045277
67.4499999999976,102.61632007565508,8648.148762009434,0.8580200508762698,262.75339328979726,262.75479421641495,1.8991282604311446,-1.1033735106743854,6981.385080534574,5981.385080534574,150000.0,1.0,15287.746575789048,8648.148762009434,102.61632007565508
67.49999999999763,102.63199252003365,8661.29112573666,-0.18882307107435664,262.9608295647176,262.9608973583651,1.8374667603834194,-1.3573311560234287,6978.835790002131,5978.835790002131,150000.0,1.0,15288.083086159113,8661.29112573666,102.63199252003365
67.54999999999765,102.60261197864347,8674.446943223704,-0.9334269626496707,263.29051972503896,263.292174329158,1.7642433905079393,-1.5618981491828539,6976.286499469688,5976.286499469688,150000.0,1.0,15302.923732741288,8674.446943223704,102.60261197864347
67.59999999999768,102.54358968798856,8687.621647382437,-1.3832396479816338,263.7083411907148,263.71196894620124,1.6823088696536979,-1.7046217403578274,6973.737208937246,5973.737208937246,150000.0,1.0,15327.984517024755,8687.621647382437,102.54358968798856
67.6499999999977,102.46797463266694,8700.818491868667,-1.6130788820284334,264.1696634960781,264.1745883598776,1.5949094059292082,-1.7797427374582917,6971.187918404803,5971.187918404803,150000.0,1.0,15357.947427387979,8700.818491868667,102.46797463266694
67.69999999999773,102.3843383962996,8714.038868757678,-1.711272760310555,264.646789337139,264.6523220395321,1.5055149597668662,-1.7841475744155166,6968.63862787236,5968.63862787236,150000.0,1.0,15389.589673517123,8714.038868757678,102.3843383962996
67.74999999999775,102.29995877848924,8727.283096096311,-1.6232997142740544,265.1184236134387,265.12339323650247,1.417673782332772,-1.7179285447448316,6966.089337339918,5966.089337339918,150000.0,1.0,15420.378310852077,8727.283096096311,102.29995877848924
67.79999999999778,102.22683093577048,8740.549896011147,-1.2475957331551375,265.54073070726105,265.54366149403666,1.3348393806719137,-1.5847839505240287,6963.540046807475,5963.540046807475,150000.0,1.0,15445.179545841327,8740.549896011147,102.22683093577048
67.8499999999978,102.18094859059573,8753.835411747828,-0.5288099911449559,265.85796002224015,265.8584859416637,1.260195892349529,-1.3916960209774056,6960.990756275032,5960.990756275032,150000.0,1.0,15457.645167337605,8753.835411747828,102.18094859059573
67.89999999999783,102.17970940760976,8767.133168237446,0.5339293611158444,266.0247503941298,266.0252862094536,1.196510356399995,-1.1482308208104,6958.44146574259,5958.44146574259,150000.0,1.0,15452.853568818095,8767.133168237446,102.17970940760976
67.94999999999786,102.2393167241695,8780.435073188943,1.8941176061862681,266.0239489296562,266.030691999315,1.1460248015481223,-0.865674522081893,6955.892175210147,5955.892175210147,150000.0,1.0,15429.316893395468,8780.435073188943,102.2393167241695
67.99999999999788,102.37278118520764,8793.733054372282,3.4734029400377384,265.8736933344485,265.89638082396726,1.110391919114447,-0.5561822653125308,6953.342884677704,5953.342884677704,150000.0,1.0,15389.645740230257,8793.733054372282,102.37278118520764
68.04999999999791,102.58874316375264,8807.020762808621,5.177755552299985,265.6233147186713,265.673774533155,1.090649819900205,-0.23208478417690864,6950.7935941452615,5950.7935941452615,150000.0,1.0,15339.889367729835,8807.020762808621,102.58874316375264
68.09999999999793,102.89101077276683,8820.29486055543,6.909478117697731,265.3415640727105,265.4315100217216,1.0872258613591896,0.0945764870019282,6948.244303612819,5948.244303612819,150000.0,1.0,15288.032288019622,8820.29486055543,102.89101077276683
68.14999999999796,103.27857283904198,8833.555621788282,8.574377712696307,265.10161544329713,265.2402429191426,1.0999581188458105,0.41229851171341186,6945.695013080376,5945.695013080376,150000.0,1.0,15242.209671108358,8833.555621788282,103.27857283904198
68.19999999999798,103.74624886061743,8846.806649526787,10.113175369014552,264.95652670626674,265.1494623043635,1.1282013487724527,0.7159541879062873,6943.1457225479335,5943.1457225479335,150000.0,1.0,15208.050921774231,8846.806649526787,103.74624886061743
68.24999999999801,104.28763354743242,8860.053145928232,11.513548540754421,264.92427980776415,265.1743498750639,1.1713849428667624,1.0087349290274616,6940.596432015491,5940.596432015491,150000.0,1.0,15187.219597705784,8860.053145928232,104.28763354743242
68.29999999999804,104.89438538294911,8873.301193211972,12.71784454814408,265.0199625398465,265.3249406191819,1.2287452913253445,1.280877887656898,6938.047141483048,5938.047141483048,150000.0,1.0,15180.79479608882,8873.301193211972,104.89438538294911
68.34999999999806,105.55441741331883,8886.557688012204,13.629506817789801,265.26429244421513,265.6142095258201,1.2986989240858773,1.507984120468071,6935.497850950605,5935.497850950605,150000.0,1.0,15190.205439615487,8886.557688012204,105.55441741331883
68.39999999999809,106.25213579962383,8899.829681959425,14.230798873987185,265.6318011205838,266.0127241376947,1.3785474743086084,1.6753823241256411,6932.948560418163,5932.948560418163,150000.0,1.0,15212.050104747863,8899.829681959425,106.25213579962383
68.44999999999811,106.97325141344102,8913.122071360163,14.578798130231808,266.07184065485717,266.4709472801599,1.46512948535056,1.7764042645920415,6930.39926988572,5930.39926988572,150000.0,1.0,15240.650475725903,8913.122071360163,106.97325141344102
68.49999999999814,107.70741488504488,8926.437376341086,14.769165839133464,266.54348758631687,266.9523534907697,1.555010471856646,1.8068786694128405,6927.849979353277,5927.849979353277,150000.0,1.0,15271.8255518905,8926.437376341086,107.70741488504488
68.54999999999816,108.44771583682865,8939.776624503147,14.808345961459091,267.0266678970494,267.43696169062974,1.6446201610807674,1.7656466151723307,6925.300688820835,5925.300688820835,150000.0,1.0,15303.288205644083,8939.776624503147,108.44771583682865
68.59999999999819,109.18387884896865,8953.139736087796,14.58666510334959,267.49066125868615,267.88808233933526,1.7304184351367007,1.6551311307698917,6922.751398288392,5922.751398288392,150000.0,1.0,15330.838796874606,8953.139736087796,109.18387884896865
68.64999999999822,109.90070573203681,8966.524510287363,14.026283376814972,267.8838288516328,268.2507826374,1.8090756446934295,1.4812553852202122,6920.202107755949,5920.202107755949,150000.0,1.0,15348.192982560366,8966.524510287363,109.90070573203681
68.69999999999824,110.5804460827637,8979.926061600985,13.104064168228554,268.15428866517044,268.4742800106718,1.8776337362083984,1.2528341639885987,6917.652817223507,5917.652817223507,150000.0,1.0,15349.558797518646,8979.926061600985,110.5804460827637
68.74999999999827,111.20556228385212,8993.33735749974,11.850202852654379,268.2710023286175,268.5326013690892,1.9336304580715493,0.9807351677723148,6915.103526691064,5915.103526691064,150000.0,1.0,15332.018424673308,8993.33735749974,111.20556228385212
68.79999999999829,111.76109709253117,9006.750613917598,10.334936957887269,268.2359983610402,268.4350233085606,1.9751796180088934,0.6769902653969839,6912.554236158621,5912.554236158621,150000.0,1.0,15296.720160043322,9006.750613917598,111.76109709253117
68.84999999999832,112.23624775598824,9020.159007351838,8.651438102939322,268.08483085100977,268.22439097454117,2.001009218323255,0.35402302488835263,6910.004945626179,5910.004945626179,150000.0,1.0,15248.65079996346,9020.159007351838,112.23624775598824
68.89999999999834,112.62513181767602,9033.55815531439,6.901344557881679,267.87750805782974,267.96639319134636,2.0104661858129664,0.02409491689296671,6907.455655093736,5907.455655093736,150000.0,1.0,15195.35797741579,9033.55815531439,112.62513181767602
68.94999999999837,112.92695319995126,9046.946996624429,5.185281700851508,267.6843228168024,267.73453984909617,2.00349938347053,-0.3010139304342381,6904.906364561293,5904.906364561293,150000.0,1.0,15145.19942803076,9046.946996624429,112.92695319995126
68.9999999999984,113.14579805798492,9060.32792420744,3.59712320244483,267.5707191121166,267.5948972262154,1.980631437695255,-0.6101469144221203,6902.357074028851,5902.357074028851,150000.0,1.0,15105.60657124811,9060.32792420744,113.14579805798492
69.04999999999842,113.28915038569394,9073.705886129399,2.1629613944810306,267.5669263177842,267.5756686642875,1.9427110194961128,-0.9046051402993238,6899.807783496408,5899.807783496408,150000.0,1.0,15079.6834957526,9073.705886129399,113.28915038569394
69.09999999999845,113.36509842009902,9087.086613183561,0.9102830873239203,267.68277487325486,267.6843226248872,1.8904354889466286,-1.182759039843418,6897.258492963965,5897.258492963965,150000.0,1.0,15068.19366246696,9087.086613183561,113.36509842009902
69.14999999999847,113.38407339278159,9100.476159173271,-0.10158154070813735,267.92107878762937,267.9210980448097,1.8248985185156283,-1.431316265186535,6894.7092024315225,5894.7092024315225,150000.0,1.0,15071.102735783015,9100.476159173271,113.38407339278159
69.1999999999985,113.36039624583441,9113.880834080335,-0.7923466297978006,268.2835229720258,268.2846930248971,1.7482332532776028,-1.625172098602986,6892.15991189908,5892.15991189908,150000.0,1.0,15088.223185522234,9113.880834080335,113.36039624583441
69.24999999999852,113.30969736790023,9127.305852822601,-1.1932000816552248,268.7265633903223,268.7292124016438,1.6634518445380142,-1.754872791909568,6889.610621366637,5889.610621366637,150000.0,1.0,15114.373075298892,9127.305852822601,113.30969736790023
69.29999999999855,113.24448792440715,9140.754087309126,-1.3904704597820383,269.2062082641427,269.20979918282416,1.5739049275012709,-1.8151295160550254,6887.061330834194,5887.061330834194,150000.0,1.0,15144.501777682148,9140.754087309126,113.24448792440715
69.34999999999857,113.1726709451331,9154.226677031294,-1.4559329221552342,269.69799718657345,269.701926999276,1.4831397429732676,-1.8034504696836249,6884.512040301752,5884.512040301752,150000.0,1.0,15175.849115677123,9154.226677031294,113.1726709451331
69.3999999999986,113.10254156106244,9167.723664870951,-1.303647569480918,270.1754999504301,270.17864510440177,1.3947457636080078,-1.7207426735826183,6881.962749769309,5881.962749769309,150000.0,1.0,15205.381886383066,9167.723664870951,113.10254156106244
69.44999999999862,113.04755556130394,9181.243150023616,-0.8381890248890524,270.5881276968037,270.5894259044562,1.312175251174004,-1.571556165281243,6879.413459236866,5879.413459236866,150000.0,1.0,15227.414798844642,9181.243150023616,113.04755556130394
69.49999999999865,113.0247068010405,9194.780423109,-0.01559736274074111,270.878042227576,270.87804267662995,1.2385704373946682,-1.3636336540007137,6876.864168704424,5876.864168704424,150000.0,1.0,15235.632019370189,9194.780423109,113.0247068010405
69.54999999999868,113.05177985774435,9208.328190235115,1.1524995816871706,271.00324072960507,271.0056913447282,1.1766222494090206,-1.107140074892526,6874.314878171981,5874.314878171981,150000.0,1.0,15225.707772776384,9208.328190235115,113.05177985774435
69.5999999999987,113.14478245993695,9221.877817127488,2.609201963401683,270.9539059949666,270.9664686060159,1.1284714642433356,-0.8137665194088936,6871.765587639538,5871.765587639538,150000.0,1.0,15197.056301560966,9221.877817127488,113.14478245993695
69.64999999999873,113.31609706071757,9235.42110278968,4.26933638788334,270.75692330312836,270.7905809842156,1.0956540083684732,-0.49588838452056827,6869.216297107096,5869.216297107096,150000.0,1.0,15153.17030637857,9235.42110278968,113.31609706071757
69.69999999999875,113.57348223706862,9248.951990705395,6.035413825945888,270.4693869828324,270.53671749860416,1.0790840286674486,-0.1659125309045949,6866.667006574653,5866.667006574653,150000.0,1.0,15100.71422589463,9248.951990705395,113.57348223706862
69.74999999999878,113.91975365786813,9262.467764633748,7.808571546142113,270.16527556963376,270.2780973612316,1.0790636094946293,0.16413451724064904,6864.11771604221,5864.11771604221,150000.0,1.0,15047.91032618524,9262.467764633748,113.91975365786813
69.7999999999988,114.35288420978112,9275.969503147515,9.49470688141771,269.91979689157273,270.08673831336466,1.0953075600455389,0.48280849230939105,6861.568425509768,5861.568425509768,150000.0,1.0,15002.759870024094,9275.969503147515,114.35288420978112
69.84999999999883,114.86701090416243,9289.461514213866,11.04997757593127,269.7790545623057,270.005259735732,1.1271170218449378,0.7882011465074581,6859.019134977325,5859.019134977325,150000.0,1.0,14969.928734648203,9289.461514213866,114.86701090416243
69.89999999999885,115.4553775856408,9302.949447032279,12.453562953960036,269.7606015225734,270.04790938659175,1.1739336435037788,1.0815101333739423,6856.469844444882,5856.469844444882,150000.0,1.0,14950.9151870355,9302.949447032279,115.4553775856408
69.94999999999888,116.10886602809474,9316.439818248204,13.64093834583287,269.87948489540497,270.2240025726137,1.2348930733875734,1.350725090682583,6853.92055391244,5853.92055391244,150000.0,1.0,14946.67922168021,9316.439818248204,116.10886602809474
69.9999999999989,116.81409698101508,9329.94007217868,14.513452774442214,270.1548155486505,270.54438577719804,1.3081448234598474,1.5696799072669247,6851.371263379997,5851.371263379997,150000.0,1.0,14958.365692367006,9329.94007217868,116.81409698101508
70.04999999999893,117.55499970105751,9343.457287235016,15.074964179301944,270.5491215392833,270.96878364617044,1.3908288754371856,1.7267732313810045,6848.821972847554,5848.821972847554,150000.0,1.0,14981.488887857762,9343.457287235016,117.55499970105751
70.09999999999896,118.31750753840592,9356.9960807397,15.39274533327052,271.00969957688756,271.4464843641372,1.4796843989951605,1.8156898864859325,6846.2726823151115,5846.2726823151115,150000.0,1.0,15010.430618786799,9356.9960807397,118.31750753840592
70.14999999999898,119.0919189027898,9370.558699881998,15.564091453714266,271.4979265939394,271.94367999199335,1.5711983041723192,1.8327364716913204,6843.723391782669,5843.723391782669,150000.0,1.0,15041.449435012666,9370.558699881998,119.0919189027898
70.19999999999901,119.87102199001906,9384.146024199434,15.560697535920951,271.9941604529744,272.4389080662357,1.6617494523933878,1.777395226987315,6841.174101250226,5841.174101250226,150000.0,1.0,15072.170074544665,9384.146024199434,119.87102199001906
70.24999999999903,120.64317554526195,9397.75764254874,15.27008668993888,272.46132641460247,272.88889669446576,1.7477821141693666,1.6528279862538258,6838.6248107177835,5838.6248107177835,150000.0,1.0,15097.804250016,9397.75764254874,120.64317554526195
70.29999999999906,121.39204851541973,9411.390740776322,14.622531573818486,272.8436820630291,273.2352343153032,1.8259871800055358,1.4656498619920804,6836.075520185341,5836.075520185341,150000.0,1.0,15111.894077527188,9411.390740776322,121.39204851541973
70.34999999999908,122.09924283713933,9425.039724333403,13.60562942378301,273.08973056603105,273.4284441908792,1.8934589749653958,1.225247409342396,6833.526229652898,5833.526229652898,150000.0,1.0,15108.992506933278,9425.039724333403,122.09924283713933
70.39999999999911,122.74710759832121,9438.69697934912,12.259752434172835,273.17294054458466,273.4479054143995,1.947812255016019,0.9428976613101956,6830.976939120455,5830.976939120455,150000.0,1.0,15086.88322223504,9438.69697934912,122.74710759832121
70.44999999999914,123.32102154746946,9452.354432160579,10.6627292949009,273.1021357663091,273.3102090228901,1.98725404775131,0.6308737036925638,6828.427648588013,5828.427648588013,150000.0,1.0,15047.495724474094,9452.354432160579,123.32102154746946
70.49999999999916,123.8108203950914,9466.005320802542,8.912277130301451,272.91978425792115,273.0652620218059,2.0106139348513636,0.30169870633147544,6825.87835805557,5825.87835805557,150000.0,1.0,14996.432551795355,9466.005320802542,123.8108203950914
70.54999999999919,124.21142327233396,9479.645636728856,7.112168467186188,272.69126338793194,272.78399525707533,2.017342774219069,-0.032363399945814816,6823.329067523127,5823.329067523127,150000.0,1.0,14941.558152498359,9479.645636728856,124.21142327233396
70.59999999999921,124.52290201758464,9493.274902417295,5.363692217647754,272.4897975489674,272.5425819252523,2.007492021459428,-0.3595815832540988,6820.779776990685,5820.779776990685,150000.0,1.0,14891.22696523507,9493.274902417295,124.52290201758464
70.64999999999924,124.7502084312433,9506.896169986683,3.757951102007314,272.38028258418115,272.40620502683754,1.9816811819638895,-0.6694071276085312,6818.230486458242,5818.230486458242,150000.0,1.0,14852.507671304205,9506.896169986683,124.7502084312433
70.69999999999926,124.9012181765079,9520.514850154917,2.3107027598526058,272.3874473908479,272.39724823012864,1.9407579646246873,-0.9652403555232576,6815.681195925799,5815.681195925799,150000.0,1.0,14827.754941417761,9520.514850154917,124.9012181765079
70.74999999999929,124.9844933915583,9534.137013997482,1.0575516907153188,272.52043949311405,272.52249147015107,1.8854435792300137,-1.2434431899954697,6813.131905393357,5813.131905393357,150000.0,1.0,14817.627254158326,9534.137013997482,124.9844933915583
70.79999999999932,125.01121987797293,9547.76900792403,0.06631878110423822,272.78301989706574,272.7830279587491,1.8169430625903644,-1.4880755529106535,6810.582614860914,5810.582614860914,150000.0,1.0,14822.182288445289,9547.76900792403,125.01121987797293
70.84999999999934,124.99672832230651,9561.417423701507,-0.5925261077621199,273.17061570753447,273.1712583219945,1.7376076989422473,-1.6749222703575077,6808.033324328471,5808.033324328471,150000.0,1.0,14840.554215470673,9561.417423701507,124.99672832230651
70.89999999999937,124.95678422204777,9575.087333954843,-0.9639647965196195,273.63431432989944,273.6360122625001,1.6505487039161526,-1.795977288793008,6805.484033796029,5805.484033796029,150000.0,1.0,14867.165496077007,9575.087333954843,124.95678422204777
70.94999999999939,124.90356382665333,9588.781384184904,-1.14233681981966,274.1306620312455,274.1330421512497,1.55919085364383,-1.8462755489573741,6802.934743263586,5802.934743263586,150000.0,1.0,14897.204003708533,9588.781384184904,124.90356382665333
70.99999999999942,124.84472197124981,9602.500567268791,-1.1810824852439932,274.6365471963291,274.63908682443304,1.4671367198178182,-1.8237611018377666,6800.385452731143,5800.385452731143,150000.0,1.0,14928.14091448707,9602.500567268791,124.84472197124981
71.04999999999944,124.78949049292497,9616.24469093821,-0.9789805785034378,275.1206439071705,275.1223856883864,1.3780058794637147,-1.7299024751014076,6797.836162198701,5797.836162198701,150000.0,1.0,14956.523433107846,9616.24469093821,124.78949049292497
71.09999999999947,124.75238273835744,9630.011345872024,-0.44525148938537235,275.5274586705055,275.52781843275994,1.295251999444693,-1.569817644895983,6795.286871666258,5795.286871666258,150000.0,1.0,14976.361661682176,9630.011345872024,124.75238273835744
71.1499999999995,124.75112516037116,9643.795147930217,0.4561337201044622,275.79763450718974,275.79801170010643,1.2219918279127993,-1.3517474777066423,6792.737581133815,5792.737581133815,150000.0,1.0,14981.434906492545,9643.795147930217,124.75112516037116
71.19999999999952,124.80381241642607,9657.58815044312,1.7050187833500396,275.8914977702436,275.896766256801,1.160868653843151,-1.0862393122674243,6790.1882906013725,5790.1882906013725,150000.0,1.0,14967.857432699077,9657.58815044312,124.80381241642607
71.24999999999955,124.92636866211568,9671.38125904089,3.237552838458375,275.80434454930736,275.8233460399153,1.1139598483459392,-0.785231862697652,6787.63900006893,5787.63900006893,150000.0,1.0,14935.636144991024,9671.38125904089,124.92636866211568
71.29999999999957,125.13080658503952,9685.166101586261,4.964109476532107,275.56920634638084,275.6139145059066,1.0827287749143524,-0.4612228371172215,6785.089709536487,5785.089709536487,150000.0,1.0,14888.798180040581,9685.166101586261,125.13080658503952
71.3499999999996,125.4243516727695,9698.936749443745,6.785013248066952,275.24877146479366,275.3323856680406,1.0680134344642522,-0.12664617735216654,6782.540419004044,5782.540419004044,150000.0,1.0,14834.3448170648,9698.936749443745,125.4243516727695
71.39999999999962,125.80921749699695,9712.690857916119,8.600681113642134,274.92105586887527,275.0555556168168,1.0700400029221504,0.20650191965100836,6779.991128471602,5779.991128471602,150000.0,1.0,14780.59345277629,9712.690857916119,125.80921749699695
71.44999999999965,126.28275875038466,9726.430030102068,10.316983739936157,274.6633155868531,274.8570120674628,1.0884496143569227,0.5268314694665115,6777.441837939159,5777.441837939159,150000.0,1.0,14735.425774256031,9726.430030102068,126.28275875038466
71.49999999999967,126.83871677326286,9740.159059062638,11.899342481279325,274.51774206233483,274.7755175747821,1.1225193706885588,0.8344612617746504,6774.892547406716,5774.892547406716,150000.0,1.0,14702.921975148998,9740.159059062638,126.83871677326286
71.5499999999997,127.4700309616857,9753.883975996168,13.320553322283827,274.5024547811279,274.82546246968633,1.1716887795993405,1.1292203519427697,6772.343256874274,5772.343256874274,150000.0,1.0,14684.537230175147,9753.883975996168,127.4700309616857
71.59999999999972,128.16704580917775,9767.611685158226,14.510810849402967,274.63342853537824,275.0165153233599,1.2350331706845443,1.3975946003545472,6769.793966341831,5769.793966341831,150000.0,1.0,14681.231379922401,9767.611685158226,128.16704580917775
71.64999999999975,128.9155411571742,9781.350090268244,15.373199281813767,274.92718932605953,275.35666813586585,1.310548845024384,1.61314059312465,6767.244675809388,5767.244675809388,150000.0,1.0,14693.802110389573,9781.350090268244,128.9155411571742
71.69999999999978,129.69910180165624,9795.106390736892,15.921484806605026,275.3399404283473,275.79988483234143,1.3952933763108757,1.7655273238200155,6764.695385276946,5764.695385276946,150000.0,1.0,14717.305146967245,9795.106390736892,129.69910180165624
71.7499999999998,130.50364894510562,9808.885148442943,16.228742951655928,275.817114534709,276.29414175484015,1.4859449585298403,1.848607416240883,6762.146094744503,5762.146094744503,150000.0,1.0,14746.178358146726,9808.885148442943,130.50364894510562
71.79999999999983,131.31969086852172,9822.688524166342,16.391630275784753,276.32070967472174,276.80646693717233,1.5789396346200417,1.8589257184499401,6759.59680421206,5759.59680421206,150000.0,1.0,14776.899890466571,9822.688524166342,131.31969086852172
71.84999999999985,132.13963550227376,9836.517337928626,16.363879128713297,276.83027452773626,277.3135002758448,1.670619614821529,1.7962979295870427,6757.047513679618,5757.047513679618,150000.0,1.0,14806.974546625483,9836.517337928626,132.13963550227376
71.89999999999988,132.95098528003138,9850.37097572818,16.032200949495152,277.3046653153149,277.767724678235,1.757410768337162,1.6642665696206247,6754.498223147175,5754.498223147175,150000.0,1.0,14831.327909520203,9850.37097572818,132.95098528003138
71.9499999999999,133.73665660212842,9864.246236193834,15.330626914498485,277.6851982712009,278.1080679529231,1.8360042478453678,1.4698050322230194,6751.948932614732,5751.948932614732,150000.0,1.0,14843.445255214267,9864.246236193834,133.73665660212842
71.99999999999993,134.47773817752423,9878.137047720877,14.252267537065851,277.91982347938045,278.2850254914161,1.9035111510319211,1.2225965104522285,6749.39964208229,5749.39964208229,150000.0,1.0,14838.072356026732,9878.137047720877,134.47773817752423
72.04999999999995,135.15634812181153,9892.03535419543,12.843006910613846,277.98387241858853,278.28039124476624,1.9575757530766387,0.9341288042876289,6746.850351549847,5746.850351549847,150000.0,1.0,14813.337142422082,9892.03535419543,135.15634812181153
72.09999999999998,135.7578828992799,9905.932777076312,11.184979112099914,277.88962275511665,278.11462779350376,1.996442854705443,0.6167952609110685,6744.301061017404,5744.301061017404,150000.0,1.0,14771.523597895482,9905.932777076312,135.7578828992799
72.15,136.27237197345806,9919.822439105712,9.37864345235659,277.6834972024764,277.84183193249385,2.01898380809112,0.2831620638505046,6741.7517704849615,5741.7517704849615,150000.0,1.0,14718.488936048447,9919.822439105712,136.27237197345806
72.20000000000003,136.6950315871474,9933.70040736304,7.5292477092511945,277.4344355021466,277.5365842073113,2.024691953015328,-0.05451694819958981,6739.202479952519,5739.202479952519,150000.0,1.0,14662.207534007375,9933.70040736304,136.6950315871474
72.25000000000006,137.02628423478487,9947.566436349549,5.738839902003548,277.2182940358907,277.27768902598416,2.013659950778429,-0.38454751109957447,6736.653189420076,5736.653189420076,150000.0,1.0,14611.011163656489,9947.566436349549,137.02628423478487
72.30000000000008,137.27145961437307,9961.42391200465,4.098446947934269,277.1012255815203,277.13153282541776,1.9865458679743921,-0.6965444266592536,6734.1038988876335,5734.1038988876335,150000.0,1.0,14571.836252770929,9961.42391200465,137.27145961437307
72.35000000000011,137.43871584011976,9975.278573487385,2.621117308389344,277.10676902119815,277.11916514978174,1.9442084765674001,-0.9946359419039801,6731.554608355191,5731.554608355191,150000.0,1.0,14546.805625695164,9975.278573487385,137.43871584011976
72.40000000000013,137.53689129768586,9989.136779838438,1.3442313727215751,277.2436460321121,277.2469048035748,1.8873716072243392,-1.2749102249881623,6729.005317822748,5729.005317822748,150000.0,1.0,14536.500272694037,9989.136779838438,137.53689129768586
72.45000000000016,137.5775916293063,10003.005166249493,0.34084669136554646,277.51664484032347,277.51685415465715,1.817272881581801,-1.5202145654113417,6726.456027290305,5726.456027290305,150000.0,1.0,14541.077587880769,10003.005166249493,137.5775916293063
72.50000000000018,137.57670750865782,10016.890607780739,-0.321707221294348,277.9183524533023,277.91853865097625,1.7363359555662272,-1.7067172572248557,6723.906736757863,5723.906736757863,150000.0,1.0,14559.398855533265,10016.890607780739,137.57670750865782
72.55000000000021,137.5503187692963,10030.79828239535,-0.692033148410749,278.39718671612474,278.3980468346201,1.6477116850313014,-1.8266695753254212,6721.35744622542,5721.35744622542,150000.0,1.0,14585.797691066435,10030.79828239535,137.5503187692963
72.60000000000024,137.5107600739579,10044.730853209929,-0.8677302233988149,278.908584978624,278.9099348006788,1.5548618028871968,-1.8751510684692558,6718.808155692977,5718.808155692977,150000.0,1.0,14615.508246624364,10044.730853209929,137.5107600739579
72.65000000000026,137.4658137634096,10058.689299911357,-0.898337827839795,279.42892154402045,279.43036557630467,1.4614226542230355,-1.850191436549279,6716.258865160535,5716.258865160535,150000.0,1.0,14646.03158629068,10058.689299911357,137.4658137634096
72.70000000000029,137.4251283376947,10072.673349006704,-0.6781381295805535,279.92455231702303,279.92537373594513,1.371042097001546,-1.7533900154974378,6713.709574628092,5713.709574628092,150000.0,1.0,14673.807195332074,10072.673349006704,137.4251283376947
72.75000000000031,137.40373043984832,10086.68037181916,-0.11607331986223177,280.3370740183619,280.337098048389,1.2871950129573269,-1.5900122264360628,6711.160284095649,5711.160284095649,150000.0,1.0,14692.772507097508,10086.68037181916,137.40373043984832
72.80000000000034,137.41982703898358,10100.704632746647,0.822386952318864,280.6049196196665,280.6061247283438,1.2130120378631275,-1.3684412548544886,6708.610993563207,5708.610993563207,150000.0,1.0,14696.717679466316,10100.704632746647,137.41982703898358
72.85000000000036,137.49188957717922,10114.73775691804,2.1145944063716318,280.6876272185288,280.6955923826936,1.151143753745057,-1.099343200094547,6706.061703030764,5706.061703030764,150000.0,1.0,14681.831817373482,10114.73775691804,137.49188957717922
72.90000000000039,137.63608925996996,10128.770221703386,3.6941414851794887,280.58125366187176,280.605571198756,1.103669752219196,-0.7947395438761578,6703.512412498321,5703.512412498321,150000.0,1.0,14648.213790993412,10128.770221703386,137.63608925996996
72.95000000000041,137.86457066985383,10142.793297158574,5.46942153101365,280.32081007167795,280.37416273816257,1.0720524714861253,-0.4671712587141292,6700.963121965879,5700.963121965879,150000.0,1.0,14599.957211894402,10142.793297158574,137.86457066985383
73.00000000000044,138.18461125874848,10156.800815952683,7.339534643414431,279.9716870577746,280.06787449252073,1.0571277159277679,-0.12908139466687368,6698.413831433436,5698.413831433436,150000.0,1.0,14544.08827297959,10156.800815952683,138.18461125874848
73.05000000000047,138.59843042127548,10170.790338406947,9.204218246074712,279.61488297955,279.76633181494304,1.0591196277184654,0.20754715848516014,6695.864540900993,5695.864540900993,150000.0,1.0,14488.92067929895,10170.790338406947,138.59843042127548
73.10000000000049,139.10335986942775,10184.763521698638,10.968795660693758,279.33058606552936,279.5458652707247,1.0776682271855291,0.5313453655871715,6693.315250368551,5693.315250368551,150000.0,1.0,14442.33269969751,10184.763521698638,139.10335986942775
73.15000000000052,139.69299269841724,10198.725380092998,12.59447430331257,279.16441855105364,279.44837334993497,1.1120312240522043,0.8417523991053915,6690.765959836108,5690.765959836108,150000.0,1.0,14408.57433543183,10198.725380092998,139.69299269841724
73.20000000000054,140.3601326996002,10212.682223418675,14.058180150838412,279.13384577134934,279.4876317196467,1.1616453889455602,1.139808671884302,6688.216669303665,5688.216669303665,150000.0,1.0,14388.977160650184,10212.682223418675,140.3601326996002
73.25000000000057,141.0950546030738,10226.641247078845,15.289053218564895,279.2557412263445,279.6739604543033,1.2256160528925866,1.41218382044185,6685.6673787712225,5685.6673787712225,150000.0,1.0,14384.527008635234,10226.641247078845,141.0950546030738
73.3000000000006,141.88335974321865,10240.610710552815,16.185995583725642,279.5486057283631,280.0168020275001,1.301965429491426,1.63188195078381,6683.11808823878,5683.11808823878,150000.0,1.0,14396.136486308138,10240.610710552815,141.88335974321865
73.35000000000062,142.70823953999502,10254.598218842704,16.759837433028665,279.96789211027874,280.4690941324092,1.387747627616835,1.7882539624868972,6680.568797706337,5680.568797706337,150000.0,1.0,14418.933072328879,10254.598218842704,142.70823953999502
73.40000000000065,143.55513833935106,10268.608646302822,17.082847799591452,280.456535557504,280.97631933289597,1.4796291534375954,1.8750158918404574,6678.019507173894,5678.019507173894,150000.0,1.0,14447.300274651185,10268.608646302822,143.55513833935106
73.45000000000067,144.41412036726004,10282.644329742148,17.25509855468208,280.9737945753956,281.50312904873437,1.5740272615667414,1.8885672787993766,6675.470216641452,5675.470216641452,150000.0,1.0,14477.600304843116,10282.644329742148,144.41412036726004
73.5000000000007,145.27747737663185,10296.706168165307,17.236646143240964,281.4984326413656,282.02565406326556,1.6672579399931613,1.8285718805320703,6672.920926109009,5672.920926109009,150000.0,1.0,14507.37680905957,10296.706168165307,145.27747737663185
73.55000000000072,146.13263015249262,10310.793615222188,16.910600581949392,281.9889228049352,282.49552385255583,1.7557135105295407,1.6984374814165255,6670.371635576566,5670.371635576566,150000.0,1.0,14531.653248976549,10310.793615222188,146.13263015249262
73.60000000000075,146.96221394155114,10324.90347581126,16.207235691918193,282.38454006512615,282.84925836311857,1.8360457955046996,1.5050422189964117,6667.822345044124,5667.822345044124,150000.0,1.0,14543.905755117616,10324.90347581126,146.96221394155114
73.65000000000077,147.74687835329007,10339.029554542449,15.117205499960846,282.63024379098204,283.034246350999,1.9053228571352487,1.2580158679084397,6665.273054511681,5665.273054511681,150000.0,1.0,14538.753953490761,10339.029554542449,147.74687835329007
73.7000000000008,148.46821889464883,10353.163520843873,13.685493311711644,282.6985078769569,283.02957280652276,1.9611441764565254,0.9688274473328876,6662.723763979238,5662.723763979238,150000.0,1.0,14514.119382769839,10353.163520843873,148.46821889464883
73.75000000000082,149.11109673211354,10367.296601907978,11.994534830674585,282.5997935240845,282.85422423159855,2.001709416343269,0.649872893627613,6660.174473446796,5660.174473446796,150000.0,1.0,14472.057824580004,10367.296601907978,149.11109673211354
73.80000000000085,149.6650389024363,10381.42147228304,10.145708183125882,282.38022425235494,282.56242928483505,2.0258451586697017,0.3137284281109245,6657.625182914353,5657.625182914353,150000.0,1.0,14418.234805280219,10381.42147228304,149.6650389024363
73.85000000000088,150.1248109158536,10395.533775879489,8.245364994563337,282.1100243192854,282.2304942158472,2.0330004519386864,-0.02734394451794868,6655.07589238191,5655.07589238191,150000.0,1.0,14360.51743060206,10395.533775879489,150.1248109158536
73.9000000000009,150.49044196351704,10409.632944030664,6.396765881469897,281.86771617378315,281.94029161289933,2.0232239797004623,-0.36164508461587597,6652.526601849468,5652.526601849468,150000.0,1.0,14307.24880767348,10409.632944030664,150.49044196351704
73.95000000000093,150.7669489217135,10423.722203678388,4.694940567099768,281.723883862132,281.7630018389438,1.9971326445371123,-0.67827771510055,6649.977311317025,5649.977311317025,150000.0,1.0,14265.595400534923,10423.722203678388,150.7669489217135
74.00000000000095,150.96264270958943,10437.80744224931,3.161467279730299,281.7077619565521,281.72550119208273,1.9556218269011167,-0.9800518458528905,6647.428020784582,5647.428020784582,150000.0,1.0,14238.184886230587,10437.80744224931,150.96264270958943
74.05000000000098,151.0863746590024,10451.895253361574,1.826078986232491,281.82792435484185,281.8338402509933,1.8993940290490394,-1.2653635963448304,6644.87873025214,5644.87873025214,150000.0,1.0,14225.540921274931,10451.895253361574,151.0863746590024
74.100000000001,151.14958372315982,10465.992523801178,0.7588901399668116,282.08872402223346,282.0897448237641,1.8295839879423639,-1.518708939539311,6642.329439719697,5642.329439719697,150000.0,1.0,14227.769807112407,10465.992523801178,151.14958372315982
74.15000000000103,151.1681588632371,10480.106467509104,0.040879601905679616,282.48814423766026,282.4881471955576,1.748495559030339,-1.71437224622648,6639.780149187254,5639.780149187254,150000.0,1.0,14244.314834793651,10480.106467509104,151.1681588632371
74.20000000000105,151.15884020923664,10494.242777870084,-0.36874328993579986,282.97412760507603,282.9743678594719,1.6592509500614738,-1.8438633299075227,6637.2308586548115,5637.2308586548115,150000.0,1.0,14269.640354617679,10494.242777870084,151.15884020923664
74.25000000000108,151.13486741019557,10508.404499112274,-0.5645401072745673,283.49816943132737,283.49873152528625,1.5653016106676072,-1.9019075510792378,6634.681568122369,5634.681568122369,150000.0,1.0,14298.731111202487,10508.404499112274,151.13486741019557
74.3000000000011,151.104606915123,10522.592792768024,-0.616087592055728,284.03380862067735,284.0344767866898,1.4702926980869155,-1.886121654257788,6632.132277589926,5632.132277589926,150000.0,1.0,14328.886676859476,10522.592792768024,151.104606915123
74.35000000000113,151.07731598604394,10536.807562082106,-0.4254221833544659,284.549336651932,284.54965467047856,1.3779031755984517,-1.7976383490842727,6629.5829870574835,5629.5829870574835,150000.0,1.0,14356.883423641568,10536.807562082106,151.07731598604394
74.40000000000116,151.06778380955902,10551.046418638673,0.1064249979020915,284.98616674073446,284.98618661236526,1.2916615423436726,-1.6413028162960133,6627.033696525041,5627.033696525041,150000.0,1.0,14376.863713662806,10551.046418638673,151.06778380955902
74.45000000000118,151.09438691618786,10565.30376982416,1.0219395820814066,285.2791315320753,285.28096194489484,1.2147708012564886,-1.4251733126490767,6624.484405992598,5624.484405992598,150000.0,1.0,14382.47601987014,10565.30376982416,151.09438691618786
74.50000000000121,151.17612054292388,10579.571143402685,2.304445186500474,285.3820651964855,285.3913691817408,1.1499673664098955,-1.1597029296475385,6621.935115460155,5621.935115460155,150000.0,1.0,14369.470944286046,10579.571143402685,151.17612054292388
74.55000000000123,151.32991030438293,10593.838623506837,3.8907777665668695,285.28523245172306,285.3117628256194,1.0994246337752012,-0.856804094739601,6619.385824927713,5619.385824927713,150000.0,1.0,14337.36982149462,10593.838623506837,151.32991030438293
74.60000000000126,151.56875687131242,10608.096833188436,5.6902970157708985,285.01952175461247,285.0763183103004,1.0647022257055176,-0.5289863039628704,6616.83653439527,5616.83653439527,150000.0,1.0,14289.726439215747,10608.096833188436,151.56875687131242
74.65000000000128,151.9008052461088,10622.338816242003,7.601757200456292,284.6488703099414,284.7503574734552,1.0467334519425404,-0.1887059436312003,6614.287243862827,5614.287243862827,150000.0,1.0,14233.198811481381,10622.338816242003,151.9008052461088
74.70000000000131,152.32910922294596,10636.561344808792,9.523997965688336,284.25575122875847,284.41525740345975,1.045838754054865,0.1520225884757943,6611.737953330385,5611.737953330385,150000.0,1.0,14175.979030057837,10636.561344808792,152.32910922294596
74.75000000000134,152.85178090075402,10650.765430401936,11.361049748154315,283.9245050536464,284.1517165553256,1.0617527079172182,0.4817925402604011,6609.188662797942,5609.188662797942,150000.0,1.0,14126.094698873752,10650.765430401936,152.85178090075402
74.80000000000136,153.46270360595517,10664.955862419907,13.053880052367438,283.71390745498127,284.01405787002034,1.0937381127234722,0.7961029752324971,6606.639372265499,5606.639372265499,150000.0,1.0,14088.870616290662,10664.955862419907,153.46270360595517
74.85000000000139,154.15467054482957,10679.139100341954,14.593392479983073,283.64081312952,284.015981903924,1.1411987082333876,1.0996989918255822,6604.090081733057,5604.090081733057,150000.0,1.0,14065.571871531027,10679.139100341954,154.15467054482957
74.90000000000141,154.91849786323198,10693.322487706726,15.91506603833043,283.7225963002341,284.1686136404758,1.2033761772062992,1.3820035078862993,6601.540791200614,5601.540791200614,150000.0,1.0,14057.21783385768,10693.322487706726,154.91849786323198
74.95000000000144,155.74057722336022,10707.514448037482,16.90928812623987,283.98458284909856,284.4875521370183,1.2785643227583914,1.6158743202377848,6598.991500668171,5598.991500668171,150000.0,1.0,14065.286347519623,10707.514448037482,155.74057722336022
75.00000000000146,156.60374923442544,10721.723361686598,17.564673226364732,284.3910750625326,284.9329768924124,1.3639295357360985,1.7877668974589296,6596.442210135729,5596.442210135729,150000.0,1.0,14085.799089104517,10721.723361686598,156.60374923442544
75.05000000000149,157.49240381536393,10735.95495966597,17.943239852288347,284.88222172218286,285.44673778091015,1.456193058052351,1.8908686247315722,6593.892919603286,5593.892919603286,150000.0,1.0,14112.99166444166,10735.95495966597,157.49240381536393
75.10000000000151,158.39523154876036,10750.212174466133,18.14916253963384,285.4099846358931,285.9864532294332,1.551797425216471,1.9209340822270755,6591.343629070843,5591.343629070843,150000.0,1.0,14142.669412598803,10750.212174466133,158.39523154876036
75.15000000000154,159.3045363371388,10764.496191624694,18.184119833691863,285.9508652906184,286.5284620671731,1.6470484213567982,1.8768460338439827,6588.794338538401,5588.794338538401,150000.0,1.0,14172.49080340479,10764.496191624694,159.3045363371388
75.20000000000157,160.20875228104762,10778.806887026445,17.92715837511219,286.46842474567194,287.02881629493766,1.738287223637459,1.7611911170484333,6586.245048005958,5586.245048005958,150000.0,1.0,14198.107604328638,10778.806887026445,160.20875228104762
75.25000000000159,161.09095679273065,10793.141633608395,17.29457990868974,286.90195535674906,287.4227452407761,1.8220759981246508,1.5801429686898039,6583.695757473515,5583.695757473515,150000.0,1.0,14213.116559607455,10793.141633608395,161.09095679273065
75.30000000000162,161.93153347717492,10807.494654012275,16.263380314581894,287.1906222867068,287.65074494720614,1.8953622453541414,1.3428065558068754,6581.1464669410725,5581.1464669410725,150000.0,1.0,14211.656829128538,10807.494654012275,161.93153347717492
75.35000000000164,162.71120949001366,10821.857646812115,14.868476914424669,287.2976681201482,287.6821539703664,1.9556036302209954,1.0603250163993851,6578.59717640863,5578.59717640863,150000.0,1.0,14190.761277095819,10821.857646812115,162.71120949001366
75.40000000000167,163.413590444583,10836.221390471754,13.186870121372268,287.22421359674803,287.5267681797093,2.0008462803421043,0.7449447002136191,6576.047885876187,5576.047885876187,150000.0,1.0,14151.501539648054,10836.221390471754,163.413590444583
75.4500000000017,164.02677681986628,10850.577700999722,11.318296302892188,287.0096920219961,287.2327751941987,2.0297591477189525,0.40921799852448393,6573.4985953437445,5573.4985953437445,150000.0,1.0,14098.744237328245,10850.577700999722,164.02677681986628
75.50000000000172,164.54408827155913,10864.92112957211,9.369729942966307,286.721794206606,286.87484921522736,2.0416344055559508,0.0654521138582802,6570.949304811302,5570.949304811302,150000.0,1.0,14039.916897762421,10864.92112957211,164.54408827155913
75.55000000000175,164.96417077225934,10879.250001197419,7.446200217049252,286.4410129492228,286.5377807498502,2.036366905497851,-0.27458249163064297,6568.400014278859,5568.400014278859,150000.0,1.0,13983.351095648928,10879.250001197419,164.96417077225934
75.60000000000177,165.290773201222,10893.566640535484,5.646242626226734,286.2441896516242,286.29987105325284,2.0144243200178895,-0.5997486087171546,6565.850723746416,5565.850723746416,150000.0,1.0,13936.64681842067,10893.566640535484,165.290773201222
75.6500000000018,165.53186119224577,10907.876654182699,4.024245474066887,286.1785878890399,286.20688097563357,1.9767145399049666,-0.9067586230602851,6563.301433213974,5563.301433213974,150000.0,1.0,13904.167242608512,10907.876654182699,165.53186119224577
75.70000000000182,165.6962268967808,10922.186815332896,2.5867259187821103,286.2522169979228,286.2639042687792,1.9239630411663344,-1.2001667115010917,6560.752142681531,5560.752142681531,150000.0,1.0,13886.310306764719,10922.186815332896,165.6962268967808
75.75000000000185,165.7945187106556,10936.504235810366,1.394384852045708,286.4697265115079,286.4731200596205,1.857085216860621,-1.4687563003657442,6558.202852149088,5558.202852149088,150000.0,1.0,13883.210706547648,10936.504235810366,165.7945187106556
75.80000000000187,165.8415679153196,10950.83639341393,0.547534110603318,286.8394253004196,286.83994788083,1.7779793425721968,-1.6854124477065295,6555.653561616646,5555.653561616646,150000.0,1.0,13895.339077481261,10950.83639341393,165.8415679153196
75.8500000000019,165.85489980282756,10965.189982241693,0.03651730386738325,287.3172781507323,287.3172804713611,1.6896149348857172,-1.837882757486315,6553.104271084203,5553.104271084203,150000.0,1.0,13918.10147917296,10965.189982241693,165.85489980282756
75.90000000000192,165.84949409675613,10979.568998751172,-0.2194698611530772,287.8485233747115,287.84860704200355,1.5953640708103,-1.920064056044286,6550.55498055176,5550.55498055176,150000.0,1.0,13946.01394130294,10979.568998751172,165.84949409675613
75.95000000000195,165.83537066715687,10993.97513538069,-0.32201673021433536,288.39848324453766,288.39866302138853,1.498838312984812,-1.9285672177245035,6548.005690019318,5548.005690019318,150000.0,1.0,13975.657749701053,10993.97513538069,165.83537066715687
76.00000000000198,165.82074348511165,11008.408747097714,-0.21781096426988933,288.94120789643443,288.9412899920444,1.4037387891477175,-1.8633131179558926,6545.456399486875,5545.456399486875,150000.0,1.0,14004.497252438909,11008.408747097714,165.82074348511165
76.050000000002,165.8189796896109,11022.868258839064,0.20796809519415507,289.42354879537396,289.4236235141092,1.313677156019379,-1.727965305651984,6542.907108954432,5542.907108954432,150000.0,1.0,14027.409461968411,11022.868258839064,165.8189796896109
76.10000000000203,165.8479841486079,11037.348946035649,1.0182540131461995,289.7769376181264,289.7787266459959,1.231993955273401,-1.5296057939626193,6540.35781842199,5540.35781842199,150000.0,1.0,14037.916414955042,11037.348946035649,165.8479841486079
76.15000000000205,165.9272687664967,11051.84283121413,2.2145716639941697,289.9442001151847,289.9526573564885,1.1616051195462884,-1.2779921487570098,6537.808527889547,5537.808527889547,150000.0,1.0,14030.82786437274,11051.84283121413,165.9272687664967
76.20000000000208,166.07504521357205,11066.339837112708,3.745996145433061,289.90117989377904,289.9253810740392,1.1048909461986294,-0.9846335704265938,6535.259237357104,5535.259237357104,150000.0,1.0,14004.283080343173,11066.339837112708,166.07504521357205
76.2500000000021,166.3060485652426,11080.829719017182,5.52775168935223,289.66564205782873,289.7183808934347,1.0636316920400233,-0.6618819152298683,6532.7099468246615,5532.7099468246615,150000.0,1.0,13960.474130594257,11080.829719017182,166.3060485652426
76.30000000000213,166.63032762979185,11095.304103580953,7.459895484980146,289.29307885177263,289.38924567472225,1.0389846885386045,-0.3222012680662709,6530.160656292219,5530.160656292219,150000.0,1.0,13905.073803963727,11095.304103580953,166.63032762979185
76.35000000000215,167.05283906036965,11109.758076085483,9.440251019376662,288.8637378290837,289.0179533729668,1.0314916163296426,0.02230249199530071,6527.611365759776,5527.611365759776,150000.0,1.0,13845.851259698284,11109.758076085483,167.05283906036965
76.40000000000218,167.57351913527725,11124.191009680346,11.37081659830953,288.466052283723,288.6900739378963,1.0411028714445545,0.36010368145615024,6525.0620752273335,5525.0620752273335,150000.0,1.0,13791.017006872184,11124.191009680346,167.57351913527725
76.4500000000022,168.18759793302888,11138.606545284021,13.165591545241027,288.1780811124128,288.47866339535153,1.0672153759634613,0.6814362580579391,6522.512784694891,5522.512784694891,150000.0,1.0,13747.491036160542,11138.606545284021,168.18759793302888
76.50000000000223,168.8878125870017,11153.011050983941,14.815842687222021,288.0269110121035,288.40771602317903,1.1090994019068707,0.9920265054125453,6519.963494162448,5519.963494162448,150000.0,1.0,13717.463876531556,11153.011050983941,168.8878125870017
76.55000000000226,169.66603538020328,11167.41182056051,16.275838802212153,288.03082584256015,288.4903110405318,1.1661730661821534,1.2874253831814524,6517.414203630005,5517.414203630005,150000.0,1.0,13702.088028128304,11167.41182056051,169.66603538020328
76.60000000000228,170.51067887761675,11181.817100170123,17.45024172630922,288.2136179480596,288.7414076765172,1.2372585610354625,1.5469881405284918,6514.864913097563,5514.864913097563,150000.0,1.0,13702.708296525487,11181.817100170123,170.51067887761675
76.65000000000231,171.40510332147937,11196.23611387712,18.26903061047287,288.5715153000422,289.14922950270665,1.3198959585790708,1.7480517859065707,6512.31562256512,5512.31562256512,150000.0,1.0,13718.152771252435,11196.23611387712,171.40510332147937
76.70000000000233,172.33227173913107,11210.676177999083,18.771012666761855,289.04502452688126,289.65389194740874,1.4109584206984156,1.8828735434451,6509.766332032677,5509.766332032677,150000.0,1.0,13742.713729036719,11210.676177999083,172.33227173913107
76.75000000000236,173.27841918529077,11225.141554972382,19.047193244912663,289.5757132420861,290.2014632460903,1.506986991972127,1.9460114355991391,6507.217041500235,5507.217041500235,150000.0,1.0,13771.266184458053,11225.141554972382,173.27841918529077
76.80000000000238,174.23471587856093,11239.634119352138,19.175175167743742,290.1292495376885,290.762220345106,1.6043197916059806,1.934881132561518,6504.667750967792,5504.667750967792,150000.0,1.0,13800.98725655932,11239.634119352138,174.23471587856093
76.85000000000241,175.19184028031992,11254.15444727514,19.058506877710883,290.67961722617395,291.3037359100682,1.6992501878903292,1.8503829159090777,6502.118460435349,5502.118460435349,150000.0,1.0,13828.797481107178,11254.15444727514,175.19184028031992
76.90000000000244,176.1346475032195,11268.701133967168,18.588678036214596,291.17272401163757,291.76547801186365,1.7882105691488916,1.6971437046950837,6499.569169902907,5499.569169902907,150000.0,1.0,13848.950913181594,11268.701133967168,176.1346475032195
76.95000000000246,177.04392714515726,11283.269648185937,17.714142222817635,291.5420513151781,292.0797126124171,1.8679488117582481,1.4830416512116944,6497.019879370464,5497.019879370464,150000.0,1.0,13855.030826614378,11283.269648185937,177.04392714515726
77.00000000000249,177.8994668671865,11297.852386420498,16.44563888801885,291.7354145960059,292.1985817349882,1.9356714585870753,1.2183926884823018,6494.470588838021,5494.470588838021,150000.0,1.0,13842.541549288853,11297.852386420498,177.8994668671865
77.05000000000251,178.68293228129372,11312.439932924268,14.84464646667853,291.7347861739359,292.1122198619441,1.9891421362131787,0.9150067478294562,6491.921298305579,5491.921298305579,150000.0,1.0,13810.638269794525,11312.439932924268,178.68293228129372
77.10000000000254,179.37992940752477,11327.022990741541,13.003938045104542,291.5628927590601,291.85274170155077,2.0267336503246285,0.5853090139979099,6489.372007773136,5489.372007773136,150000.0,1.0,13762.481750376337,11327.022990741541,179.37992940752477
77.15000000000256,179.9810955759255,11341.594315181535,11.029409436661965,291.277291264164,291.4860344488397,2.0474409994241185,0.241673025090137,6486.822717240693,5486.822717240693,150000.0,1.0,13704.405653104586,11341.594315181535,179.9810955759255
77.20000000000259,180.48242597588924,11356.150132847088,9.028043539374888,290.95661490800825,291.09664602821493,2.0508677286783596,-0.10397742332924592,6484.273426708251,5484.273426708251,150000.0,1.0,13644.429999440716,11356.150132847088,180.48242597588924
77.25000000000261,180.88515876802782,11370.690784181761,7.101949479258149,290.68399811559465,290.77074207504603,2.0371985655282843,-0.4403305644894045,6481.724136175808,5481.724136175808,150000.0,1.0,13590.626326476444,11370.690784181761,180.88515876802782
77.30000000000264,181.19543666446955,11385.220538261,5.342199831316215,290.53013527535563,290.57924668178583,2.0071646344239147,-0.7573744331442333,6479.174845643365,5479.174845643365,150000.0,1.0,13549.55005393157,11385.220538261,181.19543666446955
77.35000000000267,181.42218151322058,11399.746122032828,3.758864806336052,290.5177210143127,290.5420370410835,1.9616632621965933,-1.0604721660775516,6476.6255551109225,5476.6255551109225,150000.0,1.0,13522.951123369003,11399.746122032828,181.42218151322058
77.40000000000269,181.5748472918559,11414.274786322161,2.388374439814065,290.65377656647547,290.66358933450783,1.9013920084887628,-1.3465998855625143,6474.07626457848,5474.07626457848,150000.0,1.0,13511.154767070497,11414.274786322161,181.5748472918559
77.45000000000272,181.66585821550885,11428.814053171254,1.3139145099418597,290.9452216580479,290.94818847518206,1.827574229177429,-1.596952428457705,6471.526974046037,5471.526974046037,150000.0,1.0,13514.489888846689,11428.814053171254,181.66585821550885
77.50000000000274,181.7123561350725,11443.37172945325,0.6042831220066616,291.3811997462342,291.38182634413965,1.7426941346569773,-1.7876036712687122,6468.9776835135945,5468.9776835135945,150000.0,1.0,13531.609699144015,11443.37172945325,181.7123561350725
77.55000000000277,181.73154486944432,11457.953604780954,0.20839652127329109,291.903374650361,291.9034490398822,1.6499350548559526,-1.911063383738505,6466.428392981152,5466.428392981152,150000.0,1.0,13556.823907275259,11457.953604780954,181.73154486944432
77.6000000000028,181.7367392928158,11472.562653716886,0.024237186585520477,292.4618126317803,292.4618136360844,1.5527924847127395,-1.962338944657177,6463.879102448709,5463.879102448709,150000.0,1.0,13585.368174158255,11472.562653716886,181.7367392928158
77.65000000000282,181.73640391864194,11487.199955952903,-0.0039053868297243,293.02980264942806,293.0298026754528,1.4549405858891096,-1.9393717595818996,6461.329811916266,5461.329811916266,150000.0,1.0,13614.72237002278,11487.199955952903,181.73640391864194
77.70000000000285,181.7408098698656,11501.865186152894,0.23423093578264464,293.56988500685287,293.56997844988865,1.3600697840162193,-1.8436605663739023,6458.780521383824,5458.780521383824,150000.0,1.0,13641.40769957198,11501.865186152894,181.7408098698656
77.75000000000287,181.7659127930097,11516.5553944802,0.8354340082097036,294.01681902626007,294.0180059457288,1.2717026226032646,-1.6803690637876474,6456.231230851381,5456.231230851381,150000.0,1.0,13659.449249826237,11516.5553944802,181.7659127930097
77.8000000000029,181.83105529689306,11531.26414287068,1.8366865592287074,294.3010293175622,294.3067604981127,1.1930224609209805,-1.4577789250932314,6453.681940318938,5453.681940318938,150000.0,1.0,13662.629423832319,11531.26414287068,181.83105529689306
77.85000000000292,181.95588757203421,11545.981974926555,3.2147714721573197,294.37526813592086,294.39282132163737,1.1267378435540953,-1.186446102675203,6451.132649786496,5451.132649786496,150000.0,1.0,13646.970679977225,11545.981974926555,181.95588757203421
77.90000000000295,182.15768307217286,11560.698016495337,4.901068262175391,294.23178819834084,294.2726043254856,1.07499234169695,-0.8782590484135129,6448.583359254053,5448.583359254053,150000.0,1.0,13612.240048146465,11560.698016495337,182.15768307217286
77.95000000000297,182.44957109869947,11575.402088105304,6.801720177717374,293.90553234767515,293.98422634887453,1.0393198789428013,-0.5455898808942018,6446.03406872161,5446.03406872161,150000.0,1.0,13562.092735607797,11575.402088105304,182.44957109869947
78.000000000003,182.83972345218902,11590.086663397722,8.81455300916611,293.4655340367161,293.59788148453384,1.0206372017798735,-0.20067252505689684,6443.484778189168,5443.484778189168,150000.0,1.0,13503.12228563289,11590.086663397722,182.83972345218902
78.05000000000302,183.33121690919046,11604.748211007476,10.839012290838436,292.9997671276083,293.2001837043655,1.0192606954711072,0.14475015460889645,6440.935487656725,5440.935487656725,150000.0,1.0,13443.357019818593,11604.748211007476,183.33121690919046
78.10000000000305,183.9222317075394,11619.387718277076,12.780124906818859,292.5982220577929,292.8771946465197,1.0349348967477667,0.4795543637142549,6438.386197124282,5438.386197124282,150000.0,1.0,13390.672394149398,11619.387718277076,183.9222317075394
78.15000000000308,184.6065869313384,11634.010296668424,14.56989750329709,292.32858779848215,292.69145043460264,1.0669106900815726,0.7975551965106538,6435.83690659184,5435.83690659184,150000.0,1.0,13350.705883926863,11634.010296668424,184.6065869313384
78.2000000000031,185.3767564000804,11648.623027561409,16.205978267731854,292.20778016588514,292.6568306414331,1.1145469698646144,1.1055928989544657,6433.287616059397,5433.287616059397,150000.0,1.0,13324.621150280724,11648.623027561409,185.3767564000804
78.25000000000313,186.22369016196666,11663.233823431165,17.628547923857656,292.25342353833713,292.7846124231641,1.1771806865404075,1.3951938445263083,6430.738325526954,5430.738325526954,150000.0,1.0,13313.355226468851,11663.233823431165,186.22369016196666
78.30000000000315,187.13399680012373,11677.851730992348,18.722764805249945,292.49530601417405,293.09392003635634,1.2532815166072286,1.6393781906685516,6428.1890349945115,5428.1890349945115,150000.0,1.0,13318.57506956789,11677.851730992348,187.13399680012373
78.35000000000318,188.09000386863835,11692.486125260699,19.461056616780954,292.90287883988964,293.5486827722731,1.3401015488398151,1.8226061946044163,6425.639744462069,5425.639744462069,150000.0,1.0,13336.955246084319,11692.486125260699,188.09000386863835
78.4000000000032,189.07505075688093,11707.143707448464,19.897999262183415,293.4120608696245,294.0859871506939,1.4344064295591115,1.9377739831094658,6423.090453929626,5423.090453929626,150000.0,1.0,13362.760296746083,11707.143707448464,189.07505075688093
78.45000000000323,190.07650980631462,11721.82808096524,20.137342279223247,293.9673446325763,294.6562612000609,1.5326652678586776,1.9802197558600312,6420.5411633971835,5420.5411633971835,150000.0,1.0,13391.480324148484,11721.82808096524,190.07650980631462
78.50000000000325,191.08615557281675,11736.540748339075,20.211407598287973,294.54056213436917,295.2332022986817,1.6311866199342808,1.9482840607934204,6417.991872864741,5417.991872864741,150000.0,1.0,13420.723004968473,11736.540748339075,191.08615557281675
78.55000000000328,192.0928546507559,11751.281887543528,19.99917508466496,295.0977314672015,295.7746407675203,1.7262844833053426,1.8439196412651782,6415.442582332298,5415.442582332298,150000.0,1.0,13446.653493054428,11751.281887543528,192.0928546507559
78.6000000000033,193.07967296251624,11766.04921803639,19.405069434010947,295.576515195084,296.21281716800934,1.81446260061504,1.6726982084596167,6412.893291799855,5412.893291799855,150000.0,1.0,13463.11394846668,11766.04921803639,193.07967296251624
78.65000000000333,194.0263923276266,11780.837094010045,18.39491196850271,295.90934925845033,296.4805487125395,1.892582037504005,1.4432129834237197,6410.344001267413,5410.344001267413,150000.0,1.0,13464.01776659533,11780.837094010045,194.0263923276266
78.70000000000336,194.9126542507516,11795.636927118285,16.995712469852165,296.0499667999412,296.53741262209087,1.9579912709488312,1.1662100237390123,6407.79471073497,5407.79471073497,150000.0,1.0,13445.751407780155,11795.636927118285,194.9126542507516
78.75000000000338,195.72068179485925,11810.438729068579,15.28044505881096,295.9903097320287,296.384472360577,2.0086101492886486,0.8536453961141963,6405.245420202527,5405.245420202527,150000.0,1.0,13408.515816069032,11810.438729068579,195.72068179485925
78.80000000000341,196.43707024053697,11825.233154326457,13.347726211472054,295.7635398306392,296.0645762129717,2.042968874924277,0.5178565999193017,6402.696129670085,5402.696129670085,150000.0,1.0,13356.319862500732,11825.233154326457,196.43707024053697
78.85000000000343,197.05361969963522,11840.013384399688,11.304853137236782,295.43544411694137,295.65165540721887,2.0602112081526642,0.17097327947858226,6400.146839137642,5400.146839137642,150000.0,1.0,13295.949982713171,11840.013384399688,197.05361969963522
78.90000000000346,197.56748772689807,11854.77639973464,9.257708672577339,295.0894329043285,295.2346161642711,2.0600750351376074,-0.17540151274478216,6397.597548605199,5397.597548605199,150000.0,1.0,13235.458877281584,11854.77639973464,197.56748772689807
78.95000000000348,197.98099192873417,11869.523442890475,7.306385165894556,294.8098386274637,294.90036320042674,2.0428628052844,-0.5102918159248403,6395.048258072757,5395.048258072757,150000.0,1.0,13182.615534451881,11869.523442890475,197.98099192873417
79.00000000000351,198.30120230510067,11884.259648755251,5.534656090792266,294.6636484426888,294.71562247631164,2.009397320999591,-0.8250824764088325,6392.498967540314,5392.498967540314,150000.0,1.0,13143.298251887592,11884.259648755251,198.30120230510067
79.05000000000354,198.53732531288773,11898.992254316598,3.9436673622362863,294.66649923722656,294.6928880800933,1.960538597664004,-1.1269038634335733,6389.949677007871,5389.949677007871,150000.0,1.0,13118.513229672115,11898.992254316598,198.53732531288773
79.10000000000356,198.6992808972017,11913.728873893417,2.5767745723417144,294.8238131097759,294.8350734627493,1.8969956857273447,-1.4108915291261332,6387.400386475429,5387.400386475429,150000.0,1.0,13108.429241185995,11913.728873893417,198.6992808972017
79.15000000000359,198.80040318117196,11928.477416245421,1.531487465266374,295.1463212995393,295.1502946475018,1.8201305615919308,-1.6542636321357969,6384.851095942986,5384.851095942986,150000.0,1.0,13113.700195308007,11928.477416245421,198.80040318117196
79.20000000000361,198.85859902341224,11943.245880973727,0.8544832476216979,295.61087906904606,295.6121140372881,1.7325845185018958,-1.8367844794811088,6382.301805410543,5382.301805410543,150000.0,1.0,13131.933984871801,11943.245880973727,198.85859902341224
79.25000000000364,198.8910304709781,11958.039849178826,0.4864870637320518,296.15656605170136,296.15696561992075,1.6375850081913967,-1.951413229082667,6379.752514878101,5379.752514878101,150000.0,1.0,13157.466247268258,11958.039849178826,198.8910304709781
79.30000000000366,198.91060147461485,11972.862060549658,0.31982005510016026,296.7347676013587,296.73493995197134,1.5386533120628905,-1.9935330713202355,6377.203224345658,5377.203224345658,150000.0,1.0,13185.858661888693,11972.862060549658,198.91060147461485
79.35000000000369,198.92569573444192,11987.713448065897,0.3214829478866872,297.3193022229999,297.3194760281562,1.4394694976661864,-1.9615098660295,6374.653933813215,5374.653933813215,150000.0,1.0,13214.750004864964,11987.713448065897,198.92569573444192
79.40000000000371,198.94756311934216,12002.593395061283,0.6104100592974224,297.8671212356385,297.86774668239434,1.3437075388889126,-1.857295496050981,6372.1046432807725,5372.1046432807725,150000.0,1.0,13240.333554159062,12002.593395061283,198.94756311934216
79.45000000000374,198.99307560970234,12017.498385615645,1.2775227160540732,298.3084352929277,298.3111708119642,1.2548524928476188,-1.686429480278972,6369.55535274833,5369.55535274833,150000.0,1.0,13256.517563825819,12017.498385615645,198.99307560970234
79.50000000000377,199.08213851037624,12032.42126914631,2.3519755419391926,298.5724850044429,298.5817485893573,1.1760344289408764,-1.4574446331447835,6367.006062215887,5367.006062215887,150000.0,1.0,13257.281272991182,12032.42126914631,199.08213851037624
79.55000000000379,199.23457945073062,12047.351903344876,3.8033543870756894,298.61413515824194,298.63835524074676,1.1098996137329906,-1.1810041502938287,6364.4567716834445,5364.4567716834445,150000.0,1.0,13239.033119312968,12047.351903344876,199.23457945073062
79.60000000000382,199.46754366780036,12062.278891368049,5.558186943527007,298.4297957618889,298.4815512566596,1.0585275106630205,-0.8689653012246582,6361.907481151002,5361.907481151002,150000.0,1.0,13201.92962143629,12062.278891368049,199.46754366780036
79.65000000000384,199.79385956697448,12077.191757879214,7.520533107145418,298.0590953900783,298.1539581541179,1.0233924411971944,-0.5335567972945556,6359.358190618559,5359.358190618559,150000.0,1.0,13149.875326210098,12077.191757879214,199.79385956697448
79.70000000000387,200.2213527122106,12092.082904397934,9.588343294223783,297.5752075983774,297.7296433080611,1.00536075558402,-0.18679432144491998,6356.808900086116,5356.808900086116,150000.0,1.0,13089.522102914096,12092.082904397934,200.2213527122106
79.7500000000039,200.7527949253861,12106.948910723513,11.662419563089015,297.06927495739615,297.2981099061657,1.0047104197212395,0.15983409168184892,6354.259609553674,5354.259609553674,150000.0,1.0,13028.798787762684,12106.948910723513,200.7527949253861
79.80000000000392,201.3861399665664,12121.791009953866,13.649430160041735,296.63353497446326,296.9474044593419,1.0211605213144352,0.4954639952967253,6351.710319021231,5351.710319021231,150000.0,1.0,12975.401750160714,12121.791009953866,201.3861399665664
79.85000000000394,202.11503222223809,12136.614660126423,15.481208926319828,296.3375686807072,296.7416762799139,1.0539445035223527,0.8138693138456542,6349.161028488788,5349.161028488788,150000.0,1.0,12934.851467760218,12136.614660126423,202.11503222223809
79.90000000000397,202.93177687386336,12151.427329562914,17.15759057982779,296.1974791927313,296.6939999302876,1.1024104486206647,1.1225740621091356,6346.611737956346,5346.611737956346,150000.0,1.0,12908.181142523976,12151.427329562914,202.93177687386336
79.950000000004,203.82728511034776,12166.237272121773,18.61979804863453,296.2307694840604,296.81537303261507,1.1659260602445298,1.413655654063846,6344.062447423903,5344.062447423903,150000.0,1.0,12896.255065332565,12166.237272121773,203.82728511034776
80.00000000000402,204.78809786587513,12181.053910932638,19.750907100588627,296.46878522922503,297.12596478024005,1.2430033391729967,1.6600466174447595,6341.51315689146,5341.51315689146,150000.0,1.0,12900.751479763296,12181.053910932638,204.78809786587513
80.05000000000405,205.7963072517645,12195.887068958438,20.519750713529373,296.8812749050308,297.5895689680367,1.3309212686445318,1.8459291926505885,6338.963866359018,5338.963866359018,150000.0,1.0,12918.477420710837,12195.887068958438,205.7963072517645
80.10000000000407,206.83487927517922,12210.743839375515,20.978766248752606,297.40208830202937,298.14109203484156,1.4264678294060167,1.9641861419322018,6336.414575826575,5336.414575826575,150000.0,1.0,12943.761841792593,12210.743839375515,206.83487927517922
80.1500000000041,207.89073268636324,12225.628091581219,21.23115904175177,297.97284414741307,298.72826776780715,1.5261322384302878,2.0100814514378325,6333.865285294132,5333.865285294132,150000.0,1.0,12972.061256747484,12225.628091581219,207.89073268636324
80.20000000000412,208.95536803055415,12240.541457340785,21.3173786119579,298.5633268732109,299.3233883018254,1.6262379912845029,1.9818210652641803,6331.31599476169,5331.31599476169,150000.0,1.0,13000.967709499166,12240.541457340785,208.95536803055415
80.25000000000415,210.0176671390526,12255.484210101948,21.11682190341394,299.1398229846344,299.88423410139274,1.7231056938684002,1.8811635308482064,6328.766704229247,5328.766704229247,150000.0,1.0,13026.8125906392,12255.484210101948,210.0176671390526
80.30000000000418,211.0605794931052,12270.454153367284,20.530165051967092,299.63890157873436,300.341404099354,1.8132352243129566,1.7134607154878594,6326.217413696804,5326.217413696804,150000.0,1.0,13043.569131224805,12270.454153367284,211.0605794931052
80.3500000000042,212.0635849074672,12285.445623927242,19.5197246602159,299.9901201598925,300.6245030671276,1.893472641707259,1.4870831119101429,6323.6681231643615,5323.6681231643615,150000.0,1.0,13045.142159881483,12285.445623927242,212.0635849074672
80.40000000000423,213.00587094831363,12300.449843428856,18.110016835670045,300.14336051048673,300.6892242304607,1.9611405296090842,1.2125656891436078,6321.118832631919,5321.118832631919,150000.0,1.0,13027.742806744769,12300.449843428856,213.00587094831363
80.45000000000425,213.86911162157736,12315.456439589476,16.37267623810128,300.08683754385873,300.5331505745613,2.0141227023761186,0.9016699845624052,6318.569542099476,5318.569542099476,150000.0,1.0,12991.266034226792,12315.456439589476,213.86911162157736
80.50000000000428,214.63930781728308,12330.455520087617,14.405757235371466,299.8510590320154,300.19690778578257,2.0509039511625002,0.566551795433919,6316.0202515670335,5316.0202515670335,150000.0,1.0,12939.35957325025,12330.455520087617,214.63930781728308
80.5500000000043,215.30764537768658,12345.43962702622,12.316245459937878,299.50083204117624,299.753962935582,2.0705736981758127,0.21916406851875145,6313.470961034591,5313.470961034591,150000.0,1.0,12878.48064917028,12345.43962702622,215.30764537768658
80.60000000000433,215.87065121749328,12360.405100784572,10.209664812981956,299.12054778705954,299.29473661263074,2.0728066478149647,-0.12906769927142217,6310.921670502148,5310.921670502148,150000.0,1.0,12816.465821960086,12360.405100784572,215.87065121749328
80.65000000000435,216.32999536405072,12375.352643738306,8.185857202281948,298.79754840034667,298.90965723474653,2.0578331780288384,-0.4673445151054633,6308.372379969705,5308.372379969705,150000.0,1.0,12761.04664534765,12375.352643738306,216.32999536405072
80.70000000000438,216.69215526933235,12390.287067457672,6.335528452733384,298.6059373809818,298.6731403389836,2.026406472055445,-0.7858574115537976,6305.823089437263,5305.823089437263,150000.0,1.0,12718.493961093141,12390.287067457672,216.69215526933235
80.7500000000044,216.966509086741,12405.215798987125,4.6702428725646055,298.569807197621,298.6063310422492,1.9794582964600438,-1.0900849891858935,6303.27379890482,5303.27379890482,150000.0,1.0,12690.496499674835,12405.215798987125,216.966509086741
80.80000000000443,217.16274665203676,12420.146725944169,3.2205250003759645,298.6942962790221,298.7116576414424,1.9176451754769477,-1.3789625671256553,6300.724508372377,5300.724508372377,150000.0,1.0,12677.162631824798,12420.146725944169,217.16274665203676
80.85000000000446,217.29346037782545,12435.087983523106,2.0713161670016373,298.9867367722389,298.9939115038561,1.8420931593804855,-1.634250541744427,6298.175217839935,5298.175217839935,150000.0,1.0,12678.824981249196,12435.087983523106,217.29346037782545
80.90000000000448,217.37623593575714,12450.04807104255,1.3008426922250516,299.4384054323885,299.4412310280623,1.75519968891401,-1.8310111836583638,6295.625927307492,5295.625927307492,150000.0,1.0,12694.42849546048,12450.04807104255,217.37623593575714
80.95000000000451,217.429123660361,12465.033446792942,0.8632793241519181,299.98767900793155,299.9889211416936,1.6600968337874726,-1.9615597880535285,6293.076636775049,5293.076636775049,150000.0,1.0,12718.46596235921,12465.033446792942,217.429123660361
81.00000000000453,217.4664676782163,12480.047528526047,0.6587251055492539,300.57938587188056,300.58010767494505,1.5602348329188591,-2.020734538946755,6290.527346242607,5290.527346242607,150000.0,1.0,12746.10963280905,12480.047528526047,217.4664676782163
81.05000000000456,217.49747133276253,12495.091594597265,0.6142995179091947,301.18326523568993,301.18389170393834,1.4592541319096586,-2.0061811511539003,6287.978055710164,5287.978055710164,150000.0,1.0,12774.738124431542,12495.091594597265,217.49747133276253
81.10000000000458,217.53232635761555,12510.16545777655,0.8342762658743385,301.76213724043527,301.7632904924041,1.3608297460217254,-1.918968912555647,6285.428765177721,5285.428765177721,150000.0,1.0,12801.214130782299,12510.16545777655,217.53232635761555
81.15000000000461,217.58707866567028,12525.26626636868,1.4229427794657437,302.24821412608156,302.251563616401,1.2684920245173779,-1.7637749383859738,6282.879474645279,5282.879474645279,150000.0,1.0,12819.878482562372,12525.26626636868,217.58707866567028
81.20000000000464,217.68153756806768,12540.387457843954,2.424482072163002,302.5657277518357,302.5754413750663,1.1854566798030877,-1.5483928669832172,6280.330184112836,5280.330184112836,150000.0,1.0,12824.532808907057,12540.387457843954,217.68153756806768
81.25000000000466,217.83613545478732,12555.519082306939,3.820918843024034,302.6592187322102,302.6833363507097,1.114488282076101,-1.282923900561849,6277.780893580393,5277.780893580393,150000.0,1.0,12810.854525188906,12555.519082306939,217.83613545478732
81.30000000000469,218.06913070077027,12570.649358378458,5.54655176900549,302.5129797543171,302.56382327760554,1.0578080116324553,-0.9788482001056594,6275.231603047951,5275.231603047951,150000.0,1.0,12777.97444754754,12570.649358378458,218.06913070077027
81.35000000000471,218.3947402251157,12585.766850363283,7.508903021551616,302.15622699801924,302.24951470311015,1.017046777175237,-0.6481685590617008,6272.682312515508,5272.682312515508,150000.0,1.0,12728.781627492748,12585.766850363283,218.3947402251157
81.40000000000474,218.82227866691144,12600.862572726732,9.606809883393154,301.6557479378105,301.80868287717556,0.9932361886463181,-0.30276969810116827,6270.133021983065,5270.133021983065,150000.0,1.0,12669.1587683694,12600.862572726732,218.82227866691144
81.45000000000476,219.3560243057164,12615.931522970788,11.741108738621502,301.1013422787415,301.3301710026263,0.9868248254999287,0.04595150237894316,6267.5837314506225,5267.5837314506225,150000.0,1.0,12606.648088402351,12615.931522970788,219.3560243057164
81.50000000000479,219.99543615438708,12630.973414833321,13.818404184245868,300.5890794159925,300.9065352536449,0.9977067369692498,0.3872167805569363,6265.03444091818,5265.03444091818,150000.0,1.0,12548.99919481725,12630.973414833321,219.99543615438708
81.55000000000481,220.73546495272885,12645.992583323008,15.753218783858289,300.2045853232752,300.61762581587215,1.025254315019821,0.7112504368624802,6262.485150385737,5262.485150385737,150000.0,1.0,12502.801925376432,12645.992583323008,220.73546495272885
81.60000000000484,221.56831387198355,12660.996482544564,17.534068135408997,299.97914560797864,300.49115019426114,1.0686656369200258,1.0236737887782728,6259.9358598532945,5259.9358598532945,150000.0,1.0,12470.252312577562,12660.996482544564,221.56831387198355
81.65000000000487,222.48576365761178,12675.993405666797,19.12675588461125,299.92830921244075,300.5375574827595,1.1274217922180478,1.3235757811742284,6257.386569320852,5257.386569320852,150000.0,1.0,12452.115168712984,12675.993405666797,222.48576365761178
81.70000000000489,223.47640096755268,12690.992582921706,20.43783356906064,300.07684049303367,300.7720320130816,1.20053149153473,1.5922670495300615,6254.837278788409,5254.837278788409,150000.0,1.0,12449.564615648802,12690.992582921706,223.47640096755268
81.75000000000492,224.5233166535018,12706.004536026274,21.377415719124308,300.4308260294477,301.19043001324684,1.285704434124973,1.8045024676757784,6252.287988255966,5252.287988255966,150000.0,1.0,12462.196307753458,12706.004536026274,224.5233166535018
81.80000000000494,225.60838047927552,12721.038040231017,21.973171361046262,300.9271679443829,301.72832261272515,1.3799059220526098,1.95225841265062,6249.738697723524,5249.738697723524,150000.0,1.0,12484.64776699928,12721.038040231017,225.60838047927552
81.85000000000497,226.7162684115129,12736.098494215128,22.308529724139063,301.49877605993515,302.3229770693781,1.4797582841807393,2.029783919966779,6247.189407191081,5247.189407191081,150000.0,1.0,12511.71829209458,12736.098494215128,226.7162684115129
81.900000000005,227.83670140339996,12751.188411155443,22.48167868213476,302.1012575910982,302.93661996280645,1.5816603345416658,2.0339785313440544,6244.640116658638,5244.640116658638,150000.0,1.0,12540.27906012247,12751.188411155443,227.83670140339996
81.95000000000502,228.96051556583626,12766.308727486745,22.420318085905844,302.708787073688,303.537939036781,1.6819344053580607,1.9649936203409777,6242.090826126196,5242.090826126196,150000.0,1.0,12567.736391233328,12766.308727486745,228.96051556583626
82.00000000000504,230.07276384311342,12781.45849388301,22.002729685676773,303.26786445585606,304.0649893118845,1.7770010534815022,1.826600335538255,6239.541535593753,5239.541535593753,150000.0,1.0,12588.960807600071,12781.45849388301,230.07276384311342
82.05000000000507,231.1537061791244,12796.633480142573,21.16244314249256,303.70522991639524,304.44164576865916,1.8635534003748153,1.6258293648163398,6236.99224506131,5236.99224506131,150000.0,1.0,12597.65834711616,12796.633480142573,231.1537061791244
82.1000000000051,232.18190433257797,12811.825894340021,19.897812957187348,303.9563801470797,304.60696642164186,1.9387025382381602,1.3722245639448856,6234.442954528868,5234.442954528868,150000.0,1.0,12588.823187269747,12811.825894340021,232.18190433257797
82.15000000000512,233.13728925321558,12827.025454196548,18.26246837031227,303.9891822303905,304.5372566108755,2.0000806116852954,1.0769279664115223,6231.893663996425,5231.893663996425,150000.0,1.0,12560.581182334641,12827.025454196548,233.13728925321558
82.20000000000515,234.00344836536573,12842.221330717428,16.34544162437165,303.8144406874136,304.2538213927669,2.045897997705463,0.75179025611911,6229.344373463982,5229.344373463982,150000.0,1.0,12514.818219851584,12842.221330717428,234.00344836536573
82.25000000000517,234.7688790851197,12857.404268399709,14.251180118875542,303.4828432461657,303.8172679087833,2.074960149819645,0.4086678999443595,6226.79508293154,5226.79508293154,150000.0,1.0,12456.66031237166,12857.404268399709,234.7688790851197
82.3000000000052,235.42738434670773,12872.568299878973,12.085820999561657,303.07272068356684,303.3136018904737,2.0866558288806645,0.05898690798243908,6224.245792399097,5224.245792399097,150000.0,1.0,12393.26406560383,12872.568299878973,235.42738434670773
82.35000000000522,235.97797058242935,12887.711732622118,9.950810117199511,302.6739663189298,302.83749521685917,2.0809301283836446,-0.286437564393758,6221.696501866654,5221.696501866654,150000.0,1.0,12332.396832472263,12887.711732622118,235.97797058242935
82.40000000000525,236.42455930873825,12902.837318558062,7.941200067022505,302.37189712214337,302.4761591063807,2.05825335506513,-0.6174030978518243,6219.1472113342115,5219.1472113342115,150000.0,1.0,12281.111681546534,12902.837318558062,236.42455930873825
82.45000000000528,236.77547670046118,12917.951597463316,6.1273898629609524,302.226746025854,302.28885344965795,2.0195559148937643,-0.9279124265186304,6216.597920801769,5216.597920801769,150000.0,1.0,12244.115206282047,12917.951597463316,236.77547670046118
82.5000000000053,237.0403295192192,12933.062688398835,4.502770871338292,302.2452661823397,302.2788048725103,1.9656291525032266,-1.226732986533787,6214.048630269326,5214.048630269326,150000.0,1.0,12221.554687084084,12933.062688398835,237.0403295192192
82.55000000000533,237.22971110805798,12948.178892588005,3.1191980360399216,302.43101571244205,302.4471005998361,1.897176841527167,-1.50688130593745,6211.4993397368835,5211.4993397368835,150000.0,1.0,12213.427935003532,12948.178892588005,237.22971110805798
82.60000000000535,237.35827286978147,12963.308884711905,2.0883908030073024,302.79774541745854,302.8049471294056,1.8157234788999543,-1.7417010865452502,6208.950049204441,5208.950049204441,150000.0,1.0,12220.574189146237,12963.308884711905,237.35827286978147
82.65000000000538,237.444833962028,12978.46105288555,1.4326971235757253,303.307287930807,303.3106716437609,1.7240281650732663,-1.9152947920671548,6206.400758671998,5206.400758671998,150000.0,1.0,12239.590392966791,12978.46105288555,237.444833962028
82.7000000000054,237.50670770263446,12993.640907050285,1.085207924026256,303.89501694571425,303.8969545761759,1.6253253681745925,-2.021087109292056,6203.851468139555,5203.851468139555,150000.0,1.0,12265.029780557014,12993.640907050285,237.50670770263446
82.75000000000543,237.55659696171233,13008.851034023626,0.9340724165975728,304.51269433643444,304.51412693554005,1.5231207349337732,-2.054899378162795,6201.302177607113,5201.302177607113,150000.0,1.0,12292.88059676094,13008.851034023626,237.55659696171233
82.80000000000545,237.60316175401132,13024.092239612957,0.9704260620864912,305.132891761616,305.13443489968165,1.4210575006672685,-2.0155098832333307,6198.75288707467,5198.75288707467,150000.0,1.0,12320.901608516577,13024.092239612957,237.60316175401132
82.85000000000548,237.65886557545298,13039.363541832838,1.3186614050246261,305.70527996553693,305.70812397891626,1.3227535103166697,-1.9052105192156756,6196.203596542227,5196.203596542227,150000.0,1.0,12345.075293948696,13039.363541832838,237.65886557545298
82.9000000000055,237.7416859377675,13054.660698493071,2.0641736144191545,306.1535931836422,306.1605517240351,1.2316245976008704,-1.7297169445830736,6193.654306009785,5193.654306009785,150000.0,1.0,12359.3793420514,13054.660698493071,237.7416859377675
82.95000000000553,237.87230248287642,13069.97557716403,3.2288423768712664,306.40347579705946,306.42048789794376,1.1507274314662608,-1.497551725587317,6191.105015477342,5191.105015477342,150000.0,1.0,12358.088688053329,13069.97557716403,237.87230248287642
83.00000000000556,238.07096416200557,13085.29695232632,4.775789488839788,306.4092547092634,306.4464709157669,1.0826400044469568,-1.2191858613883662,6188.555724944899,5188.555724944899,150000.0,1.0,12337.925245332754,13085.29695232632,238.07096416200557
83.05000000000558,238.3549734222978,13100.612376886256,6.627634545815806,306.16901384858517,306.2407395835636,1.0293871796447969,-0.9061273858455702,6186.006434412457,5186.006434412457,150000.0,1.0,12299.18396835529,13100.612376886256,238.3549734222978
83.10000000000561,238.7371983823415,13115.910441993687,8.687646239022104,305.7252277606136,305.84863917705025,0.9924092901638065,-0.5701366959764781,6183.457143880014,5183.457143880014,150000.0,1.0,12245.649975540608,13115.910441993687,238.7371983823415
83.15000000000563,239.22553556285928,13131.182773370316,10.855686727584413,305.15448501488794,305.34751621558826,0.9725642108750971,-0.2226842568065402,6180.907853347571,5180.907853347571,150000.0,1.0,12183.644080469829,13131.182773370316,239.22553556285928
83.20000000000566,239.8229707684036,13146.42535920333,13.036167385717855,304.5519289777506,304.83080406051045,0.9701497693423862,0.1253237517589333,6178.358562815129,5178.358562815129,150000.0,1.0,12120.689527059556,13146.42535920333,239.8229707684036
83.25000000000568,240.52786740851542,13161.639064450545,15.13973225478161,304.0148241792735,304.3915649512993,0.984934147070172,0.46360428961820566,6175.809272282686,5175.809272282686,150000.0,1.0,12064.172255212685,13161.639064450545,240.52786740851542
83.30000000000571,241.33429483806367,13176.82933729695,17.0879691152494,303.62495406264316,304.1054281298278,1.0161931062907787,0.7836321100442903,6173.259981750243,5173.259981750243,150000.0,1.0,12020.001537119315,13176.82933729695,241.33429483806367
83.35000000000574,242.23423347465638,13192.00431139399,18.88111504601327,303.40377389209584,303.9907013665826,1.0631637517443155,1.0935557085308572,6170.710691217801,5170.710691217801,150000.0,1.0,11989.510036854788,13192.00431139399,242.23423347465638
83.40000000000576,243.21914062549183,13207.17277852695,20.476642025473588,303.36661224468145,304.0568931852299,1.1253401421424596,1.3904251647979184,6168.161400685358,5168.161400685358,150000.0,1.0,11973.346048832016,13207.17277852695,243.21914062549183
83.45000000000579,244.27680880136953,13222.34456656668,21.76750845086731,303.54396801587956,304.323454473992,1.2016153869477337,1.651756547795864,6165.612110152915,5165.612110152915,150000.0,1.0,11972.959078774928,13222.34456656668,244.27680880136953
83.50000000000581,245.3896029353475,13237.530633989561,22.682828593018712,303.9279670713369,304.7732269755595,1.2895613564439379,1.8558700895972053,6163.0628196204725,5163.0628196204725,150000.0,1.0,11986.940951584433,13237.530633989561,245.3896029353475
83.55000000000584,246.539376418976,13252.739682068857,23.257126550459695,304.45107978984873,305.3380977221626,1.3861232418407443,1.9953043117277072,6160.51352908803,5160.51352908803,150000.0,1.0,12009.907078618262,13252.739682068857,246.539376418976
83.60000000000586,247.71109458211836,13267.976916094956,23.57962463935319,305.0455311383097,305.95551108876316,1.4879226818738234,2.064680949861108,6157.964238555587,5157.964238555587,150000.0,1.0,12036.92886042316,13267.976916094956,247.71109458211836
83.65000000000589,248.8948143598778,13283.244704597495,23.738718799502553,305.6692073983558,306.58961352560675,1.591376407394679,2.0612710682626125,6155.4149480231445,5155.4149480231445,150000.0,1.0,12065.18330941352,13283.244704597495,248.8948143598778
83.70000000000591,250.08070512309178,13298.543882617427,23.64319321512108,306.29423011048203,307.2053970625849,1.6928433516592991,1.9855957925028862,6152.865657490702,5152.865657490702,150000.0,1.0,12091.913814291822,13298.543882617427,250.08070512309178
83.75000000000594,251.25289233671444,13313.873186370109,23.17519866929705,306.86216429331444,307.7360520123349,1.7887973794212997,1.8417096639032493,6150.316366958259,5150.316366958259,150000.0,1.0,12111.861306096274,13313.873186370109,251.25289233671444
83.80000000000597,252.39097756437303,13329.227873889153,22.274599691519473,307.29699702368924,308.1032329775115,1.8759957739180078,1.6367905026766074,6147.767076425816,5147.767076425816,150000.0,1.0,12118.86981062549,13329.227873889153,252.39097756437303
83.85000000000599,253.4731901427884,13344.599570535313,20.946094099685023,307.53410005799407,308.2465921247357,1.9516174613407888,1.3803818491467261,6145.217785893374,5145.217785893374,150000.0,1.0,12108.23338997644,13344.599570535313,253.4731901427884
83.90000000000602,254.47940748606806,13359.977457533445,19.24791221533895,307.5431358061346,308.14487259423925,2.013358882880267,1.0834878074318626,6142.668495360931,5142.668495360931,150000.0,1.0,12078.371895142904,13359.977457533445,254.47940748606806
83.95000000000604,255.39333284762645,13375.350283391253,17.27122848163943,307.33748958004503,307.82239657735965,2.0594849054489437,0.7577101529937104,6140.119204828488,5140.119204828488,150000.0,1.0,12031.32574567817,13375.350283391253,255.39333284762645
84.00000000000607,256.20362809845483,13390.708499353255,15.120384155305617,306.97033501276667,307.34250046951564,2.0888409776850754,0.4145805260962286,6137.569914296046,5137.569914296046,150000.0,1.0,11972.189743613964,13390.708499353255,256.20362809845483
84.0500000000061,256.9042135323211,13406.045958759501,12.899877742522621,306.5220674346952,306.7933908515825,2.100838452287312,0.06515908749492245,6135.020623763603,5135.020623763603,150000.0,1.0,11907.941864245011,13406.045958759501,256.9042135323211
84.10000000000612,257.4941104734373,13421.360885073766,10.708836740471407,306.0843818905616,306.2716572287766,2.0954263245520437,-0.2801164029936406,6132.47133323116,5132.47133323116,150000.0,1.0,11846.111906638222,13421.360885073766,257.4941104734373
84.15000000000614,257.9771396649762,13436.656037745735,8.640137581923845,305.74452299918795,305.8665809163132,2.073060139880209,-0.6114091918766333,6129.922042698718,5129.922042698718,150000.0,1.0,11793.556403002587,13436.656037745735,257.9771396649762
84.20000000000617,258.36151971857345,13451.938100451222,6.769118351444199,305.5672785394256,305.6422462246454,2.0346554111051574,-0.921742619877259,6127.372752166275,5127.372752166275,150000.0,1.0,11755.109621437072,13451.938100451222,258.36151971857345
84.2500000000062,258.657069648315,13467.215567615958,5.088059084598653,305.5607532539617,305.6031123440611,1.981045986272468,-1.220486451382459,6124.823461633832,5124.823461633832,150000.0,1.0,11730.995953784353,13467.215567615958,258.657069648315
84.30000000000622,258.8742015135324,13482.497056313474,3.6416158213519365,305.7273795495564,305.74906700107664,1.9128666078762595,-1.5029794681919733,6122.27417110139,5122.27417110139,150000.0,1.0,11721.11254028835,13482.497056313474,258.8742015135324
84.35000000000625,259.02708750008634,13497.791494192395,2.5398577650000718,306.08140693156395,306.09194459618186,1.8314573296061059,-1.7441225016962567,6119.724880568947,5119.724880568947,150000.0,1.0,11726.297547739201,13497.791494192395,259.02708750008634
84.40000000000627,259.13462901464277,13513.107804763267,1.8227058928925137,306.5914543838894,306.596872387832,1.7394477621601572,-1.9257159633086387,6117.175590036504,5117.175590036504,150000.0,1.0,11743.836226978305,13513.107804763267,259.13462901464277
84.4500000000063,259.2148131290615,13528.452120065484,1.431084067553308,307.19079192634086,307.19412534412317,1.6399914187110691,-2.0410439746096696,6114.6262995040615,5114.6262995040615,150000.0,1.0,11768.371339433887,13528.452120065484,259.2148131290615
84.50000000000632,259.2813494496896,13543.827463269665,1.256057661674534,307.826100654596,307.8286632610143,1.5365237878365146,-2.085638791250368,6112.077008971619,5112.077008971619,150000.0,1.0,11795.682778958288,13543.827463269665,259.2813494496896
84.55000000000635,259.3432670201756,13559.234862723228,1.259914046588744,308.4683267829403,308.4708997809545,1.4326362245376705,-2.057829716016607,6109.527718439176,5109.527718439176,150000.0,1.0,11823.50269707602,13559.234862723228,259.3432670201756
84.60000000000637,259.4123583056898,13574.673650808601,1.563268881634408,309.07077105855893,309.0747245122584,1.331921073513516,-1.959320392913768,6106.9784279067335,5106.9784279067335,150000.0,1.0,11848.296524885065,13574.673650808601,259.4123583056898
84.6500000000064,259.5061918039775,13590.140007853968,2.2603167844433667,309.55719926571,309.5654513171593,1.2377991262084769,-1.7952107745689034,6104.429137374291,5104.429137374291,150000.0,1.0,11864.342482638247,13590.140007853968,259.5061918039775
84.70000000000643,259.6455108898661,13605.626103268412,3.382535481172096,309.8484678287857,309.8669304106642,1.1533620109947138,-1.5734485019977185,6101.879846841848,5101.879846841848,150000.0,1.0,11865.824613280873,13605.626103268412,259.6455108898661
84.75000000000645,259.85107099453484,13621.120678334259,4.900827161501551,309.8906464023733,309.92939653177086,1.0812494334737357,-1.3040143056227373,6099.330556309405,5099.330556309405,150000.0,1.0,11848.99004407156,13621.120678334259,259.85107099453484
84.80000000000648,260.1409976959714,13636.610803783284,6.742657075044449,309.67255141083035,309.74594835400995,1.023570014297244,-0.998024379837609,6096.781265776963,5096.781265776963,150000.0,1.0,11813.41926499081,13636.610803783284,260.1409976959714
84.8500000000065,260.529158417715,13652.084150642442,8.813672183964671,309.22874568977755,309.35432432445407,0.9818652411351608,-0.6669306701103747,6094.23197524452,5094.23197524452,150000.0,1.0,11762.134587796294,13652.084150642442,260.529158417715
84.90000000000653,261.0245327954874,13667.531097665908,11.014941670151526,308.630845878215,308.8273432963787,0.95710813941091,-0.3219462643753787,6091.682684712077,5091.682684712077,150000.0,1.0,11700.81235897824,13667.531097665908,261.0245327954874
84.95000000000655,261.63124674450756,13682.946228680581,13.252096406098847,307.972752858861,308.25774047478774,0.9497239982443179,0.026262633970609697,6089.133394179635,5089.133394179635,150000.0,1.0,11636.567495668814,13682.946228680581,261.63124674450756
85.00000000000658,262.34887566946685,13698.329042428799,15.437419725614836,307.3545257536537,307.7419672859686,0.9596205012640177,0.3676564945802401,6086.584103647192,5086.584103647192,150000.0,1.0,11576.689939526002,13698.329042428799,262.34887566946685
85.0500000000066,263.17274936533244,13713.683878640657,17.488521939845313,306.86740826894516,307.3653439432298,0.9862179173025745,0.6927619873993471,6084.034813114749,5084.034813114749,150000.0,1.0,11527.528776392355,13713.683878640657,263.17274936533244
85.10000000000663,264.09494166482637,13729.018768961327,19.37498008396853,306.55722432776616,307.1688813027754,1.0286426559145476,1.0031740834383078,6081.485522582307,5081.485522582307,150000.0,1.0,11492.045522617316,13729.018768961327,264.09494166482637
85.15000000000666,265.10738722758225,13744.342681829616,21.087911236762015,306.4321462770535,307.1568984611791,1.0863923110262277,1.304457105601931,6078.936232049864,5078.936232049864,150000.0,1.0,11470.451183807116,13744.342681829616,265.10738722758225
85.20000000000668,266.1996630239356,13759.665338751314,22.547477012932873,306.5136130423713,307.3418027212329,1.158748171254324,1.5829449642031272,6076.386941517421,5076.386941517421,150000.0,1.0,11463.581809720019,13759.665338751314,266.1996630239356
85.25000000000671,267.355883523488,13774.997968071535,23.63788591427217,306.8265501273116,307.73573324124027,1.2438136324918927,1.810118235304861,6073.837650984979,5073.837650984979,150000.0,1.0,11472.274365178013,13774.997968071535,267.355883523488
85.30000000000673,268.557330344625,13790.350911264217,24.362914267693274,307.3141397039591,308.2783353620547,1.3387418195101726,1.976259587224943,6071.288360452536,5071.288360452536,150000.0,1.0,11491.990125547101,13790.350911264217,268.557330344625
85.35000000000676,269.78716181075777,13805.731067413171,24.788873186654257,307.9033920631428,308.8996391675676,1.4403181595865295,2.0751940781135256,6068.739069920093,5068.739069920093,150000.0,1.0,11517.499714867374,13805.731067413171,269.78716181075777
85.40000000000678,271.0330992563594,13821.14196856669,25.02427574486399,308.5371819410691,309.55033034498825,1.54507571146595,2.103092511301162,6066.189779387651,5066.189779387651,150000.0,1.0,11545.12276728984,13821.14196856669,271.0330992563594
85.45000000000681,272.2862556390543,13836.585079100376,25.056699438723726,309.1874238971685,310.2010658958636,1.6494260464225456,2.0590278069992336,6063.640488855208,5063.640488855208,150000.0,1.0,11572.669255998992,13836.585079100376,272.2862556390543
85.50000000000684,273.5331871276016,13852.060251227695,24.755884717536787,309.8090469536852,310.79655629124767,1.749818674051535,1.945484565351004,6061.091198322765,5061.091198322765,150000.0,1.0,11596.01278770679,13852.060251227695,273.5331871276016
85.55000000000686,274.7547965952157,13867.564276182911,24.034452930687838,310.3281658930505,311.25749063150613,1.84291088133477,1.7682132792260739,6058.5419077903225,5058.5419077903225,150000.0,1.0,11609.239177003894,13867.564276182911,274.7547965952157
85.60000000000689,275.929203931742,13883.09008665789,22.869374225557674,310.66931799885623,311.5099250799933,1.925716793331405,1.535609841184469,6055.99261725788,5055.99261725788,150000.0,1.0,11606.857279588528,13883.09008665789,275.929203931742
85.65000000000691,277.03493422159835,13898.627386325305,21.29772172473392,310.7826186387348,311.5115230591213,1.9957191333720994,1.2578726376141778,6053.443326725437,5053.443326725437,150000.0,1.0,11585.77914409244,13898.627386325305,277.03493422159835
85.70000000000694,278.0535073483699,13914.16438796385,19.39861084372417,310.65977891689397,311.2648459742277,2.0509370413245263,0.9461191009329893,6050.8940361929945,5050.8940361929945,150000.0,1.0,11546.312908760236,13914.16438796385,278.0535073483699
85.75000000000696,278.97099906916264,13929.689994692104,17.271831992751366,310.3359323430025,310.8161950149742,2.08995239105922,0.6116338848672807,6048.344745660552,5048.344745660552,150000.0,1.0,11492.041767013883,13929.689994692104,278.97099906916264
85.80000000000699,279.77863220776015,13945.195777191388,15.021381027616453,309.8805045454403,310.24436978825815,2.111904258862754,0.26535782515761064,6045.795455128109,5045.795455128109,150000.0,1.0,11428.92782377922,13945.195777191388,279.77863220776015
85.85000000000701,280.4727406259714,13960.677335060967,12.746912341638241,309.3825981716218,309.6450804157376,2.1164645084073253,-0.08235952244512516,6043.246164595666,5043.246164595666,150000.0,1.0,11364.099687669252,13960.677335060967,280.4727406259714
85.90000000000704,281.05448031016954,13976.13488618921,10.54167094103906,308.93528265148547,309.1150848683745,2.1038066465043443,-0.42179459665627966,6040.696874063224,5040.696874063224,150000.0,1.0,11304.654260393323,13976.13488618921,281.05448031016954
85.95000000000707,281.52952388148134,13991.573095164878,8.493212248940692,308.62110610815364,308.7379500316179,2.0745763795630086,-0.7437641194064017,6038.147583530781,5038.147583530781,150000.0,1.0,11256.62314454269,13991.573095164878,281.52952388148134
86.00000000000709,281.90734918348846,14007.000061319508,6.650195132566501,308.48695471822754,308.5586270494264,2.0297754225088984,-1.0465661797485308,6035.598292998338,5035.598292998338,150000.0,1.0,11223.16283526277,14007.000061319508,281.90734918348846
86.05000000000712,282.1977798586398,14022.424748309664,5.005473988943026,308.5311789079653,308.57177953953095,1.9700759231972405,-1.338989769647978,6033.049002465896,5033.049002465896,150000.0,1.0,11203.770050137231,14022.424748309664,282.1977798586398
86.10000000000714,282.4121288937744,14037.856146269512,3.6224553107255923,308.756809388407,308.7780586864735,1.8961833938722883,-1.6110314737373526,6030.499711933453,5030.499711933453,150000.0,1.0,11198.40571123665,14037.856146269512,282.4121288937744
86.15000000000717,282.56648788952606,14053.30374162752,2.618053478144465,309.1762340736944,309.1873184980365,1.8098192080462017,-1.8340090170630796,6027.95042140101,5027.95042140101,150000.0,1.0,11207.723472704949,14053.30374162752,282.56648788952606
86.2000000000072,282.6802566119736,14068.776122586974,1.991083934175652,309.7366477439773,309.74304733263926,1.7137961310768164,-1.9962264084490544,6025.401130868568,5025.401130868568,150000.0,1.0,11227.592905686639,14068.776122586974,282.6802566119736
86.25000000000722,282.7706769804861,14084.278623615543,1.6673242402332435,310.3708220765949,310.3753005099204,1.6113102227931229,-2.0917026696351755,6022.851840336125,5022.851840336125,150000.0,1.0,11252.933529335447,14084.278623615543,282.7706769804861
86.30000000000724,282.8501012339909,14099.813637085437,1.5347592271234067,311.0320348136232,311.0358213553355,1.5058007799563253,-2.116777881485325,6020.302549803682,5020.302549803682,150000.0,1.0,11280.244863575916,14099.813637085437,282.8501012339909
86.35000000000727,282.92762061415476,14115.381807619491,1.612305429823602,311.69064485037524,311.6948148687138,1.4008208756997564,-2.0706631884528055,6017.75325927124,5017.75325927124,150000.0,1.0,11307.36557164814,14115.381807619491,282.92762061415476
86.4000000000073,283.01694878711663,14130.981705392905,2.0250818640716646,312.28862802428273,312.2951939269079,1.2998800010852345,-1.95592389106559,6015.203968738797,5015.203968738797,150000.0,1.0,11330.154352601669,14130.981705392905,283.01694878711663
86.45000000000732,283.1370515206702,14146.608285945755,2.8510029106326953,312.7437183320449,312.75671307543485,1.2062778313629037,-1.7783105033727464,6012.654678206354,5012.654678206354,150000.0,1.0,11342.795161791337,14146.608285945755,283.1370515206702
86.50000000000735,283.30919989618377,14162.252386903168,4.104028977604949,312.97848326025024,313.0053897902331,1.1229591955806422,-1.5461405619039437,6010.1053876739115,5010.1053876739115,150000.0,1.0,11339.949728273545,14162.252386903168,283.30919989618377
86.55000000000737,283.5538804852483,14177.901664909446,5.741374224469158,312.9466520760535,312.99931377496006,1.0524059611218117,-1.2694680137557401,6007.556097141469,5007.556097141469,150000.0,1.0,11318.651605290763,14177.901664909446,283.5538804852483
86.6000000000074,283.8884184103128,14193.542564119654,7.6830832183975435,312.64707872937447,312.7414676785803,0.9965720835235863,-0.9592177538645827,6005.006806609026,5005.006806609026,150000.0,1.0,11279.236777849192,14193.542564119654,283.8884184103128
86.65000000000742,284.3256644645415,14209.162619360819,9.833351005388785,312.12346239752065,312.2783222880059,0.9568592182410071,-0.6264525707365223,6002.4575160765835,5002.4575160765835,150000.0,1.0,11225.20719147352,14209.162619360819,284.3256644645415
86.70000000000745,284.8736205206027,14224.752466238022,12.095882877983804,311.45384165089916,311.68863608046615,0.9341233098046436,-0.28187772259094274,5999.908225544141,4999.908225544141,150000.0,1.0,11162.361636919051,14224.752466238022,284.8736205206027
86.75000000000747,285.53562304800477,14240.307189965015,14.380874041342157,310.7355269583519,311.0681231696324,0.9286994000078019,0.06439559021033234,5997.358935011698,4997.358935011698,150000.0,1.0,11097.634686659969,14240.307189965015,285.53562304800477
86.8000000000075,286.31069827585947,14255.826898200154,16.60543449352172,310.0696189214386,310.51394337904503,0.9404327189241332,0.4028776784326752,5994.809644479255,4994.809644479255,150000.0,1.0,11037.956145259466,14255.826898200154,286.31069827585947
86.85000000000753,287.19385282188705,14271.316552328874,18.691273370100006,309.54698793333404,310.11078897515875,0.9687077508926903,0.7246084319801266,5992.260353946813,4992.260353946813,150000.0,1.0,10989.268452637782,14271.316552328874,287.19385282188705
86.90000000000755,288.17700192348474,14286.784760210263,20.610553630601277,309.2117089592261,309.89784748920897,1.012638320963192,1.0316608759176615,5989.71106341437,4989.71106341437,150000.0,1.0,10954.229257581785,14286.784760210263,288.17700192348474
86.95000000000758,289.25206673000844,14302.240931034108,22.357365233495983,309.0692274816772,309.876812872962,1.0717450893354852,1.3304302153470444,5987.161772881927,4987.161772881927,150000.0,1.0,10932.844175572667,14302.240931034108,289.25206673000844
87.0000000000076,290.40869538405343,14317.695161757578,23.852267019513338,309.1409704878913,310.05978500309493,1.1453619184405968,1.6076049841973972,5984.612482349485,4984.612482349485,150000.0,1.0,10925.876067478055,14317.695161757578,290.40869538405343
87.05000000000763,291.63102987849794,14333.159113114694,24.977308789630705,309.4536329692475,310.46000855543105,1.2316509560939988,1.8346018062702045,5982.063191817042,4982.063191817042,150000.0,1.0,10934.189848529757,14333.159113114694,291.63102987849794
87.10000000000765,292.90024399864757,14348.643588446083,25.733291334880587,309.9496691701338,311.0160762751682,1.3278254124583595,2.0018524523496444,5979.513901284599,4979.513901284599,150000.0,1.0,10953.421511510498,14348.643588446083,292.90024399864757
87.15000000000768,294.19922826694193,14364.155879616608,26.183165688104854,310.5541873402887,311.6559985625784,1.4307378563587725,2.103277621904162,5976.964610752157,4976.964610752157,150000.0,1.0,10978.487919872192,14364.155879616608,294.19922826694193
87.2000000000077,295.51529146480544,14379.69979145549,26.434418011065883,311.2071967329545,312.32786899981824,1.5369904538816153,2.1350303220467914,5974.415320219714,4974.415320219714,150000.0,1.0,11005.729421096552,14379.69979145549,295.51529146480544
87.25000000000773,296.83937784763543,14395.276931503826,26.48423190889346,311.87909886591166,313.0015764324792,1.6430598786283686,2.0960367511596063,5971.866029687271,4971.866029687271,150000.0,1.0,11033.022781411382,14395.276931503826,296.83937784763543
87.30000000000776,298.15816097065607,14410.887298904512,26.202450791925642,312.5257504372963,313.6222458849157,1.7454500589226256,1.9885066072974056,5969.316739154829,4969.316739154829,150000.0,1.0,11056.498170951334,14410.887298904512,298.15816097065607
87.35000000000778,299.4525473309475,14426.527843301108,25.498345999329402,313.07247783798135,314.109124395193,1.8408566112452314,1.8178284794270654,5966.767448622386,4966.767448622386,150000.0,1.0,11070.464715550055,14426.527843301108,299.4525473309475
87.40000000000781,300.70047164019866,14442.191557394215,24.344883990934623,313.440687512303,314.38469740863223,1.9263125590328447,1.5919895294913953,5964.218158089943,4964.218158089943,150000.0,1.0,11069.480298424603,14442.191557394215,300.70047164019866
87.45000000000783,301.8800803053319,14457.86799928464,22.775543926202946,313.575556376439,314.40158230824426,1.9992986827544095,1.3207683105386503,5961.668867557501,4961.668867557501,150000.0,1.0,11050.27068604945,14457.86799928464,301.8800803053319
87.50000000000786,302.97235708847114,14473.54496711447,20.86676008754446,313.46318304672985,314.1569493140949,2.0578114198182478,1.0148741553699843,5959.119577025058,4959.119577025058,150000.0,1.0,11012.751046918725,14473.54496711447,302.97235708847114
87.55000000000788,303.9627276775555,14489.21067789232,18.71636886215071,313.13364542200424,313.69249649721866,2.100390000362126,0.68520202122236,5956.570286492615,4956.570286492615,150000.0,1.0,10959.994225289569,14489.21067789232,303.9627276775555
87.60000000000791,304.84167341241636,14504.855798636188,16.426557893442215,312.65286151548923,313.0840839423976,2.126111722451878,0.34231536108839744,5954.0209959601725,4954.0209959601725,150000.0,1.0,10897.444885693842,14504.855798636188,304.84167341241636
87.65000000000794,305.604688424711,14520.474903713926,14.094802388393413,312.10867719493433,312.426775156579,2.134567879753942,-0.0038123076450320564,5951.47170542773,4951.47170542773,150000.0,1.0,10831.813123427697,14520.474903713926,305.604688424711
87.70000000000796,306.2519682485076,14536.067190276852,11.811741938777883,311.5956739089148,311.81946899829563,2.125832478675637,-0.3438389594420439,5948.922414895287,4948.922414895287,150000.0,1.0,10769.969113417923,14536.067190276852,306.2519682485076
87.75000000000799,306.7880957925522,14551.636455086456,9.662534533602274,311.20104667552005,311.3510173831977,2.1004325812774503,-0.6689634249060421,5946.3731243628445,4946.3731243628445,150000.0,1.0,10717.983722590056,14551.636455086456,306.7880957925522
87.80000000000801,307.2217280946927,14567.19038212374,7.718349445854069,310.98856872813093,311.08433389957094,2.0593090782129586,-0.9728296430888991,5943.823833830402,4943.823833830402,150000.0,1.0,10680.069827905245,14567.19038212374,307.2217280946927
87.85000000000804,307.56298827898723,14582.738363656115,5.967024820643001,310.9622522403591,311.01949730460126,2.003292255486892,-1.2660384025594262,5941.274543297959,4941.274543297959,150000.0,1.0,10656.10866621376,14582.738363656115,307.56298827898723
87.90000000000806,307.82227450997533,14598.289697483284,4.448063628446166,311.12150850401474,311.1533035721402,1.9329217967987404,-1.5456829372130574,5938.725252765516,4938.725252765516,150000.0,1.0,10645.784521329899,14598.289697483284,307.82227450997533
87.95000000000809,308.01363502181886,14613.853928327555,3.2734122435717476,311.481747742101,311.49894767750055,1.8493768313300498,-1.7872648682617496,5936.175962233074,4936.175962233074,150000.0,1.0,10649.930557046358,14613.853928327555,308.01363502181886
88.00000000000811,308.1562136481853,14629.44074045183,2.492788500820755,312.013566565436,312.0235242980785,1.7551438526951726,-1.9719814629852384,5933.626671700631,4933.626671700631,150000.0,1.0,10666.253466057846,14629.44074045183,308.1562136481853
88.05000000000814,308.268645339119,14645.056971826622,2.054254672470742,312.6469838282179,312.65373252072544,1.6532361203532098,-2.0933195388952477,5931.077381168188,4931.077381168188,150000.0,1.0,10689.72596466933,14645.056971826622,308.268645339119
88.10000000000817,308.3656309112145,14660.706134569642,1.854243570078681,313.3233400388045,313.32882668578304,1.5469446738456885,-2.1467753423732865,5928.528090635746,4928.528090635746,150000.0,1.0,10716.191635016,14660.706134569642,308.3656309112145
88.15000000000819,308.45688277776344,14676.389496514457,1.833460768927655,314.01039843087165,314.01575103982594,1.4397245139585797,-2.1303820240105793,5925.978800103303,4925.978800103303,150000.0,1.0,10743.389341448115,14676.389496514457,308.45688277776344
88.20000000000822,308.5538646043646,14692.106626574996,2.1045246565720297,314.6633751844339,314.6704128234651,1.3350536609018795,-2.0452663037763466,5923.42950957086,4923.42950957086,150000.0,1.0,10768.301983595156,14692.106626574996,308.5538646043646
88.25000000000824,308.6739145204658,14707.853979508482,2.768223433067501,315.2048070193304,315.216962470405,1.2362725761833198,-1.8957619322141108,5920.880219038418,4920.880219038418,150000.0,1.0,10785.74079616635,14707.853979508482,308.6739145204658
88.30000000000827,308.8379295486165,14723.623812643056,3.864366316807703,315.5493061071042,315.57296765043964,1.1464336848372427,-1.6889522923533562,5918.330928505975,4918.330928505975,150000.0,1.0,10790.080184503162,14723.623812643056,308.8379295486165
88.3500000000083,309.0672264604523,14739.404532723343,5.37148817931954,315.6325895094886,315.67829264256653,1.0681814344725442,-1.4339362945035699,5915.781637973532,4915.781637973532,150000.0,1.0,10777.256778668749,14739.404532723343,309.0672264604523
88.40000000000832,309.3808256392393,14755.182302760062,7.222676696467994,315.4313485284401,315.5140293126946,1.0036725160945867,-1.1409849111051609,5913.23234744109,4913.23234744109,150000.0,1.0,10746.078313318192,14755.182302760062,309.3808256392393
88.45000000000834,309.79372288470245,14770.94329131717,9.32745820488206,314.968894244911,315.1069751979885,0.9545373823606872,-0.8207596056171198,5910.683056908647,4910.683056908647,150000.0,1.0,10698.512575131652,14770.94329131717,309.79372288470245
88.50000000000837,310.31620302949057,14786.675879727754,11.590350291322135,314.308589409237,314.5222179692555,0.9218763993629588,-0.4837249662842022,5908.133766376204,4908.133766376204,150000.0,1.0,10639.131934275349,14786.675879727754,310.31620302949057
88.5500000000084,310.95388858793285,14802.37234786975,13.921373499091569,313.54052462980354,313.84943081871864,0.9062791420201532,-0.13981310979950573,5905.5844758437615,4905.5844758437615,150000.0,1.0,10574.12010796038,14802.37234786975,310.95388858793285
88.60000000000842,311.70810839630644,14818.029833342116,16.238679385594157,312.7664395723992,313.1877079819439,0.9078544314906503,0.20167881414701158,5903.035185311319,4903.035185311319,150000.0,1.0,10510.199751969838,14818.029833342116,311.70810839630644
88.65000000000845,312.5762614734443,14833.65055455427,18.46636751675337,312.0856166626455,312.6314745142714,0.9262610777774656,0.5320287933018425,5900.485894778876,4900.485894778876,150000.0,1.0,10453.671154681337,14833.65055455427,312.5762614734443
88.70000000000847,313.5520446237341,14849.241365284164,20.533635221085934,311.58131338184813,312.25717769836785,0.9607359930093651,0.8434618029762516,5897.9366042464335,4897.9366042464335,150000.0,1.0,10409.54406211518,14849.241365284164,313.5520446237341
88.7500000000085,314.62711535808074,14864.81189822312,22.442343950194953,311.27321692642045,312.08119837263706,1.010466560901576,1.144631014932684,5895.387313713991,4895.387313713991,150000.0,1.0,10378.78475183166,14864.81189822312,314.62711535808074
88.80000000000852,315.7931940013362,14880.3720989912,24.164037342363752,311.1702304943888,312.10705382386703,1.0750546256504558,1.436562311914429,5892.838023181548,4892.838023181548,150000.0,1.0,10361.51926398997,14880.3720989912,315.7931940013362
88.85000000000855,317.03886601505286,14895.932759433035,25.600521596466134,311.3009062373382,312.3517903425545,1.1536817247325932,1.7003695455201762,5890.288732649105,4890.288732649105,150000.0,1.0,10358.794596942449,14895.932759433035,317.03886601505286
88.90000000000857,318.3468796282795,14911.506225527983,26.65662151908536,311.6727204827247,312.81058192445215,1.244209723876336,1.9113020926814406,5887.739442116663,4887.739442116663,150000.0,1.0,10370.230089130691,14911.506225527983,318.3468796282795
88.9500000000086,319.6984820341561,14927.102895314507,27.351826817991345,312.21614832589904,313.41194250656946,1.3438110639779237,2.062239126240764,5885.19015158422,4885.19015158422,150000.0,1.0,10391.05669486225,14927.102895314507,319.6984820341561
89.00000000000863,321.07724962372106,14942.7294300214,27.759886490741973,312.855669495646,314.0848312694323,1.4493419752973695,2.1477521295751245,5882.640861051777,4882.640861051777,150000.0,1.0,10416.555772474056,14942.7294300214,321.07724962372106
89.05000000000865,322.47152711882916,14958.3891307078,27.984031980855306,313.53686482610726,314.78321373747076,1.557441310536709,2.1646585902148425,5880.091570519335,4880.091570519335,150000.0,1.0,10443.672384566045,14958.3891307078,322.47152711882916
89.10000000000868,323.87179218991633,14974.08336622146,27.976185973996444,314.2315878313023,315.47449623168126,1.6646558981102988,2.112558998396435,5877.542279986892,4877.542279986892,150000.0,1.0,10470.242679824732,14974.08336622146,323.87179218991633
89.1500000000087,325.26312032602635,14989.81164827578,27.608606172766553,314.88689500260523,316.0949094483881,1.7675918926614143,1.9942404200869053,5874.992989454449,4874.992989454449,150000.0,1.0,10492.032519027798,14989.81164827578,325.26312032602635
89.20000000000873,326.6253235931286,15005.570069004076,26.803492329343165,315.42306384139283,316.5598464811046,1.8630707298459763,1.8154483374785624,5872.443698922007,4872.443698922007,150000.0,1.0,10503.429512788503,15005.570069004076,326.6253235931286
89.25000000000875,327.9359148098607,15021.350650333445,25.547051526326108,315.76195187917136,316.7937216805802,1.9482628305407328,1.5842742339401736,5869.894408389564,4869.894408389564,150000.0,1.0,10499.444431929622,15021.350650333445,327.9359148098607
89.30000000000878,329.1732083345228,15037.142112627807,23.882659901372712,315.8532175517956,316.75485234134385,2.020785356460792,1.3103560509516292,5867.345117857121,4867.345117857121,150000.0,1.0,10477.38493093195,15037.142112627807,329.1732083345228
89.3500000000088,330.3187289671293,15052.931687465847,21.891693175312657,315.68888825349825,316.4470262094617,2.0787587720605276,1.0040585302669842,5864.795827324679,4864.795827324679,150000.0,1.0,10437.623812818225,15052.931687465847,330.3187289671293
89.40000000000883,331.35857075544124,15068.707309771953,19.672315777011555,315.30421011414296,315.91730709749675,2.120825245326985,0.675788397806086,5862.246536792236,4862.246536792236,150000.0,1.0,10383.41970748639,15068.707309771953,331.35857075544124
89.45000000000886,332.28381264909876,15084.459579163718,17.323824404474745,314.76844654249436,315.2448093637264,2.1461383292326985,0.33553984427407946,5859.697246259793,4859.697246259793,150000.0,1.0,10320.117030531504,15084.459579163718,332.28381264909876
89.50000000000888,333.0903541166822,15100.183123711626,14.939133588986373,314.171024764238,314.52600928031535,2.154336196118537,-0.007312048389311113,5857.147955727351,4857.147955727351,150000.0,1.0,10254.122281344924,15100.183123711626,333.0903541166822
89.55000000000891,333.7785530064666,15115.87724401048,12.603898874920349,313.6070896489249,313.86026340541747,2.1455098628033724,-0.34401683062102995,5854.598665194908,4854.598665194908,150000.0,1.0,10191.923744146698,15115.87724401048,333.7785530064666
89.60000000000893,334.3529142815915,15131.545863033858,10.398784951280577,313.16433955299226,313.33694052269806,2.1201744832571925,-0.6663355688088898,5852.049374662465,4852.049374662465,150000.0,1.0,10139.256944954235,15131.545863033858,334.3529142815915
89.65000000000896,334.8218727682261,15147.196853111534,8.397305455515676,312.9100119676708,313.02266743563655,2.0792432127486387,-0.9672304266823478,5849.5000841300225,4849.5000841300225,150000.0,1.0,10100.313277548654,15147.196853111534,334.8218727682261
89.70000000000898,335.19572315790657,15162.84006167772,6.590125705648354,312.8508015426092,312.92020353864865,2.023602896382566,-1.2569097255606716,5846.95079359758,4846.95079359758,150000.0,1.0,10075.142808960325,15162.84006167772,335.19572315790657
89.75000000000901,335.48458208148645,15178.485138155338,5.006593759374764,312.98408715515194,313.0241281329846,1.9537298600787634,-1.5353592271157217,5844.401503065137,4844.401503065137,150000.0,1.0,10063.29654200789,15178.485138155338,335.48458208148645
89.80000000000904,335.7017197098054,15194.14185188973,3.7459285176912043,313.3210067105929,313.34339824958664,1.8705789850692418,-1.7822530386554896,5841.8522125326945,4841.8522125326945,150000.0,1.0,10065.278215008204,15194.14185188973,335.7017197098054
89.85000000000906,335.8658519592892,15209.820377830772,2.8841152076861407,313.8456281512607,313.85887980140154,1.776409341897674,-1.9749003574935835,5839.302922000252,4839.302922000252,150000.0,1.0,10079.812555355751,15209.820377830772,335.8658519592892
89.90000000000909,335.9961276798285,15225.528362005765,2.3802651032503617,314.4873164641852,314.49632411016563,1.6741030853080576,-2.1067599937717985,5836.753631467809,4836.753631467809,150000.0,1.0,10102.11218980776,15225.528362005765,335.9961276798285
89.95000000000911,336.10830728222635,15241.269978892218,2.140815675322493,315.1822464949041,315.18951695341997,1.5668267799072961,-2.1730910980881326,5834.204340935366,4834.204340935366,150000.0,1.0,10127.920306819218,15241.269978892218,336.10830728222635
90.00000000000914,336.2129857484874,15257.04686049268,2.079856911287036,315.8935531850729,315.9004000451122,1.457928068290486,-2.171473051168109,5831.655050402924,4831.655050402924,150000.0,1.0,10154.791299626977,15257.04686049268,336.2129857484874
90.05000000000916,336.32081134302155,15272.858973067196,2.288818823932406,316.5818366292392,316.59011035588446,1.3508064330440643,-2.10234322459767,5829.105759870481,4829.105759870481,150000.0,1.0,10180.226560250807,15272.858973067196,336.32081134302155
90.10000000000919,336.44823030112065,15288.70343693463,2.877529644767093,317.1731868239775,317.1862396399539,1.248761590417625,-1.969235475800902,5826.556469338038,4826.556469338038,150000.0,1.0,10199.570464712875,15288.70343693463,336.44823030112065
90.15000000000921,336.6157970198943,15304.573196156827,3.8980614004690226,317.57933483651465,317.603256906923,1.1548457300549437,-1.7784273224061597,5824.007178805596,4824.007178805596,150000.0,1.0,10207.332448283898,15304.573196156827,336.6157970198943
90.20000000000924,336.84509581893985,15320.457041300097,5.340494645603487,317.7270439650159,317.77192347626766,1.0717418421147191,-1.538283071245563,5821.457888273153,4821.457888273153,150000.0,1.0,10199.099999714179,15320.457041300097,336.84509581893985
90.25000000000927,337.1559144871599,15336.340970220983,7.146104269953997,317.58053225959236,317.6609218593358,1.001679088908543,-1.2584552861204426,5818.90859774071,4818.90859774071,150000.0,1.0,10172.947967784985,15336.340970220983,337.1559144871599
90.30000000000929,337.56432806118926,15352.21034254847,9.228805361162664,317.15034536722385,317.28459214866325,0.9463882354735148,-0.9491077178051415,5816.359307208268,4816.359307208268,150000.0,1.0,10129.92857630598,15352.21034254847,337.56432806118926
90.35000000000932,338.0818502971065,15368.052141200118,11.49502346065279,316.4893714346928,316.69805461273035,0.9070923900677138,-0.6202985605464263,5813.810016675825,4813.810016675825,150000.0,1.0,10073.718179364761,15368.052141200118,338.0818502971065
90.40000000000934,338.71540681759467,15383.856814384371,13.856154184397553,315.681013323896,315.9849603730906,0.8845228635350555,-0.2815984743444873,5811.260726143382,4811.260726143382,150000.0,1.0,10009.774987232027,15383.856814384371,338.71540681759467
90.45000000000937,339.4677185373714,15399.619444016926,16.232708583200235,314.8248189594391,315.2430292025356,0.8789481093204169,0.05805605343122834,5808.71143561094,4808.71143561094,150000.0,1.0,9944.366154008509,15399.619444016926,339.4677185373714
90.5000000000094,340.33773087866535,15415.340204587486,18.55256271146187,314.022798741757,314.57036687006735,0.8902051851502693,0.3903292977323031,5806.162145078497,4806.162145078497,150000.0,1.0,9883.676272601235,15415.340204587486,340.33773087866535
90.55000000000942,341.32088411332234,15431.024179236416,20.7469828135447,313.36742747668524,314.0534698092366,0.917726741449535,0.7073553692686769,5803.612854546054,4803.612854546054,150000.0,1.0,9833.061104324874,15431.024179236416,341.32088411332234
90.60000000000944,342.40943247166604,15446.680485577373,22.769017642556154,312.9191846054972,313.7464649339914,0.9606132580746486,1.0064392619639961,5801.0635640136115,4801.0635640136115,150000.0,1.0,9795.786098147228,15446.680485577373,342.40943247166604
90.65000000000947,343.59528224910184,15462.319466767005,24.6343275136415,312.67605403244386,313.644966255397,1.0182938886553392,1.2993667247525278,5798.514273481169,4798.514273481169,150000.0,1.0,9771.45428995056,15462.319466767005,343.59528224910184
90.7000000000095,344.8694170834868,15477.951680499587,26.287373593290976,312.65134305804423,313.75450327673724,1.0903705271213822,1.5800673767655078,5795.964982948726,4795.964982948726,150000.0,1.0,9760.314072470343,15477.951680499587,344.8694170834868
90.75000000000952,346.21820006997393,15493.589048506474,27.60053112991349,312.8862136017737,314.10121295644194,1.1755957952654315,1.8204979591265193,5793.4156924162835,4793.4156924162835,150000.0,1.0,9763.91784798763,15493.589048506474,346.21820006997393
90.80000000000955,347.6231349648342,15509.244040923766,28.535291057133485,313.3446901679628,314.6413159331939,1.2715154615837083,2.0066776652071803,5790.866401883841,4790.866401883841,150000.0,1.0,9779.49707973215,15509.244040923766,347.6231349648342
90.85000000000957,349.06602250331963,15524.92597174868,29.129468747361706,313.9505534260703,315.29902623706175,1.3752537760058936,2.1323306130098096,5788.317111351398,4788.317111351398,150000.0,1.0,9802.32362122719,15524.92597174868,349.06602250331963
90.9000000000096,350.5318878543847,15540.640332792816,29.473358214818717,314.63161983951375,316.00907431163324,1.4836638005349754,2.192977163086505,5785.767820818955,4785.767820818955,150000.0,1.0,9828.335741119912,15540.640332792816,350.5318878543847
90.95000000000962,352.0105670416075,15556.389660215655,29.63807115760618,315.34507877367986,316.73480069092767,1.593430188933278,2.186441997808444,5783.218530286513,4783.218530286513,150000.0,1.0,9855.252489632794,15556.389660215655,352.0105670416075
91.00000000000965,353.4909401433091,15572.174867550711,29.51862565599497,316.05871729883495,317.4341853695087,1.7011975546463312,2.113382832845463,5780.66923975407,4780.66923975407,150000.0,1.0,9880.457586816128,15572.174867550711,353.4909401433091
91.05000000000967,354.9557821937044,15587.994443737232,29.002323430765305,316.7064321470767,318.03160051748574,1.803719495786443,1.9774743957316445,5778.119949221627,4778.119949221627,150000.0,1.0,9899.241977407873,15587.994443737232,354.9557821937044
91.1000000000097,356.3835958068814,15603.843001087707,28.033584838929755,317.20394907670476,318.4403039641468,1.8980016768702537,1.7850337448913431,5775.570658689185,4775.570658689185,150000.0,1.0,9906.213698390597,15603.843001087707,356.3835958068814
91.15000000000973,357.75168923261276,15619.711088696364,26.61948555542607,317.4776439223951,318.59166875759735,1.9814183727521435,1.5443631654542649,5773.021368156742,4773.021368156742,150000.0,1.0,9897.13984041469,15619.711088696364,357.75168923261276
91.20000000000975,359.03906772393526,15635.58634202439,24.81777927526421,317.48743929237617,318.45595657262555,2.0517922804452393,1.2649639334329372,5770.472077624299,4770.472077624299,150000.0,1.0,9870.258083701132,15635.58634202439,359.03906772393526
91.25000000000978,360.2284627929176,15651.455469899094,22.71611384985783,317.2368713033552,318.04913825190795,2.1074351197445638,0.9567799530925021,5767.922787091857,4767.922787091857,150000.0,1.0,9826.693107859737,15651.455469899094,360.2284627929176
91.3000000000098,361.3073092159726,15667.306415206082,20.412118123045218,316.7704880598679,317.4274667888021,2.1471540468140358,0.6296042157959701,5765.373496559414,4765.373496559414,150000.0,1.0,9770.078954754676,15667.306415206082,361.3073092159726
91.35000000000983,362.26788301582843,15683.130160318951,18.00033187919843,316.1631541304672,316.67515213146555,2.1702340580643593,0.2927172965502196,5762.824206026971,4762.824206026971,150000.0,1.0,9705.737752350238,15683.130160318951,362.26788301582843
91.40000000000985,363.10699025365307,15698.92190487955,15.567163808373325,315.5063787903686,315.89018922158425,2.1764082079596654,-0.04524414801014888,5760.274915494529,4760.274915494529,150000.0,1.0,9639.75503609815,15698.92190487955,363.10699025365307
91.45000000000988,363.8255637344728,15714.681559010121,13.191724198448012,314.89496027237504,315.171156028385,2.1658259313742665,-0.37624377357307853,5757.725624962086,4757.725624962086,150000.0,1.0,9578.145627285983,15714.681559010121,363.8255637344728
91.5000000000099,364.42837603416706,15730.413604685535,10.949037043075185,314.4151337473558,314.6057179097962,2.139026275844453,-0.6927068156729425,5755.176334429643,4755.176334429643,150000.0,1.0,9526.161168646468,15730.413604685535,364.42837603416706
91.55000000000993,364.92388776159805,15746.126398997272,8.909776654753866,314.1332339529462,314.25956277219956,2.096916083183458,-0.9878960644161027,5752.627043897201,4752.627043897201,150000.0,1.0,9487.655007689624,15746.126398997272,364.92388776159805
91.60000000000996,365.3224704855015,15761.830283028228,7.066001496775067,314.05558823862646,314.13506789446814,2.040393650879017,-1.271781704379051,5750.077753364758,4750.077753364758,150000.0,1.0,9462.64083253117,15761.830283028228,365.3224704855015
91.65000000000998,365.6340829572677,15777.535263623025,5.439868112627501,314.1765628007344,314.2236540720106,1.969884711065158,-1.5462804840658662,5747.528462832315,4747.528462832315,150000.0,1.0,9450.50120964711,15777.535263623025,365.6340829572677
91.70000000001001,365.8715134285355,15793.251344416503,4.123845389337166,314.5048904283472,314.53192557217756,1.8861933817109233,-1.7933573865698882,5744.9791722998725,4744.9791722998725,150000.0,1.0,9451.561640412603,15793.251344416503,365.8715134285355
91.75000000001003,366.0531585988857,15808.989077893535,3.2074402558142423,315.03194695442255,315.04827451501575,1.7914145853933812,-1.9885688193163369,5742.42988176743,4742.42988176743,150000.0,1.0,9465.078473035499,15808.989077893535,366.0531585988857
91.80000000001006,366.1983914675474,15824.756667978898,2.6572700565703866,315.6868708550998,315.6980543405962,1.6883090638183973,-2.1254808548986706,5739.880591234987,4739.880591234987,150000.0,1.0,9486.547770669698,15824.756667978898,366.1983914675474
91.85000000001008,366.3235823537652,15840.558765744368,2.387513574302608,316.40282907699793,316.41183680291647,1.5799186879228477,-2.1993331834568806,5737.3313007025445,4737.3313007025445,150000.0,1.0,9511.794241547814,15840.558765744368,366.3235823537652
91.90000000001011,366.4400459126122,15856.397283018097,2.3022520500465626,317.13911339587304,317.1474698149464,1.4694720471236196,-2.2074951399671088,5734.782010170102,4734.782010170102,150000.0,1.0,9538.28424643725,15856.397283018097,366.4400459126122
91.95000000001014,366.55808902878243,15872.27242752258,2.4730040122327708,317.85899597828586,317.86861605570385,1.360265585720681,-2.1499731376467337,5732.232719637659,4732.232719637659,150000.0,1.0,9563.83213045542,15872.27242752258,366.55808902878243
92.00000000001016,366.6935434923956,15888.181734844731,3.013684218182381,318.49136388205767,318.5056218656433,1.2555219035305947,-2.0297110830575775,5729.683429105216,4729.683429105216,150000.0,1.0,9584.246731517766,15888.181734844731,366.6935434923956
92.05000000001019,366.86664908634987,15904.118604173818,3.9837370831518117,318.9465195078903,318.9713975693506,1.1582478103863059,-1.8523191478923346,5727.134138572774,4727.134138572774,150000.0,1.0,9594.293354072051,15904.118604173818,366.86664908634987
92.10000000001021,367.09906881968885,15920.072091987915,5.381166418519013,319.1451823072296,319.19054550838223,1.0711147332654827,-1.6254871462395508,5724.584848040331,4724.584848040331,150000.0,1.0,9589.46613268479,15920.072091987915,367.09906881968885
92.15000000001024,367.41103179321016,15936.028069835864,7.153571173068315,319.0422555617599,319.12244423491035,0.9963730044231994,-1.3582395438615384,5722.035557507888,4722.035557507888,150000.0,1.0,9567.398088694785,15936.028069835864,367.41103179321016
92.20000000001026,367.81931146936546,15951.971269162232,9.218829961356555,318.6379054388478,318.7712371094866,0.9358042242048673,-1.0601830333739448,5719.486266975446,4719.486266975446,150000.0,1.0,9528.462034453722,15951.971269162232,367.81931146936546
92.25000000001029,368.3362702915633,15967.887543162307,11.485608084085975,317.9756306197488,318.18299901328504,0.8907084719233359,-0.7408844012792688,5716.936976443003,4716.936976443003,150000.0,1.0,9475.568518210563,15967.887543162307,368.3362702915633
92.30000000001031,368.9697795916774,15983.765796044494,13.867187421636778,317.13182670775825,317.43486638676984,0.8619174808794725,-0.40946226698988186,5714.38768591056,4714.38768591056,150000.0,1.0,9413.46069440198,15983.765796044494,368.9697795916774
92.35000000001034,369.72361960114256,15999.599292624807,16.2869116598267,316.2022312927483,316.62140572918895,0.8498224360931312,-0.07440753369051989,5711.838395378118,4711.838395378118,150000.0,1.0,9347.847456050646,15999.599292624807,369.72361960114256
92.40000000001037,370.5979752929447,16015.386292221954,18.677059207600138,315.28884256774035,315.84155329587264,0.854405808670763,0.2564087973689647,5709.289104845675,4709.289104845675,150000.0,1.0,9284.595599519347,16015.386292221954,370.5979752929447
92.45000000001039,371.58977987905064,16031.130070395586,20.97446729104012,314.48856233334027,315.18722073814183,0.8752695850046076,0.575612403373325,5706.739814313232,4706.739814313232,150000.0,1.0,9229.055460996873,16031.130070395586,371.58977987905064
92.50000000001042,372.6928300271518,16046.838412929632,23.116304002294825,313.88335675707935,314.73341919761,0.911656100199443,0.8761657969873822,5704.19052378079,4704.19052378079,150000.0,1.0,9185.508014445475,16046.838412929632,372.6928300271518
92.55000000001044,373.8987880602397,16062.52202582812,25.097857487433085,313.4962291444817,314.49926571976107,0.9627028079922235,1.165046102431112,5701.641233248347,4701.641233248347,150000.0,1.0,9154.937887821725,16062.52202582812,373.8987880602397
92.60000000001047,375.19982775222064,16078.191642050393,26.910040992199992,313.3260587002492,314.47952137910966,1.0280754018433218,1.4482261564925818,5699.091942715904,4699.091942715904,150000.0,1.0,9136.929105260564,16078.191642050393,375.19982775222064
92.6500000000105,376.5857565151545,16093.858516189815,28.47037948317171,313.39535427865565,314.6858919483997,1.1072424358751118,1.7118596201918397,5696.5426521834615,4696.5426521834615,150000.0,1.0,9132.077458360312,16093.858516189815,376.5857565151545
92.70000000001052,378.0406553715837,16109.53566354527,29.662321690514315,313.7305518394511,315.12967566631687,1.198464534655045,1.9284166304040307,5693.993361651019,4693.993361651019,150000.0,1.0,9140.977620524456,16109.53566354527,378.0406553715837
92.75000000001054,379.54580974674946,16125.234951111614,30.485289134466598,314.2681014194576,315.7432381277587,1.299169656510698,2.0901513576042734,5691.444071118576,4691.444071118576,150000.0,1.0,9159.674206484537,16125.234951111614,379.54580974674946
92.80000000001057,381.08391747766086,16140.964525160574,30.993936582514824,314.9291990539005,316.4506668054473,1.4064747443629266,2.19165305300321,5688.8947805861335,4688.8947805861335,150000.0,1.0,9183.754410650028,16140.964525160574,381.08391747766086
92.8500000000106,382.64165227686465,16156.728820307912,31.288349562028053,315.64862807744436,317.195550450331,1.5172705450391477,2.229366336681763,5686.345490053691,4686.345490053691,150000.0,1.0,9209.943196811932,16156.728820307912,382.64165227686465
92.90000000001062,384.2094315404014,16172.529821324919,31.37829127086404,316.3932885665426,317.94545163129897,1.6283262425555207,2.202068716823505,5683.796199521248,4683.796199521248,150000.0,1.0,9236.356427616565,16172.529821324919,384.2094315404014
92.95000000001065,385.773958125814,16188.367876651258,31.138281247753728,317.1203771196075,318.6454552375513,1.7364185556169125,2.1113330934648857,5681.246908988805,4681.246908988805,150000.0,1.0,9259.801710027517,16188.367876651258,385.773958125814
93.00000000001067,387.3161590206351,16204.2403018392,30.474308766206956,317.7537135602956,319.21169461054603,1.8384732609507337,1.9614980518273215,5678.697618456363,4678.697618456363,150000.0,1.0,9275.404104704328,16204.2403018392,387.3161590206351
93.0500000000107,388.81371864715663,16220.140248628766,29.352146995097943,318.2077325900017,319.55861686597007,1.9316932761459171,1.7592130114479763,5676.14832792392,4676.14832792392,150000.0,1.0,9278.20436771132,16220.140248628766,388.81371864715663
93.10000000001072,390.2441263908474,16236.056942043084,27.796616765790766,318.41506749352135,319.6260426037403,2.0136580570041955,1.5127671361732822,5673.599037391477,4673.599037391477,150000.0,1.0,9264.755126740249,16236.056942043084,390.2441263908474
93.15000000001075,391.5872834133641,16251.977117507333,25.876002014254915,318.34562128665783,319.39552606858774,2.082386866992936,1.2313401501733148,5671.049746859035,4671.049746859035,150000.0,1.0,9234.085038095336,16251.977117507333,391.5872834133641
93.20000000001077,392.8271502520483,16267.887089827525,23.680916221317023,318.01261175471075,318.8930965513889,2.136365705518597,0.9243203927950849,5668.500456326592,4668.500456326592,150000.0,1.0,9187.84272500252,16267.887089827525,392.8271502520483
93.2500000000108,393.9523855522294,16283.774827368243,21.30621789608331,317.46742150443134,318.18158123579,2.174544230940085,0.6008000316813782,5665.951165794149,4665.951165794149,150000.0,1.0,9129.807677168837,16283.774827368243,393.9523855522294
93.30000000001083,394.9562591073223,16299.631590747924,18.840411383088416,316.7882119179669,317.34796723985284,2.19631299060086,0.2692943219682684,5663.401875261707,4663.401875261707,150000.0,1.0,9065.104649796402,16299.631590747924,394.9562591073223
93.35000000001085,395.8362318008824,16315.452946380392,16.36266491356777,316.066922385587,316.49018346446445,2.201471997725402,-0.06233065541518254,5660.852584729264,4660.852584729264,150000.0,1.0,8999.398864980998,16315.452946380392,395.8362318008824
93.40000000001088,396.59352808680063,16331.239147766615,13.944966073261963,315.3972231035317,315.7053538035163,2.1901997628184917,-0.38677924410707964,5658.303294196821,4658.303294196821,150000.0,1.0,8938.205479271275,16331.239147766615,396.59352808680063
93.4500000000109,397.2328755996348,16346.994954124924,11.656097082088975,314.86404884337946,315.0797261856642,2.1630284962314197,-0.6971707771891117,5655.754003664379,4655.754003664379,150000.0,1.0,8886.328029120808,16346.994954124924,397.2328755996348
93.50000000001093,397.7624236795395,16362.728960148244,9.56435635324424,314.5344591813461,314.67984194249516,2.1208274699124066,-0.986879932580095,5653.204713131936,4653.204713131936,150000.0,1.0,8847.393911066112,16362.728960148244,397.7624236795395
93.55000000001095,398.1925775445104,16378.451978825331,7.672241497665394,314.42049461879776,314.5140866891782,2.0645427455756806,-1.2636326629921832,5650.655422599493,4650.655422599493,150000.0,1.0,8821.742499676577,16378.451978825331,398.1925775445104
93.60000000001098,398.5330351381623,16394.174410348336,5.985435211085973,314.51092568287737,314.5678747243058,1.994569892829642,-1.533461490641987,5648.106132067051,4648.106132067051,150000.0,1.0,8808.452084789038,16394.174410348336,398.5330351381623
93.650000000011,398.79567188871584,16409.906454859436,4.582016142701176,314.80958660334494,314.8429301878969,1.9114953432432713,-1.7828000261717036,5645.556841534608,4645.556841534608,150000.0,1.0,8807.546534743033,16409.906454859436,398.79567188871584
93.70000000001103,398.99787584436194,16425.658963488255,3.5722837200425674,315.32130503953147,315.3415396404504,1.817096379712555,-1.984490993386672,5643.007551002165,4643.007551002165,150000.0,1.0,8819.10619732328,16425.658963488255,398.99787584436194
93.75000000001106,399.1592115414121,16441.441020283724,2.9394596775157957,315.97907742106236,315.99274958622306,1.7139625996735108,-2.131247001331331,5640.4582604697225,4640.4582604697225,150000.0,1.0,8839.141385103087,16441.441020283724,399.1592115414121
93.80000000001108,399.29692095499655,16457.258117311172,2.6110945720299368,316.7124257763435,316.7231890089514,1.6049697103725629,-2.2181846183698686,5637.90896993728,4637.90896993728,150000.0,1.0,8863.544259053897,16457.258117311172,399.29692095499655
93.85000000001111,399.4235740597186,16473.112710647736,2.4832885565151486,317.47363856908765,317.4833506002332,1.4931924050158698,-2.242303242198207,5635.359679404837,4635.359679404837,150000.0,1.0,8889.54511619991,16473.112710647736,399.4235740597186
93.90000000001113,399.5490621446753,16489.00541819319,2.5853338274743916,318.2296027108773,318.2401043120152,1.3817987886174323,-2.202952386803781,5632.8103888723945,4632.8103888723945,150000.0,1.0,8915.289105038819,16489.00541819319,399.5490621446753
93.95000000001116,399.68793786569506,16504.934533891865,3.0355052998726673,318.91646816567066,318.93091408593614,1.2739217307605042,-2.1022154619820244,5630.261098339952,4630.261098339952,150000.0,1.0,8937.272012470205,16504.934533891865,399.68793786569506
94.00000000001118,399.85965023896154,16520.89443037154,3.9058499992802425,319.4453555214891,319.4692329919541,1.172523549783785,-1.944771260721624,5627.711807807509,4627.711807807509,150000.0,1.0,8950.645827845654,16520.89443037154,399.85965023896154
94.05000000001121,400.08575622593753,16536.874983012025,5.208377787946542,319.7300448364905,319.7724640589402,1.0802774040390972,-1.7374073658971076,5625.162517275066,4625.162517275066,150000.0,1.0,8950.801368829341,16536.874983012025,400.08575622593753
94.10000000001124,400.38702622873217,16552.862372645242,6.902048233579267,319.7124806481295,319.78697370593324,0.9994780890664097,-1.4883506392957568,5622.613226742624,4622.613226742624,150000.0,1.0,8934.792678933101,16552.862372645242,400.38702622873217
94.15000000001126,400.7812321927289,16568.840912033254,8.911570506523006,319.3772849869045,319.50159037866956,0.9319881324802591,-1.2065485801545763,5620.063936210181,4620.063936210181,150000.0,1.0,8902.102511372732,16568.840912033254,400.7812321927289
94.20000000001129,401.2819706828604,16584.79526616964,11.148461473534304,318.75320624139914,318.948106566568,0.8792181796990731,-0.9010366146294299,5617.514645677738,4617.514645677738,150000.0,1.0,8854.650742561145,16584.79526616964,401.2819706828604
94.25000000001131,401.89843179196424,16600.7124832815,13.526938479802622,317.9049476848383,318.1926049221385,0.8421347548388765,-0.5804868736120531,5614.965355145296,4614.965355145296,150000.0,1.0,8796.264449608236,16600.7124832815,401.89843179196424
94.30000000001134,402.6357626489027,16616.58348871308,15.971685995467649,316.9207117613602,317.32291486254974,0.8212851974676257,-0.252972929384198,5612.416064612853,4612.416064612853,150000.0,1.0,8731.92664418895,16616.58348871308,402.6357626489027
94.35000000001136,403.4956283629788,16632.403940270993,18.41834948603122,315.8996192054381,316.4360994133419,0.8168293305574661,0.07407159101069737,5609.86677408041,4609.86677408041,150000.0,1.0,8667.042613911728,16632.403940270993,403.4956283629788
94.40000000001139,404.47667242691836,16648.17449442996,20.809553289577632,314.9408474189307,315.6275889098828,0.8285695111450667,0.3937582267721668,5607.317483547968,4607.317483547968,150000.0,1.0,8606.826137792616,16648.17449442996,404.47667242691836
94.45000000001141,405.57473283003617,16663.900574798783,23.089621007816156,314.1344862227896,314.98191381846124,0.8559740016799323,0.6995830738400864,5604.768193015525,4604.768193015525,150000.0,1.0,8555.804442341594,16663.900574798783,405.57473283003617
94.50000000001144,406.7828387269193,16679.591700297962,25.204326174372234,313.55116255111324,314.56253685882365,0.8981962537479233,0.9861021167407125,5602.218902483082,4602.218902483082,150000.0,1.0,8517.29908652981,16679.591700297962,406.7828387269193
94.55000000001147,408.0928392144268,16695.259328659122,27.17029906458597,313.19112845167444,314.3674730185874,0.9544992210449409,1.2653657921021864,5599.66961195064,4599.66961195064,150000.0,1.0,8491.073404082199,16695.259328659122,408.0928392144268
94.60000000001149,409.4969837291975,16710.914557810884,28.96113131214502,313.0564661906001,314.39322217666466,1.0246518299385927,1.5391766725436173,5597.120321418197,4597.120321418197,150000.0,1.0,8476.837476880863,16710.914557810884,409.4969837291975
94.65000000001152,410.9844613860998,16726.569206474625,30.4779394293303,313.1783143607657,314.6578481107829,1.1080372375738567,1.7889057448602217,5594.571030885754,4594.571030885754,150000.0,1.0,8475.48956288824,16726.569206474625,410.9844613860998
94.70000000001154,412.53859039307076,16742.236825073927,31.624915069381945,313.5653199333489,315.156064701362,1.2027525042877396,1.991266737211786,5592.0217403533115,4592.0217403533115,150000.0,1.0,8486.692794245622,16742.236825073927,412.53859039307076
94.75000000001157,414.1409191537559,16757.92898058289,32.41158996460581,314.14656815259815,315.81415016760843,1.30627130569226,2.1401146292261375,5589.472449820869,4589.472449820869,150000.0,1.0,8506.453785602842,16757.92898058289,414.1409191537559
94.8000000000116,415.7747103049179,16773.65339549343,32.897503524948,314.8432149410594,316.55725506232847,1.4157901959414994,2.2305963339947286,5586.923159288426,4586.923159288426,150000.0,1.0,8530.736060164267,16773.65339549343,415.7747103049179
94.85000000001162,417.4273405052024,16789.414175089198,33.18000930638285,315.59376961279776,317.3331694544195,1.5283057717014343,2.259641177026127,5584.3738687559835,4584.3738687559835,150000.0,1.0,8556.726054985054,16789.414175089198,417.4273405052024
94.90000000001164,419.0890447105168,16805.21317634182,33.240182115056186,316.36736929668257,318.10882110175066,1.6407149068000673,2.226412917158905,5581.824578223541,4581.824578223541,150000.0,1.0,8582.639835243703,16805.21317634182,419.0890447105168
94.95000000001167,420.7455588064485,16821.050515478073,32.953867850401295,317.11605317654386,318.82369514916905,1.749937664898314,2.132706611692838,5579.275287691098,4579.275287691098,150000.0,1.0,8605.20975596191,16821.050515478073,420.7455588064485
95.0000000000117,422.37720470848143,16836.923044958934,32.23598701274221,317.7603123230731,319.39125684079494,1.853048639429872,1.9828551522054816,5576.725997158655,4576.725997158655,150000.0,1.0,8619.763361125704,16836.923044958934,422.37720470848143
95.05000000001172,423.9614951883543,16852.823359106016,31.060297532474138,318.21401219283945,319.7262886261785,1.947393663524402,1.7832815142424345,5574.176706626213,4574.176706626213,150000.0,1.0,8621.713500199043,16852.823359106016,423.9614951883543
95.10000000001175,425.4760807867598,16868.740141598017,29.45674005275933,318.4107322772442,319.77037693299036,2.03067895749166,1.541862842791737,5571.62741609377,4571.62741609377,150000.0,1.0,8607.957386893107,16868.740141598017,425.4760807867598
95.15000000001177,426.9011937388477,16884.65963844433,27.495284611304285,318.3212695535111,319.5065278300518,2.1010263566432585,1.2672322788825439,5569.078125561327,4569.078125561327,150000.0,1.0,8577.678010777337,16884.65963844433,426.9011937388477
95.2000000000118,428.22113228018515,16900.56769470048,25.265248900735692,317.95862507873113,318.9608440921444,2.156994858819984,0.9681501293710647,5566.528835028885,4566.528835028885,150000.0,1.0,8532.419793537712,16900.56769470048,428.22113228018515
95.25000000001182,429.4247703932691,16916.45176372566,22.858027218254243,317.37261368118567,318.1946971951883,2.1975746143476185,0.6530422743659008,5563.979544496442,4563.979544496442,150000.0,1.0,8475.625791456992,16916.45176372566,429.4247703932691
95.30000000001185,430.5053806165718,16932.302487393117,20.357175430688454,316.63893541588067,317.29265672690576,2.2221629922330797,0.32974658159177245,5561.430253963999,4561.430253963999,150000.0,1.0,8411.938176315585,16932.302487393117,430.5053806165718
95.35000000001187,431.46015131335014,16948.11468600342,17.835854680287984,315.847069168889,316.35026286499794,2.2305329545914097,0.005452597104926155,5558.880963431557,4558.880963431557,150000.0,1.0,8346.502527120934,16948.11468600342,431.46015131335014
95.4000000000119,432.2897143572916,16963.88776695381,15.35932065717833,315.0893419679979,315.46347197873155,2.2228022213010856,-0.31321694382629633,5556.331672899114,4556.331672899114,150000.0,1.0,8284.387145954524,16963.88776695381,432.2897143572916
95.45000000001193,432.9978606244148,16979.62562871602,12.989446191089813,314.4516369499254,314.71980823081174,2.199408687409339,-0.6200487200851177,5553.782382366671,4553.782382366671,150000.0,1.0,8230.122177217992,16979.62562871602,432.9978606244148
95.50000000001195,433.59147335695036,16995.336131832548,10.788492764407959,314.00526853646056,314.1905476693759,2.1610942553471797,-0.9090696064189634,5551.233091834229,4551.233091834229,150000.0,1.0,8187.317887459926,16995.336131832548,433.59147335695036
95.55000000001198,434.08037267937794,17011.030082150504,8.79960040211765,313.78991260120546,313.9132718084871,2.108849466637804,-1.1789220298188472,5548.683801301786,4548.683801301786,150000.0,1.0,8157.797467813542,17011.030082150504,434.08037267937794
95.600000000012,434.4743931221325,17026.71860937645,6.995733217305561,313.7866867377887,313.8646604145278,2.0432606275128307,-1.4435475466379448,5546.134510769343,4546.134510769343,150000.0,1.0,8140.232718125874,17026.71860937645,434.4743931221325
95.65000000001203,434.7836904585115,17042.41215423039,5.420975978060593,313.98963938644533,314.036431998876,1.964623818302859,-1.6992450628590634,5543.585220236901,4543.585220236901,150000.0,1.0,8134.113234770674,17042.41215423039,434.7836904585115
95.70000000001205,435.02247947169957,17058.121432945674,4.196626846878775,314.4183512878071,314.4463567978405,1.8739485488956038,-1.9200198626359575,5541.035929704458,4541.035929704458,150000.0,1.0,8140.304268655581,17058.121432945674,435.02247947169957
95.75000000001208,435.2098885082771,17073.857103597533,3.3627609960502003,315.03347711908,315.0514241631903,1.7734471963597542,-2.0913059525317648,5538.486639172015,4538.486639172015,150000.0,1.0,8156.5482187238995,17073.857103597533,435.2098885082771
95.8000000000121,435.36457225356855,17089.62665990867,2.8762556606160246,315.7617257631921,315.7748253163551,1.6657320265661504,-2.207797710983596,5535.9373486395725,4535.9373486395725,150000.0,1.0,8178.860473262531,17089.62665990867,435.36457225356855
95.85000000001213,435.50181421892086,17105.43410195526,2.646640472090806,316.54063895630753,316.5517032281709,1.553645364961904,-2.265677255859019,5533.38805810713,4533.38805810713,150000.0,1.0,8203.882744316878,17105.43410195526,435.50181421892086
95.90000000001216,435.6322351192617,17121.28097578358,2.607671444408088,317.3342218011381,317.3449357977781,1.4401741012636007,-2.2630496402671754,5530.838767574687,4530.838767574687,150000.0,1.0,8229.69249475027,17121.28097578358,435.6322351192617
95.95000000001218,435.7673909292162,17137.16705159783,2.8561008959461875,318.09817365431405,318.11099540025015,1.3283423585718923,-2.200390571346248,5528.2894770422445,4528.2894770422445,150000.0,1.0,8254.03203361183,17137.16705159783,435.7673909292162
96.00000000001221,435.9243056622368,17153.08900121113,3.4902759833200996,318.7541357272345,318.7732439676454,1.2210867548283246,-2.08070445783148,5525.740186509802,4525.740186509802,150000.0,1.0,8272.923439088494,17153.08900121113,435.9243056622368
96.05000000001223,436.1236170046779,17169.03912343326,4.5543918578594225,319.21007302150326,319.24256170440117,1.121135968961667,-1.9092325112228803,5523.190895977359,4523.190895977359,150000.0,1.0,8281.746031003639,17169.03912343326,436.1236170046779
96.10000000001226,436.38672187836727,17185.005346165224,6.035618883712853,319.3874713327794,319.44449524081085,1.0309113689100446,-1.6929239180520326,5520.641605444916,4520.641605444916,150000.0,1.0,8276.665082343454,17185.005346165224,436.38672187836727
96.15000000001228,436.7331907188399,17200.972469213546,7.876757735679787,319.2422831594329,319.3394411426094,0.9524576493829308,-1.4397841223871808,5518.092314912474,4518.092314912474,150000.0,1.0,8255.69938428898,17200.972469213546,436.7331907188399
96.20000000001231,437.1790433720817,17216.92416342195,9.996504519756389,318.7738161669125,318.9305190417343,0.8874065188960478,-1.1582256284947983,5515.543024380031,4515.543024380031,150000.0,1.0,8219.130586998845,17216.92416342195,437.1790433720817
96.25000000001234,437.73604291501505,17232.84511166915,12.30864716657722,318.0220342154405,318.26014051652476,0.8369703577839698,-0.8565341591989142,5512.993733847588,4512.993733847588,150000.0,1.0,8169.298501850732,17232.84511166915,437.73604291501505
96.30000000001236,438.41179958331577,17248.722813906727,14.734723691631073,317.05769481781005,317.3998959127937,0.8019581446298141,-0.5425185040540439,5510.444443315146,4510.444443315146,150000.0,1.0,8110.032189621746,17248.722813906727,438.41179958331577
96.35000000001239,439.21030941169755,17264.5488256219,17.20883263509747,315.97026949331945,316.4385487331525,0.782803917152463,-0.2233571952503569,5507.895152782703,4507.895152782703,150000.0,1.0,8045.984290210825,17264.5488256219,439.21030941169755
96.40000000001241,440.132566965836,17280.31940886146,19.676198541605057,314.85687149816573,315.4710800036369,0.7795985706243226,0.09438963498598492,5505.34586225026,4505.34586225026,150000.0,1.0,7982.0371273730725,17280.31940886146,440.132566965836
96.45000000001244,441.1770072808321,17296.035680226563,22.088258085940566,313.8132231777547,314.58962186709596,0.7921180784176021,0.40465929130935163,5502.796571717818,4502.796571717818,150000.0,1.0,7922.831549769616,17296.035680226563,441.1770072808321
96.50000000001246,442.33967333829395,17311.70335027866,24.397021668304347,312.92619884808937,313.8758044064526,0.819844229229221,0.7017181690060316,5500.247281185375,4500.247281185375,150000.0,1.0,7872.39363279846,17311.70335027866,442.33967333829395
96.55000000001249,443.61413247395365,17327.332110210777,26.551007971162594,312.2670377032574,313.3937760394299,0.8619769445782381,0.9800017764480179,5497.697990652932,4497.697990652932,150000.0,1.0,7833.815352277915,17327.332110210777,443.61413247395365
96.60000000001251,444.99235085770067,17342.933961366416,28.555380624688087,311.844383502572,313.1490528242422,0.9177003943948945,1.2486568164842868,5495.14870012049,4495.14870012049,150000.0,1.0,7807.242129915832,17342.933961366416,444.99235085770067
96.65000000001254,446.46710879225145,17358.520338535276,30.403905257983645,311.6499453953225,313.12950343243597,0.9868063641607865,1.5145465901406905,5492.599409588047,4492.599409588047,150000.0,1.0,7791.966203577734,17358.520338535276,446.46710879225145
96.70000000001257,448.0290280172545,17374.102973383684,32.01944979000029,311.7039310917656,313.34419704681704,1.0689500249011352,1.765408725803128,5490.050119055604,4490.050119055604,150000.0,1.0,7788.363686836132,17374.102973383684,448.0290280172545
96.75000000001259,449.66310976591353,17389.69547401921,33.28266980783143,312.038825325049,313.8088026486408,1.1626288411817554,1.9739879651034686,5487.5008285231615,4487.5008285231615,150000.0,1.0,7797.160597581091,17389.69547401921,449.66310976591353
96.80000000001262,451.35124471619736,17405.310519876857,34.184468055338385,312.5930741830582,314.4566868162313,1.2655256698256314,2.133212426087854,5484.951537990719,4484.951537990719,150000.0,1.0,7815.019707653169,17405.310519876857,451.35124471619736
96.85000000001264,453.07620260136144,17420.957117151927,34.766639205708,313.28779160160985,315.21097628140046,1.3750450392390972,2.2381847162134565,5482.402247458276,4482.402247458276,150000.0,1.0,7838.115056130467,17420.957117151927,453.07620260136144
96.90000000001267,454.8240320220059,17436.64046743469,35.11675773908912,314.0537464095838,316.010984473643,1.4883822492932282,2.2855068224541784,5479.8529569258335,4479.8529569258335,150000.0,1.0,7863.429745442257,17436.64046743469,454.8240320220059
96.9500000000127,456.5847141780061,17452.36304614836,35.26908173574724,314.85293328528127,316.82215472537365,1.6026088188711758,2.273695592463982,5477.303666393391,4477.303666393391,150000.0,1.0,7889.244555867933,17452.36304614836,456.5847141780061
97.00000000001272,458.3457392146148,17468.12571411675,35.11050943873696,315.64800841073213,317.5947308862495,1.7147791251453754,2.203604915203914,5474.754375860948,4474.754375860948,150000.0,1.0,7913.079700578124,17468.12571411675,458.3457392146148
97.05000000001274,460.0889189597894,17483.926593078573,34.54302492972036,316.3673006953355,318.2475286951151,1.8220511404653352,2.0784943949535934,5472.205085328505,4472.205085328505,150000.0,1.0,7930.886248208038,17483.926593078573,460.0889189597894
97.10000000001277,461.7924521287248,17499.75971556053,33.52211926451875,316.9232455676163,318.6911923180436,1.921799728782158,1.9037059358557924,5469.655794796063,4469.655794796063,150000.0,1.0,7938.213844387447,17499.75971556053,461.7924521287248
97.1500000000128,463.4337510210927,17515.614889857807,32.05994580371915,317.23860404304975,318.85446840231094,2.0117081414862468,1.6861324924658077,5467.10650426362,4467.10650426362,150000.0,1.0,7931.541322254583,17515.614889857807,463.4337510210927
97.20000000001282,464.9920271625942,17531.478771104987,30.21344150236453,317.2670595465896,318.7024303653112,2.089829908649434,1.4335844580712407,5464.557213731177,4464.557213731177,150000.0,1.0,7909.204159245754,17531.478771104987,464.9920271625942
97.25000000001285,466.4500584030904,17547.33669102695,28.064929192735146,317.0025414565875,318.24244145074164,2.154618989228391,1.15417333126615,5462.007923198735,4462.007923198735,150000.0,1.0,7871.690214774826,17547.33669102695,466.4500584030904
97.30000000001287,467.794974523887,17563.17466674773,25.7034547723374,316.47751550304844,317.5195827129657,2.2049317700130744,0.8558161278190495,5459.458632666292,4459.458632666292,150000.0,1.0,7821.384069192751,17563.17466674773,467.794974523887
97.3500000000129,469.01824638611413,17578.98112813103,23.212132862852005,315.75423947363873,316.6062899842937,2.240008646497355,0.5459196713536869,5456.909342133849,4456.909342133849,150000.0,1.0,7762.007403009755,17578.98112813103,469.01824638611413
97.40000000001292,470.1152283048036,17594.748129903735,20.662877469041604,314.9135772158561,315.59074070730844,2.2594445667012795,0.2312521454562993,5454.360051601407,4454.360051601407,150000.0,1.0,7697.999700226527,17594.748129903735,470.1152283048036
97.45000000001295,471.08459600331565,17610.47201212594,18.11711995235628,314.04446133022884,314.5666125442458,2.2631572079363833,-0.08203095929969506,5451.810761068964,4451.810761068964,150000.0,1.0,7633.984045120063,17610.47201212594,471.08459600331565
97.50000000001297,471.92791754640564,17626.1535766071,15.62995749754772,313.23510891411553,313.6248220849443,2.2513592110066,-0.38826017607230495,5449.261470536521,4449.261470536521,150000.0,1.0,7574.354495098525,17626.1535766071,471.92791754640564
97.550000000013,472.6494625440868,17641.797863597993,13.255129870395225,312.56570243369225,312.84663464027943,2.22453806153798,-0.6820820792981982,5446.712180004079,4446.712180004079,150000.0,1.0,7522.9543312534715,17641.797863597993,472.6494625440868
97.60000000001303,473.2562341730094,17657.413583531215,11.048631291106354,312.10179834611193,312.29730191643336,2.1834444698423074,-0.9582970338931094,5444.162889471636,4444.162889471636,150000.0,1.0,7482.798549377675,17657.413583531215,473.2562341730094
97.65000000001305,473.75793216412495,17673.012137580718,9.051124530341385,311.8789692325118,312.01027916528295,2.1290477331842466,-1.2158002843271405,5441.613598939193,4441.613598939193,150000.0,1.0,7455.356389706814,17673.012137580718,473.75793216412495
97.70000000001308,474.1641871267697,17688.60504191453,7.2320219546999125,311.87327775169774,311.95711807416876,2.0618988788875665,-1.4694023737968178,5439.064308406751,4439.064308406751,150000.0,1.0,7439.156726205931,17688.60504191453,474.1641871267697
97.7500000000131,474.4847008103222,17704.202916144513,5.630351551474635,312.0761082122697,312.1268943482914,1.9821952404876741,-1.7167997498678975,5436.515017874308,4436.515017874308,150000.0,1.0,7433.602635356468,17704.202916144513,474.4847008103222
97.80000000001313,474.73292556206974,17719.816540047625,4.363356521568351,312.5069687855371,312.53742882998665,1.8907550732428968,-1.933572072259242,5433.965727341865,4433.965727341865,150000.0,1.0,7439.491904790146,17719.816540047625,474.73292556206974
97.85000000001315,474.92748958577056,17735.456870093767,3.4820219572430844,313.13277587629034,313.15213523925047,1.7896088348944672,-2.1041239786116206,5431.4164368094225,4431.4164368094225,150000.0,1.0,7455.054821603162,17735.456870093767,474.92748958577056
97.90000000001318,475.0869983817642,17751.131851950682,2.9513429977027337,313.88091551128286,313.89479057112624,1.6811972730568043,-2.223443275887623,5428.86714627698,4428.86714627698,150000.0,1.0,7476.656253128522,17751.131851950682,475.0869983817642
97.9500000000132,475.22714185872644,17766.845909332904,2.6905668569480423,314.6869216788778,314.69842361495853,1.568181417055048,-2.2878047424226056,5426.317855744537,4426.317855744537,150000.0,1.0,7501.108491075637,17766.845909332904,475.22714185872644
98.00000000001323,475.35909367718585,17782.60086144465,2.622487297483813,315.5119860758862,315.5228847440003,1.4533678162146701,-2.295175837999486,5423.7685652120945,4423.7685652120945,150000.0,1.0,7526.499977032901,17782.60086144465,475.35909367718585
98.05000000001326,475.49393303798706,17798.396774502715,2.8259767549573023,316.31572512793906,316.3283485681191,1.3396138253122458,-2.2456263001804158,5421.219274679652,4421.219274679652,150000.0,1.0,7550.930916759939,17798.396774502715,475.49393303798706
98.10000000001328,475.6479154749279,17814.230854285157,3.4011846363055938,317.02407257131887,317.04231680744937,1.2297153507028793,-2.141537878793608,5418.669984147209,4418.669984147209,150000.0,1.0,7570.938471277251,17814.230854285157,475.6479154749279
98.1500000000133,475.84111813977523,17830.096058964857,4.398484272414985,317.54534951359324,317.57581088868335,1.1262952492724467,-1.9873925708635225,5416.120693614766,4416.120693614766,150000.0,1.0,7582.273988471386,17830.096058964857,475.84111813977523
98.20000000001333,476.0947440477066,17845.980864515615,5.813047888068897,317.79618820282997,317.84934916088395,1.031708683556417,-1.7893279846536996,5413.571403082324,4413.571403082324,150000.0,1.0,7581.160403150816,17845.980864515615,476.0947440477066
98.25000000001336,476.4285576674469,17861.87025634218,7.594811183614831,317.7231493838925,317.81390909042045,0.9479744295155438,-1.5545602831184362,5411.022112549881,4411.022112549881,150000.0,1.0,7565.314531751766,17861.87025634218,476.4285576674469
98.30000000001338,476.8590726234243,17877.74754802747,9.667203353121685,317.31360129998535,317.46082654500333,0.8767361190529703,-1.2907826906958582,5408.472822017438,4408.472822017438,150000.0,1.0,7534.42732018023,17877.74754802747,476.8590726234243
98.35000000001341,477.3987204489964,17893.596451481528,11.946394705449226,316.5952355044135,316.8205477720052,0.8192519229083878,-1.0056449329893524,5405.923531484996,4405.923531484996,150000.0,1.0,7490.087102392433,17893.596451481528,477.3987204489964
98.40000000001343,478.05586446089893,17909.402909683613,14.35519209408923,315.62785102868185,315.9541294002058,0.7764066348722116,-0.7063859790333727,5403.374240952553,4403.374240952553,150000.0,1.0,7435.336908160643,17909.402909683613,478.05586446089893
98.45000000001346,478.83532436154354,17925.156426453006,16.829526398093844,314.4921962201149,314.9421763469215,0.7487376670179511,-0.3996450931825703,5400.82495042011,4400.82495042011,150000.0,1.0,7374.105166995854,17925.156426453006,478.83532436154354
98.50000000001349,479.739055494173,17940.85084303791,19.318471471026463,313.27942277381317,313.87449732890127,0.7364663295918337,-0.09143373308841732,5398.275659887668,4398.275659887668,150000.0,1.0,7310.68138347002,17940.85084303791,479.739055494173
98.55000000001351,480.7667147996468,17956.484638015045,21.78011958261444,312.08265169850284,312.8417413009364,0.7395273741507026,0.21277536733106828,5395.726369355225,4395.726369355225,150000.0,1.0,7249.305474319705,17956.484638015045,480.7667147996468
98.60000000001354,481.9159690367712,17972.060857180855,24.17578205331388,310.99048458034275,311.9287577915921,0.7575922485028764,0.5078945308678271,5393.177078822782,4393.177078822782,150000.0,1.0,7193.860300961962,17972.060857180855,481.9159690367712
98.65000000001356,483.18251547819796,17987.58674803942,26.464595725164628,310.0814967273153,311.2087875358735,0.7900841032895324,0.7890525237295305,5390.62778829034,4390.62778829034,150000.0,1.0,7147.622380383704,17987.58674803942,483.18251547819796
98.70000000001359,484.55988125036845,18003.07312119257,28.60080063075874,309.418354176792,310.7373870299406,0.8361856315609465,1.0516037858679785,5388.078497757897,4388.078497757897,150000.0,1.0,7113.01399655675,18003.07312119257,484.55988125036845
98.75000000001361,486.0403918300992,18018.532544874673,30.59824661600218,308.9969023020196,310.5081936571361,0.8951492962038218,1.306867115888019,5385.529207225454,4385.529207225454,150000.0,1.0,7089.619028521237,18018.532544874673,486.0403918300992
98.80000000001364,487.6172660573267,18033.97665872042,32.447170555748386,308.80723502775555,310.5072097110811,0.9668619735229494,1.560917397860927,5382.979916693012,4382.979916693012,150000.0,1.0,7076.704358421845,18033.97665872042,487.6172660573267
98.85000000001367,489.28151024104096,18049.417353773468,34.07053672367274,308.8699702977479,310.74339900369694,1.0510585811869062,1.8014072123074771,5380.430626160569,4380.430626160569,150000.0,1.0,7074.611252289672,18049.417353773468,489.28151024104096
98.90000000001369,491.0185596738744,18064.86845473624,35.352033060911914,309.2173787606584,311.231671860613,1.146326582693487,2.0020334158382904,5377.881335628126,4377.881335628126,150000.0,1.0,7083.972682120862,18064.86845473624,491.0185596738744
98.95000000001372,492.810809756097,18080.342822914783,36.28079652867276,309.7881938933775,311.90546848761056,1.250490415616475,2.1563990359644403,5375.3320450956835,4375.3320450956835,150000.0,1.0,7101.737989778128,18080.342822914783,492.810809756097
99.00000000001374,494.6413420941744,18095.849696465153,36.893258370078705,310.50463357610124,312.68872698802284,1.3611193977253357,2.259983948015951,5372.782754563241,4372.782754563241,150000.0,1.0,7124.441358446971,18095.849696465153,494.6413420941744
99.05000000001377,496.49618961036737,18111.39454052755,37.269757220596134,311.29736316899994,313.5204668267359,1.475588266133151,2.3095926742840804,5370.233464030798,4370.233464030798,150000.0,1.0,7149.306588120663,18111.39454052755,496.49618961036737
99.1000000000138,498.36516505886493,18126.980042756506,37.44877176624087,312.1269261646091,314.3654378963555,1.59115298536892,2.303732643063406,5367.684173498355,4367.684173498355,150000.0,1.0,7174.727238520169,18126.980042756506,498.36516505886493
99.15000000001382,500.2359957117113,18142.607278500094,37.32455477098641,312.95790228344794,315.175777924809,1.7050457751506651,2.2430013017788295,5365.134882965913,4365.134882965913,150000.0,1.0,7198.5168765839435,18142.607278500094,500.2359957117113
99.20000000001384,502.09092584484927,18158.27471712156,36.80037983647171,313.7213065572215,315.8723257015067,1.814583846022604,2.1301786050428015,5362.58559243347,4362.58559243347,150000.0,1.0,7217.054959776211,18158.27471712156,502.09092584484927
99.25000000001387,503.9085526115305,18173.976829841486,35.82920938292325,314.3301988157448,316.3656209712917,1.9172729328495943,1.9699629457071373,5360.036301901027,4360.036301901027,150000.0,1.0,7226.252747084163,18173.976829841486,503.9085526115305
99.3000000000139,505.6664912798119,18189.7038103697,34.418217960340584,314.7044476953172,316.58095825046104,2.01089240978128,1.7685134135038072,5357.487011368585,4357.487011368585,150000.0,1.0,7222.717250334345,18189.7038103697,505.6664912798119
99.35000000001392,507.3438867895655,18205.442461770035,32.618846150650484,314.7912282551696,316.47670769046823,2.0935544713916725,1.5328864165940608,5354.937720836142,4354.937720836142,150000.0,1.0,7204.60867650651,18205.442461770035,507.3438867895655
99.40000000001395,508.9231942978288,18221.1778687519,30.508822423691907,314.57542403516646,316.05139716917114,2.1637346494990437,1.2704699696466413,5352.388430303699,4352.388430303699,150000.0,1.0,7171.968037433849,18221.1778687519,508.9231942978288
99.45000000001397,510.39102331315263,18236.895318148556,28.173849851534882,314.07947651729404,315.34058315547384,2.22027601949041,0.9885105019484395,5349.839139771257,4349.839139771257,150000.0,1.0,7126.554162221947,18236.895318148556,510.39102331315263
99.500000000014,511.7381770322243,18252.582013841286,25.694327721223065,313.35604050581554,314.407707600383,2.262373406879005,0.6937923954332079,5347.289849238814,4347.289849238814,150000.0,1.0,7071.38914915505,18252.582013841286,511.7381770322243
99.55000000001402,512.9591989608828,18268.228336547807,23.138960242343433,312.47779868654277,313.33334669818385,2.289545805853883,0.3924860377825907,5344.740558706371,4344.740558706371,150000.0,1.0,7010.228587181106,18268.228336547807,512.9591989608828
99.60000000001405,514.0517577557536,18283.82859444104,20.5643832011564,311.52766800521135,312.2056722566219,2.3016050246840933,0.09014297292378425,5342.191268173929,4342.191268173929,150000.0,1.0,6947.098423939137,18283.82859444104,514.0517577557536
99.65000000001407,515.0161203307888,18299.38132672762,18.01867589399886,310.59080144954567,311.11303191291114,2.298626898511455,-0.20820456594156325,5339.641977641486,4339.641977641486,150000.0,1.0,6885.94638434024,18299.38132672762,515.0161203307888
99.7000000000141,515.8548496267271,18314.889252701058,15.546477666388109,309.74830788798016,310.13820662294813,2.280929072526166,-0.4978883398841377,5337.092687109043,4337.092687109043,150000.0,1.0,6830.388702944545,18314.889252701058,515.8548496267271
99.75000000001413,516.5727570238818,18330.35893367074,13.193768805876296,309.07189739160634,309.3533793132872,2.249057002402363,-0.7744375173971243,5334.543396576601,4334.543396576601,150000.0,1.0,6783.5058843581255,18330.35893367074,516.5727570238818
99.80000000001415,517.1770525991949,18345.800173524276,11.010777590046539,308.61868903092136,308.81504568641407,2.2037777905762344,-1.0334371547009191,5331.994106044158,4331.994106044158,150000.0,1.0,6747.648220236965,18345.800173524276,517.1770525991949
99.85000000001418,517.6773407557102,18361.225037031225,9.03048732516013,308.41471407836065,308.54689361808005,2.146028438065746,-1.2752587969068163,5329.444815511715,4329.444815511715,150000.0,1.0,6723.72244561281,18361.225037031225,517.6773407557102
99.9000000000142,518.0828183650883,18376.645239384423,7.220258409662205,308.4296296656718,308.51413028774834,2.0762559558730542,-1.5151978224108893,5326.8955249792725,4326.8955249792725,150000.0,1.0,6710.1104542902,18376.645239384423,518.0828183650883
99.95000000001423,518.4027787201934,18392.07144870541,5.6183436890895475,308.65315158570365,308.7042820720116,1.994559664034604,-1.751107765665326,5324.34623444683,4324.34623444683,150000.0,1.0,6706.202727006795,18392.07144870541,518.4027787201934
100.00000000001425,518.6501855272728,18407.514461400224,4.3408840523088825,309.10573935747135,309.1362181597048,1.9016381534909501,-1.9590179111852843,5321.796943914387,4321.796943914387,150000.0,1.0,6712.775341909267,18407.514461400224,518.6501855272728
100.05000000001428,518.8431674303308,18422.98531654109,3.4400278713172177,309.7555039299389,309.77460516744407,1.7993742983735357,-2.1239659120129852,5319.2476533819445,4319.2476533819445,150000.0,1.0,6728.271348337791,18422.98531654109,518.8431674303308
100.1000000000143,518.9999916066834,18438.492106813883,2.8858825869301996,310.53120348578705,310.54461298923997,1.69003467629857,-2.2413644601115212,5316.698362849502,4316.698362849502,150000.0,1.0,6749.437467756005,18438.492106813883,518.9999916066834
100.15000000001433,519.1363375419568,18454.03944986051,2.605509838975739,311.36860116067004,311.3795023283861,1.5760890779944248,-2.30773919510312,5314.149072317059,4314.149072317059,150000.0,1.0,6773.377032912334,18454.03944986051,519.1363375419568
100.20000000001436,519.2636633089447,18469.629324322043,2.5215166153910986,312.22767813174903,312.2378597120868,1.4601454094658548,-2.3210963952551578,5311.599781784616,4311.599781784616,150000.0,1.0,6798.29165447629,18469.629324322043,519.2636633089447
100.25000000001438,519.3928824121355,18485.26196047156,2.7003178754607364,313.07002599450755,313.0816712821595,1.344866690022309,-2.2812891266592894,5309.050491252174,4309.050491252174,150000.0,1.0,6822.5264976694025,18485.26196047156,519.3928824121355
100.3000000000144,519.5397266436355,18500.934881848174,3.239431103183982,313.8249951183748,313.8417140453452,1.2328716628314398,-2.1902365140202433,5306.501200719731,4306.501200719731,150000.0,1.0,6843.062305621383,18500.934881848174,519.5397266436355
100.35000000001443,519.7237274484949,18516.641499517824,4.190855252987981,314.40250519883296,314.4304351411512,1.1266341410508682,-2.051769815439904,5303.951910187288,4303.951910187288,150000.0,1.0,6856.078919589145,18516.641499517824,519.7237274484949
100.40000000001446,519.9657050512528,18532.37073588217,5.554333206984279,314.7171291509759,314.7661385829267,1.0283959241603393,-1.8712635859162021,5301.402619654846,4301.402619654846,150000.0,1.0,6858.024086099485,18532.37073588217,519.9657050512528
100.45000000001448,520.2852991089759,18548.107816352454,7.28519010556222,314.7092909639568,314.7936019265808,0.9401017359591631,-1.655136800201056,5298.853329122403,4298.853329122403,150000.0,1.0,6846.533304916844,18548.107816352454,520.2852991089759
100.50000000001451,520.6991493645043,18563.8359038453,9.311287703529446,314.3571126695191,314.49498305158164,0.8633605223815803,-1.410313441785702,5296.30403858996,4296.30403858996,150000.0,1.0,6820.917118232684,18563.8359038453,520.6991493645043
100.55000000001453,521.2199947362296,18579.53805336868,11.551608533947928,313.67756475934476,313.89019464308615,0.7994327614791417,-1.1437357508932309,5293.754748057518,4293.754748057518,150000.0,1.0,6782.168106117488,18579.53805336868,521.2199947362296
100.60000000001456,521.8566142984611,18595.199010620756,13.930639814321811,312.71976681008124,313.02989518476977,0.7492392586619765,-0.8620002613751641,5291.205457525075,4291.205457525075,150000.0,1.0,6732.626319154099,18595.199010620756,521.8566142984611
100.65000000001459,522.6143234266718,18610.806571391182,16.38605679764689,311.55484213178084,311.9854524062534,0.7133843274813519,-0.57114820669045,5288.656166992632,4288.656166992632,150000.0,1.0,6675.504945129257,18610.806571391182,522.6143234266718
100.70000000001461,523.4956904572334,18626.35242680679,18.87009516057207,310.2659643721946,310.83926576154596,0.6921856551977748,-0.27660408048887364,5286.10687646019,4286.10687646019,150000.0,1.0,6614.437112049346,18626.35242680679,523.4956904572334
100.75000000001464,524.5012022934229,18641.83255810145,21.346503064401833,308.94044565348787,309.67704492528054,0.6857041683408449,0.016769578330889746,5283.557585927747,4283.557585927747,150000.0,1.0,6553.121759836439,18641.83255810145,524.5012022934229
100.80000000001466,525.6297126425738,18657.247293434295,23.785235329390126,307.6640561329261,308.5820941918678,0.6937691399045224,0.3045439987068712,5281.008295395304,4281.008295395304,150000.0,1.0,6495.073365263137,18657.247293434295,525.6297126425738
100.85000000001469,526.8786074256546,18672.60112086802,26.15671139145757,306.5167748582223,307.63079628070744,0.7159959455076019,0.5825649551606356,5278.459004862862,4278.459004862862,150000.0,1.0,6443.439511210177,18672.60112086802,526.8786074256546
100.90000000001471,528.2437019745297,18687.90230211921,28.427032718246803,305.56890152307807,306.88833436151475,0.7517958494383409,0.8467985361050585,5275.909714330419,4275.909714330419,150000.0,1.0,6400.841988577168,18687.90230211921,528.2437019745297
100.95000000001474,529.7189466127891,18703.162283554913,30.555268938828807,304.87675230340693,306.40407724930344,0.8003788079006467,1.093210155543055,5273.360423797976,4273.360423797976,150000.0,1.0,6369.21253173,18703.162283554913,529.7189466127891
101.00000000001477,531.2970986358856,18718.394099591027,32.55184433016689,304.4342992711041,306.1696672467467,0.8610096809739681,1.3322519674869335,5270.8111332655335,4270.8111332655335,150000.0,1.0,6348.085082246365,18718.394099591027,531.2970986358856
101.05000000001479,532.9719599198644,18733.609557802556,34.41601292162796,304.22359599564084,306.1641035554961,0.9336307057166554,1.572309480507573,5268.261842733091,4268.261842733091,150000.0,1.0,6336.501533139636,18733.609557802556,532.9719599198644
101.10000000001482,534.7355632490745,18748.820433594352,36.08239099720975,304.25907250518793,306.3911260819946,1.0181490258730943,1.8042376102796733,5265.712552200648,4265.712552200648,150000.0,1.0,6334.556194352983,18748.820433594352,534.7355632490745
101.15000000001484,536.5747953784903,18764.040359845945,37.43011423859447,304.5830612550536,306.87433039505595,1.1134520438619249,2.001271883044887,5263.163261668205,4263.163261668205,150000.0,1.0,6343.184044115398,18764.040359845945,536.5747953784903
101.20000000001487,538.4728562950006,18779.282688468425,38.436071197853906,305.1434366453977,307.5546268500774,1.217575075116704,2.15626117130428,5260.613971135763,4260.613971135763,150000.0,1.0,6359.924135271852,18779.282688468425,538.4728562950006
101.2500000000149,540.4130851918861,18794.557392647173,39.12443829033321,305.86529045372885,308.35741855171574,1.3283061437844357,2.2649660146694446,5258.06468060332,4258.06468060332,150000.0,1.0,6381.6909750503955,18794.557392647173,540.4130851918861
101.30000000001492,542.381089918107,18809.87071317335,39.56134776994165,306.67770151982535,309.2188753081826,1.4432469478224959,2.324234983691031,5255.515390070877,4255.515390070877,150000.0,1.0,6405.846821355079,18809.87071317335,542.381089918107
101.35000000001494,544.3661639534456,18825.225893438757,39.80534499256351,307.53508420012275,310.10045711664725,1.559876019046232,2.332346714151489,5252.966099538435,4252.966099538435,150000.0,1.0,6430.797295820785,18825.225893438757,544.3661639534456
101.40000000001497,546.3569987826315,18840.624486134624,39.77256244295054,308.40700451137366,310.96098976392017,1.6756288532548014,2.2893587234079438,5250.416809005992,4250.416809005992,150000.0,1.0,6454.833733615838,18840.624486134624,546.3569987826315
101.450000000015,548.3371229264135,18856.065839925013,39.363432691182865,309.2328957402625,311.7281887175771,1.7879926268416284,2.1972749205501443,5247.867518473549,4247.867518473549,150000.0,1.0,6474.950311100969,18856.065839925013,548.3371229264135
101.50000000001502,550.2860969918978,18871.54561837931,38.5213603003598,309.92934361882396,312.3140938788789,1.8946003097861337,2.059876875972892,5245.318227941107,4245.318227941107,150000.0,1.0,6487.487567613491,18871.54561837931,550.2860969918978
101.55000000001505,552.1819245511417,18887.055208770664,37.24076670150665,310.41258043006854,312.6385209691375,1.993311242328647,1.8823662193999973,5242.768937408664,4242.768937408664,150000.0,1.0,6489.121538770168,18887.055208770664,552.1819245511417
101.60000000001507,554.0035069934353,18902.582249627678,35.56117724462142,310.6193634522497,312.6483428366512,2.0822706032233103,1.6708902676935207,5240.219646876221,4240.219646876221,150000.0,1.0,6477.685598601808,18902.582249627678,554.0035069934353
101.6500000000151,555.7325419320516,18918.112018375185,33.55195698725416,310.51978143408445,312.3271817814552,2.1599439522777972,1.432034259064095,5237.670356343779,4237.670356343779,150000.0,1.0,6452.584465069999,18918.112018375185,555.7325419320516
101.70000000001512,557.3545687637413,18933.62920886065,31.294597600474326,310.12012330077874,311.69511179206165,2.2251273636409934,1.1723658287695868,5235.121065811336,4235.121065811336,150000.0,1.0,6414.772948847063,18933.62920886065,557.3545687637413
101.75000000001515,558.85919162401,18949.119643129805,28.868248602523508,309.45796084314554,310.80155293462565,2.276937485416791,0.8980954288920293,5232.571775278893,4232.571775278893,150000.0,1.0,6366.4334909237705,18949.119643129805,558.85919162401
101.80000000001517,560.2397235880482,18964.571623349093,26.341235542404764,308.59333679018596,309.71552786581685,2.314788184359341,0.6148809194035976,5230.022484746451,4230.022484746451,150000.0,1.0,6310.536895512326,18964.571623349093,560.2397235880482
101.8500000000152,561.4925606935846,18979.976820702068,23.768564006061546,307.59952184522064,308.51646710397586,2.33836095622983,0.3277702354631714,5227.473194214008,4227.473194214008,150000.0,1.0,6250.430708560185,18979.976820702068,561.4925606935846
101.90000000001523,562.6165498878607,18995.330735689,21.19385035462628,306.55530292810374,307.2870531704773,2.3475753419263765,0.04125288530604393,5224.923903681565,4224.923903681565,150000.0,1.0,6189.524502440527,18995.330735689,562.6165498878607
101.95000000001525,563.6125230000896,19010.63282293367,18.653712790044253,305.5392474868105,306.10813898957326,2.3425638331466305,-0.24061864156920232,5222.3746131491225,4222.3746131491225,150000.0,1.0,6131.075703046645,19010.63282293367,563.6125230000896
102.00000000001528,564.4830748314607,19025.88636857186,16.182888899159874,304.62540516213954,305.05495138305855,2.3236537877884422,-0.5140758757169116,5219.82532261668,4219.82532261668,150000.0,1.0,6078.042393486598,19025.88636857186,564.4830748314607
102.0500000000153,565.2325864585898,19041.09817007951,13.818730133089067,303.8795553250448,304.1935920545305,2.291357095041373,-0.7754821709126438,5217.276032084237,4217.276032084237,150000.0,1.0,6032.960290343661,19041.09817007951,565.2325864585898
102.10000000001533,565.8674351910249,19056.27802605173,11.604014719644752,303.3552705194633,303.5771290949806,2.2463668909973133,-1.0212065170469948,5214.7267415517945,4214.7267415517945,150000.0,1.0,5997.812042920889,19056.27802605173,565.8674351910249
102.15000000001535,566.3962659695391,19071.43800806748,9.583448357293502,303.08746247754243,303.23893614358394,2.189555221300935,-1.248403168462068,5212.177451019352,4212.177451019352,150000.0,1.0,5973.792115844658,19071.43800806748,566.3962659695391
102.20000000001538,566.8283717164242,19086.59051209661,7.727856133805604,303.04896896048854,303.14748448311417,2.1215558720652705,-1.4716563571382073,5209.628160486909,4209.628160486909,150000.0,1.0,5959.556209716478,19086.59051209661,566.8283717164242
102.2500000000154,567.1719940121781,19101.746398460557,6.050956768475449,303.22088545957695,303.2812547070851,2.0423766677706454,-1.6950966979525675,5207.078869954466,4207.078869954466,150000.0,1.0,5954.190866489823,19101.746398460557,567.1719940121781
102.30000000001543,567.4375373078282,19116.91606884008,4.627713110797004,303.60626878927786,303.64153565805697,1.952214522700837,-1.9060789628902919,5204.529579422024,4204.529579422024,150000.0,1.0,5957.703740761065,19116.91606884008,567.4375373078282
102.35000000001546,567.6408157425435,19132.11073455458,3.5643525600106103,304.212284543246,304.23316498401834,1.8523896518325265,-2.080291452189282,5201.980288889581,4201.980288889581,150000.0,1.0,5970.260865093869,19132.11073455458,567.6408157425435
102.40000000001548,567.7998986041746,19147.339908416525,2.8551785457488403,304.9748966737609,304.98826148837145,1.744882994404227,-2.2126734304370705,5199.430998357138,4199.430998357138,150000.0,1.0,5989.193355228175,19147.339908416525,567.7998986041746
102.4500000000155,567.9314486081056,19162.609696780124,2.4516629992549674,305.8264418190172,305.83626856071635,1.6318801086584445,-2.2996257213138063,5196.881707824696,4196.881707824696,150000.0,1.0,6011.735596437312,19162.609696780124,567.9314486081056
102.50000000001553,568.0487774164825,19177.923170328067,2.271945101664153,306.7160697616251,306.7244841621924,1.5157194171651487,-2.338685798028653,5194.332417292253,4194.332417292253,150000.0,1.0,6035.8212528333015,19177.923170328067,568.0487774164825
102.55000000001556,568.1621702760405,19193.281416843674,2.3078459697176417,307.6113694402818,307.6200265944099,1.3988276956816659,-2.3288364299259228,5191.78312675981,4191.78312675981,150000.0,1.0,6060.158528407412,19193.281416843674,568.1621702760405
102.60000000001558,568.2847897025379,19208.683531133014,2.6562375301720382,308.45912497138363,308.4705616034184,1.2836397556148094,-2.2708080524279377,5189.233836227368,4189.233836227368,150000.0,1.0,6082.684280970566,19208.683531133014,568.2847897025379
102.65000000001561,568.4342111037424,19224.125192756313,3.3880305314776087,309.1784084307164,309.1969711860598,1.1725090579211097,-2.167101801879564,5186.684545694925,4186.684545694925,150000.0,1.0,6100.273700510401,19224.125192756313,568.4342111037424
102.70000000001563,568.6304090501734,19239.597738923843,4.527200588616668,309.6801899604783,309.7132796622184,1.0676240928704648,-2.02176403103928,5184.135255162482,4184.135255162482,150000.0,1.0,6109.532326058866,19239.597738923843,568.6304090501734
102.75000000001566,568.8933640602789,19255.088313593347,6.051159758970403,309.88911789551565,309.9481923233129,0.9709399139022806,-1.8400147355084908,5181.58596463004,4181.58596463004,150000.0,1.0,6107.662930567631,19255.088313593347,568.8933640602789
102.80000000001569,569.2409903169068,19270.580990388233,7.90244757114871,309.759682648641,309.8604680694224,0.8841306400275378,-1.62779254436044,5179.036674097597,4179.036674097597,150000.0,1.0,6093.090324212949,19270.580990388233,569.2409903169068
102.85000000001571,569.687810480789,19286.058473656492,10.0058023221057,309.2829226788461,309.4447322881392,0.8085651813878834,-1.3912940558813895,5176.487383565154,4176.487383565154,150000.0,1.0,6065.6962823983895,19286.058473656492,569.687810480789
102.90000000001574,570.2444844632178,19301.503901807722,12.28433777939955,308.4842023585559,308.7286965273439,0.7453045828395289,-1.1365803500192915,5173.938093032712,4173.938093032712,150000.0,1.0,6026.696355063879,19301.503901807722,570.2444844632178
102.95000000001576,570.9180341185909,19316.90238322395,14.670777273369481,307.41540339269363,307.7652708622228,0.6951162840663297,-0.8692992589812981,5171.388802500269,4171.388802500269,150000.0,1.0,5978.300935843284,19316.90238322395,570.9180341185909
103.00000000001579,571.712476559826,19332.24208412212,17.112582067180192,306.1453975859649,306.6232948229382,0.6584989675002836,-0.5945396752945203,5168.839511967826,4168.839511967826,150000.0,1.0,5923.318478757222,19332.24208412212,571.712476559826
103.05000000001581,572.6295778777412,19347.514858379265,19.57190153773367,304.7515841115025,305.3794153970973,0.6357115922764118,-0.3168060123660077,5166.2902214353835,4166.2902214353835,150000.0,1.0,5864.810332086473,19347.514858379265,572.6295778777412
103.10000000001584,573.6695119126992,19362.716508856643,22.022140522869748,303.3136872467997,304.11209700447375,0.626801287233029,-0.04008374493668832,5163.740930902941,4163.740930902941,150000.0,1.0,5805.841021823256,19362.716508856643,573.6695119126992
103.15000000001586,574.8313001839274,19377.846794958994,24.442900566730433,301.909712785654,302.8975570426925,0.6316264163522477,0.2320388351501204,5161.191640370498,4161.191640370498,150000.0,1.0,5749.316672843092,19377.846794958994,574.8313001839274
103.20000000001589,576.1129871508858,19392.909275592727,26.81463873236723,300.6132408123621,301.806801450959,0.6498728433233472,0.49622535795859757,5158.642349838055,4158.642349838055,150000.0,1.0,5697.877920543564,19392.909275592727,576.1129871508858
103.25000000001592,577.5115617879738,19407.911028965278,29.11399668884436,299.4910453198024,300.9028265569235,0.6810629187013365,0.7492494687036553,5156.093059305613,4156.093059305613,150000.0,1.0,5653.809063410541,19407.911028965278,577.5115617879738
103.30000000001594,579.0226780590333,19422.862243856383,31.310543617365482,298.6002303196419,300.2373189471258,0.724557895131495,0.9878767998569852,5153.54376877317,4153.54376877317,150000.0,1.0,5618.935413201322,19422.862243856383,579.0226780590333
103.35000000001597,580.6402837356028,19437.775629322405,33.369729124876045,297.9811630403455,299.84381325741003,0.7795609381306944,1.2098448960317518,5150.994478240727,4150.994478240727,150000.0,1.0,5594.392097387227,19437.775629322405,580.6402837356028
103.400000000016,582.3579742156624,19452.6642452044,35.31941158776071,297.6020653349004,299.69059065393424,0.8455585551401005,1.4305014400950102,5148.445187708285,4148.445187708285,150000.0,1.0,5578.895432417583,19452.6642452044,582.3579742156624
103.45000000001602,584.1701301895255,19467.53963529198,37.14136135356319,297.45216642110154,299.7620256666989,0.9226638184318242,1.653734826468421,5145.895897175842,4145.895897175842,150000.0,1.0,5571.795913059504,19467.53963529198,584.1701301895255
103.50000000001604,586.0688788947172,19482.413525751177,38.76091059194499,297.55314487321283,300.06712951247414,1.0108097312997348,1.8672590366566642,5143.346606643399,4143.346606643399,150000.0,1.0,5573.3826280685425,19482.413525751177,586.0688788947172
103.55000000001607,588.0409986981598,19497.299718985843,40.0696919134289,297.9378341177112,300.62024750304147,1.10881834795322,2.0469710486456054,5140.797316110957,4140.797316110957,150000.0,1.0,5584.160352902976,19497.299718985843,588.0409986981598
103.6000000000161,590.0704078127746,19512.211079411572,41.05329342871819,298.5483175790727,301.3577124127393,1.2148608591920353,2.187945316832501,5138.248025578514,4138.248025578514,150000.0,1.0,5601.755802558849,19512.211079411572,590.0704078127746
103.65000000001612,592.1412883066723,19527.15710828492,41.73581688594841,299.31243970119874,302.20823114372837,1.3269060130082821,2.2865397692590514,5135.698735046071,4135.698735046071,150000.0,1.0,5623.523120297209,19527.15710828492,592.1412883066723
103.70000000001615,594.2399872420643,19542.143761358766,42.17918737403337,300.1636357241954,303.1126722172817,1.4427630527529052,2.340068798078185,5133.149444513629,4133.149444513629,150000.0,1.0,5647.267679311745,19542.143761358766,594.2399872420643
103.75000000001617,596.356074822517,19557.174217219013,42.426315587755745,301.0603446397384,304.03506930771965,1.5601369541113843,2.347094333496729,5130.600153981186,4130.600153981186,150000.0,1.0,5671.652194009957,19557.174217219013,596.356074822517
103.8000000000162,598.4779069247153,19572.250062290914,42.391462693834235,301.9718191920706,304.93280521369184,1.676698330315954,2.3077273309602484,5128.050863448743,4128.050863448743,150000.0,1.0,5695.0855184113,19572.250062290914,598.4779069247153
103.85000000001622,600.5889945676516,19587.370653428177,41.98439019866714,302.8378249809557,305.73425921795206,1.7901653703043159,2.223752975354236,5125.501572916301,4125.501572916301,150000.0,1.0,5714.886393670179,19587.370653428177,600.5889945676516
103.90000000001625,602.6692726047955,19602.531733112373,41.154528143193204,303.57711140136803,306.3539746004408,1.898384728307497,2.098486161018034,5122.952282383858,4122.952282383858,150000.0,1.0,5727.85208878047,19602.531733112373,602.6692726047955
103.95000000001627,604.6973133294792,19617.72487507831,39.89804347220297,304.1076649195519,306.7137521138109,1.9994010806454474,1.936472906432452,5120.402991851415,4120.402991851415,150000.0,1.0,5731.060374706381,19617.72487507831,604.6973133294792
104.0000000000163,606.6525793997529,19632.93793933653,38.252646375676804,304.3656451345887,306.76002166667183,2.091508985293338,1.7430907575552719,5117.8537013189725,4117.8537013189725,150000.0,1.0,5722.538421205125,19632.93793933653,606.6525793997529
104.05000000001633,608.5171835286097,19648.156316139608,36.28396341404007,304.3173594896597,306.47280676724023,2.1732835958804975,1.524114578172977,5115.30441078653,4115.30441078653,150000.0,1.0,5701.610289252908,19648.156316139608,608.5171835286097
104.10000000001635,610.2768786322358,19663.364548343958,34.0693680365224,303.9624528661006,305.8658114121035,2.243590282885471,1.2853179947983187,5112.755120254087,4112.755120254087,150000.0,1.0,5668.8957218319265,19663.364548343958,610.2768786322358
104.15000000001638,611.9212854522317,19678.547923092454,31.68430844522007,303.3299706683693,304.98027232482696,2.3015764122490023,1.0321652921073425,5110.2058297216445,4110.2058297216445,150000.0,1.0,5626.059503950388,19678.547923092454,611.9212854522317
104.2000000000164,613.4435591515731,19693.693757087844,29.193757156229868,302.4706265626675,303.8762172169938,2.3466506137911347,0.7696212161161441,5107.656539189202,4107.656539189202,150000.0,1.0,5575.456030084474,19693.693757087844,613.4435591515731
104.25000000001643,614.8397654262685,19708.79226827023,26.649029048785916,301.448434316003,302.62407257323827,2.3784555282945594,0.5020782631018484,5105.107248656759,4105.107248656759,150000.0,1.0,5519.789041401494,19708.79226827023,614.8397654262685
104.30000000001645,616.1082083922096,19723.837057175497,24.088772254457012,300.3336751218755,301.2981668728493,2.396839458467225,0.2333810447763615,5102.557958124316,4102.557958124316,150000.0,1.0,5461.850709348318,19723.837057175497,616.1082083922096
104.35000000001648,617.2488781802027,19738.82528593611,21.54249627546068,299.19784985722197,299.97238623740515,2.4018310504092297,-0.0330821020767956,5100.008667591874,4100.008667591874,150000.0,1.0,5404.351670925136,19738.82528593611,617.2488781802027
104.4000000000165,618.2631072868983,19753.75764955098,19.035182155237077,298.1103145497133,298.7174213209067,2.39361959328023,-0.29425083290104637,5097.459377059431,4097.459377059431,150000.0,1.0,5349.820403617173,19753.75764955098,618.2631072868983
104.45000000001653,619.1534612120729,19768.638205497926,16.591892942953663,297.1358366204123,297.5987169252293,2.372542089468514,-0.5472541652894097,5094.910086526987,4094.910086526987,150000.0,1.0,5300.537474589415,19768.638205497926,619.1534612120729
104.50000000001656,619.9238429059001,19783.474086873783,14.24160180434077,296.3322559922157,296.6742812637952,2.3390770765282256,-0.7892819686657145,5092.360795994542,4092.360795994542,150000.0,1.0,5258.472191361175,19783.474086873783,619.9238429059001
104.55000000001658,620.5797556733198,19798.275088271206,12.019601820098872,295.74766659485374,295.9918125965894,2.29384429689934,-1.0174817136373997,5089.811505462098,4089.811505462097,150000.0,1.0,5225.20033179909,19798.275088271206,620.5797556733198
104.6000000000166,621.128638913758,19813.053094319177,9.96791779150342,295.4169572369232,295.58507744509075,2.237608658550619,-1.2288917092141878,5087.262214929652,4087.262214929652,150000.0,1.0,5201.798195728526,19813.053094319177,621.128638913758
104.65000000001663,621.5795299944766,19827.82095467249,8.090283690575117,295.33318822454044,295.443979050286,2.1711397966054284,-1.4303474570525547,5084.712924397207,4084.712924397207,150000.0,1.0,5187.812079240099,19827.82095467249,621.5795299944766
104.70000000001666,621.9401115435146,19842.589875931706,6.361743175803321,295.4582308437973,295.52671275128665,2.094507228389394,-1.6351848835760812,5082.163633864762,4082.1636338647622,150000.0,1.0,5181.706844175682,19842.589875931706,621.9401115435146
104.75000000001668,622.2187819946128,19857.370018862086,4.823836392897811,295.78128678201676,295.82061964638484,2.0075993689488185,-1.8398042756131854,5079.614343332318,4079.6143433323173,150000.0,1.0,5182.998333079651,19857.370018862086,622.2187819946128
104.80000000001671,622.4277937209164,19872.171837637732,3.594472495704775,296.3276452523127,296.34944503626605,1.9109780102244673,-2.0194264519178247,5077.065052799872,4077.0650527998723,150000.0,1.0,5192.495688619455,19872.171837637732,622.4277937209164
104.85000000001673,622.5840240226285,19887.0058879755,2.711630547218056,297.0599568483438,297.0723327793494,1.806251741675601,-2.163364155794446,5074.515762267427,4074.5157622674274,150000.0,1.0,5208.760609702125,19887.0058879755,622.5840240226285
104.90000000001676,622.7043573165361,19901.87983804306,2.1516085047785096,297.91277870181,297.92054835642244,1.6952953526069552,-2.2681032847118696,5071.966471734982,4071.9664717349824,150000.0,1.0,5229.388898591359,19901.87983804306,622.7043573165361
104.95000000001679,622.8035992493416,19916.798183969666,1.8555077098937187,298.8274561592348,298.8332168007112,1.580140543237468,-2.330930590833019,5069.417181202538,4069.4171812025374,150000.0,1.0,5252.251730847814,19916.798183969666,622.8035992493416
105.00000000001681,622.8931214915732,19931.76297432884,1.7596316108883048,299.76581762036494,299.7709821130323,1.46292892932553,-2.3502044707877383,5066.8678906700925,4066.8678906700925,150000.0,1.0,5275.970659378999,19931.76297432884,622.8931214915732
105.05000000001684,622.9838245687599,19946.774574427865,1.9188825663117748,300.6915745780235,300.6976972517654,1.3458518254992082,-2.3256265849944,5064.318600137647,4064.3186001376475,150000.0,1.0,5299.274300609539,19946.774574427865,622.9838245687599
105.10000000001686,623.0906757202504,19961.830861757942,2.4168211006969487,301.54046918804596,301.55015433983726,1.2310775379796859,-2.2584214891789647,5061.769309605203,4061.7693096052026,150000.0,1.0,5319.9313454154135,19961.830861757942,623.0906757202504
105.15000000001689,623.2319574002468,19976.925951141708,3.300294675623434,302.22915863100474,302.2471774421574,1.120676306331969,-2.1512595896239373,5059.220019072758,4059.2200190727576,150000.0,1.0,5335.0705245847375,19976.925951141708,623.2319574002468
105.20000000001691,623.427204533845,19992.049708936403,4.5723836563565845,302.6743632020934,302.7088978409681,1.0165532653993452,-2.0080260510330703,5056.670728540313,4056.6707285403127,150000.0,1.0,5341.869884777355,19992.049708936403,623.427204533845
105.25000000001694,623.6950838509579,20007.188228071856,6.196859419328879,302.8110408521081,302.87444185437636,0.9203957723506548,-1.8334845742090886,5054.121438007867,4054.1214380078677,150000.0,1.0,5338.19834097602,20007.188228071856,623.6950838509579
105.30000000001696,624.0517224214241,20022.325067894013,8.110893803691432,302.60415197550935,302.7128332117948,0.8336390996129618,-1.6328890837293197,5051.572147475423,4051.5721474754228,150000.0,1.0,5323.015421266142,20022.325067894013,624.0517224214241
105.35000000001699,624.5097667429856,20037.442872008225,10.240644808995318,302.0519890518057,302.2255364727742,0.7574515467010567,-1.4116055104973468,5049.022856942978,4049.022856942978,150000.0,1.0,5296.463112610447,20037.442872008225,624.5097667429856
105.40000000001702,625.0781876409114,20052.524964247637,12.514842184122445,301.1824033558859,301.44230188565285,0.6927370402494625,-1.1747980888614595,5046.473566410533,4046.473566410533,150000.0,1.0,5259.7056007234,20052.524964247637,625.0781876409114
105.45000000001704,625.7626521278431,20067.556642588028,14.873628203697217,300.0450701034563,300.4134965498884,0.6401510544921591,-0.9272137375049417,5043.924275878087,4043.924275878088,150000.0,1.0,5214.634828123739,20067.556642588028,625.7626521278431
105.50000000001707,626.5662052308685,20082.52605530895,17.27219467534862,298.7029759926146,299.20193277408424,0.6001246306542881,-0.6730732467359385,5041.374985345643,4041.374985345643,150000.0,1.0,5163.556943098025,20082.52605530895,626.5662052308685
105.55000000001709,627.4900233067597,20097.42467941111,19.68024696311638,297.2252673693324,297.8761012288505,0.5728913777236789,-0.4160576379161876,5038.825694813198,4038.825694813198,150000.0,1.0,5108.933866308687,20097.42467941111,627.4900233067597
105.60000000001712,628.5340683988144,20112.24749553173,22.078840093384475,295.68230667773844,296.5054833593089,0.5585132499331752,-0.1593663409640282,5036.276404280753,4036.276404280753,150000.0,1.0,5053.206761594486,20112.24749553173,628.5340683988144
105.65000000001714,629.6975484822981,20126.99296923964,24.455978220731975,294.1427871425663,295.15771055273143,0.5569021783733905,0.09417953730878864,5033.727113748308,4033.727113748308,150000.0,1.0,4998.693157240318,20126.99296923964,629.6975484822981
105.70000000001717,630.9791481191264,20141.66292561015,26.801960638506063,292.67221009804786,293.89686568206866,0.5678359309685419,0.34201333275153484,5031.177823215863,4031.177823215863,150000.0,1.0,4947.5316667609895,20141.66292561015,630.9791481191264
105.7500000000172,632.3770334822506,20156.262363805472,29.1050911871169,291.3318663652726,292.782107876973,0.5909676843216841,0.5816980241467058,5028.628532683419,4028.628532683418,150000.0,1.0,4901.644430917214,20156.262363805472,632.3770334822506
105.80000000001722,633.8886608563793,20170.79921689625,31.34817123044781,290.1775532815536,291.86592858359194,0.6258296474410706,0.8108151739125827,5026.079242150973,4026.079242150973,150000.0,1.0,4862.692411979193,20170.79921689625,633.8886608563793
105.85000000001725,635.5104374097183,20185.284029426763,33.50616610650333,289.25750805223004,291.1916364385188,0.6718317037254035,1.0268782205876628,5023.529951618528,4023.5299516185282,150000.0,1.0,4832.008775014115,20185.284029426763,635.5104374097183
105.90000000001727,637.2373037363604,20199.729507932923,35.545487460081866,288.60940217999377,290.7900766970363,0.7282564950703659,1.2272780286587897,5020.980661086083,4020.9806610860833,150000.0,1.0,4810.50881212016,20199.729507932923,637.2373037363604
105.9500000000173,639.0633450818109,20214.14902113711,37.4816518788612,288.20826304434286,290.63529915446486,0.7945213161030217,1.4241454325696001,5018.431370553639,4018.4313705536383,150000.0,1.0,4797.244222956915,20214.14902113711,639.0633450818109
106.00000000001732,640.9838038586447,20228.553994865335,39.31590256507609,288.0281238812218,290.6990545926199,0.8707695290669478,1.6263567321719137,5015.882080021193,4015.8820800211934,150000.0,1.0,4791.222573820597,20228.553994865335,640.9838038586447
106.05000000001735,642.992559407736,20242.95547999703,40.99959198161424,288.07404109218123,290.9770088749944,0.9571983271640535,1.8287607204229586,5013.332789488748,4013.3327894887484,150000.0,1.0,4792.262910802928,20242.95547999703,642.992559407736
106.10000000001737,645.0792006245164,20257.36616878118,42.41658149042459,288.3988389234671,291.50138366350467,1.0531924434700477,2.00579230851402,5010.783498956303,4010.7834989563034,150000.0,1.0,4801.403831969377,20257.36616878118,645.0792006245164
106.1500000000174,647.2291385458655,20271.799427076294,43.52982628873916,288.9669001103932,292.22716358363704,1.1572257667344639,2.1497298655258383,5008.234208423859,4008.2342084238585,150000.0,1.0,4817.156033535484,20271.799427076294,647.2291385458655
106.20000000001743,649.4272057915169,20286.26583159822,44.34558241382311,289.7132796244636,293.0875552977025,1.2675577768239485,2.257231068779442,5005.6849178914135,4005.6849178914135,150000.0,1.0,4837.323881144141,20286.26583159822,649.4272057915169
106.25000000001745,651.6593877389787,20300.772615409216,44.90383607984918,290.5717729413954,294.02093416114405,1.3822967166739455,2.325634288237421,5003.135627358968,4003.1356273589686,150000.0,1.0,4859.8818808901315,20300.772615409216,651.6593877389787
106.30000000001748,653.9143584387975,20315.324008180138,45.263557556790936,291.49156612363817,294.98495345340626,1.4994401334701288,2.3532119335602975,5000.586336826524,4000.5863368265236,150000.0,1.0,4883.4354871076985,20315.324008180138,653.9143584387975
106.3500000000175,656.1818124573631,20329.922353556252,45.3870861040122,292.44519048630036,295.9462400902933,1.6169275445374929,2.339415040146601,4998.037046294079,3998.0370462940787,150000.0,1.0,4906.88070916356,20329.922353556252,656.1818124573631
106.40000000001753,658.4475927819472,20344.568372538757,45.18314394738439,293.3886281934103,296.8474417106895,1.7327051449342874,2.2850742197582448,4995.487755761634,3995.4877557616337,150000.0,1.0,4928.311515016045,20344.568372538757,658.4475927819472
106.45000000001755,660.6935869185312,20359.259885407642,44.58818144174462,294.25185099262893,297.6109166963978,1.8447949455821673,2.1923716765897474,4992.938465229188,3992.9384652291888,150000.0,1.0,4945.140160620061,20359.259885407642,660.6935869185312
106.50000000001758,662.8994766163594,20373.990875060896,43.57855885271738,294.95438229023046,298.1562986486973,1.9513583497821996,2.0646612603498626,4990.389174696744,3990.389174696744,150000.0,1.0,4954.6868338723825,20373.990875060896,662.8994766163594
106.5500000000176,665.044798905874,20388.751415118986,42.17140239788195,295.4231556450046,298.4179419395836,2.0507480018298874,1.906184812611472,4987.839884164299,3987.839884164299,150000.0,1.0,4954.774884255364,20388.751415118986,665.044798905874
106.60000000001763,667.110805560945,20403.528421699877,40.41619742668077,295.6067908853401,298.35690679446594,2.1415437057884987,1.7217270264564029,4985.290593631854,3985.290593631854,150000.0,1.0,4944.1455693749795,20403.528421699877,667.110805560945
106.65000000001766,669.0817541880447,20418.306952406652,38.38127839586028,295.482910239958,297.9652207476161,2.2225706686907847,1.5162628289214322,4982.7413030994085,3982.741303099409,150000.0,1.0,4922.606501429996,20418.306952406652,669.0817541880447
106.70000000001768,670.945497446432,20433.071686331812,36.13999365835518,295.05825932360636,297.2633101085677,2.2929010251888124,1.294648885764507,4980.192012566964,3980.192012566964,150000.0,1.0,4890.938571307241,20433.071686331812,670.945497446432
106.7500000000177,672.693448805341,20447.808270641344,33.76001302413156,294.36370792470876,296.29331923378356,2.3518418378471226,1.0613954213677752,4977.6427220345195,3977.642722034519,150000.0,1.0,4850.654751119893,20447.808270641344,672.693448805341
106.80000000001773,674.320126121842,20462.50434909563,31.29720838263151,293.446993404569,295.1112556151104,2.398914048396381,0.8205331069229035,4975.093431502074,3975.093431502074,150000.0,1.0,4803.715963448531,20462.50434909563,674.320126121842
106.85000000001776,675.8225005568822,20477.150223212342,28.79384234263465,292.36560281511305,293.78007261605904,2.433827082425938,0.5755701938643935,4972.544140969629,3972.544140969629,150000.0,1.0,4752.2812112893,20477.150223212342,675.8225005568822
106.90000000001778,677.1993393540314,20491.739191708228,26.279910239601616,291.18115872289746,292.3646710486934,2.4564532152233376,0.32952223202290876,4969.994850437184,3969.994850437184,150000.0,1.0,4698.528297215741,20491.739191708228,677.1993393540314
106.95000000001781,678.4506667734568,20506.26765614253,23.776317969415754,289.95567446778705,290.928868372068,2.4668047636258787,0.0849914892290341,4967.44555990474,3967.445559904739,150000.0,1.0,4644.547285110457,20506.26765614253,678.4506667734568
107.00000000001783,679.577406721594,20520.73508050265,21.298822539999602,288.74936824366677,289.53382790739164,2.4650160202410656,-0.15572624031736318,4964.896269372294,3964.8962693722942,150000.0,1.0,4592.288742717623,20520.73508050265,679.577406721594
107.05000000001786,680.581225677212,20535.14386758154,18.862008321896944,287.61940446330306,288.2372237962343,2.4513308154463584,-0.390526054849909,4962.346978839849,3962.3469788398493,150000.0,1.0,4543.54150692059,20535.14386758154,680.581225677212
107.10000000001789,681.4645653193559,20549.499181188214,16.482836326631098,286.61887716040917,287.0924322201201,2.426095775970662,-0.6173836369803162,4959.797688307404,3959.7976883074043,150000.0,1.0,4499.915866541506,20549.499181188214,681.4645653193559
107.15000000001791,682.2308347791901,20563.808711306152,14.18342630263393,285.7954653302942,286.1471956616762,2.3897587518070615,-0.8342602117659699,4957.24839777496,3957.2483977749594,150000.0,1.0,4462.813820239776,20563.808711306152,682.2308347791901
107.20000000001794,682.8847159248288,20578.082356011422,11.992736968460655,285.1894133281062,285.44146022332507,2.342871462016117,-1.0390298296466738,4954.699107242514,3954.6991072425144,150000.0,1.0,4433.376348510299,20578.082356011422,682.8847159248288
107.25000000001796,683.4325174085225,20592.33178393925,9.94677254969586,284.83079457211346,285.0044207038496,2.2860951055552676,-1.229434271582775,4952.149816710069,3952.1498167100694,150000.0,1.0,4412.407675035144,20592.33178393925,683.4325174085225
107.30000000001799,683.8823729934055,20606.569771995208,8.073206712744543,284.72785348513963,284.84228481193213,2.2201788947356693,-1.4062948878019264,4949.6005261776245,3949.6005261776245,150000.0,1.0,4400.012312762639,20606.569771995208,683.8823729934055
107.35000000001801,684.2419090585321,20620.8079623104,6.331916758131561,284.8332822993487,284.9036536712935,2.1453776462957297,-1.5865184729110253,4947.05123564518,3947.0512356451795,150000.0,1.0,4394.541087636817,20620.8079623104,684.2419090585321
107.40000000001804,684.5180897249294,20635.056263144026,4.744207749402541,285.1295360507432,285.1690022349581,2.0614353947279187,-1.7716698983060073,4944.501945112735,3944.5019451127346,150000.0,1.0,4395.356734368391,20635.056263144026,684.5180897249294
107.45000000001806,684.7199230890253,20649.324091002312,3.3805427431715573,285.6213174507751,285.64132238097983,1.968298008491278,-1.9494791383662977,4941.952654580289,3941.9526545802896,150000.0,1.0,4402.532532309048,20649.324091002312,684.7199230890253
107.50000000001809,684.8615362266348,20663.621825816004,2.338464772039546,286.31777851279526,286.32732791333797,1.8669776401376388,-2.0981401358576295,4939.403364047845,3939.4033640478447,150000.0,1.0,4416.269658769368,20663.621825816004,684.8615362266348
107.55000000001812,684.959116974856,20677.958333570095,1.6161795192338266,287.16207381257965,287.16662179400277,1.7590291914024405,-2.214106432342353,4936.8540735154,3936.8540735153997,150000.0,1.0,4434.711780280308,20677.958333570095,684.959116974856
107.60000000001814,685.0279340034831,20692.33950517855,1.1797143378768404,288.0951132887224,288.0975286717344,1.646156911458512,-2.294702939237867,4934.304782982955,3934.3047829829547,150000.0,1.0,4455.96491773792,20692.33950517855,685.0279340034831
107.65000000001817,685.0808311759031,20706.768533377955,0.9679175499714205,289.07025998757206,289.0718804617046,1.530181085353975,-2.3379996501402216,4931.755492450509,3931.75549245051,150000.0,1.0,4478.54727907698,20706.768533377955,685.0808311759031
107.70000000001819,685.1281453573504,20721.246733067153,0.9656205398205692,290.05675390264145,290.0583612095408,1.4129955325891057,-2.3430217060492495,4929.206201918065,3929.206201918065,150000.0,1.0,4501.492226605742,20721.246733067153,685.1281453573504
107.75000000001822,685.1821678128606,20735.773665353903,1.2489746266805362,291.0097821073906,291.01246231013727,1.296514199417702,-2.309968393281632,4926.65691138562,3926.65691138562,150000.0,1.0,4523.417464685715,20735.773665353903,685.1821678128606
107.80000000001824,685.2588495572477,20750.34600724014,1.879507487320507,291.86018500598664,291.8662367251883,1.182610020180278,-2.240273589603418,4924.107620853175,3924.107620853175,150000.0,1.0,4542.204264046707,20750.34600724014,685.2588495572477
107.85000000001827,685.3763591059422,20764.956631974273,2.883165583210519,292.5276687662114,292.5418767246401,1.0730553203319506,-2.1365011024804925,4921.5583303207295,3921.55833032073,150000.0,1.0,4555.421032733157,20764.956631974273,685.3763591059422
107.9000000000183,685.5532006304298,20779.59446722526,4.247813765693901,292.93742204511267,292.96821867947466,0.9694701180234553,-2.0021377129928295,4919.009039788285,3919.009039788285,150000.0,1.0,4560.8475877768415,20779.59446722526,685.5532006304298
107.95000000001832,685.8064372691371,20794.2451441576,5.929607717432641,293.0343326514531,293.09431990430164,0.8732827570396229,-1.8413128189566377,4916.4597492558405,3916.45974925584,150000.0,1.0,4556.913539990404,20794.2451441576,685.8064372691371
108.00000000001835,686.1503916494877,20808.89221579993,7.865014420530641,292.79115455911375,292.8967713032938,0.785705545289139,-1.6584862544729628,4913.910458723395,3913.910458723395,150000.0,1.0,4542.937726112978,20808.89221579993,686.1503916494877
108.05000000001837,686.5959978102165,20823.51860825415,9.984141148227266,292.2097357947297,292.3802537239706,0.7077258290034932,-1.4581504694531575,4911.36116819095,3911.36116819095,150000.0,1.0,4519.146070676945,20823.51860825415,686.5959978102165
108.1000000000184,687.1507745080594,20838.107987548974,12.221799204660538,291.31680313298756,291.57306487983914,0.6401107610363466,-1.244585910262009,4908.811877658505,3908.811877658505,150000.0,1.0,4486.520781783074,20838.107987548974,687.1507745080594
108.15000000001842,687.8192531459079,20852.645833787454,14.524476665377437,290.15692748437425,290.52022819345217,0.5834224514154431,-1.021692674648985,4906.262587126061,3906.26258712606,150000.0,1.0,4446.567035804379,20852.645833787454,687.8192531459079
