time,vehicle_id,x,y,vx,vy,speed,theta,omega,mass,fuel,thrust,throttle,dynamic_pressure,altitude,downrange,gimbal
0.01,booster,1.024357927007329e-28,1.999509667809513,4.097431786496913e-26,-0.09806643776534518,0.09806643776534518,1.5707963267948966,6.689684549382716e-27,43200.0,30000.0,0.0,0.0,0.005889043076860657,1.999509667809513,1.024357927007329e-28,0.0
0.11999999999999998,booster,1.024357927007329e-28,1.999509667809513,4.097431786496913e-26,-0.09806643776534518,0.09806643776534518,1.5707963267948966,6.689684549382716e-27,43200.0,30000.0,0.0,0.0,0.005889043076860657,1.999509667809513,1.024357927007329e-28,0.0
0.22000000000000006,booster,1.024357927007329e-28,1.999509667809513,4.097431786496913e-26,-0.09806643776534518,0.09806643776534518,1.5707963267948966,6.689684549382716e-27,43200.0,30000.0,0.0,0.0,0.005889043076860657,1.999509667809513,1.024357927007329e-28,0.0
0.3200000000000001,booster,1.024357927007329e-28,1.999509667809513,4.097431786496913e-26,-0.09806643776534518,0.09806643776534518,1.5707963267948966,6.689684549382716e-27,43200.0,30000.0,0.0,0.0,0.005889043076860657,1.999509667809513,1.024357927007329e-28,0.0
0.4200000000000002,booster,1.024357927007329e-28,1.999509667809513,4.097431786496913e-26,-0.09806643776534518,0.09806643776534518,1.5707963267948966,6.689684549382716e-27,43200.0,30000.0,0.0,0.0,0.005889043076860657,1.999509667809513,1.024357927007329e-28,0.0
0.5200000000000002,booster,1.024357927007329e-28,1.999509667809513,4.097431786496913e-26,-0.09806643776534518,0.09806643776534518,1.5707963267948966,6.689684549382716e-27,43200.0,30000.0,0.0,0.0,0.005889043076860657,1.999509667809513,1.024357927007329e-28,0.0
0.6200000000000003,booster,1.024357927007329e-28,1.999509667809513,4.097431786496913e-26,-0.09806643776534518,0.09806643776534518,1.5707963267948966,6.689684549382716e-27,43200.0,30000.0,0.0,0.0,0.005889043076860657,1.999509667809513,1.024357927007329e-28,0.0
0.7200000000000004,booster,1.024357927007329e-28,1.999509667809513,4.097431786496913e-26,-0.09806643776534518,0.09806643776534518,1.5707963267948966,6.689684549382716e-27,43200.0,30000.0,0.0,0.0,0.005889043076860657,1.999509667809513,1.024357927007329e-28,0.0
0.8200000000000005,booster,1.024357927007329e-28,1.999509667809513,4.097431786496913e-26,-0.09806643776534518,0.09806643776534518,1.5707963267948966,6.689684549382716e-27,43200.0,30000.0,0.0,0.0,0.005889043076860657,1.999509667809513,1.024357927007329e-28,0.0
0.9200000000000006,booster,1.024357927007329e-28,1.999509667809513,4.097431786496913e-26,-0.09806643776534518,0.09806643776534518,1.5707963267948966,6.689684549382716e-27,43200.0,30000.0,0.0,0.0,0.005889043076860657,1.999509667809513,1.024357927007329e-28,0.0
1.0200000000000007,booster,1.024357927007329e-28,1.999509667809513,4.097431786496913e-26,-0.09806643776534518,0.09806643776534518,1.5707963267948966,6.689684549382716e-27,43200.0,30000.0,0.0,0.0,0.005889043076860657,1.999509667809513,1.024357927007329e-28,0.0
1.1200000000000008,booster,1.024357927007329e-28,1.999509667809513,4.097431786496913e-26,-0.09806643776534518,0.09806643776534518,1.5707963267948966,6.689684549382716e-27,43200.0,30000.0,0.0,0.0,0.005889043076860657,1.999509667809513,1.024357927007329e-28,0.0
1.2200000000000009,booster,1.024357927007329e-28,1.999509667809513,4.097431786496913e-26,-0.09806643776534518,0.09806643776534518,1.5707963267948966,6.689684549382716e-27,43200.0,30000.0,0.0,0.0,0.005889043076860657,1.999509667809513,1.024357927007329e-28,0.0
1.320000000000001,booster,1.024357927007329e-28,1.999509667809513,4.097431786496913e-26,-0.09806643776534518,0.09806643776534518,1.5707963267948966,6.689684549382716e-27,43200.0,30000.0,0.0,0.0,0.005889043076860657,1.999509667809513,1.024357927007329e-28,0.0
1.420000000000001,booster,1.024357927007329e-28,1.999509667809513,4.097431786496913e-26,-0.09806643776534518,0.09806643776534518,1.5707963267948966,6.689684549382716e-27,43200.0,30000.0,0.0,0.0,0.005889043076860657,1.999509667809513,1.024357927007329e-28,0.0
1.5200000000000011,booster,1.024357927007329e-28,1.999509667809513,4.097431786496913e-26,-0.09806643776534518,0.09806643776534518,1.5707963267948966,6.689684549382716e-27,43200.0,30000.0,0.0,0.0,0.005889043076860657,1.999509667809513,1.024357927007329e-28,0.0
1.6200000000000012,booster,1.024357927007329e-28,1.999509667809513,4.097431786496913e-26,-0.09806643776534518,0.09806643776534518,1.5707963267948966,6.689684549382716e-27,43200.0,30000.0,0.0,0.0,0.005889043076860657,1.999509667809513,1.024357927007329e-28,0.0
1.7200000000000013,booster,1.024357927007329e-28,1.999509667809513,4.097431786496913e-26,-0.09806643776534518,0.09806643776534518,1.5707963267948966,6.689684549382716e-27,43200.0,30000.0,0.0,0.0,0.005889043076860657,1.999509667809513,1.024357927007329e-28,0.0
1.8200000000000014,booster,1.024357927007329e-28,1.999509667809513,4.097431786496913e-26,-0.09806643776534518,0.09806643776534518,1.5707963267948966,6.689684549382716e-27,43200.0,30000.0,0.0,0.0,0.005889043076860657,1.999509667809513,1.024357927007329e-28,0.0
1.9200000000000015,booster,1.024357927007329e-28,1.999509667809513,4.097431786496913e-26,-0.09806643776534518,0.09806643776534518,1.5707963267948966,6.689684549382716e-27,43200.0,30000.0,0.0,0.0,0.005889043076860657,1.999509667809513,1.024357927007329e-28,0.0
2.0300000000000007,booster,1.024357927007329e-28,1.999509667809513,4.097431786496913e-26,-0.09806643776534518,0.09806643776534518,1.5707963267948966,6.689684549382716e-27,43200.0,30000.0,0.0,0.0,0.005889043076860657,1.999509667809513,1.024357927007329e-28,0.0
2.1399999999999983,booster,1.024357927007329e-28,1.999509667809513,4.097431786496913e-26,-0.09806643776534518,0.09806643776534518,1.5707963267948966,6.689684549382716e-27,43200.0,30000.0,0.0,0.0,0.005889043076860657,1.999509667809513,1.024357927007329e-28,0.0
2.249999999999996,booster,1.024357927007329e-28,1.999509667809513,4.097431786496913e-26,-0.09806643776534518,0.09806643776534518,1.5707963267948966,6.689684549382716e-27,43200.0,30000.0,0.0,0.0,0.005889043076860657,1.999509667809513,1.024357927007329e-28,0.0
2.3599999999999937,booster,1.024357927007329e-28,1.999509667809513,4.097431786496913e-26,-0.09806643776534518,0.09806643776534518,1.5707963267948966,6.689684549382716e-27,43200.0,30000.0,0.0,0.0,0.005889043076860657,1.999509667809513,1.024357927007329e-28,0.0
2.4699999999999913,booster,1.024357927007329e-28,1.999509667809513,4.097431786496913e-26,-0.09806643776534518,0.09806643776534518,1.5707963267948966,6.689684549382716e-27,43200.0,30000.0,0.0,0.0,0.005889043076860657,1.999509667809513,1.024357927007329e-28,0.0
2.579999999999989,booster,1.024357927007329e-28,1.999509667809513,4.097431786496913e-26,-0.09806643776534518,0.09806643776534518,1.5707963267948966,6.689684549382716e-27,43200.0,30000.0,0.0,0.0,0.005889043076860657,1.999509667809513,1.024357927007329e-28,0.0
2.6899999999999866,booster,1.024357927007329e-28,1.999509667809513,4.097431786496913e-26,-0.09806643776534518,0.09806643776534518,1.5707963267948966,6.689684549382716e-27,43200.0,30000.0,0.0,0.0,0.005889043076860657,1.999509667809513,1.024357927007329e-28,0.0
2.7999999999999843,booster,1.024357927007329e-28,1.999509667809513,4.097431786496913e-26,-0.09806643776534518,0.09806643776534518,1.5707963267948966,6.689684549382716e-27,43200.0,30000.0,0.0,0.0,0.005889043076860657,1.999509667809513,1.024357927007329e-28,0.0
2.909999999999982,booster,1.024357927007329e-28,1.999509667809513,4.097431786496913e-26,-0.09806643776534518,0.09806643776534518,1.5707963267948966,6.689684549382716e-27,43200.0,30000.0,0.0,0.0,0.005889043076860657,1.999509667809513,1.024357927007329e-28,0.0
3.0199999999999796,booster,1.024357927007329e-28,1.999509667809513,4.097431786496913e-26,-0.09806643776534518,0.09806643776534518,1.5707963267948966,6.689684549382716e-27,43200.0,30000.0,0.0,0.0,0.005889043076860657,1.999509667809513,1.024357927007329e-28,0.0
3.1299999999999772,booster,1.024357927007329e-28,1.999509667809513,4.097431786496913e-26,-0.09806643776534518,0.09806643776534518,1.5707963267948966,6.689684549382716e-27,43200.0,30000.0,0.0,0.0,0.005889043076860657,1.999509667809513,1.024357927007329e-28,0.0
3.239999999999975,booster,1.024357927007329e-28,1.999509667809513,4.097431786496913e-26,-0.09806643776534518,0.09806643776534518,1.5707963267948966,6.689684549382716e-27,43200.0,30000.0,0.0,0.0,0.005889043076860657,1.999509667809513,1.024357927007329e-28,0.0
3.3499999999999726,booster,1.024357927007329e-28,1.999509667809513,4.097431786496913e-26,-0.09806643776534518,0.09806643776534518,1.5707963267948966,6.689684549382716e-27,43200.0,30000.0,0.0,0.0,0.005889043076860657,1.999509667809513,1.024357927007329e-28,0.0
3.45999999999997,booster,1.024357927007329e-28,1.999509667809513,4.097431786496913e-26,-0.09806643776534518,0.09806643776534518,1.5707963267948966,6.689684549382716e-27,43200.0,30000.0,0.0,0.0,0.005889043076860657,1.999509667809513,1.024357927007329e-28,0.0
3.569999999999968,booster,1.024357927007329e-28,1.999509667809513,4.097431786496913e-26,-0.09806643776534518,0.09806643776534518,1.5707963267948966,6.689684549382716e-27,43200.0,30000.0,0.0,0.0,0.005889043076860657,1.999509667809513,1.024357927007329e-28,0.0
3.6799999999999655,booster,1.024357927007329e-28,1.999509667809513,4.097431786496913e-26,-0.09806643776534518,0.09806643776534518,1.5707963267948966,6.689684549382716e-27,43200.0,30000.0,0.0,0.0,0.005889043076860657,1.999509667809513,1.024357927007329e-28,0.0
3.789999999999963,booster,1.024357927007329e-28,1.999509667809513,4.097431786496913e-26,-0.09806643776534518,0.09806643776534518,1.5707963267948966,6.689684549382716e-27,43200.0,30000.0,0.0,0.0,0.005889043076860657,1.999509667809513,1.024357927007329e-28,0.0
3.899999999999961,booster,1.024357927007329e-28,1.999509667809513,4.097431786496913e-26,-0.09806643776534518,0.09806643776534518,1.5707963267948966,6.689684549382716e-27,43200.0,30000.0,0.0,0.0,0.005889043076860657,1.999509667809513,1.024357927007329e-28,0.0
4.009999999999959,booster,1.024357927007329e-28,1.999509667809513,4.097431786496913e-26,-0.09806643776534518,0.09806643776534518,1.5707963267948966,6.689684549382716e-27,43200.0,30000.0,0.0,0.0,0.005889043076860657,1.999509667809513,1.024357927007329e-28,0.0
4.119999999999957,booster,1.024357927007329e-28,1.999509667809513,4.097431786496913e-26,-0.09806643776534518,0.09806643776534518,1.5707963267948966,6.689684549382716e-27,43200.0,30000.0,0.0,0.0,0.005889043076860657,1.999509667809513,1.024357927007329e-28,0.0
4.229999999999954,booster,1.024357927007329e-28,1.999509667809513,4.097431786496913e-26,-0.09806643776534518,0.09806643776534518,1.5707963267948966,6.689684549382716e-27,43200.0,30000.0,0.0,0.0,0.005889043076860657,1.999509667809513,1.024357927007329e-28,0.0
4.339999999999952,booster,1.024357927007329e-28,1.999509667809513,4.097431786496913e-26,-0.09806643776534518,0.09806643776534518,1.5707963267948966,6.689684549382716e-27,43200.0,30000.0,0.0,0.0,0.005889043076860657,1.999509667809513,1.024357927007329e-28,0.0
4.4499999999999496,booster,1.024357927007329e-28,1.999509667809513,4.097431786496913e-26,-0.09806643776534518,0.09806643776534518,1.5707963267948966,6.689684549382716e-27,43200.0,30000.0,0.0,0.0,0.005889043076860657,1.999509667809513,1.024357927007329e-28,0.0
4.559999999999947,booster,1.024357927007329e-28,1.999509667809513,4.097431786496913e-26,-0.09806643776534518,0.09806643776534518,1.5707963267948966,6.689684549382716e-27,43200.0,30000.0,0.0,0.0,0.005889043076860657,1.999509667809513,1.024357927007329e-28,0.0
4.669999999999945,booster,1.024357927007329e-28,1.999509667809513,4.097431786496913e-26,-0.09806643776534518,0.09806643776534518,1.5707963267948966,6.689684549382716e-27,43200.0,30000.0,0.0,0.0,0.005889043076860657,1.999509667809513,1.024357927007329e-28,0.0
4.7799999999999425,booster,1.024357927007329e-28,1.999509667809513,4.097431786496913e-26,-0.09806643776534518,0.09806643776534518,1.5707963267948966,6.689684549382716e-27,43200.0,30000.0,0.0,0.0,0.005889043076860657,1.999509667809513,1.024357927007329e-28,0.0
4.88999999999994,booster,1.024357927007329e-28,1.999509667809513,4.097431786496913e-26,-0.09806643776534518,0.09806643776534518,1.5707963267948966,6.689684549382716e-27,43200.0,30000.0,0.0,0.0,0.005889043076860657,1.999509667809513,1.024357927007329e-28,0.0
4.999999999999938,booster,1.024357927007329e-28,1.999509667809513,4.097431786496913e-26,-0.09806643776534518,0.09806643776534518,1.5707963267948966,6.689684549382716e-27,43200.0,30000.0,0.0,0.0,0.005889043076860657,1.999509667809513,1.024357927007329e-28,0.0
5.1099999999999355,booster,1.024357927007329e-28,1.999509667809513,4.097431786496913e-26,-0.09806643776534518,0.09806643776534518,1.5707963267948966,6.689684549382716e-27,43200.0,30000.0,0.0,0.0,0.005889043076860657,1.999509667809513,1.024357927007329e-28,0.0
5.219999999999933,booster,1.024357927007329e-28,1.999509667809513,4.097431786496913e-26,-0.09806643776534518,0.09806643776534518,1.5707963267948966,6.689684549382716e-27,43200.0,30000.0,0.0,0.0,0.005889043076860657,1.999509667809513,1.024357927007329e-28,0.0
5.329999999999931,booster,1.024357927007329e-28,1.999509667809513,4.097431786496913e-26,-0.09806643776534518,0.09806643776534518,1.5707963267948966,6.689684549382716e-27,43200.0,30000.0,0.0,0.0,0.005889043076860657,1.999509667809513,1.024357927007329e-28,0.0
5.4399999999999284,booster,1.024357927007329e-28,1.999509667809513,4.097431786496913e-26,-0.09806643776534518,0.09806643776534518,1.5707963267948966,6.689684549382716e-27,43200.0,30000.0,0.0,0.0,0.005889043076860657,1.999509667809513,1.024357927007329e-28,0.0
5.549999999999926,booster,1.024357927007329e-28,1.999509667809513,4.097431786496913e-26,-0.09806643776534518,0.09806643776534518,1.5707963267948966,6.689684549382716e-27,43200.0,30000.0,0.0,0.0,0.005889043076860657,1.999509667809513,1.024357927007329e-28,0.0
5.659999999999924,booster,1.024357927007329e-28,1.999509667809513,4.097431786496913e-26,-0.09806643776534518,0.09806643776534518,1.5707963267948966,6.689684549382716e-27,43200.0,30000.0,0.0,0.0,0.005889043076860657,1.999509667809513,1.024357927007329e-28,0.0
5.769999999999921,booster,1.024357927007329e-28,1.999509667809513,4.097431786496913e-26,-0.09806643776534518,0.09806643776534518,1.5707963267948966,6.689684549382716e-27,43200.0,30000.0,0.0,0.0,0.005889043076860657,1.999509667809513,1.024357927007329e-28,0.0
5.879999999999919,booster,1.024357927007329e-28,1.999509667809513,4.097431786496913e-26,-0.09806643776534518,0.09806643776534518,1.5707963267948966,6.689684549382716e-27,43200.0,30000.0,0.0,0.0,0.005889043076860657,1.999509667809513,1.024357927007329e-28,0.0
5.989999999999917,booster,1.024357927007329e-28,1.999509667809513,4.097431786496913e-26,-0.09806643776534518,0.09806643776534518,1.5707963267948966,6.689684549382716e-27,43200.0,30000.0,0.0,0.0,0.005889043076860657,1.999509667809513,1.024357927007329e-28,0.0
6.099999999999914,booster,1.024357927007329e-28,1.999509667809513,4.097431786496913e-26,-0.09806643776534518,0.09806643776534518,1.5707963267948966,6.689684549382716e-27,43200.0,30000.0,0.0,0.0,0.005889043076860657,1.999509667809513,1.024357927007329e-28,0.0
6.209999999999912,booster,1.024357927007329e-28,1.999509667809513,4.097431786496913e-26,-0.09806643776534518,0.09806643776534518,1.5707963267948966,6.689684549382716e-27,43200.0,30000.0,0.0,0.0,0.005889043076860657,1.999509667809513,1.024357927007329e-28,0.0
6.31999999999991,booster,1.024357927007329e-28,1.999509667809513,4.097431786496913e-26,-0.09806643776534518,0.09806643776534518,1.5707963267948966,6.689684549382716e-27,43200.0,30000.0,0.0,0.0,0.005889043076860657,1.999509667809513,1.024357927007329e-28,0.0
6.429999999999907,booster,1.024357927007329e-28,1.999509667809513,4.097431786496913e-26,-0.09806643776534518,0.09806643776534518,1.5707963267948966,6.689684549382716e-27,43200.0,30000.0,0.0,0.0,0.005889043076860657,1.999509667809513,1.024357927007329e-28,0.0
6.539999999999905,booster,1.024357927007329e-28,1.999509667809513,4.097431786496913e-26,-0.09806643776534518,0.09806643776534518,1.5707963267948966,6.689684549382716e-27,43200.0,30000.0,0.0,0.0,0.005889043076860657,1.999509667809513,1.024357927007329e-28,0.0
6.649999999999903,booster,1.024357927007329e-28,1.999509667809513,4.097431786496913e-26,-0.09806643776534518,0.09806643776534518,1.5707963267948966,6.689684549382716e-27,43200.0,30000.0,0.0,0.0,0.005889043076860657,1.999509667809513,1.024357927007329e-28,0.0
6.7599999999999,booster,1.024357927007329e-28,1.999509667809513,4.097431786496913e-26,-0.09806643776534518,0.09806643776534518,1.5707963267948966,6.689684549382716e-27,43200.0,30000.0,0.0,0.0,0.005889043076860657,1.999509667809513,1.024357927007329e-28,0.0
6.869999999999898,booster,1.024357927007329e-28,1.999509667809513,4.097431786496913e-26,-0.09806643776534518,0.09806643776534518,1.5707963267948966,6.689684549382716e-27,43200.0,30000.0,0.0,0.0,0.005889043076860657,1.999509667809513,1.024357927007329e-28,0.0
6.979999999999896,booster,1.024357927007329e-28,1.999509667809513,4.097431786496913e-26,-0.09806643776534518,0.09806643776534518,1.5707963267948966,6.689684549382716e-27,43200.0,30000.0,0.0,0.0,0.005889043076860657,1.999509667809513,1.024357927007329e-28,0.0
7.089999999999893,booster,1.2756819582865878e-21,1.99953050127524,2.5513647450894596e-19,-0.09389974360135676,0.09389974360135676,1.5707963267948966,6.133335108150553e-27,43199.68179068531,29999.681790685314,17999.999999969772,0.035999999999939546,0.005399241371237278,1.99953050127524,1.2756819582865878e-21,0.0
7.199999999999891,booster,2.834923498864064e-21,1.9995559656220492,5.669850329778369e-19,-0.08880687015079106,0.08880687015079106,1.5707963267948966,5.486215162530199e-27,43198.48850575523,29998.488505755235,39999.99999996931,0.07999999999993862,0.004829443142998147,1.9995559656220492,2.834923498864064e-21,0.0
7.309999999999889,booster,4.3943363748318216e-21,1.9995814327669776,8.788680501273726e-19,-0.08371343394726394,0.08371343394726394,1.5707963267948966,4.875180213082935e-27,43196.42014520976,29996.420145209762,61999.99999996884,0.12399999999993767,0.0042913530141839035,1.9995814327669776,4.3943363748318216e-21,0.0
7.419999999999886,booster,5.954015388220462e-21,1.9996069042582603,1.1908044864714181e-18,-0.07861912534208512,0.07861912534208512,1.5707963267948966,4.300176297834094e-27,43193.4767090489,29993.476709048897,83999.99999996838,0.16799999999993676,0.0037849517010315028,1.9996069042582603,5.954015388220462e-21,0.0
7.529999999999884,booster,7.514055394950338e-21,1.9996323816450112,1.5028133133484437e-18,-0.0735236345097853,0.0735236345097853,1.5707963267948966,3.7611625873992554e-27,43189.65819727264,29989.658197272638,105999.9999999679,0.2119999999999358,0.003310227633779559,1.9996323816450112,7.514055394950338e-21,0.0
7.6399999999998816,booster,9.07455132407052e-21,1.9996578664775402,1.8149135167693908e-18,-0.06842665138527532,0.06842665138527532,1.5707963267948966,3.25811138583796e-27,43184.96460988099,29984.96460988099,127999.99999996745,0.2559999999999349,0.0028671769608150494,1.9996578664775402,9.07455132407052e-21,0.0
7.749999999999879,booster,1.0635598197028888e-20,1.9996833603076647,2.127124101271779e-18,-0.06332786560090417,0.06332786560090417,1.5707963267948966,2.7910081395082465e-27,43179.39594687395,29979.39594687395,149999.99999996697,0.29999999999993393,0.002455803556346781,1.9996833603076647,1.0635598197028888e-20,0.0
7.859999999999877,booster,1.2197291146981565e-20,1.999708864689027,2.4394640937817083e-18,-0.05822696642338758,0.05822696642338758,1.5707963267948966,2.3598514539401017e-27,43172.95220825152,29972.952208251514,171999.9999999665,0.343999999999933,0.002076119031613785,1.999708864689027,1.2197291146981565e-20,0.0
7.9699999999998745,booster,1.375972543814996e-20,1.9997343811774104,2.7519525474854014e-18,-0.0531236426905808,0.0531236426905808,1.5707963267948966,1.964653118753578e-27,43165.63339401369,29965.63339401369,193999.99999996604,0.38799999999993207,0.0017281427496397095,1.9997343811774104,1.375972543814996e-20,0.0
8.079999999999872,booster,1.5322996485233705e-20,1.999759911331055,3.064608545711949e-18,-0.04801758274806882,0.04801758274806882,1.5707963267948966,1.6054381406549837e-27,43157.43950416047,29957.439504160473,215999.99999996592,0.4319999999999318,0.0014119018435469184,1.999759911331055,1.5322996485233705e-20,0.0
8.18999999999987,booster,1.6887199872887727e-20,1.9997854567109765,3.377451205828901e-18,-0.04290847438554641,0.04290847438554641,1.5707963267948966,1.2822447845522528e-27,43148.37053869186,29948.370538691863,237999.99999996592,0.47599999999993187,0.001127431238446666,1.9997854567109765,1.6887199872887727e-20,0.0
8.299999999999867,booster,1.8452431375271994e-20,1.9998110188812857,3.690499683152415e-18,-0.03779600477296045,0.03779600477296045,1.5707963267948966,9.951246228383561e-28,43138.426497607856,29938.42649760786,259999.99999996598,0.519999999999932,0.0008747736769245029,1.9998110188812857,1.8452431375271994e-20,0.0
8.409999999999865,booster,2.0018786975682242e-20,1.9998365994095089,4.0037731748736234e-18,-0.03267986039638761,0.03267986039638761,1.5707963267948966,7.44142592899534e-28,43127.60738090846,29927.607380908463,281999.999999966,0.563999999999932,0.0006539797481428611,1.9998365994095089,2.0018786975682242e-20,0.0
8.519999999999863,booster,2.1586362886270178e-20,1.9998621998669097,4.317290924002922e-18,-0.02755972699361929,0.02755972699361929,1.5707963267948966,5.29377062913011e-28,43115.91318859367,29915.913188593673,303999.999999966,0.607999999999932,0.0004651079205854794,1.9998621998669097,2.1586362886270178e-20,0.0
8.62999999999986,booster,2.315525556786173e-20,1.999887821828813,4.631072223333881e-18,-0.022435289489425834,0.022435289489425834,1.5707963267948966,3.5091990600689118e-28,43103.343920663494,29903.343920663494,325999.99999996606,0.6519999999999321,0.0003082245784711982,1.999887821828813,2.315525556786173e-20,0.0
8.739999999999858,booster,2.4725561749881934e-20,1.9999134668749299,4.9451364194285196e-18,-0.01730623193047224,0.01730623193047224,1.5707963267948966,2.0887658286310797e-28,43089.89957711792,29889.89957711792,347999.99999996606,0.6959999999999321,0.00018340406186749224,1.9999134668749299,2.4725561749881934e-20,0.0
8.849999999999856,booster,2.6297378450395305e-20,1.9999391365896861,5.2595029166256766e-18,-0.012172237419856409,0.012172237419856409,1.5707963267948966,1.033662328525075e-28,43075.58015795695,29875.580157956956,369999.99999996606,0.7399999999999322,9.072871053697588e-05,1.9999391365896861,2.6297378450395305e-20,0.0
8.959999999999853,booster,2.787080299627019e-20,1.9999648325625496,5.5741911810742406e-18,-0.007032988051241603,0.007032988051241603,1.5707963267948966,-2.8489187659089574e-28,43060.3856631806,29860.3856631806,391999.9999999661,0.7839999999999322,3.028891155306931e-05,1.9999648325625496,2.787080299627019e-20,0.0
9.069999999999851,booster,2.944593304347632e-20,1.9999905563883635,5.889220744792986e-18,-0.0018881648425540759,0.0018881648425540759,1.5707963267948966,-7.472548530731973e-29,43044.31609278885,29844.31609278885,413999.9999999662,0.8279999999999323,2.1831507239673864e-06,1.9999905563883635,2.944593304347632e-20,0.0
9.179999999999849,booster,3.10228665972967e-20,2.000016309667676,6.204611209667834e-18,0.003262552329296896,0.003262552329296896,1.5707963267948966,-1.0779796649185514e-28,43027.371446781704,29827.371446781708,435999.9999999661,0.8719999999999323,6.518067861126914e-06,2.000016309667676,3.10228665972967e-20,0.0
9.289999999999846,booster,3.260170203253948e-20,2.0000420940070684,6.520382251418917e-18,0.008419484793206233,0.008419484793206233,1.5707963267948966,-3.591592010414862e-28,43009.551725159174,29809.551725159174,457999.9999999661,0.9159999999999322,4.340851587693099e-05,2.0000420940070684,3.260170203253948e-20,0.0
9.399999999999844,booster,3.4182538115646876e-20,2.0000679110195207,6.83655362429437e-18,0.013582955160528607,0.013582955160528607,1.5707963267948966,-4.676058707279011e-28,42990.856927921246,29790.856927921246,479999.9999999662,0.9599999999999324,0.00011297762392108138,2.0000679110195207,3.4182538115646876e-20,0.0
9.509999999999842,booster,3.562298009831492e-20,2.0000914352223145,7.124645979206568e-18,0.01828786036466679,0.01828786036466679,1.5707963267948966,0.0,42971.2942870978,29771.294287097804,500000.0,1.0,0.00020479987890948385,2.0000914352223145,3.562298009831492e-20,0.0
9.61999999999984,booster,3.563947438653259e-20,2.0000917045944835,7.12794488312216e-18,0.01834173555411828,0.01834173555411828,1.5707963267948966,0.0,42951.40620492979,29751.406204929794,500000.0,1.0,0.00020600831819987995,2.0000917045944835,3.563947438653259e-20,0.0
9.729999999999837,booster,3.5655983956322524e-20,2.0000919742162195,7.131246843416507e-18,0.01839566065802279,0.01839566065802279,1.5707963267948966,0.0,42931.51812276179,29731.518122761783,500000.0,1.0,0.00020722143680056122,2.0000919742162195,3.5655983956322524e-20,0.0
9.839999999999835,booster,3.567250882893157e-20,2.0000922440878695,7.134551864339104e-18,0.0184496357457798,0.0184496357457798,1.5707963267948966,0.0,42911.63004059377,29711.630040593773,500000.0,1.0,0.00020843924616909925,2.0000922440878695,3.567250882893157e-20,0.0
9.949999999999832,booster,3.5689049025646014e-20,2.000092514209781,7.137859950147324e-18,0.018503660886917527,0.018503660886917527,1.5707963267948966,0.0,42891.74195842576,29691.741958425762,500000.0,1.0,0.00020966175779350442,2.000092514209781,3.5689049025646014e-20,0.0
10.05999999999983,booster,1.2852210999376907e-18,2.0033372944906356,4.284250971323507e-17,0.11127265024704158,0.11127265024704158,1.5707963267948966,0.0,42871.85387625775,29671.853876257752,500000.0,1.0,0.007581944475084194,2.0033372944906356,1.2852210999376907e-18,0.0
10.169999999999828,booster,1.0319064761819722e-17,2.026817113194516,1.2141526750936873e-16,0.31573234620315394,0.31573234620315394,1.5707963267948966,0.0,42851.965794089745,29651.96579408974,500000.0,1.0,0.06104367755003653,2.026817113194516,1.0319064761819722e-17,0.0
10.279999999999825,booster,2.799791669523991e-17,2.0728202417604336,2.0002448193691944e-16,0.5207874358958744,0.5207874358958744,1.5707963267948966,0.0,42832.07771192173,29632.07771192173,500000.0,1.0,0.1660814706832909,2.0728202417604336,2.799791669523991e-17,0.0
10.389999999999823,booster,5.432578833290228e-17,2.1414121935698534,2.7867017486094484e-16,0.7264382840470264,0.7264382840470264,1.5707963267948966,0.0,42812.18962975372,29612.18962975372,500000.0,1.0,0.3231425357459685,2.1414121935698534,5.432578833290228e-17,0.0
10.49999999999982,booster,8.930669350864126e-17,2.2326585220591126,3.573523680732495e-16,0.9326852542043109,0.9326852542043109,1.5707963267948966,0.0,42792.30154758571,29592.30154758571,500000.0,1.0,0.532674908529384,2.2326585220591126,8.930669350864126e-17,0.0
10.609999999999818,booster,1.3294464844934598e-16,2.346624820589977,4.360710832920591e-16,1.1395287087360026,1.1395287087360026,1.5707963267948966,0.0,42772.4134654177,29572.4134654177,500000.0,1.0,0.7951274338715898,2.346624820589977,1.3294464844934598e-16,0.0
10.719999999999816,booster,1.8524367176684876e-16,2.4833767223196137,5.148263421616982e-16,1.3469690088256925,1.3469690088256925,1.5707963267948966,0.0,42752.52538324969,29552.52538324969,500000.0,1.0,1.1109497506423938,2.4833767223196137,1.8524367176684876e-16,0.0
10.829999999999814,booster,2.462077844497782e-16,2.642979900069985,5.9361816625227e-16,1.5550065144670726,1.5550065144670726,1.5707963267948966,0.0,42732.637301081675,29532.63730108168,500000.0,1.0,1.4805922765868271,2.642979900069985,2.462077844497782e-16,0.0
10.939999999999811,booster,3.158410098553779e-16,2.8255000661966805,6.724465770593383e-16,1.7636415844587696,1.7636415844587696,1.5707963267948966,0.0,42712.74921891367,29512.74921891367,500000.0,1.0,1.9045061930270684,2.8255000661966805,3.158410098553779e-16,0.0
11.049999999999809,booster,3.9414737370128896e-16,3.0310029724571748,7.513115960036142e-16,1.972874576399222,1.972874576399222,1.5707963267948966,0.0,42692.86113674566,29492.861136745658,500000.0,1.0,2.383143429422826,3.0310029724571748,3.9414737370128896e-16,0.0
11.159999999999807,booster,4.811309040572997e-16,3.259554409878526,8.302132444306437e-16,2.1827058466816047,2.1827058466816047,1.5707963267948966,0.0,42672.97305457765,29472.973054577647,500000.0,1.0,2.9169566477901987,3.259554409878526,4.811309040572997e-16,0.0
11.269999999999804,booster,5.767956313370602e-16,3.511220208624523,9.091515436104997e-16,2.3931357504888036,2.3931357504888036,1.5707963267948966,0.0,42653.08497240963,29453.084972409637,500000.0,1.0,3.50639922697905,3.511220208624523,5.767956313370602e-16,0.0
11.379999999999802,booster,6.811455882897638e-16,3.786066237862277,9.881265147374761e-16,2.6041646417884317,2.6041646417884317,1.5707963267948966,0.0,42633.19689024163,29433.196890241627,500000.0,1.0,4.151925246808934,3.786066237862277,6.811455882897638e-16,0.0
11.4899999999998,booster,7.941848099917939e-16,4.084158405628269,1.067138178929785e-15,2.815792873327903,2.815792873327903,1.5707963267948966,0.0,42613.30880807362,29413.308808073616,500000.0,1.0,4.853989472063639,4.084158405628269,7.941848099917939e-16,0.0
11.599999999999797,booster,9.159173338383394e-16,4.4055626586938645,1.1461865572292559e-15,3.0280207966295487,3.0280207966295487,1.5707963267948966,0.0,42593.420725905606,29393.420725905606,500000.0,1.0,5.613047336344407,4.4055626586938645,9.159173338383394e-16,0.0
11.709999999999795,booster,1.0463471995349758e-15,4.750344982430281,1.2252716706010414e-15,3.2408487619857897,3.2408487619857897,1.5707963267948966,0.0,42573.53264373759,29373.532643737595,500000.0,1.0,6.429554925781913,4.750344982430281,1.0463471995349758e-15,0.0
11.819999999999792,booster,1.1854784490892143e-15,5.11857140067304,1.3043935399333227e-15,3.4542771184543533,3.4542771184543533,1.5707963267948966,0.0,42553.644561569585,29353.644561569585,500000.0,1.0,7.303968962607097,5.11857140067304,1.1854784490892143e-15,0.0
11.92999999999979,booster,1.3333151268020202e-15,5.510307975585884,1.3835521860370188e-15,3.668306213853545,3.668306213853545,1.5707963267948966,0.0,42533.75647940158,29333.756479401574,500000.0,1.0,8.236746788580943,5.510307975585884,1.3333151268020202e-15,0.0
12.039999999999788,booster,1.4898612792592962e-15,5.925620807524191,1.4627476296454997e-15,3.8829363947575755,3.8829363947575755,1.5707963267948966,0.0,42513.868397233564,29313.868397233564,500000.0,1.0,9.228346348283358,5.925620807524191,1.4898612792592962e-15,0.0
12.149999999999785,booster,1.6551209553233377e-15,6.364576034897863,1.541979891414303e-15,4.098168006491935,4.098168006491935,1.5707963267948966,0.0,42493.98031506555,29293.980315065553,500000.0,1.0,10.27922617226122,6.364576034897863,1.6551209553233377e-15,0.0
12.259999999999783,booster,1.829098206124256e-15,6.827239834033715,1.6212489919208525e-15,4.314001393128826,4.314001393128826,1.5707963267948966,0.0,42474.09223289754,29274.092232897543,500000.0,1.0,11.389845360035812,6.827239834033715,1.829098206124256e-15,0.0
12.36999999999978,booster,2.01179708505137e-15,7.313678419037368,1.7005549516641816e-15,4.53043689748264,4.53043689748264,1.5707963267948966,0.0,42454.204150729536,29254.204150729533,500000.0,1.0,12.560663562969692,7.313678419037368,2.01179708505137e-15,0.0
12.479999999999778,booster,2.2032216477445674e-15,7.8239580416546435,1.7798977910646593e-15,4.747474861105513,4.747474861105513,1.5707963267948966,0.0,42434.31606856152,29234.316068561522,500000.0,1.0,13.79214096699335,7.8239580416546435,2.2032216477445674e-15,0.0
12.589999999999776,booster,2.4033759520856393e-15,8.358144991132471,1.8592775304637194e-15,4.965115624282908,4.965115624282908,1.5707963267948966,0.0,42414.42798639351,29214.42798639351,500000.0,1.0,15.084738275191597,8.358144991132471,2.4033759520856393e-15,0.0
12.699999999999774,booster,2.6122640581895792e-15,8.916305594079306,1.938694190123594e-15,5.1833595260292675,5.1833595260292675,1.5707963267948966,0.0,42394.5399042255,29194.5399042255,500000.0,1.0,16.43891669025003,8.916305594079306,2.6122640581895792e-15,0.0
12.809999999999771,booster,2.829890028395859e-15,9.498506214325104,2.01814779022705e-15,5.402206904083732,5.402206904083732,1.5707963267948966,0.0,42374.651822057494,29174.65182205749,500000.0,1.0,17.855137896761825,9.498506214325104,2.829890028395859e-15,0.0
12.919999999999769,booster,3.0562579272596712e-15,10.10481325278078,2.097638350877128e-15,5.621658094905894,5.621658094905894,1.5707963267948966,0.0,42354.76373988948,29154.76373988948,500000.0,1.0,19.333864043394886,10.10481325278078,3.0562579272596712e-15,0.0
13.029999999999767,booster,3.2913718215431474e-15,10.73529314729724,2.1771658920968887e-15,5.841713433671633,5.841713433671633,1.5707963267948966,0.0,42334.875657721466,29134.87565772147,500000.0,1.0,20.875557724919805,10.73529314729724,3.2913718215431474e-15,0.0
13.139999999999764,booster,3.535235780206544e-15,11.390012372523946,2.256730433829156e-15,6.062373254269,6.062373254269,1.5707963267948966,0.0,42314.98757555346,29114.98757555346,500000.0,1.0,22.480681964098736,11.390012372523946,3.535235780206544e-15,0.0
13.249999999999762,booster,3.787853874399405e-15,12.069037439767026,2.336331995936272e-15,6.283637889294153,6.283637889294153,1.5707963267948966,0.0,42295.09949338545,29095.09949338545,500000.0,1.0,24.14970019343542,12.069037439767026,3.787853874399405e-15,0.0
13.35999999999976,booster,4.0492301774516934e-15,12.772434896846947,2.4159705981998486e-15,6.505507670047367,6.505507670047367,1.5707963267948966,0.0,42275.21141121744,29075.21141121744,500000.0,1.0,25.88307623678682,12.772434896846947,4.0492301774516934e-15,0.0
13.469999999999757,booster,4.319368764864897e-15,13.500271327955758,2.4956462603205273e-15,6.727982926529102,6.727982926529102,1.5707963267948966,0.0,42255.323329049425,29055.323329049428,500000.0,1.0,27.681274290836445,13.500271327955758,4.319368764864897e-15,0.0
13.579999999999755,booster,4.598273714303115e-15,14.25261335351388,2.5753590019177424e-15,6.951063987436129,6.951063987436129,1.5707963267948966,0.0,42235.43524688142,29035.435246881418,500000.0,1.0,29.54475890642976,14.25261335351388,4.598273714303115e-15,0.0
13.689999999999753,booster,4.885949105584101e-15,15.02952763002651,2.6551088425294838e-15,7.17475118015772,7.17475118015772,1.5707963267948966,0.0,42215.54716471341,29015.547164713407,500000.0,1.0,31.473994969772072,15.02952763002651,4.885949105584101e-15,0.0
13.79999999999975,booster,5.182399020670298e-15,15.83108084993958,2.7348958016120707e-15,7.399044830771905,7.399044830771905,1.5707963267948966,0.0,42195.6590825454,28995.659082545397,500000.0,1.0,33.469447683489,15.83108084993958,5.182399020670298e-15,0.0
13.909999999999748,booster,5.487627543659847e-15,16.65733974149531,2.814719898539921e-15,7.623945264041783,7.623945264041783,1.5707963267948966,0.0,42175.77100037738,28975.771000377386,500000.0,1.0,35.53158254755011,16.65733974149531,5.487627543659847e-15,0.0
14.019999999999746,booster,5.801638760777558e-15,17.50837106858739,2.894581152605335e-15,7.849452803411916,7.849452803411916,1.5707963267948966,0.0,42155.882918209376,28955.882918209376,500000.0,1.0,37.660865340055956,17.50837106858739,5.801638760777558e-15,0.0
14.129999999999743,booster,6.124436760365864e-15,18.384241630615715,2.9744795830182712e-15,8.075567771004769,8.075567771004769,1.5707963267948966,0.0,42135.99483604137,28935.994836041365,500000.0,1.0,39.857762097888894,18.384241630615715,6.124436760365864e-15,0.0
14.23999999999974,booster,6.456025632875758e-15,19.285018262340778,3.054415208906137e-15,8.302290487617222,8.302290487617222,1.5707963267948966,0.0,42116.106753873355,28916.106753873355,500000.0,1.0,42.12273909722802,19.285018262340778,6.456025632875758e-15,0.0
14.349999999999739,booster,6.796409470857699e-15,20.21076783373767,3.134388049313576e-15,8.529621272717165,8.529621272717165,1.5707963267948966,0.0,42096.21867170534,28896.218671705345,500000.0,1.0,44.4562628339289,20.21076783373767,6.796409470857699e-15,0.0
14.459999999999736,booster,7.145592368952492e-15,21.1615572498497,3.2143981232022604e-15,8.757560444440132,8.757560444440132,1.5707963267948966,0.0,42076.330589537334,28876.330589537334,500000.0,1.0,46.85880000376794,21.1615572498497,7.145592368952492e-15,0.0
14.569999999999734,booster,7.503578423882156e-15,22.137453450641644,3.294445449450695e-15,8.98610831958603,8.98610831958603,1.5707963267948966,0.0,42056.44250736933,28856.442507369324,500000.0,1.0,49.33081748255252,22.137453450641644,7.503578423882156e-15,0.0
14.679999999999731,booster,7.87037173444076e-15,23.138523410852677,3.3745300468540137e-15,9.215265213615917,9.215265213615917,1.5707963267948966,0.0,42036.55442520131,28836.554425201313,500000.0,1.0,51.87278230609673,23.138523410852677,7.87037173444076e-15,0.0
14.78999999999973,booster,8.245976401485245e-15,24.1648341398489,3.4546519341237904e-15,9.445031440648862,9.445031440648862,1.5707963267948966,0.0,42016.6663430333,28816.666343033303,500000.0,1.0,54.485161650063624,24.1648341398489,8.245976401485245e-15,0.0
14.899999999999727,booster,8.63039652792622e-15,25.216452681475566,3.5348111298878478e-15,9.675407313458866,9.675407313458866,1.5707963267948966,0.0,41996.77826086529,28796.778260865292,500000.0,1.0,57.16842280967397,25.216452681475566,8.63039652792622e-15,0.0
15.009999999999724,booster,9.02363621871874e-15,26.29344611390895,3.615007652690075e-15,9.90639314347188,9.90639314347188,1.5707963267948966,0.0,41976.890178697286,28776.890178697282,500000.0,1.0,59.92303317928283,26.29344611390895,9.02363621871874e-15,0.0
15.119999999999722,booster,9.425699580853062e-15,27.395881549507894,3.695241520990243e-15,10.137989240762849,10.137989240762849,1.5707963267948966,0.0,41957.00209652927,28757.00209652927,500000.0,1.0,62.749460231823214,27.395881549507894,9.425699580853062e-15,0.0
15.22999999999972,booster,9.83659072334539e-15,28.52382613466506,3.7755127531638355e-15,10.37019591405287,10.37019591405287,1.5707963267948966,0.0,41937.11401436126,28737.11401436126,500000.0,1.0,65.64817149811847,28.52382613466506,9.83659072334539e-15,0.0
15.339999999999717,booster,1.0256313757228575e-14,29.677347049657847,3.855821367501872e-15,10.603013470706399,10.603013470706399,1.5707963267948966,0.0,41917.22593219325,28717.22593219325,500000.0,1.0,68.61963454606345,29.677347049657847,1.0256313757228575e-14,0.0
15.449999999999715,booster,1.0684872795542838e-14,30.856511508498986,3.9361673822107455e-15,10.836442216728553,10.836442216728553,1.5707963267948966,0.0,41897.337850025244,28697.33785002524,500000.0,1.0,71.66431695967492,30.856511508498986,1.0684872795542838e-14,0.0
15.559999999999713,booster,1.1122271953326433e-14,32.061386758786895,4.016550815412059e-15,11.070482456762464,11.070482456762464,1.5707963267948966,0.0,41877.44976785723,28677.44976785723,500000.0,1.0,74.78268631801198,32.061386758786895,1.1122271953326433e-14,0.0
15.66999999999971,booster,1.1568515347606328e-14,33.29204008155572,4.096971685142464e-15,11.305134494086717,11.305134494086717,1.5707963267948966,0.0,41857.561685689216,28657.56168568922,500000.0,1.0,77.97521017396683,33.29204008155572,1.1568515347606328e-14,0.0
15.779999999999708,booster,1.2023607097388841e-14,34.54853879112506,4.1774300093535124e-15,11.540398630612875,11.540398630612875,1.5707963267948966,0.0,41837.67360352121,28637.67360352121,500000.0,1.0,81.24235603292686,34.54853879112506,1.2023607097388841e-14,0.0
15.889999999999706,booster,1.2487551323650264e-14,35.83095023494951,4.257925805911509e-15,11.776275166883071,11.776275166883071,1.5707963267948966,0.0,41817.7855213532,28617.7855213532,500000.0,1.0,84.58459133130846,35.83095023494951,1.2487551323650264e-14,0.0
15.999999999999703,booster,1.2960352149327498e-14,37.13934179346787,4.338459092597366e-15,12.012764402067665,12.012764402067665,1.5707963267948966,0.0,41797.89743918519,28597.897439185188,500000.0,1.0,88.0023834149625,37.13934179346787,1.2960352149327498e-14,0.0
16.099999999999717,booster,1.3397860031536291e-14,38.351390118269194,4.411703719050088e-15,12.228286547361753,12.228286547361753,1.5707963267948966,0.0,41779.817364487,28579.817364486997,500000.0,1.0,91.17542609948264,38.351390118269194,1.3397860031536291e-14,0.0
16.199999999999733,booster,1.3842693926852095e-14,39.5850159973286,4.48497935693823e-15,12.444315524276083,12.444315524276083,1.5707963267948966,0.0,41761.737289788805,28561.737289788805,500000.0,1.0,94.41164949725237,39.5850159973286,1.3842693926852095e-14,0.0
16.29999999999975,booster,1.429485693707768e-14,40.84027012490649,4.558286019436576e-15,12.660851554621326,12.660851554621326,1.5707963267948966,0.0,41743.657215090614,28543.657215090614,500000.0,1.0,97.7114044470312,40.84027012490649,1.429485693707768e-14,0.0
16.399999999999764,booster,1.4754352165330354e-14,42.11720321739722,4.6316237196612365e-15,12.877894859265643,12.877894859265643,1.5707963267948966,0.0,41725.57714039242,28525.577140392423,500000.0,1.0,101.07504166861519,42.11720321739722,1.4754352165330354e-14,0.0
16.49999999999978,booster,1.5221182716036115e-14,43.41586601323479,4.704992470669586e-15,13.095445658133473,13.095445658133473,1.5707963267948966,0.0,41707.49706569423,28507.49706569423,500000.0,1.0,104.50291174905583,43.41586601323479,1.5221182716036115e-14,0.0
16.599999999999795,booster,1.5695351694923743e-14,44.7363092727984,4.778392285460182e-15,13.313504170204368,13.313504170204368,1.5707963267948966,0.0,41689.41699099604,28489.41699099604,500000.0,1.0,107.9953651288092,44.7363092727984,1.5695351694923743e-14,0.0
16.69999999999981,booster,1.6176862209018946e-14,46.07858377831794,4.851823176972701e-15,13.532070613511873,13.532070613511873,1.5707963267948966,0.0,41671.33691629785,28471.33691629785,500000.0,1.0,111.55275208781543,46.07858377831794,1.6176862209018946e-14,0.0
16.799999999999827,booster,1.666571736663844e-14,47.44274033377926,4.925285158087871e-15,13.751145205142468,13.751145205142468,1.5707963267948966,0.0,41653.25684159966,28453.256841599657,500000.0,1.0,115.17542273150924,47.44274033377926,1.666571736663844e-14,0.0
16.899999999999842,booster,1.7161920277384062e-14,48.82882976482953,4.998778241627407e-15,13.970728161234527,13.970728161234527,1.5707963267948966,0.0,41635.176766901466,28435.176766901466,500000.0,1.0,118.86372697676143,48.82882976482953,1.7161920277384062e-14,0.0
16.999999999999858,booster,1.7665474052136883e-14,50.23690291868225,5.072302440353955e-15,14.190819696977359,14.190819696977359,1.5707963267948966,0.0,41617.096692203275,28417.096692203275,500000.0,1.0,122.61801453775217,50.23690291868225,1.7665474052136883e-14,0.0
17.099999999999874,booster,1.817638180305127e-14,51.667010664022385,5.145857766971032e-15,14.41142002661026,14.41142002661026,1.5707963267948966,0.0,41599.01661750508,28399.016617505084,500000.0,1.0,126.4386349117761,51.667010664022385,1.817638180305127e-14,0.0
17.19999999999989,booster,1.8694646643548984e-14,53.1192038909113,5.219444234122972e-15,14.632529363421654,14.632529363421654,1.5707963267948966,0.0,41580.93654280689,28380.936542806892,500000.0,1.0,130.3259373649803,53.1192038909113,1.8694646643548984e-14,0.0
17.299999999999905,booster,1.9220271688313263e-14,54.59353351069162,5.2930618543948724e-15,14.854147919748248,14.854147919748248,1.5707963267948966,0.0,41562.8564681087,28362.8564681087,500000.0,1.0,134.2802709180345,54.59353351069162,1.9220271688313263e-14,0.0
17.39999999999992,booster,1.9753260053282885e-14,56.090050455892,5.366710640312552e-15,15.07627590697426,15.07627590697426,1.5707963267948966,0.0,41544.77639341051,28344.77639341051,500000.0,1.0,138.30198433173504,56.090050455892,1.9753260053282885e-14,0.0
17.499999999999936,booster,2.029361485564625e-14,57.60880568013188,5.4403906043425e-15,15.298913535530676,15.298913535530676,1.5707963267948966,0.0,41526.69631871232,28326.69631871232,500000.0,1.0,142.3914260925423,57.60880568013188,2.029361485564625e-14,0.0
17.59999999999995,booster,2.0841339213835432e-14,59.14985015802611,5.514101758891836e-15,15.522061014894579,15.522061014894579,1.5707963267948966,0.0,41508.61624401413,28308.616244014127,500000.0,1.0,146.5489443980522,59.14985015802611,2.0841339213835432e-14,0.0
17.699999999999967,booster,2.1396436247520255e-14,60.713234885089534,5.587844116308269e-15,15.745718553588505,15.745718553588505,1.5707963267948966,0.0,41490.536169315936,28290.536169315936,500000.0,1.0,150.77488714240243,60.713234885089534,2.1396436247520255e-14,0.0
17.799999999999983,booster,2.195890907760234e-14,62.29901087764147,5.661617688880062e-15,15.969886359179867,15.969886359179867,1.5707963267948966,0.0,41472.456094617744,28272.456094617744,500000.0,1.0,155.06960190161354,62.29901087764147,2.195890907760234e-14,0.0
17.9,booster,2.2528760826209142e-14,63.90722917271021,5.735422488836009e-15,16.194564638280426,16.194564638280426,1.5707963267948966,0.0,41454.37601991955,28254.376019919553,500000.0,1.0,159.4334359188657,63.90722917271021,2.2528760826209142e-14,0.0
18.000000000000014,booster,2.310599461668805e-14,65.53794082793742,5.809258528345385e-15,16.41975359654581,16.41975359654581,1.5707963267948966,0.0,41436.29594522136,28236.29594522136,500000.0,1.0,163.86673608971125,65.53794082793742,2.310599461668805e-14,0.0
18.10000000000003,booster,2.369061357360039e-14,67.19119692148253,5.883125819517937e-15,16.64545343867508,16.64545343867508,1.5707963267948966,0.0,41418.21587052317,28218.21587052317,500000.0,1.0,168.36984894722357,67.19119692148253,2.369061357360039e-14,0.0
18.200000000000045,booster,2.4282620822715483e-14,68.86704855192701,5.957024374403853e-15,16.87166436841035,16.87166436841035,1.5707963267948966,0.0,41400.13579582498,28200.13579582498,500000.0,1.0,172.943120647083,68.86704855192701,2.4282620822715483e-14,0.0
18.30000000000006,booster,2.4882019491004688e-14,70.56554683817868,6.030954204993743e-15,17.09838658853649,17.09838658853649,1.5707963267948966,0.0,41382.05572112679,28182.055721126788,500000.0,1.0,177.58689695260043,70.56554683817868,2.4882019491004688e-14,0.0
18.400000000000077,booster,2.548881270663546e-14,72.28674291937595,6.104915323218621e-15,17.325620300880807,17.325620300880807,1.5707963267948966,0.0,41363.9756464286,28163.975646428597,500000.0,1.0,182.30152321967785,72.28674291937595,2.548881270663546e-14,0.0
18.500000000000092,booster,2.6103003598965358e-14,74.03068795479211,6.178907740949895e-15,17.553365706312885,17.553365706312885,1.5707963267948966,0.0,41345.895571730405,28145.895571730405,500000.0,1.0,187.0873443817085,74.03068795479211,2.6103003598965358e-14,0.0
18.600000000000108,booster,2.672459529853611e-14,75.79743312373954,6.252931469999352e-15,17.78162300474437,17.78162300474437,1.5707963267948966,0.0,41327.815497032214,28127.815497032214,500000.0,1.0,191.94470493441497,75.79743312373954,2.672459529853611e-14,0.0
18.700000000000124,booster,2.7353590937067635e-14,77.58702962547382,6.326986522119152e-15,18.01039239512888,18.01039239512888,1.5707963267948966,0.0,41309.73542233402,28109.735422334023,500000.0,1.0,196.8739489206267,77.58702962547382,2.7353590937067635e-14,0.0
18.80000000000014,booster,2.7989993647452098e-14,79.39952867909798,6.401072909001827e-15,18.23967407546194,18.23967407546194,1.5707963267948966,0.0,41291.65534763583,28091.65534763583,500000.0,1.0,201.87541991499836,79.39952867909798,2.7989993647452098e-14,0.0
18.900000000000155,booster,2.8633806563747925e-14,81.23498152346677,6.475190642280276e-15,18.469468242781005,18.469468242781005,1.5707963267948966,0.0,41273.57527293764,28073.57527293764,500000.0,1.0,206.94946100866764,81.23498152346677,2.8633806563747925e-14,0.0
19.00000000000017,booster,2.928503282117386e-14,83.09343941709075,6.549339733527773e-15,18.699775093165467,18.699775093165467,1.5707963267948966,0.0,41255.49519823945,28055.49519823945,500000.0,1.0,212.0964147938545,83.09343941709075,2.928503282117386e-14,0.0
19.100000000000186,booster,2.994367555610298e-14,84.97495363804049,6.623520194257968e-15,18.93059482173681,18.93059482173681,1.5707963267948966,0.0,41237.41512354126,28037.415123541257,500000.0,1.0,217.31662334840215,84.97495363804049,2.994367555610298e-14,0.0
19.200000000000202,booster,3.0609737906056756e-14,86.87957548385083,6.697732035924899e-15,19.161927622658734,19.161927622658734,1.5707963267948966,0.0,41219.335048843066,28019.335048843066,500000.0,1.0,222.61042822025948,86.87957548385083,3.0609737906056756e-14,0.0
19.300000000000217,booster,3.1283223009699064e-14,88.80735627142515,6.771975269923007e-15,19.393773689137394,19.393773689137394,1.5707963267948966,0.0,41201.254974144875,28001.254974144875,500000.0,1.0,227.9781704119069,88.80735627142515,3.1283223009699064e-14,0.0
19.400000000000233,booster,3.196413400683029e-14,90.75834733693954,6.84624990758715e-15,19.626133213421678,19.626133213421678,1.5707963267948966,0.0,41183.17489944668,27983.174899446683,500000.0,1.0,233.42019036472507,90.75834733693954,3.196413400683029e-14,0.0
19.50000000000025,booster,3.265247403838128e-14,92.73260003574713,6.920555960192624e-15,19.859006386803518,19.859006386803518,1.5707963267948966,0.0,41165.09482474849,27965.094824748492,500000.0,1.0,238.93682794330704,92.73260003574713,3.265247403838128e-14,0.0
19.600000000000264,booster,3.3348246246407455e-14,94.7301657422824,6.9948934389551795e-15,20.092393399618295,20.092393399618295,1.5707963267948966,0.0,41147.0147500503,27947.0147500503,500000.0,1.0,244.5284224197156,94.7301657422824,3.3348246246407455e-14,0.0
19.70000000000028,booster,3.405145377408282e-14,96.7510958499656,7.069262355031065e-15,20.32629444124528,20.32629444124528,1.5707963267948966,0.0,41128.93467535211,27928.93467535211,500000.0,1.0,250.19531245768505,96.7510958499656,3.405145377408282e-14,0.0
19.800000000000296,booster,3.4762099765694063e-14,98.79544177110706,7.14366271951704e-15,20.560709700108145,20.560709700108145,1.5707963267948966,0.0,41110.85460065392,27910.854600653918,500000.0,1.0,255.93783609676856,98.79544177110706,3.4762099765694063e-14,0.0
19.90000000000031,booster,3.5480187366634536e-14,100.86325493681177,7.218094543450421e-15,20.795639363675512,20.795639363675512,1.5707963267948966,0.0,41092.77452595573,27892.774525955727,500000.0,1.0,261.7563307364323,100.86325493681177,3.5480187366634536e-14,0.0
20.000000000000327,booster,3.620571972339838e-14,102.95458679688383,7.292557837809109e-15,21.031083618461558,21.031083618461558,1.5707963267948966,0.0,41074.694451257536,27874.694451257536,500000.0,1.0,267.6511331200947,102.95458679688383,3.620571972339838e-14,0.0
20.100000000000342,booster,3.693869998357455e-14,105.06948881973109,7.367052613511643e-15,21.267042650026745,21.267042650026745,1.5707963267948966,0.0,41056.614376559344,27856.614376559344,500000.0,1.0,273.6225793191161,105.06948881973109,3.693869998357455e-14,0.0
20.200000000000358,booster,3.7679131295840884e-14,107.20801249226979,7.441578881417229e-15,21.503516642978518,21.503516642978518,1.5707963267948966,0.0,41038.53430186115,27838.534301861153,500000.0,1.0,279.6710047167334,107.20801249226979,3.7679131295840884e-14,0.0
20.300000000000374,booster,3.842701680995817e-14,109.37020931982924,7.516136652325805e-15,21.74050578097208,21.74050578097208,1.5707963267948966,0.0,41020.45422716296,27820.45422716296,500000.0,1.0,285.7967439919447,109.37020931982924,3.842701680995817e-14,0.0
20.40000000000039,booster,3.918235967676424e-14,111.55613082605676,7.590725936978085e-15,21.9780102467113,21.9780102467113,1.5707963267948966,0.0,41002.37415246477,27802.37415246477,500000.0,1.0,292.0001311033437,111.55613082605676,3.918235967676424e-14,0.0
20.500000000000405,booster,3.994516304816802e-14,113.76582855282253,7.66534674605561e-15,22.216030221949598,22.216030221949598,1.5707963267948966,0.0,40984.29407776658,27784.29407776658,500000.0,1.0,298.2814992729032,113.76582855282253,3.994516304816802e-14,0.0
20.60000000000042,booster,4.071543007714368e-14,115.99935406012449,7.739999090180818e-15,22.454565887490926,22.454565887490926,1.5707963267948966,0.0,40966.21400306839,27766.214003068388,500000.0,1.0,304.64118096971004,115.99935406012449,4.071543007714368e-14,0.0
20.700000000000436,booster,4.149316391772462e-14,118.2567589259937,7.8146829799171e-15,22.69361742319081,22.69361742319081,1.5707963267948966,0.0,40948.1339283702,27748.133928370196,500000.0,1.0,311.0795078936503,118.2567589259937,4.149316391772462e-14,0.0
20.800000000000452,booster,4.2278367724997675e-14,120.53809474639925,7.889398425768864e-15,22.93318500795744,22.93318500795744,1.5707963267948966,0.0,40930.053853672005,27730.053853672005,500000.0,1.0,317.59681095904773,120.53809474639925,4.2278367724997675e-14,0.0
20.900000000000468,booster,4.307104465509715e-14,122.84341313515387,7.964145438181617e-15,23.173268819752856,23.173268819752856,1.5707963267948966,0.0,40911.973778973814,27711.973778973814,500000.0,1.0,324.19342027825394,122.84341313515387,4.307104465509715e-14,0.0
21.000000000000483,booster,4.3871197865198987e-14,125.17276572381908,8.03892402754203e-15,23.413869035594118,23.413869035594118,1.5707963267948966,0.0,40893.89370427562,27693.893704275622,500000.0,1.0,330.8696651451914,125.17276572381908,4.3871197865198987e-14,0.0
21.1000000000005,booster,4.467883051351482e-14,127.52620416161102,8.11373420417802e-15,23.65498583155463,23.65498583155463,1.5707963267948966,0.0,40875.81362957743,27675.81362957743,500000.0,1.0,337.62587401885213,127.52620416161102,4.467883051351482e-14,0.0
21.200000000000514,booster,4.5493945759286157e-14,129.90378011530606,8.18857597835883e-15,23.896619382765476,23.896619382765476,1.5707963267948966,0.0,40857.73355487924,27657.73355487924,500000.0,1.0,344.46237450674994,129.90378011530606,4.5493945759286157e-14,0.0
21.30000000000053,booster,4.6316546762778515e-14,132.30554526914653,8.263449360295118e-15,24.13876986341683,24.13876986341683,1.5707963267948966,0.0,40839.65348018105,27639.65348018105,500000.0,1.0,351.37949334832797,132.30554526914653,4.6316546762778515e-14,0.0
21.400000000000546,booster,4.7146636685275516e-14,134.73155132474682,8.338354360139043e-15,24.38143744675941,24.38143744675941,1.5707963267948966,0.0,40821.57340548286,27621.573405482857,500000.0,1.0,358.377556398323,134.73155132474682,4.7146636685275516e-14,0.0
21.50000000000056,booster,4.7984218689073105e-14,137.1818500009996,8.413290987984365e-15,24.624622305106048,24.624622305106048,1.5707963267948966,0.0,40803.493330784666,27603.493330784666,500000.0,1.0,365.45688861008665,137.1818500009996,4.7984218689073105e-14,0.0
21.600000000000577,booster,4.882929593747367e-14,139.6564930339818,8.488259253866532e-15,24.868324609833248,24.868324609833248,1.5707963267948966,0.0,40785.413256086475,27585.413256086475,500000.0,1.0,372.6178140188631,139.6564930339818,4.882929593747367e-14,0.0
21.700000000000593,booster,4.968187159478027e-14,142.15553217686136,8.563259167762792e-15,25.112544531382873,25.112544531382873,1.5707963267948966,0.0,40767.33318138828,27567.333181388283,500000.0,1.0,379.86065572502673,142.15553217686136,4.968187159478027e-14,0.0
21.80000000000061,booster,5.0541948826290734e-14,144.6790191998038,8.638290739592291e-15,25.35728223926386,25.35728223926386,1.5707963267948966,0.0,40749.25310669009,27549.253106690092,500000.0,1.0,387.185735877277,144.6790191998038,5.0541948826290734e-14,0.0
21.900000000000624,booster,5.140953079829192e-14,147.22700588987882,8.713353979216183e-15,25.602537902054024,25.602537902054024,1.5707963267948966,0.0,40731.1730319919,27531.1730319919,500000.0,1.0,394.5933756557956,147.22700588987882,5.140953079829192e-14,0.0
22.00000000000064,booster,5.228462067805395e-14,149.79954405096757,8.788448896437756e-15,25.84831168740191,25.84831168740191,1.5707963267948966,0.0,40713.09295729371,27513.09295729371,500000.0,1.0,402.0838952553617,149.79954405096757,5.228462067805395e-14,0.0
22.100000000000655,booster,5.316722163382432e-14,152.39668550366952,8.863575501002525e-15,26.09460376202869,26.09460376202869,1.5707963267948966,0.0,40695.01288259552,27495.012882595518,500000.0,1.0,409.65761386842945,152.39668550366952,5.316722163382432e-14,0.0
22.20000000000067,booster,5.405733683482222e-14,155.01848208521014,8.93873380259838e-15,26.341414291730185,26.341414291730185,1.5707963267948966,0.0,40676.93280789733,27476.932807897327,500000.0,1.0,417.31484966816834,155.01848208521014,5.405733683482222e-14,0.0
22.300000000000686,booster,5.4954969451232764e-14,157.66498564934818,9.013923810855694e-15,26.58874344137889,26.58874344137889,1.5707963267948966,0.0,40658.852733199135,27458.852733199135,500000.0,1.0,425.0559197914655,157.66498564934818,5.4954969451232764e-14,0.0
22.400000000000702,booster,5.5860122654201236e-14,160.33624806628353,9.089145535347453e-15,26.83659137492613,26.83659137492613,1.5707963267948966,0.0,40640.772658500944,27440.772658500944,500000.0,1.0,432.8811403218925,160.33624806628353,5.5860122654201236e-14,0.0
22.500000000000718,booster,5.6772799615827334e-14,163.0323212225654,9.164398985589399e-15,27.08495825540418,27.08495825540418,1.5707963267948966,0.0,40622.69258380275,27422.692583802753,500000.0,1.0,440.79082627263523,163.0323212225654,5.6772799615827334e-14,0.0
22.600000000000733,booster,5.769300350915947e-14,165.75325702100028,9.23968417104016e-15,27.3338442449286,27.3338442449286,1.5707963267948966,0.0,40604.61250910456,27404.61250910456,500000.0,1.0,448.7852915693908,165.75325702100028,5.769300350915947e-14,0.0
22.70000000000075,booster,5.86207375081891e-14,168.4991073805604,9.315001101101397e-15,27.583249504700476,27.583249504700476,1.5707963267948966,0.0,40586.53243440637,27386.53243440637,500000.0,1.0,456.86484903322935,168.4991073805604,5.86207375081891e-14,0.0
22.800000000000765,booster,5.955600478784497e-14,171.26992423629255,9.390349785117943e-15,27.833174195008862,27.833174195008862,1.5707963267948966,0.0,40568.45235970818,27368.45235970818,500000.0,1.0,465.0298103634228,171.26992423629255,5.955600478784497e-14,0.0
22.90000000000078,booster,6.049880852398751e-14,174.065759539227,9.465730232377961e-15,28.083618475233205,28.083618475233205,1.5707963267948966,0.0,40550.37228500999,27350.372285009988,500000.0,1.0,473.2804861202422,174.065759539227,6.049880852398751e-14,0.0
23.000000000000796,booster,6.144915189340313e-14,176.88666525628645,9.54114245211309e-15,28.33458250384587,28.33458250384587,1.5707963267948966,0.0,40532.292210311796,27332.292210311796,500000.0,1.0,481.61718570772206,176.88666525628645,6.144915189340313e-14,0.0
23.10000000000081,booster,6.240703807379856e-14,179.7326933701957,9.616586453498608e-15,28.586066438414743,28.586066438414743,1.5707963267948966,0.0,40514.212135613605,27314.212135613605,500000.0,1.0,490.04021735639606,179.7326933701957,6.240703807379856e-14,0.0
23.200000000000827,booster,6.337247024379525e-14,182.60389587939116,9.692062245653596e-15,28.838070435605893,28.838070435605893,1.5707963267948966,0.0,40496.13206091541,27296.132060915414,500000.0,1.0,498.54988810600116,182.60389587939116,6.337247024379525e-14,0.0
23.300000000000843,booster,6.434545158292377e-14,185.50032479793086,9.767569837641103e-15,29.09059465118627,29.09059465118627,1.5707963267948966,0.0,40478.05198621722,27278.051986217222,500000.0,1.0,507.14650378815344,185.50032479793086,6.434545158292377e-14,0.0
23.40000000000086,booster,6.53259852716182e-14,188.4220321554047,9.843109238468315e-15,29.34363924002653,29.34363924002653,1.5707963267948966,0.0,40459.97191151903,27259.97191151903,500000.0,1.0,515.8303690089962,188.4220321554047,6.53259852716182e-14,0.0
23.500000000000874,booster,6.631407449121053e-14,191.369069996845,9.91868045708673e-15,29.597204356103898,29.597204356103898,1.5707963267948966,0.0,40441.89183682084,27241.89183682084,500000.0,1.0,524.6017871318202,191.369069996845,6.631407449121053e-14,0.0
23.60000000000089,booster,6.730972242392518e-14,194.34149038263726,9.994283502392343e-15,29.85129015250509,29.85129015250509,1.5707963267948966,0.0,40423.81176212265,27223.81176212265,500000.0,1.0,533.4610602596582,194.34149038263726,6.730972242392518e-14,0.0
23.700000000000905,booster,6.831293225287333e-14,197.33934538843116,1.0069918383225826e-14,30.105896781429333,30.105896781429333,1.5707963267948966,0.0,40405.73168742446,27205.731687424457,500000.0,1.0,542.408489217853,197.33934538843116,6.831293225287333e-14,0.0
23.80000000000092,booster,6.932370716204753e-14,200.3626871050521,1.014558510837271e-14,30.36102439419143,30.36102439419143,1.5707963267948966,0.0,40387.651612726266,27187.651612726266,500000.0,1.0,551.4443735366016,200.3626871050521,6.932370716204753e-14,0.0
23.900000000000936,booster,7.034205033631606e-14,203.41156763841283,1.02212836865636e-14,30.61667314122492,30.61667314122492,1.5707963267948966,0.0,40369.571538028074,27169.571538028074,500000.0,1.0,560.5690114334762,203.41156763841283,7.034205033631606e-14,0.0
24.000000000000952,booster,7.136796496141762e-14,206.4860391094256,1.0297014126474337e-14,30.872843172085283,30.872843172085283,1.5707963267948966,0.0,40351.49146332988,27151.491463329883,500000.0,1.0,569.782699795921,206.4860391094256,7.136796496141762e-14,0.0
24.100000000000968,booster,7.24014542239557e-14,209.5861536539144,1.0372776436726225e-14,31.129534635453243,31.129534635453243,1.5707963267948966,0.0,40333.41138863169,27133.41138863169,500000.0,1.0,579.0857341637271,209.5861536539144,7.24014542239557e-14,0.0
24.200000000000983,booster,7.344252131139318e-14,212.71196342252773,1.0448570625886233e-14,31.38674767913811,31.38674767913811,1.5707963267948966,0.0,40315.3313139335,27115.3313139335,500000.0,1.0,588.4784087114886,212.71196342252773,7.344252131139318e-14,0.0
24.300000000001,booster,7.449116941204701e-14,215.86352058065157,1.0524396702467197e-14,31.644482450081227,31.644482450081227,1.5707963267948966,0.0,40297.25123923531,27097.25123923531,500000.0,1.0,597.961016231035,215.86352058065157,7.449116941204701e-14,0.0
24.400000000001015,booster,7.55474017150827e-14,219.04087730832276,1.0600254674928033e-14,31.902739094359475,31.902739094359475,1.5707963267948966,0.0,40279.17116453712,27079.171164537118,500000.0,1.0,607.5338481138481,219.04087730832276,7.55474017150827e-14,0.0
24.50000000000103,booster,7.661122141050887e-14,222.24408580014278,1.0676144551673975e-14,32.161517757188825,32.161517757188825,1.5707963267948966,0.0,40261.09108983893,27061.091089838927,500000.0,1.0,617.1971943334563,222.24408580014278,7.661122141050887e-14,0.0
24.600000000001046,booster,7.76826316891721e-14,225.47319826519177,1.0752066341056774e-14,32.42081858292803,32.42081858292803,1.5707963267948966,0.0,40243.011015140735,27043.011015140735,500000.0,1.0,626.9513434278177,225.47319826519177,7.76826316891721e-14,0.0
24.70000000000106,booster,7.876163574275145e-14,228.72826692694312,1.0828020051374937e-14,32.680641715082295,32.680641715082295,1.5707963267948966,0.0,40224.930940442544,27024.930940442544,500000.0,1.0,636.7965824816791,228.72826692694312,7.876163574275145e-14,0.0
24.800000000001077,booster,7.984823676375316e-14,232.0093440231782,1.0904005690873956e-14,32.94098729630709,32.94098729630709,1.5707963267948966,0.0,40206.85086574435,27006.850865744353,500000.0,1.0,646.733197108925,232.0093440231782,7.984823676375316e-14,0.0
24.900000000001093,booster,8.094243794550542e-14,235.3164818059015,1.0980023267746551e-14,33.201855468412056,33.201855468412056,1.5707963267948966,0.0,40188.77079104616,26988.77079104616,500000.0,1.0,656.761471434912,235.3164818059015,8.094243794550542e-14,0.0
25.00000000000111,booster,8.2044242482153e-14,238.64973254125647,1.1056072790132907e-14,33.4632463723649,33.4632463723649,1.5707963267948966,0.0,40170.69071634797,26970.69071634797,500000.0,1.0,666.8816880787866,238.64973254125647,8.2044242482153e-14,0.0
25.100000000001124,booster,8.315365356865211e-14,242.0091485094413,1.1132154266120911e-14,33.725160148295394,33.725160148295394,1.5707963267948966,0.0,40152.61064164978,26952.61064164978,500000.0,1.0,677.0941281357912,242.0091485094413,8.315365356865211e-14,0.0
25.20000000000114,booster,8.427067440076515e-14,245.39478200462557,1.1208267703746422e-14,33.98759693549952,33.98759693549952,1.5707963267948966,0.0,40134.53056695159,26934.530566951587,500000.0,1.0,687.3990711595603,245.39478200462557,8.427067440076515e-14,0.0
25.300000000001155,booster,8.53953081750555e-14,248.80668533486678,1.1284413110993505e-14,34.250556872443596,34.250556872443596,1.5707963267948966,0.0,40116.450492253396,26916.450492253396,500000.0,1.0,697.7967951444047,248.80668533486678,8.53953081750555e-14,0.0
25.40000000000117,booster,8.652755808888237e-14,252.24491082202792,1.1360590495794705e-14,34.514040096768525,34.514040096768525,1.5707963267948966,0.0,40098.370417555205,26898.370417555205,500000.0,1.0,708.2875765075858,252.24491082202792,8.652755808888237e-14,0.0
25.500000000001187,booster,8.766742734039567e-14,255.70951080169482,1.1436799866031294e-14,34.77804674529409,34.77804674529409,1.5707963267948966,0.0,40080.29034285701,26880.290342857013,500000.0,1.0,718.8716900715804,255.70951080169482,8.766742734039567e-14,0.0
25.600000000001202,booster,8.881491912853088e-14,259.20053762309436,1.151304122953356e-14,35.04257695402337,35.04257695402337,1.5707963267948966,0.0,40062.21026815882,26862.210268158822,500000.0,1.0,729.5494090463409,259.20053762309436,8.881491912853088e-14,0.0
25.700000000001218,booster,8.997003665300396e-14,262.7180436490135,1.1589314594081066e-14,35.30763085814717,35.30763085814717,1.5707963267948966,0.0,40044.13019346063,26844.13019346063,500000.0,1.0,740.3210050115443,262.7180436490135,8.997003665300396e-14,0.0
25.800000000001234,booster,9.113278311430632e-14,266.26208125571736,1.1665619967402935e-14,35.57320859204856,35.57320859204856,1.5707963267948966,0.0,40026.05011876244,26826.05011876244,500000.0,1.0,751.1867478988383,266.26208125571736,9.113278311430632e-14,0.0
25.90000000000125,booster,9.230316171369974e-14,269.8327028328695,1.1741957357178128e-14,35.839310289307505,35.839310289307505,1.5707963267948966,0.0,40007.97004406425,26807.97004406425,500000.0,1.0,762.1469059740824,269.8327028328695,9.230316171369974e-14,0.0
26.000000000001265,booster,9.348117565321142e-14,273.4299607834511,1.1818326771035727e-14,36.105936082705576,36.105936082705576,1.5707963267948966,0.0,39989.88996936606,26789.889969366057,500000.0,1.0,773.201745819585,273.4299607834511,9.348117565321142e-14,0.0
26.10000000000128,booster,9.4666828135629e-14,277.05390752368237,1.1894728216555235e-14,36.373086104230644,36.373086104230644,1.5707963267948966,0.0,39971.809894667866,26771.809894667866,500000.0,1.0,784.3515323163365,277.05390752368237,9.4666828135629e-14,0.0
26.200000000001296,booster,9.586012236449559e-14,280.70459548294235,1.1971161701266867e-14,36.64076048508178,36.64076048508178,1.5707963267948966,0.0,39953.729819969674,26753.729819969674,500000.0,1.0,795.5965286262418,280.70459548294235,9.586012236449559e-14,0.0
26.30000000000131,booster,9.706106154410489e-14,284.3820771036911,1.2047627232651855e-14,36.90895935567415,36.90895935567415,1.5707963267948966,0.0,39935.64974527148,26735.649745271483,500000.0,1.0,806.9369961743535,284.3820771036911,9.706106154410489e-14,0.0
26.400000000001327,booster,9.826964887949625e-14,288.08640484139073,1.2124124818142744e-14,37.17768284564401,37.17768284564401,1.5707963267948966,0.0,39917.56967057329,26717.56967057329,500000.0,1.0,818.373194631101,288.08640484139073,9.826964887949625e-14,0.0
26.500000000001343,booster,9.948588757644985e-14,291.81763116442875,1.2200654465123716e-14,37.446931083853784,37.446931083853784,1.5707963267948966,0.0,39899.4895958751,26699.4895958751,500000.0,1.0,829.9053818945273,291.81763116442875,9.948588757644985e-14,0.0
26.60000000000136,booster,1.0070978084148191e-13,295.5758085540402,1.2277216180930896e-14,37.7167041983972,37.7167041983972,1.5707963267948966,0.0,39881.40952117691,26681.40952117691,500000.0,1.0,841.5338140725213,295.5758085540402,1.0070978084148191e-13,0.0
26.700000000001374,booster,1.0194133188183988e-13,299.36098950423127,1.2353809972852669e-14,37.987002316604524,37.987002316604524,1.5707963267948966,0.0,39863.32944647872,26663.329446478718,500000.0,1.0,853.2587454650587,299.36098950423127,1.0194133188183988e-13,0.0
26.80000000000139,booster,1.0318054390549768e-13,303.1732265217032,1.2430435848130014e-14,38.25782556504785,38.25782556504785,1.5707963267948966,0.0,39845.24937178053,26645.249371780526,500000.0,1.0,865.0804285464458,303.1732265217032,1.0318054390549768e-13,0.0
26.900000000001405,booster,1.0442742012115092e-13,307.0125721257769,1.2507093813956826e-14,38.52917406954647,38.52917406954647,1.5707963267948966,0.0,39827.169297082335,26627.169297082335,500000.0,1.0,876.9991139475654,307.0125721257769,1.0442742012115092e-13,0.0
27.00000000000142,booster,1.0568196373821232e-13,310.8790788483176,1.2583783877480252e-14,38.80104795517237,38.80104795517237,1.5707963267948966,0.0,39809.089222384144,26609.089222384144,500000.0,1.0,889.0150504381371,310.8790788483176,1.0568196373821232e-13,0.0
27.100000000001437,booster,1.0694417796680694e-13,314.77279923366086,1.2660506045801034e-14,39.073447346255755,39.073447346255755,1.5707963267948966,0.0,39791.00914768595,26591.009147685952,500000.0,1.0,901.1284849089777,314.77279923366086,1.0694417796680694e-13,0.0
27.200000000001452,booster,1.0821406601776765e-13,318.69378583853796,1.2737260325973838e-14,39.346372366390625,39.346372366390625,1.5707963267948966,0.0,39772.92907298776,26572.92907298776,500000.0,1.0,913.3396623542735,318.69378583853796,1.0821406601776765e-13,0.0
27.300000000001468,booster,1.0949163110263046e-13,322.6420912320035,1.2814046725007624e-14,39.619823138440495,39.619823138440495,1.5707963267948966,0.0,39754.84899828957,26554.84899828957,500000.0,1.0,925.6488258538615,322.6420912320035,1.0949163110263046e-13,0.0
27.400000000001484,booster,1.1077687643363005e-13,326.61776799536193,1.2890865249865983e-14,39.89379978454417,39.89379978454417,1.5707963267948966,0.0,39736.76892359138,26536.76892359138,500000.0,1.0,938.0562165555224,326.61776799536193,1.1077687643363005e-13,0.0
27.5000000000015,booster,1.1206980522369517e-13,330.62086872209557,1.2967715907467504e-14,40.16830242612159,40.16830242612159,1.5707963267948966,0.0,39718.68884889319,26518.688848893187,500000.0,1.0,950.5620736572857,330.62086872209557,1.1206980522369517e-13,0.0
27.600000000001515,booster,1.1337042068644419e-13,334.65144601779303,1.3044598704686119e-14,40.44333118387977,40.44333118387977,1.5707963267948966,0.0,39700.608774194996,26500.608774194996,500000.0,1.0,963.1666343897471,334.65144601779303,1.1337042068644419e-13,0.0
27.70000000000153,booster,1.1467872603618066e-13,338.7095525000783,1.3121513648351504e-14,40.718886177818746,40.718886177818746,1.5707963267948966,0.0,39682.528699496805,26482.528699496805,500000.0,1.0,975.8701339983968,338.7095525000783,1.1467872603618066e-13,0.0
27.800000000001546,booster,1.1599472448788891e-13,342.79524079854025,1.3198460745249416e-14,40.99496752723776,40.99496752723776,1.5707963267948966,0.0,39664.44862479861,26464.448624798613,500000.0,1.0,988.6728057259714,342.79524079854025,1.1599472448788891e-13,0.0
27.90000000000156,booster,1.1731841925722968e-13,346.90856355466286,1.3275440002122093e-14,41.271575350741344,41.271575350741344,1.5707963267948966,0.0,39646.36855010042,26446.368550100422,500000.0,1.0,1001.5748807948123,346.90856355466286,1.1731841925722968e-13,0.0
28.000000000001577,booster,1.1864981356053581e-13,351.0495734217561,1.3352451425668627e-14,41.54870976624558,41.54870976624558,1.5707963267948966,0.0,39628.28847540223,26428.28847540223,500000.0,1.0,1014.5765883892473,351.0495734217561,1.1864981356053581e-13,0.0
28.100000000001593,booster,1.199889106148078e-13,355.21832306488733,1.3429495022545356e-14,41.82637089098448,41.82637089098448,1.5707963267948966,0.0,39610.20840070404,26410.20840070404,500000.0,1.0,1027.6781556379908,355.21832306488733,1.199889106148078e-13,0.0
28.20000000000161,booster,1.2133571363770975e-13,359.41486516081346,1.3506570799366249e-14,42.10455884151634,42.10455884151634,1.5707963267948966,0.0,39592.12832600585,26392.128326005848,500000.0,1.0,1040.8798075965622,359.41486516081346,1.2133571363770975e-13,0.0
28.300000000001624,booster,1.2269022584756494e-13,363.639252397914,1.3583678762703314e-14,42.38327373373022,42.38327373373022,1.5707963267948966,0.0,39574.04825130766,26374.048251307657,500000.0,1.0,1054.1817672297213,363.639252397914,1.2269022584756494e-13,0.0
28.40000000000164,booster,1.2405245046335197e-13,367.8915374761238,1.3660818919086986e-14,42.66251568285253,42.66251568285253,1.5707963267948966,0.0,39555.968176609465,26355.968176609465,500000.0,1.0,1067.5842553939317,367.8915374761238,1.2405245046335197e-13,0.0
28.500000000001656,booster,1.2542239070470022e-13,372.1717731068679,1.3737991275006544e-14,42.94228480345367,42.94228480345367,1.5707963267948966,0.0,39537.888101911274,26337.888101911274,500000.0,1.0,1081.087490819845,372.1717731068679,1.2542239070470022e-13,0.0
28.60000000000167,booster,1.268000497918861e-13,376.4800120129953,1.381519583691052e-14,43.22258120945473,43.22258120945473,1.5707963267948966,0.0,39519.80802721308,26319.808027213083,500000.0,1.0,1094.691690094806,376.4800120129953,1.268000497918861e-13,0.0
28.700000000001687,booster,1.281854309458288e-13,380.81630692871545,1.3892432611207109e-14,43.50340501413439,43.50340501413439,1.5707963267948966,0.0,39501.72795251489,26301.72795251489,500000.0,1.0,1108.3970676453898,380.81630692871545,1.281854309458288e-13,0.0
28.800000000001702,booster,1.295785373880863e-13,385.18071059953365,1.3969701604264607e-14,43.78475633013565,43.78475633013565,1.5707963267948966,0.0,39483.6478778167,26283.6478778167,500000.0,1.0,1122.2038357199544,385.18071059953365,1.295785373880863e-13,0.0
28.900000000001718,booster,1.3097937234085145e-13,389.5732757821879,1.4047002822411817e-14,44.06663526947295,44.06663526947295,1.5707963267948966,0.0,39465.56780311851,26265.56780311851,500000.0,1.0,1136.1122043712335,389.5732757821879,1.3097937234085145e-13,0.0
29.000000000001734,booster,1.32387939026948e-13,393.9940552445866,1.4124336271938494e-14,44.34904194353909,44.34904194353909,1.5707963267948966,0.0,39447.48772842032,26247.487728420318,500000.0,1.0,1150.1223814389468,393.9940552445866,1.32387939026948e-13,0.0
29.10000000000175,booster,1.3380424066982683e-13,398.44310176574675,1.420170195909578e-14,44.63197646311251,44.63197646311251,1.5707963267948966,0.0,39429.407653722126,26229.407653722126,500000.0,1.0,1164.2345725324485,398.44310176574675,1.3380424066982683e-13,0.0
29.200000000001765,booster,1.35228280493562e-13,402.92046813573256,1.4279099890096638e-14,44.91543893836434,44.91543893836434,1.5707963267948966,0.0,39411.327579023935,26211.327579023935,500000.0,1.0,1178.4489810133998,402.92046813573256,1.35228280493562e-13,0.0
29.30000000000178,booster,1.3666006172284686e-13,407.4262071555953,1.435653007111631e-14,45.199429478865795,45.199429478865795,1.5707963267948966,0.0,39393.247504325744,26193.247504325744,500000.0,1.0,1192.765807978477,407.4262071555953,1.3666006172284686e-13,0.0
29.400000000001796,booster,1.3809958758299052e-13,411.9603716373139,1.443399250829275e-14,45.4839481935955,45.4839481935955,1.5707963267948966,0.0,39375.16742962755,26175.167429627552,500000.0,1.0,1207.1852522421116,411.9603716373139,1.3809958758299052e-13,0.0
29.500000000001812,booster,1.3954686129991404e-13,416.5230144037358,1.4511487207727113e-14,45.76899519094695,45.76899519094695,1.5707963267948966,0.0,39357.08735492936,26157.08735492936,500000.0,1.0,1221.7075103192649,416.5230144037358,1.3954686129991404e-13,0.0
29.600000000001828,booster,1.4100188610014674e-13,421.1141882885185,1.4589014175484164e-14,46.0545705787361,46.0545705787361,1.5707963267948966,0.0,39339.00728023117,26139.00728023117,500000.0,1.0,1236.3327764082399,421.1141882885185,1.4100188610014674e-13,0.0
29.700000000001843,booster,1.4246466521082265e-13,425.7339461360731,1.4666573417592795e-14,46.34067446420888,46.34067446420888,1.5707963267948966,0.0,39320.92720553298,26120.92720553298,500000.0,1.0,1251.0612423735242,425.7339461360731,1.4246466521082265e-13,0.0
29.80000000000186,booster,1.439352018596769e-13,430.3823408015066,1.474416494004648e-14,46.62730695404901,46.62730695404901,1.5707963267948966,0.0,39302.84713083479,26102.847130834787,500000.0,1.0,1265.8930977286793,430.3823408015066,1.439352018596769e-13,0.0
29.900000000001874,booster,1.4541349927504216e-13,435.0594251505667,1.482178874880374e-14,46.914468154385695,46.914468154385695,1.5707963267948966,0.0,39284.767056136596,26084.767056136596,500000.0,1.0,1280.8285296192569,435.0594251505667,1.4541349927504216e-13,0.0
30.00000000000189,booster,1.4689956068584528e-13,439.7652520595869,1.4899444849788635e-14,47.2021581708015,47.2021581708015,1.5707963267948966,0.0,39266.686981438404,26066.686981438404,500000.0,1.0,1295.867722805767,439.7652520595869,1.4689956068584528e-13,0.0
30.100000000001906,booster,1.4839338932160382e-13,444.49987441543163,1.4977133248891234e-14,47.49037710834033,47.49037710834033,1.5707963267948966,0.0,39248.60690674021,26048.606906740213,500000.0,1.0,1311.0108596466791,444.49987441543163,1.4839338932160382e-13,0.0
30.20000000000192,booster,1.4989498841242268e-13,449.26334511544337,1.5054853951968146e-14,47.77912507151545,47.77912507151545,1.5707963267948966,0.0,39230.52683204202,26030.526832042022,500000.0,1.0,1326.258120081472,449.26334511544337,1.4989498841242268e-13,0.0
30.300000000001937,booster,1.5140436118899076e-13,454.05571706738954,1.5132606964842964e-14,48.06840216431757,48.06840216431757,1.5707963267948966,0.0,39212.44675734383,26012.44675734383,500000.0,1.0,1341.6096816137197,454.05571706738954,1.5140436118899076e-13,0.0
30.400000000001953,booster,1.529215108825776e-13,458.87704318941087,1.521039229330682e-14,48.35820849022302,48.35820849022302,1.5707963267948966,0.0,39194.36668264564,25994.36668264564,500000.0,1.0,1357.0657192942258,458.87704318941087,1.529215108825776e-13,0.0
30.500000000001968,booster,1.5444644072503037e-13,463.7273764099705,1.5288209943118835e-14,48.64854415220209,48.64854415220209,1.5707963267948966,0.0,39176.28660794745,25976.286607947448,500000.0,1.0,1372.6264057042076,463.7273764099705,1.5444644072503037e-13,0.0
30.600000000001984,booster,1.5597915394877059e-13,468.60676966780335,1.5366059920006678e-14,48.939409252727316,48.939409252727316,1.5707963267948966,0.0,39158.20653324926,25958.206533249257,500000.0,1.0,1388.291910938519,468.60676966780335,1.5597915394877059e-13,0.0
30.700000000002,booster,1.5751965378679083e-13,473.5152759118674,1.544394222966705e-14,49.23080389378194,49.23080389378194,1.5707963267948966,0.0,39140.126458551065,25940.126458551065,500000.0,1.0,1404.062402588927,473.5152759118674,1.5751965378679083e-13,0.0
30.800000000002015,booster,1.5906794347265195e-13,478.4529481012946,1.5521856877766227e-14,49.52272817686845,49.52272817686845,1.5707963267948966,0.0,39122.046383852874,25922.046383852874,500000.0,1.0,1419.938045727437,478.4529481012946,1.5906794347265195e-13,0.0
30.90000000000203,booster,1.6062402624047996e-13,483.41983920534364,1.5599803869940583e-14,49.81518220301717,49.81518220301717,1.5707963267948966,0.0,39103.96630915468,25903.966309154683,500000.0,1.0,1435.9190028896671,483.41983920534364,1.6062402624047996e-13,0.0
31.000000000002046,booster,1.621879053249629e-13,488.41600220335283,1.567778321179711e-14,50.108166072794944,50.108166072794944,1.5707963267948966,0.0,39085.88623445649,25885.88623445649,500000.0,1.0,1452.0054340582751,488.41600220335283,1.621879053249629e-13,0.0
31.100000000002062,booster,1.637595839613481e-13,493.44149008469435,1.575579490891397e-14,50.401679886313865,50.401679886313865,1.5707963267948966,0.0,39067.8061597583,25867.8061597583,500000.0,1.0,1468.1974966464347,493.44149008469435,1.637595839613481e-13,0.0
31.200000000002078,booster,1.653390653854394e-13,498.4963558487295,1.5833838966841015e-14,50.695723743240194,50.695723743240194,1.5707963267948966,0.0,39049.72608506011,25849.72608506011,500000.0,1.0,1484.4953454813742,498.4963558487295,1.653390653854394e-13,0.0
31.300000000002093,booster,1.669263528335941e-13,503.580652504764,1.5911915391100356e-14,50.99029774280324,50.99029774280324,1.5707963267948966,0.0,39031.64601036192,25831.646010361917,500000.0,1.0,1500.8991327879587,503.580652504764,1.669263528335941e-13,0.0
31.40000000000211,booster,1.6852144954272038e-13,508.6944330720052,1.5990024187186913e-14,51.28540198380443,51.28540198380443,1.5707963267948966,0.0,39013.565935663726,25813.565935663726,500000.0,1.0,1517.409008172341,508.6944330720052,1.6852144954272038e-13,0.0
31.500000000002125,booster,1.7012435875027467e-13,513.8377505795194,1.6068165360568952e-14,51.5810365646263,51.5810365646263,1.5707963267948966,0.0,38995.485860965535,25795.485860965535,500000.0,1.0,1534.025118605658,513.8377505795194,1.7012435875027467e-13,0.0
31.60000000000214,booster,1.717350836942588e-13,519.0106580661906,1.6146338916688667e-14,51.8772015832418,51.8772015832418,1.5707963267948966,0.0,38977.40578626734,25777.405786267344,500000.0,1.0,1550.747608407794,519.0106580661906,1.717350836942588e-13,0.0
31.700000000002156,booster,1.733536276132176e-13,524.2132085806803,1.622454486096274e-14,52.173897137223456,52.173897137223456,1.5707963267948966,0.0,38959.32571156915,25759.325711569152,500000.0,1.0,1567.5766192312012,524.2132085806803,1.733536276132176e-13,0.0
31.80000000000217,booster,1.7497999374623626e-13,529.4454551813872,1.6302783198782915e-14,52.47112332375276,52.47112332375276,1.5707963267948966,0.0,38941.24563687096,25741.24563687096,500000.0,1.0,1584.51229004478,529.4454551813872,1.7497999374623626e-13,0.0
31.900000000002187,booster,1.7661418533293796e-13,534.7074509364093,1.6381053935516564e-14,52.76888023962962,52.76888023962962,1.5707963267948966,0.0,38923.16556217277,25723.16556217277,500000.0,1.0,1601.5547571178256,534.7074509364093,1.7661418533293796e-13,0.0
32.0000000000022,booster,1.7825620561348146e-13,539.9992489235059,1.645935707650729e-14,53.06716798128182,53.06716798128182,1.5707963267948966,0.0,38905.08548747458,25705.08548747458,500000.0,1.0,1618.7041540040314,539.9992489235059,1.7825620561348146e-13,0.0
32.11000000000218,booster,1.8007147393124822e-13,545.8547116474371,1.6545527964863233e-14,53.39589771551308,53.39589771551308,1.5707963267948966,0.0,38885.197405306564,25685.197405306568,500000.0,1.0,1637.692150567421,545.8547116474371,1.8007147393124822e-13,0.0
32.22000000000216,booster,1.8189622320391483e-13,551.7463699808218,1.6631738075857357e-14,53.72526999253447,53.72526999253447,1.5707963267948966,0.0,38865.30932313856,25665.309323138557,500000.0,1.0,1656.809860724958,551.7463699808218,1.8189622320391483e-13,0.0
32.33000000000214,booster,1.8373045774635764e-13,557.6742946103494,1.6717987416507448e-14,54.05528493921559,54.05528493921559,1.5707963267948966,0.0,38845.42124097055,25645.421240970547,500000.0,1.0,1676.0574507123358,557.6742946103494,1.8373045774635764e-13,0.0
32.440000000002115,booster,1.8557418187422334e-13,563.6385562366379,1.680427599380013e-14,54.38594268194103,54.38594268194103,1.5707963267948966,0.0,38825.53315880254,25625.533158802536,500000.0,1.0,1695.4350826920484,563.6385562366379,1.8557418187422334e-13,0.0
32.55000000000209,booster,1.874273999039256e-13,569.6392255741819,1.6890603814691862e-14,54.71724334662641,54.71724334662641,1.5707963267948966,0.0,38805.64507663452,25605.645076634526,500000.0,1.0,1714.942914728198,569.6392255741819,1.874273999039256e-13,0.0
32.66000000000207,booster,1.8929011615264153e-13,575.6763733513017,1.69769708861099e-14,55.049187058734496,55.049187058734496,1.5707963267948966,0.0,38785.756994466516,25585.756994466516,500000.0,1.0,1734.5811007614318,575.6763733513017,1.8929011615264153e-13,0.0
32.77000000000205,booster,1.9116233493830876e-13,581.7500703100939,1.706337721495333e-14,55.38177394329156,55.38177394329156,1.5707963267948966,0.0,38765.86891229851,25565.868912298505,500000.0,1.0,1754.3497905840052,581.7500703100939,1.9116233493830876e-13,0.0
32.88000000000203,booster,1.9304406057962223e-13,587.8603872063852,1.7149822808094036e-14,55.71500412490379,55.71500412490379,1.5707963267948966,0.0,38745.980830130495,25545.980830130495,500000.0,1.0,1774.2491298149728,587.8603872063852,1.9304406057962223e-13,0.0
32.990000000002006,booster,1.949352973960314e-13,594.0073948096862,1.723630767237774e-14,56.048877727773885,56.048877727773885,1.5707963267948966,0.0,38726.09274796248,25526.092747962484,500000.0,1.0,1794.2792598755113,594.0073948096862,1.949352973960314e-13,0.0
33.100000000001984,booster,1.968360497077374e-13,600.1911639031488,1.7322831814625037e-14,56.38339487571783,56.38339487571783,1.5707963267948966,0.0,38706.204665794474,25506.204665794474,500000.0,1.0,1814.440317964384,600.1911639031488,1.968360497077374e-13,0.0
33.21000000000196,booster,1.9874632183569017e-13,606.4117652835239,1.7409395241632396e-14,56.71855569218175,56.71855569218175,1.5707963267948966,0.0,38686.31658362647,25486.316583626463,500000.0,1.0,1834.7324370335289,606.4117652835239,1.9874632183569017e-13,0.0
33.32000000000194,booster,2.006661181015861e-13,612.6692697611218,1.749599796017323e-14,57.054360300258935,57.054360300258935,1.5707963267948966,0.0,38666.42850145845,25466.428501458453,500000.0,1.0,1855.1557457637991,612.6692697611218,2.006661181015861e-13,0.0
33.43000000000192,booster,2.025954428278654e-13,618.9637481597748,1.7582639976998937e-14,57.39080882270705,57.39080882270705,1.5707963267948966,0.0,38646.54041929044,25446.540419290443,500000.0,1.0,1875.7103685408358,618.9637481597748,2.025954428278654e-13,0.0
33.540000000001896,booster,2.045343003377098e-13,625.2952713168007,1.7669321298839965e-14,57.72790138196543,57.72790138196543,1.5707963267948966,0.0,38626.65233712243,25426.652337122432,500000.0,1.0,1896.3964254310877,625.2952713168007,2.045343003377098e-13,0.0
33.650000000001874,booster,2.0648269495504025e-13,631.6639100829692,1.7756041932406877e-14,58.06563810017256,58.06563810017256,1.5707963267948966,0.0,38606.764254954425,25406.76425495442,500000.0,1.0,1917.2140321579766,631.6639100829692,2.0648269495504025e-13,0.0
33.76000000000185,booster,2.0844063100451472e-13,638.0697353224687,1.784280188439143e-14,58.404019099183685,58.404019099183685,1.5707963267948966,0.0,38586.87617278641,25386.87617278641,500000.0,1.0,1938.1633000782085,638.0697353224687,2.0844063100451472e-13,0.0
33.87000000000183,booster,2.1040811281152643e-13,644.5128179128776,1.792960116146766e-14,58.74304450058858,58.74304450058858,1.5707963267948966,0.0,38566.9880906184,25366.9880906184,500000.0,1.0,1959.2443361582418,644.5128179128776,2.1040811281152643e-13,0.0
33.98000000000181,booster,2.1238514470220175e-13,650.9932287451354,1.8016439770292987e-14,59.082714425729414,59.082714425729414,1.5707963267948966,0.0,38547.10000845039,25347.10000845039,500000.0,1.0,1980.4572429508964,650.9932287451354,2.1238514470220175e-13,0.0
34.09000000000179,booster,2.1437173100339859e-13,657.5110387235162,1.81033177175093e-14,59.42302899571881,59.42302899571881,1.5707963267948966,0.0,38527.21192628238,25327.21192628238,500000.0,1.0,2001.8021185721254,657.5110387235162,2.1437173100339859e-13,0.0
34.200000000001765,booster,2.163678760427045e-13,664.0663187656046,1.819023500974409e-14,59.76398833145803,59.76398833145803,1.5707963267948966,0.0,38507.32384411437,25307.32384411437,500000.0,1.0,2023.2790566779447,664.0663187656046,2.163678760427045e-13,0.0
34.31000000000174,booster,2.1837358414843552e-13,670.6591398022739,1.8277191653611583e-14,60.105592553655356,60.105592553655356,1.5707963267948966,0.0,38487.435761946355,25287.43576194636,500000.0,1.0,2044.888146441519,670.6591398022739,2.1837358414843552e-13,0.0
34.42000000000172,booster,2.2038885964963434e-13,677.2895727776653,1.836418765571383e-14,60.44784178284452,60.44784178284452,1.5707963267948966,0.0,38467.54767977835,25267.54767977835,500000.0,1.0,2066.6294725304106,677.2895727776653,2.2038885964963434e-13,0.0
34.5300000000017,booster,2.2241370687606948e-13,683.9576886491699,1.845122302264188e-14,60.790736139403286,60.790736139403286,1.5707963267948966,0.0,38447.65959761034,25247.659597610338,500000.0,1.0,2088.503115083983,683.9576886491699,2.2241370687606948e-13,0.0
34.64000000000168,booster,2.2444813015823377e-13,690.6635583874131,1.8538297760976915e-14,61.13427574357228,61.13427574357228,1.5707963267948966,0.0,38427.77151544233,25227.771515442328,500000.0,1.0,2110.50914969099,690.6635583874131,2.2444813015823377e-13,0.0
34.750000000001656,booster,2.2649213382734363e-13,697.4072529762395,1.8625411877291425e-14,61.478460715473865,61.478460715473865,1.5707963267948966,0.0,38407.88343327431,25207.883433274317,500000.0,1.0,2132.6476473673097,697.4072529762395,2.2649213382734363e-13,0.0
34.860000000001634,booster,2.285457222153379e-13,704.1888434127019,1.8712565378150344e-14,61.8232911751312,61.8232911751312,1.5707963267948966,0.0,38387.99535110631,25187.995351106307,500000.0,1.0,2154.9186745338693,704.1888434127019,2.285457222153379e-13,0.0
34.97000000000161,booster,2.306088996548772e-13,711.0084007070509,1.8799758270112252e-14,62.16876724248742,62.16876724248742,1.5707963267948966,0.0,38368.1072689383,25168.107268938296,500000.0,1.0,2177.3222929947265,711.0084007070509,2.306088996548772e-13,0.0
35.08000000000159,booster,2.3268167047934343e-13,717.8659958827275,1.8886990559730545e-14,62.51488903742495,62.51488903742495,1.5707963267948966,0.0,38348.219186770286,25148.219186770286,500000.0,1.0,2199.8585599153344,717.8659958827275,2.3268167047934343e-13,0.0
35.19000000000157,booster,2.3476403902283896e-13,724.7616999763568,1.897426225355463e-14,62.86165667978501,62.86165667978501,1.5707963267948966,0.0,38328.33110460227,25128.331104602275,500000.0,1.0,2222.527527800978,724.7616999763568,2.3476403902283896e-13,0.0
35.300000000001546,booster,2.368560096201865e-13,731.6955840377458,1.906157335813113e-14,63.2090702893872,63.2090702893872,1.5707963267948966,0.0,38308.443022434265,25108.443022434265,500000.0,1.0,2245.3292444753984,731.6955840377458,2.368560096201865e-13,0.0
35.410000000001524,booster,2.389575866069287e-13,738.667719129881,1.914892388000508e-14,63.557129986049276,63.557129986049276,1.5707963267948966,0.0,38288.55494026626,25088.554940266255,500000.0,1.0,2268.263753059583,738.667719129881,2.389575866069287e-13,0.0
35.5200000000015,booster,2.4106877431932845e-13,745.6781763289296,1.9236313825721172e-14,63.90583588960705,63.90583588960705,1.5707963267948966,0.0,38268.666858098244,25068.666858098244,500000.0,1.0,2291.3310919507576,745.6781763289296,2.4106877431932845e-13,0.0
35.63000000000148,booster,2.4318957709436825e-13,752.7270267242427,1.9323743201824946e-14,64.25518811993442,64.25518811993442,1.5707963267948966,0.0,38248.77877593023,25048.778775930234,500000.0,1.0,2314.5312948015476,752.7270267242427,2.4318957709436825e-13,0.0
35.74000000000146,booster,2.4531999926975094e-13,759.8143414183608,1.9411212014864054e-14,64.60518679696351,64.60518679696351,1.5707963267948966,0.0,38228.89069376222,25028.890693762223,500000.0,1.0,2337.864390499334,759.8143414183608,2.4531999926975094e-13,0.0
35.85000000000144,booster,2.4746004518389953e-13,766.9401915270208,1.949872027138948e-14,64.95583204070506,64.95583204070506,1.5707963267948966,0.0,38209.00261159422,25009.002611594213,500000.0,1.0,2361.3304031458015,766.9401915270208,2.4746004518389953e-13,0.0
35.960000000001415,booster,2.4960971917595815e-13,774.1046481791659,1.9586267977956826e-14,65.3071239712688,65.3071239712688,1.5707963267948966,0.0,38189.1145294262,24989.114529426202,500000.0,1.0,2384.92935203667,774.1046481791659,2.4960971917595815e-13,0.0
36.07000000000139,booster,2.517690255857922e-13,781.3077825169582,1.9673855141127538e-14,65.65906270888408,65.65906270888408,1.5707963267948966,0.0,38169.22644725819,24969.226447258192,500000.0,1.0,2408.6612516416303,781.3077825169582,2.517690255857922e-13,0.0
36.18000000000137,booster,2.5393796875398925e-13,788.5496656957924,1.9761481767470192e-14,66.01164837392065,66.01164837392065,1.5707963267948966,0.0,38149.33836509018,24949.33836509018,500000.0,1.0,2432.5261115844687,788.5496656957924,2.5393796875398925e-13,0.0
36.29000000000135,booster,2.561165530218597e-13,795.8303688843122,1.9849147863561764e-14,66.3648810869094,66.3648810869094,1.5707963267948966,0.0,38129.450282922175,24929.45028292217,500000.0,1.0,2456.523936623387,795.8303688843122,2.561165530218597e-13,0.0
36.40000000000133,booster,2.5830478273143837e-13,803.14996326443,1.9936853435988942e-14,66.71876096856354,66.71876096856354,1.5707963267948966,0.0,38109.56220075416,24909.56220075416,500000.0,1.0,2480.6547266315356,803.14996326443,2.5830478273143837e-13,0.0
36.510000000001305,booster,2.6050266222548486e-13,810.5085200313473,2.0024598491349375e-14,67.07328813979959,67.07328813979959,1.5707963267948966,0.0,38089.67411858615,24889.67411858615,500000.0,1.0,2504.9184765777313,810.5085200313473,2.6050266222548486e-13,0.0
36.62000000000128,booster,2.6271019584748513e-13,817.9061103935786,2.011238303625301e-14,67.42846272175876,67.42846272175876,1.5707963267948966,0.0,38069.78603641814,24869.78603641814,500000.0,1.0,2529.3151765073985,817.9061103935786,2.6271019584748513e-13,0.0
36.73000000000126,booster,2.6492738794165333e-13,825.342805572978,2.0200207077323403e-14,67.78428483582833,67.78428483582833,1.5707963267948966,0.0,38049.89795425013,24849.89795425013,500000.0,1.0,2553.8448115236943,825.342805572978,2.6492738794165333e-13,0.0
36.84000000000124,booster,2.6715424285293247e-13,832.8186768047656,2.0288070621199013e-14,68.14075460366317,68.14075460366317,1.5707963267948966,0.0,38030.00987208212,24830.00987208212,500000.0,1.0,2578.50736176886,832.8186768047656,2.6715424285293247e-13,0.0
36.95000000000122,booster,2.693907649269972e-13,840.3337953375596,2.037597367453456e-14,68.49787214720753,68.49787214720753,1.5707963267948966,0.0,38010.121789914105,24810.12178991411,500000.0,1.0,2603.302802405781,840.3337953375596,2.693907649269972e-13,0.0
37.060000000001196,booster,2.716369585102549e-13,847.8882324334095,2.046391624400234e-14,68.85563758871673,68.85563758871673,1.5707963267948966,0.0,37990.2337077461,24790.233707746098,500000.0,1.0,2628.2311035997454,847.8882324334095,2.716369585102549e-13,0.0
37.170000000001174,booster,2.7389282794984796e-13,855.4820593678304,2.0551898336293582e-14,69.21405105077928,69.21405105077928,1.5707963267948966,0.0,37970.34562557809,24770.345625578087,500000.0,1.0,2653.2922305004363,855.4820593678304,2.7389282794984796e-13,0.0
37.28000000000115,booster,2.761583775936558e-13,863.115347429842,2.0639919958119794e-14,69.5731126563388,69.5731126563388,1.5707963267948966,0.0,37950.45754341008,24750.457543410077,500000.0,1.0,2678.48614322412,863.115347429842,2.761583775936558e-13,0.0
37.39000000000113,booster,2.7843361179029743e-13,870.7881679220078,2.072798111621412e-14,69.93282252871637,69.93282252871637,1.5707963267948966,0.0,37930.56946124206,24730.569461242067,500000.0,1.0,2703.8127968360727,870.7881679220078,2.7843361179029743e-13,0.0
37.50000000000111,booster,2.807185348891338e-13,878.500592160479,2.081608181733272e-14,70.29318079163282,70.29318079163282,1.5707963267948966,0.0,37910.681379074056,24710.681379074056,500000.0,1.0,2729.272141333207,878.500592160479,2.807185348891338e-13,0.0
37.61000000000109,booster,2.8301315124027016e-13,886.2526914750382,2.090422206825614e-14,70.6541875692313,70.6541875692313,1.5707963267948966,0.0,37890.79329690605,24690.793296906046,500000.0,1.0,2754.8641216269434,886.2526914750382,2.8301315124027016e-13,0.0
37.720000000001065,booster,2.853174651945592e-13,894.0445372091491,2.0992401875790692e-14,71.01584298609977,71.01584298609977,1.5707963267948966,0.0,37870.905214738035,24670.905214738035,500000.0,1.0,2780.588677526279,894.0445372091491,2.853174651945592e-13,0.0
37.83000000000104,booster,2.876314811036038e-13,901.8762007200048,2.108062124676987e-14,71.37814716729392,71.37814716729392,1.5707963267948966,0.0,37851.01713257002,24651.017132570025,500000.0,1.0,2806.4457437211095,901.8762007200048,2.876314811036038e-13,0.0
37.94000000000102,booster,2.8995520331975985e-13,909.7477533785816,2.116888018805571e-14,71.7411002383599,71.7411002383599,1.5707963267948966,0.0,37831.129050402014,24631.129050402014,500000.0,1.0,2832.435249765758,909.7477533785816,2.8995520331975985e-13,0.0
38.050000000001,booster,2.9228863619613993e-13,917.659266569694,2.1257178706540246e-14,72.10470232535748,72.10470232535748,1.5707963267948966,0.0,37811.24096823401,24611.240968234004,500000.0,1.0,2858.557120062745,917.659266569694,2.9228863619613993e-13,0.0
38.16000000000098,booster,2.946317840866164e-13,925.6108116920522,2.134551680914689e-14,72.46895355488303,72.46895355488303,1.5707963267948966,0.0,37791.35288606599,24591.352886065994,500000.0,1.0,2884.8112738467844,925.6108116920522,2.946317840866164e-13,0.0
38.270000000000955,booster,2.96984651345825e-13,933.6024601583224,2.143389450283188e-14,72.83385405409295,72.83385405409295,1.5707963267948966,0.0,37771.46480389798,24571.464803897983,500000.0,1.0,2911.197625169016,933.6024601583224,2.96984651345825e-13,0.0
38.38000000000093,booster,2.9934724232916847e-13,941.6342833951908,2.1522311794585694e-14,73.19940395072703,73.19940395072703,1.5707963267948966,0.0,37751.57672172997,24551.576721729973,500000.0,1.0,2937.7160828814754,941.6342833951908,2.9934724232916847e-13,0.0
38.49000000000091,booster,3.017195613928206e-13,949.7063528434268,2.161076869143451e-14,73.56560337313188,73.56560337313188,1.5707963267948966,0.0,37731.688639561966,24531.688639561962,500000.0,1.0,2964.366550621791,949.7063528434268,3.017195613928206e-13,0.0
38.60000000000089,booster,3.0410161289372995e-13,957.8187399579532,2.169926520044164e-14,73.9324524502847,73.9324524502847,1.5707963267948966,0.0,37711.80055739395,24511.80055739395,500000.0,1.0,2991.148926798133,957.8187399579532,3.0410161289372995e-13,0.0
38.71000000000087,booster,3.0649340118962404e-13,965.9715162079159,2.1787801328709e-14,74.29995131181703,74.29995131181703,1.5707963267948966,0.0,37691.91247522594,24491.91247522594,500000.0,1.0,3018.0631045743917,965.9715162079159,3.0649340118962404e-13,0.0
38.820000000000846,booster,3.08894930639014e-13,974.1647530767573,2.1876377083378546e-14,74.66810008803868,74.66810008803868,1.5707963267948966,0.0,37672.02439305793,24472.02439305793,500000.0,1.0,3045.1089718556136,974.1647530767573,3.08894930639014e-13,0.0
38.930000000000824,booster,3.113062056011988e-13,982.3985220622924,2.1964992471633782e-14,75.03689890996176,75.03689890996176,1.5707963267948966,0.0,37652.136310889924,24452.13631088992,500000.0,1.0,3072.286411273662,982.3985220622924,3.113062056011988e-13,0.0
39.0400000000008,booster,3.137272304362699e-13,990.6728946767873,2.2053647500701216e-14,75.40634790932475,75.40634790932475,1.5707963267948966,0.0,37632.24822872191,24432.24822872191,500000.0,1.0,3099.5953001731305,990.6728946767873,3.137272304362699e-13,0.0
39.15000000000078,booster,3.161580095051161e-13,998.9879424470403,2.2142342177851855e-14,75.77644721861692,75.77644721861692,1.5707963267948966,0.0,37612.360146553896,24412.3601465539,500000.0,1.0,3127.035510597519,998.9879424470403,3.161580095051161e-13,0.0
39.26000000000076,booster,3.185985471694286e-13,1007.343736914466,2.2231076510402686e-14,76.14719697110264,76.14719697110264,1.5707963267948966,0.0,37592.47206438589,24392.47206438589,500000.0,1.0,3154.6069092756347,1007.343736914466,3.185985471694286e-13,0.0
39.370000000000736,booster,3.2104884779170597e-13,1015.7403496351815,2.2319850505718202e-14,76.518597300846,76.518597300846,1.5707963267948966,0.0,37572.58398221788,24372.58398221788,500000.0,1.0,3182.3093576082674,1015.7403496351815,3.2104884779170597e-13,0.0
39.480000000000715,booster,3.235089157352597e-13,1024.1778521800966,2.240866417121189e-14,76.89064834273535,76.89064834273535,1.5707963267948966,0.0,37552.69590004987,24352.69590004987,500000.0,1.0,3210.1427116550976,1024.1778521800966,3.235089157352597e-13,0.0
39.59000000000069,booster,3.259787553642193e-13,1032.6563161350048,2.2497517514347762e-14,77.26335023250812,77.26335023250812,1.5707963267948966,0.0,37532.807817881854,24332.807817881858,500000.0,1.0,3238.1068221218693,1032.6563161350048,3.259787553642193e-13,0.0
39.70000000000067,booster,3.2845837104353855e-13,1041.1758131006786,2.2586410542641864e-14,77.63670310677581,77.63670310677581,1.5707963267948966,0.0,37512.91973571385,24312.919735713847,500000.0,1.0,3266.201534347828,1041.1758131006786,3.2845837104353855e-13,0.0
39.81000000000065,booster,3.309477671390005e-13,1049.7364146929672,2.267534326366382e-14,78.01070710304882,78.01070710304882,1.5707963267948966,0.0,37493.03165354584,24293.031653545837,500000.0,1.0,3294.4266882933857,1049.7364146929672,3.309477671390005e-13,0.0
39.92000000000063,booster,3.3344694801722416e-13,1058.3381925428969,2.276431568503836e-14,78.38536235976174,78.38536235976174,1.5707963267948966,0.0,37473.14357137783,24273.143571377826,500000.0,1.0,3322.7821185280895,1058.3381925428969,3.3344694801722416e-13,0.0
40.030000000000605,booster,3.3595591804567013e-13,1066.9812182967735,2.285332781444689e-14,78.76066901629855,78.76066901629855,1.5707963267948966,0.0,37453.25548920981,24253.255489209816,500000.0,1.0,3351.267654218805,1066.9812182967735,3.3595591804567013e-13,0.0
40.14000000000058,booster,3.384746815926474e-13,1075.6655636162877,2.294237965962901e-14,79.1366272130179,79.1366272130179,1.5707963267948966,0.0,37433.367407041806,24233.367407041806,500000.0,1.0,3379.883119118198,1075.6655636162877,3.384746815926474e-13,0.0
40.25000000000056,booster,3.4100324302731947e-13,1084.391300178626,2.303147122838409e-14,79.51323709127875,79.51323709127875,1.5707963267948966,0.0,37413.4793248738,24213.479324873795,500000.0,1.0,3408.62833155346,1084.391300178626,3.4100324302731947e-13,0.0
40.36000000000054,booster,3.4354160671971104e-13,1093.1584996765787,2.3120602528572863e-14,79.89049879346587,79.89049879346587,1.5707963267948966,0.0,37393.591242705785,24193.591242705785,500000.0,1.0,3437.503104415307,1093.1584996765787,3.4354160671971104e-13,0.0
40.47000000000052,booster,3.4608977704071517e-13,1101.967233818657,2.3209773568118946e-14,80.26841246301557,80.26841246301557,1.5707963267948966,0.0,37373.70316053777,24173.703160537774,500000.0,1.0,3466.5072451472433,1101.967233818657,3.4608977704071517e-13,0.0
40.580000000000496,booster,3.486477583620998e-13,1110.8175743292093,2.329898435501047e-14,80.64697824444157,80.64697824444157,1.5707963267948966,0.0,37353.815078369764,24153.815078369764,500000.0,1.0,3495.640555735095,1110.8175743292093,3.486477583620998e-13,0.0
40.690000000000474,booster,3.512155550565153e-13,1119.7095929485406,2.3388234897301642e-14,81.02619628336086,81.02619628336086,1.5707963267948966,0.0,37333.92699620176,24133.926996201753,500000.0,1.0,3524.902832696807,1119.7095929485406,3.512155550565153e-13,0.0
40.80000000000045,booster,3.5379317149750177e-13,1128.643361433036,2.347752520311435e-14,81.40606672651988,81.40606672651988,1.5707963267948966,0.0,37314.03891403374,24114.038914033743,500000.0,1.0,3554.293867072523,1128.643361433036,3.5379317149750177e-13,0.0
40.91000000000043,booster,3.563806120594965e-13,1137.6189515552855,2.3566855280639756e-14,81.78658972182058,81.78658972182058,1.5707963267948966,0.0,37294.15083186573,24094.150831865732,500000.0,1.0,3583.8134444149305,1137.6189515552855,3.563806120594965e-13,0.0
41.02000000000041,booster,3.589778811178416e-13,1146.6364351042132,2.365622513813992e-14,82.16776541834678,82.16776541834678,1.5707963267948966,0.0,37274.26274969772,24074.262749697722,500000.0,1.0,3613.46134477988,1146.6364351042132,3.589778811178416e-13,0.0
41.130000000000386,booster,3.615849830487919e-13,1155.6958838852092,2.374563478394941e-14,82.54959396639042,82.54959396639042,1.5707963267948966,0.0,37254.374667529715,24054.37466752971,500000.0,1.0,3643.2373427172756,1155.6958838852092,3.615849830487919e-13,0.0
41.240000000000364,booster,3.6420192222952333e-13,1164.7973697202624,2.383508422647691e-14,82.93207551747825,82.93207551747825,1.5707963267948966,0.0,37234.4865853617,24034.4865853617,500000.0,1.0,3673.1412072622575,1164.7973697202624,3.6420192222952333e-13,0.0
41.35000000000034,booster,3.6682870303814076e-13,1173.9409644481,2.392457347420687e-14,83.31521022439841,83.31521022439841,1.5707963267948966,0.0,37214.59850319369,24014.59850319369,500000.0,1.0,3703.172701926655,1173.9409644481,3.6682870303814076e-13,0.0
41.46000000000032,booster,3.694653298536868e-13,1183.1267399243252,2.401410253570113e-14,83.69899824122697,83.69899824122697,1.5707963267948966,0.0,37194.71042102568,23994.71042102568,500000.0,1.0,3733.331584690702,1183.1267399243252,3.694653298536868e-13,0.0
41.5700000000003,booster,3.721118070561498e-13,1192.3547680215624,2.4103671419600566e-14,84.08343972335486,84.08343972335486,1.5707963267948966,0.0,37174.82233885767,23974.82233885767,500000.0,1.0,3763.6176079950574,1192.3547680215624,3.721118070561498e-13,0.0
41.68000000000028,booster,3.747681390264735e-13,1201.6251206296026,2.4193280134626726e-14,84.46853482751489,84.46853482751489,1.5707963267948966,0.0,37154.93425668966,23954.93425668966,500000.0,1.0,3794.0305187331032,1201.6251206296026,3.747681390264735e-13,0.0
41.790000000000255,booster,3.774343301465651e-13,1210.937869655552,2.4282928689583516e-14,84.85428371180868,84.85428371180868,1.5707963267948966,0.0,37135.046174521645,23935.04617452165,500000.0,1.0,3824.5700582435184,1210.937869655552,3.774343301465651e-13,0.0
41.90000000000023,booster,3.801103847993051e-13,1220.2930870239854,2.437261709335883e-14,85.24068653573383,85.24068653573383,1.5707963267948966,0.0,37115.15809235364,23915.15809235364,500000.0,1.0,3855.2359623031375,1220.2930870239854,3.801103847993051e-13,0.0
42.01000000000021,booster,3.8279630736855623e-13,1229.6908446770988,2.4462345354926228e-14,85.62774346021115,85.62774346021115,1.5707963267948966,0.0,37095.27001018563,23895.270010185628,500000.0,1.0,3886.027961120101,1229.6908446770988,3.8279630736855623e-13,0.0
42.12000000000019,booster,3.854921022391733e-13,1239.1312145748705,2.4552113483346614e-14,86.015454647612,86.015454647612,1.5707963267948966,0.0,37075.38192801762,23875.381928017618,500000.0,1.0,3916.945779327285,1239.1312145748705,3.854921022391733e-13,0.0
42.23000000000017,booster,3.8819777379701244e-13,1248.61426869522,2.4641921487769918e-14,86.40382026178571,86.40382026178571,1.5707963267948966,0.0,37055.4938458496,23855.493845849607,500000.0,1.0,3947.989135976027,1248.61426869522,3.8819777379701244e-13,0.0
42.340000000000146,booster,3.909133264289415e-13,1258.140079034173,2.473176937743677e-14,86.79284046808719,86.79284046808719,1.5707963267948966,0.0,37035.6057636816,23835.605763681597,500000.0,1.0,3979.1577445301373,1258.140079034173,3.909133264289415e-13,0.0
42.450000000000124,booster,3.936387645228496e-13,1267.7087176060281,2.4821657161680207e-14,87.18251543340455,87.18251543340455,1.5707963267948966,0.0,37015.71768151359,23815.717681513586,500000.0,1.0,4010.4513128602043,1267.7087176060281,3.936387645228496e-13,0.0
42.5600000000001,booster,3.963740924676578e-13,1277.3202564435271,2.4911584849927363e-14,87.57284532618687,87.57284532618687,1.5707963267948966,0.0,36995.829599345576,23795.829599345576,500000.0,1.0,4041.869543238185,1277.3202564435271,3.963740924676578e-13,0.0
42.67000000000008,booster,3.9911931465332943e-13,1286.9747675980288,2.5001552451701185e-14,87.96383031647194,87.96383031647194,1.5707963267948966,0.0,36975.94151717756,23775.941517177565,500000.0,1.0,4073.4121323322865,1286.9747675980288,3.9911931465332943e-13,0.0
42.78000000000006,booster,4.018744354708807e-13,1296.6723231396847,2.5091559976622123e-14,88.3554705759144,88.3554705759144,1.5707963267948966,0.0,36956.053435009555,23756.053435009555,500000.0,1.0,4105.078771202159,1296.6723231396847,4.018744354708807e-13,0.0
42.890000000000036,booster,4.046394593123914e-13,1306.4129951576183,2.518160743440985e-14,88.7477662778135,88.7477662778135,1.5707963267948966,0.0,36936.16535284155,23736.165352841545,500000.0,1.0,4136.869145294349,1306.4129951576183,4.046394593123914e-13,0.0
43.000000000000014,booster,4.07414390571016e-13,1316.1968557601074,2.527169483488502e-14,89.1407175971414,89.1407175971414,1.5707963267948966,0.0,36916.277270673534,23716.277270673534,500000.0,1.0,4168.782934438087,1316.1968557601074,4.07414390571016e-13,0.0
43.10999999999999,booster,4.10199233640995e-13,1326.0239770747708,2.5361822187970943e-14,89.5343247105715,89.5343247105715,1.5707963267948966,0.0,36896.38918850552,23696.389188505524,500000.0,1.0,4200.819812841352,1326.0239770747708,4.10199233640995e-13,0.0
43.21999999999997,booster,4.1299399291766624e-13,1335.8944312487558,2.5451989503695356e-14,89.92858779650649,89.92858779650649,1.5707963267948966,0.0,36876.50110633751,23676.501106337513,500000.0,1.0,4232.979449087229,1335.8944312487558,4.1299399291766624e-13,0.0
43.32999999999995,booster,4.157986727974762e-13,1345.8082904489308,2.5542196792192135e-14,90.32350703510694,90.32350703510694,1.5707963267948966,0.0,36856.61302416951,23656.613024169503,500000.0,1.0,4265.2615061305705,1345.8082904489308,4.157986727974762e-13,0.0
43.43999999999993,booster,4.1861327767799223e-13,1355.7656268620792,2.5632444063703073e-14,90.71908260831974,90.71908260831974,1.5707963267948966,0.0,36836.72494200149,23636.724942001492,500000.0,1.0,4297.665641294963,1355.7656268620792,4.1861327767799223e-13,0.0
43.549999999999905,booster,4.2143781195791424e-13,1365.7665126950994,2.5722731328579604e-14,91.11531469990669,91.11531469990669,1.5707963267948966,0.0,36816.83685983348,23616.836859833482,500000.0,1.0,4330.191506269988,1365.7665126950994,4.2143781195791424e-13,0.0
43.65999999999988,booster,4.2427228003708667e-13,1375.811020175203,2.581305859728456e-14,91.51220349547323,91.51220349547323,1.5707963267948966,0.0,36796.94877766547,23596.94877766547,500000.0,1.0,4362.838747108786,1375.811020175203,4.2427228003708667e-13,0.0
43.76999999999986,booster,4.2711668631651155e-13,1385.8992215501212,2.5903425880393936e-14,91.90974918249714,91.90974918249714,1.5707963267948966,0.0,36777.060695497465,23577.06069549746,500000.0,1.0,4395.60700422592,1385.8992215501212,4.2711668631651155e-13,0.0
43.87999999999984,booster,4.299710351983602e-13,1396.0311890883136,2.5993833188598675e-14,92.30795195035735,92.30795195035735,1.5707963267948966,0.0,36757.17261332945,23557.17261332945,500000.0,1.0,4428.495912395535,1396.0311890883136,4.299710351983602e-13,0.0
43.98999999999982,booster,4.328353310859863e-13,1406.2069950791758,2.6084280532706407e-14,92.70681199036305,92.70681199036305,1.5707963267948966,0.0,36737.28453116144,23537.28453116144,500000.0,1.0,4461.505100749851,1406.2069950791758,4.328353310859863e-13,0.0
44.099999999999795,booster,4.3570957838393916e-13,1416.4267118332564,2.6174767923643244e-14,93.10632949578252,93.10632949578252,1.5707963267948966,0.0,36717.39644899343,23517.39644899343,500000.0,1.0,4494.634192777911,1416.4267118332564,4.3570957838393916e-13,0.0
44.20999999999977,booster,4.3859378149797653e-13,1426.6904116824703,2.626529537245557e-14,93.50650466187234,93.50650466187234,1.5707963267948966,0.0,36697.50836682542,23497.50836682542,500000.0,1.0,4527.882806324682,1426.6904116824703,4.3859378149797653e-13,0.0
44.31999999999975,booster,4.414879448350777e-13,1436.9981669803237,2.6355862890311798e-14,93.90733768590651,93.90733768590651,1.5707963267948966,0.0,36677.62028465741,23477.62028465741,500000.0,1.0,4561.250553590426,1436.9981669803237,4.414879448350777e-13,0.0
44.42999999999973,booster,4.443920728034573e-13,1447.350050102134,2.644647048850419e-14,94.3088287672058,94.3088287672058,1.5707963267948966,0.0,36657.732202489395,23457.7322024894,500000.0,1.0,4594.737041130404,1447.350050102134,4.443920728034573e-13,0.0
44.53999999999971,booster,4.4730616981257933e-13,1457.7461334452576,2.653711817845065e-14,94.71097810716708,94.71097810716708,1.5707963267948966,0.0,36637.84412032139,23437.844120321388,500000.0,1.0,4628.34186985487,1457.7461334452576,4.4730616981257933e-13,0.0
44.649999999999686,booster,4.5023024027317054e-13,1468.1864894293208,2.6627805971696513e-14,95.11378590929264,95.11378590929264,1.5707963267948966,0.0,36617.95603815338,23417.956038153377,500000.0,1.0,4662.064635029376,1468.1864894293208,4.5023024027317054e-13,0.0
44.759999999999664,booster,4.5316428859723475e-13,1478.671190496452,2.6718533879916353e-14,95.51725237921981,95.51725237921981,1.5707963267948966,0.0,36598.06795598537,23398.067955985367,500000.0,1.0,4695.904926275384,1478.671190496452,4.5316428859723475e-13,0.0
44.86999999999964,booster,4.561083191980672e-13,1489.2003091115187,2.680930191491582e-14,95.92137772475056,95.92137772475056,1.5707963267948966,0.0,36578.17987381735,23378.179873817357,500000.0,1.0,4729.862327571204,1489.2003091115187,4.561083191980672e-13,0.0
44.97999999999962,booster,4.590623364902691e-13,1499.7739177623664,2.6900110088633417e-14,96.32616215588105,96.32616215588105,1.5707963267948966,0.0,36558.291791649346,23358.291791649346,500000.0,1.0,4763.936417253209,1499.7739177623664,4.590623364902691e-13,0.0
45.0899999999996,booster,4.62026344889762e-13,1510.3920889600627,2.6990958413142333e-14,96.73160588483145,96.73160588483145,1.5707963267948966,0.0,36538.40370948134,23338.403709481336,500000.0,1.0,4798.126768017391,1510.3920889600627,4.62026344889762e-13,0.0
45.19999999999958,booster,4.650003488138035e-13,1521.0548952391432,2.708184690065229e-14,97.13770912607569,97.13770912607569,1.5707963267948966,0.0,36518.515627313325,23318.515627313325,500000.0,1.0,4832.4329469212025,1521.0548952391432,4.650003488138035e-13,0.0
45.309999999999555,booster,4.679843526810014e-13,1531.7624091578614,2.7172775563511338e-14,97.5444720963714,97.5444720963714,1.5707963267948966,0.0,36498.62754514531,23298.627545145315,500000.0,1.0,4866.854515385733,1531.7624091578614,4.679843526810014e-13,0.0
45.41999999999953,booster,4.709783609113299e-13,1542.51470329844,2.7263744414207716e-14,97.95189501478977,97.95189501478977,1.5707963267948966,0.0,36478.739462977304,23278.739462977304,500000.0,1.0,4901.391029198173,1542.51470329844,4.709783609113299e-13,0.0
45.52999999999951,booster,4.739823779261442e-13,1553.3118502673285,2.7354753465371683e-14,98.35997810274567,98.35997810274567,1.5707963267948966,0.0,36458.8513808093,23258.851380809294,500000.0,1.0,4936.0420385146035,1553.3118502673285,4.739823779261442e-13,0.0
45.63999999999949,booster,4.769964081481972e-13,1564.1539226954628,2.7445802729777335e-14,98.76872158402769,98.76872158402769,1.5707963267948966,0.0,36438.96329864128,23238.963298641283,500000.0,1.0,4970.807087863106,1564.1539226954628,4.769964081481972e-13,0.0
45.74999999999947,booster,4.800204560016544e-13,1575.0409932385273,2.7536892220344498e-14,99.1781256848282,99.1781256848282,1.5707963267948966,0.0,36419.07521647327,23219.075216473273,500000.0,1.0,5005.685716147145,1575.0409932385273,4.800204560016544e-13,0.0
45.859999999999445,booster,4.830545259121114e-13,1585.9731345772204,2.7628021950140543e-14,99.58819063377379,99.58819063377379,1.5707963267948966,0.0,36399.18713430526,23199.187134305263,500000.0,1.0,5040.677456649329,1585.9731345772204,4.830545259121114e-13,0.0
45.96999999999942,booster,4.860986223066084e-13,1596.9504194175263,2.7719191932382236e-14,99.99891666195539,99.99891666195539,1.5707963267948966,0.0,36379.299052137256,23179.299052137252,500000.0,1.0,5075.781837035422,1596.9504194175263,4.860986223066084e-13,0.0
46.0799999999994,booster,-1.4925947777289048e-05,1607.9729204889804,-0.0003295617171789229,100.41030395903816,100.41030395957898,1.5707937640976697,-5.667212991086131e-05,36359.41096996924,23159.41096996924,500000.0,1.0,5110.998374943753,1607.9729204889804,-1.4925947777289048e-05,0.00026786064458540705
46.18999999999938,booster,-7.333564040594107e-05,1619.0407105451866,-0.000732300653584009,100.82235279545351,100.82235279811296,1.5707836584508552,-0.0001274701003076996,36339.52288780123,23139.52288780123,500000.0,1.0,5146.326590394577,1619.0407105451866,-7.333564040594107e-05,0.00027724557055538215
46.29999999999936,booster,-0.00017577709603293706,1630.1538623695958,-0.0011280153181506556,101.23506342147338,101.23506342775785,1.5707656340734555,-0.00020062025552953518,36319.63480563322,23119.63480563322,500000.0,1.0,5181.765995404614,1630.1538623695958,-0.00017577709603293706,0.0002860076525858784
46.409999999999336,booster,-0.0003207691847269915,1641.3124487724938,-0.0015037606034848368,101.64843608165351,101.64843609277665,1.5707394417953053,-0.0002759486429482281,36299.746723465214,23099.74672346521,500000.0,1.0,5217.316095530875,1641.3124487724938,-0.0003207691847269915,0.00029415121826263695
46.519999999999314,booster,-0.0005053862161942873,1652.5165425911905,-0.0018462216421136891,102.06247102275398,102.06247103945226,1.5707048515588908,-0.00035328175787047823,36279.8586412972,23079.8586412972,500000.0,1.0,5252.976390680146,1652.5165425911905,-0.0005053862161942873,0.0003016815301619625
46.62999999999929,booster,-0.0007252188352650438,1663.766216690247,-0.002141742315879551,102.47716849339277,102.47716851577366,1.5706616523550982,-0.0004324468147552006,36259.970559129186,23059.97055912919,500000.0,1.0,5288.7463750785255,1663.766216690247,-0.0007252188352650438,0.0003086047549029682
46.73999999999927,booster,-0.0009743380462014164,1675.0615439616554,-0.0023763536277033735,102.89252874367337,102.8925287711149,1.570609652129496,-0.000513272011755373,36240.08247696118,23040.08247696118,500000.0,1.0,5324.625537239973,1675.0615439616554,-0.0009743380462014164,0.00031492793215014717
46.84999999999925,booster,-0.0012452623485681856,1686.4025973249843,-0.002535801897439492,103.30855202478955,103.30855205591132,1.570548677659899,-0.0005955867882861354,36220.19439479317,23020.19439479317,500000.0,1.0,5360.613359934333,1686.4025973249843,-0.0012452623485681856,0.0003206589427641607
46.959999999999226,booster,-0.0015289279632787341,1697.789449727474,-0.002605576745000195,103.72523858861065,103.72523862133669,1.5704785744059928,-0.0006792220753444316,36200.30631262516,23000.306312625158,500000.0,1.0,5396.709320155229,1697.789449727474,-0.0015289279632787341,0.00032580647626811326
47.069999999999204,booster,-0.0018146621234531883,1709.2221741440885,-0.00257093882530365,104.14258868725061,104.14258871898464,1.570399206331837,-0.0007640105383181579,36180.418230457144,22980.418230457148,500000.0,1.0,5432.912889088166,1709.2221741440885,-0.0018146621234531883,0.0003303799976273632
47.17999999999918,booster,-0.0020901594009044627,1720.7008435775172,-0.002416947281001536,104.56060257262438,104.56060260055858,1.570310455702083,-0.0008497868120421495,36160.53014828914,22960.530148289137,500000.0,1.0,5469.223532079328,1720.7008435775172,-0.0020901594009044627,0.00033438971350456336
47.28999999999916,booster,-0.0023414610353969943,1732.2255310581274,-0.0021284868802772224,104.97928049599531,104.97928051757317,1.5702122228527726,-0.0009363877278710298,36140.64206612113,22940.642066121127,500000.0,1.0,5505.640708605397,1732.2255310581274,-0.0023414610353969943,0.0003378465378753068
47.39999999999914,booster,-0.0025529372302993025,1743.7963096438702,-0.001690294808368841,105.39862270751699,105.39862272107075,1.5701044259376036,-0.0010236525325606652,36120.75398395312,22920.753983953116,500000.0,1.0,5542.163872244776,1743.7963096438702,-0.0025529372302993025,0.00034076205735196187
47.50999999999912,booster,-0.002707272374875342,1755.413252420131,-0.001086987082766393,105.81862945577329,105.81862946135615,1.5699870006505858,-0.0011114230987621563,36100.8659017851,22900.865901785106,500000.0,1.0,5578.792470650662,1755.413252420131,-0.002707272374875342,0.0003431484960075501
47.619999999999095,booster,-0.0027854531502264023,1767.076432499531,-0.00030308456333171885,106.23930098731987,106.2393009877522,1.5698598999260072,-0.0011995441269511112,36080.977819617096,22880.977819617096,500000.0,1.0,5615.525945526173,1767.076432499531,-0.0027854531502264023,0.00034501867989708535
47.72999999999907,booster,-0.002766759472800533,1778.785923021682,0.0006769614701574282,106.66063754623109,106.66063754837938,1.5697230936166635,-0.0012878633386313354,36061.08973744909,22861.089737449085,500000.0,1.0,5652.3637326020325,1778.785923021682,-0.002766759472800533,0.0003463860013902558
47.83999999999905,booster,-0.00262875822643132,1790.541797152886,0.0018687441992933044,107.0826393736556,107.08263938996173,1.5695765681513298,-0.0013762316606687067,36041.201655281075,22841.201655281075,500000.0,1.0,5689.305261617024,1790.541797152886,-0.00262875822643132,0.0003472643832180483
47.94999999999903,booster,-0.0023472997310463426,1802.3441280857894,0.0032878766321993978,107.50530670738395,107.50530675766116,1.5694203261724415,-0.001464503400627868,36021.31357311306,22821.313573113064,500000.0,1.0,5726.349956301532,1802.3441280857894,-0.0023472997310463426,0.0003476682424768523
48.05999999999901,booster,-0.0018965168934950264,1814.192989038994,0.004949967476434633,107.92863978143161,107.92863989494262,1.5692543861549941,-0.0015525364130008074,36001.425490945054,22801.425490945054,500000.0,1.0,5763.49723436447,1814.192989038994,-0.0018965168934950264,0.0003476124545592857
48.169999999998986,booster,-0.0012488269833854971,1826.0884532566158,0.006870597542348569,108.35263882564031,108.35263904347124,1.5690787820076595,-0.0016401922562318133,35981.53740877705,22781.537408777043,500000.0,1.0,5800.746507483809,1826.0884532566158,-0.0012488269833854971,0.0003471123170370642
48.279999999998964,booster,-0.0003749359743834095,1838.0305940078072,0.009065296698464054,108.77730406530115,108.77730444304358,1.5688935626571408,-0.0017273363404614764,35961.64932660903,22761.649326609033,500000.0,1.0,5838.097181300957,1838.0305940078072,-0.0003749359743834095,0.00034618351363732816
48.38999999999894,booster,0.0007561546108856541,1850.0194845862356,0.011549521399350877,109.20263572080171,109.20263633155365,1.5686987916167883,-0.0018138380659278924,35941.76124444102,22741.761244441022,500000.0,1.0,5875.54865541918,1850.0194845862356,0.0007561546108856541,0.00034484207836113154
48.49999999999892,booster,0.002177138416380696,1862.0551983095268,0.014338632805379689,109.62863400730038,109.62863494499513,1.5684945465405087,-0.0018995709519785459,35921.87316227301,22721.873162273012,500000.0,1.0,5913.100323406228,1862.0551983095268,0.002177138416380696,0.0003431043597464251
48.6099999999989,booster,0.003922392594760318,1874.1378085186716,0.01744787551267524,110.05529913443007,110.05530051750004,1.5682809187629978,-0.0019844127566628084,35901.985080105005,22701.985080105,500000.0,1.0,5950.75157280131,1874.1378085186716,0.003922392594760318,0.0003409869853695776
48.719999999998876,booster,0.0060279638441505445,1886.2673885774054,0.020892356910550594,110.4826313060334,110.48263328141437,1.5680580128273407,-0.0020682455868906422,35882.09699793699,22682.09699793699,500000.0,1.0,5988.501785126515,1886.2673885774054,0.0060279638441505445,0.00033850682664348004
48.829999999998854,booster,0.008531552209490891,1898.444011871556,0.024687027182669092,110.910630719932,110.9106334674112,1.5678259460010104,-0.0021509559991592098,35862.20891576898,22662.20891576898,500000.0,1.0,6026.350335902816,1898.444011871556,0.008531552209490891,0.00033568096397552114
48.93999999999883,booster,0.011472492720117447,1910.6677518083725,0.02884665996719374,111.33929756773105,111.33930130464064,1.5675848477813052,-0.00223243509086209,35842.32083360097,22642.32083360097,500000.0,1.0,6064.296594670644,1910.6677518083725,0.011472492720117447,0.00033252665230475023
49.04999999999881,booster,0.014891734936864109,1922.9386818158305,0.03338583369017149,111.76863203466117,111.76863702091646,1.56733485939126,-0.0023125785822133422,35822.43275143296,22622.43275143296,500000.0,1.0,6102.339925015075,1922.9386818158305,0.014891734936864109,0.00032906128708622975
49.15999999999879,booster,0.01883182048347659,1935.2568753419248,0.038318913585427695,112.19863429945869,112.19864084293894,1.5670761332670593,-0.0023912868888319077,35802.54466926495,22602.54466926495,500000.0,1.0,6140.479684595681,1935.2568753419248,0.01883182048347659,0.00032530237074753204
49.26999999999877,booster,0.023336858638542183,1947.6224058539508,0.043660034413286856,112.62930453428575,112.62931299655294,1.566808832537976,-0.002468465185045604,35782.656587096935,22582.65658709694,500000.0,1.0,6178.715225180929,1947.6224058539508,0.023336858638542183,0.00032126747976606365
49.379999999998745,booster,0.02845250006543831,1960.0353468377773,0.04942308388946521,113.06064290469062,113.06065370703989,1.5665331304998558,-0.002544023457989155,35762.76850492893,22562.76850492893,500000.0,1.0,6217.045892687113,1960.0353468377773,0.02845250006543831,0.0003169742322337631
49.48999999999872,booster,0.03422590875899945,1972.4957717971192,0.055621686834531614,113.49264956960951,113.49266319944311,1.5662492100831507,-0.0026178765525842057,35742.88042276092,22542.880422760918,500000.0,1.0,6255.471027221768,1972.4957717971192,0.03422590875899945,0.0003124402561309208
49.5999999999987,booster,0.040705732288693744,1985.0037542528137,0.0622691900533929,113.92532468140963,113.92534169892419,1.565957263316504,-0.002689944207501292,35722.99234059291,22522.992340592908,500000.0,1.0,6293.9899631313565,1985.0037542528137,0.040705732288693744,0.00030768315822727406
49.70999999999868,booster,0.0479420704190887,1997.5593677421002,0.06937864795331378,114.35866838597421,114.35868943114909,1.5656574907868683,-0.0027601510822186153,35703.10425842489,22503.104258424897,500000.0,1.0,6332.602029053184,1997.5593677421002,0.0479420704190887,0.0003027204937219807
49.81999999999866,booster,0.05598644218926942,2010.1626858179138,0.07696280890803758,114.79268082282886,114.79270662270237,1.5653501010971336,-0.002828426775303042,35683.21617625689,22483.216176256887,500000.0,1.0,6371.306547971338,2010.1626858179138,0.05598644218926942,0.00029756973661269155
49.929999999998635,booster,0.0648917515336541,2022.8137820481961,0.08503410237464577,115.22736212530954,115.22739350152717,1.565035310322217,-0.002894705834052107,35663.32809408888,22463.328094088876,500000.0,1.0,6410.102837276475,2022.8137820481961,0.0648917515336541,0.00029224825087463373
50.039999999998614,booster,0.07471225152732937,2035.5127300152246,0.09360462676883771,115.66271242077096,115.66275029738883,1.5647133414645649,-0.002958927755647639,35643.440011920866,22443.440011920866,500000.0,1.0,6448.990208829231,2035.5127300152246,0.07471225152732937,0.0002867732624328682
50.14999999999859,booster,0.08550350733960167,2048.259603314967,0.10268613810338414,116.09873183083522,116.0987772423601,1.564384423909983,-0.0030210369799818244,35623.55192975285,22423.551929752855,500000.0,1.0,6487.967969027081,2048.259603314967,0.08550350733960167,0.0002811618320224632
50.25999999999857,booster,0.0973223579799317,2061.054475556468,0.11229003939356,116.53542047167929,116.53547457132542,1.5640487928847089,-0.003080982874327414,35603.663847584845,22403.663847584845,500000.0,1.0,6527.035418874347,2061.054475556468,0.0973223579799317,0.0002754308288620511
50.36999999999855,booster,0.11022687692078441,2073.8974203612665,0.12242737083239134,116.97277845436037,116.9728425225018,1.56370668891461,-0.0031387197100374124,35583.77576541684,22383.775765416834,500000.0,1.0,6566.191854055131,2073.8974203612665,0.11022687692078441,0.0002695969053305809
50.479999999998526,booster,0.12427633168218856,2086.7885113628545,0.13310880073763545,117.41080588517761,117.41088133797349,1.5633583572873748,-0.0031942066314631225,35563.887683248824,22363.887683248824,500000.0,1.0,6605.436565008884,2086.7885113628545,0.12427633168218856,0.00026367647249526623
50.589999999998504,booster,0.13953114246295523,2099.7278222061695,0.14434461727141015,117.84950286606887,117.84959126423864,1.5630040475185407,-0.0032474076172958736,35543.99960108081,22343.999601080814,500000.0,1.0,6644.768837008356,2099.7278222061695,0.13953114246295523,0.00025768567664083376
50.69999999999848,booster,0.15605283990355553,2112.715426547146,0.15614472093246418,118.28886949504026,118.28897255276394,1.5626440128221815,-0.0032982914345404493,35524.1115189128,22324.111518912803,500000.0,1.0,6684.187950239557,2112.715426547146,0.15605283990355553,0.00025164037674966437
50.80999999999846,booster,0.1739040220656007,2125.7513980523004,0.16851861782006342,118.7289058666273,118.72902546054607,1.562278509587054,-0.003346831585343468,35504.223436744796,22304.223436744793,500000.0,1.0,6723.693179883526,2125.7513980523004,0.1739040220656007,0.0002455561230249665
50.91999999999844,booster,0.19314831071270294,2138.8358103983815,0.18147541366753486,119.16961207238496,119.16975025067597,1.5619077968589756,-0.0033930062469007677,35484.33535457678,22284.335354576782,500000.0,1.0,6763.283796199503,2138.8358103983815,0.19314831071270294,0.00023944813637072256
51.02999999999842,booster,0.2138503069772259,2151.9687372720678,0.1950238086425019,119.61098820140475,119.61114719290391,1.5615321358301821,-0.0034367982046801184,35464.44727240877,22264.447272408772,500000.0,1.0,6802.959064609217,2151.9687372720678,0.2138503069772259,0.00023333128893267212
51.139999999998395,booster,0.23607554649705254,2165.1502523697286,0.20917209290985944,120.05303434085663,120.05321656420269,1.5611517893363858,-0.0034781947792021095,35444.55919024076,22244.55919024076,500000.0,1.0,6842.718245782026,2165.1502523697286,0.23607554649705254,0.000227220085689318
51.24999999999837,booster,0.2598904541060089,2178.38042939724,0.2239281429525583,120.49575057655287,120.49595864932586,1.5607670213622336,-0.0035171877466265086,35424.671108072755,22224.67110807275,500000.0,1.0,6882.560595720466,2178.38042939724,0.2598904541060089,0.00022112864707812913
51.35999999999835,booster,0.2853622981609865,2191.65934206987,0.23929941864426119,120.93913699353202,120.9393737413588,1.5603780965558285,-0.003553773253399244,35404.78302590474,22204.78302590474,500000.0,1.0,6922.48536584599,2191.65934206987,0.2853622981609865,0.00021507069268932047
51.46999999999833,booster,0.3125591445880968,2204.987064112227,0.25529296106695365,121.38319367665983,121.38346214226006,1.5599852797529532,-0.003587951725219118,35384.89494373673,22184.89494373673,500000.0,1.0,6962.491803084546,2204.987064112227,0.3125591445880968,0.00020905952604375157
51.57999999999831,booster,0.3415498107293767,2218.3636692582727,0.2719153910655839,121.82792071124483,121.82822416339022,1.5595888355116094,-0.00361972777058983,35365.00686156872,22165.00686156872,500000.0,1.0,7002.57914995166,2218.3636692582727,0.3415498107293767,0.00020310802040014552
51.689999999998285,booster,0.3724038190706375,2231.7892312514045,0.2891729085308214,122.27331818366551,122.27366012602606,1.5591890276574514,-0.003649110079226231,35345.11877940071,22145.11877940071,500000.0,1.0,7042.746644636711,2231.7892312514045,0.3724038190706375,0.00019722860569686975
51.79999999999826,booster,0.4051913509300137,2245.2638238446107,0.3070712924000277,122.71938618200697,122.71977036185807,1.558786118840665,-0.0036761113155884275,35325.2306972327,22125.2306972327,500000.0,1.0,7082.993521086149,2245.2638238446107,0.4051913509300137,0.00019143325655421938
51.90999999999824,booster,0.4399832001856259,2258.7875208006926,0.32561590136556995,123.16612479670378,123.1665552134687,1.5583803701048133,-0.0037007480078177332,35305.342615064685,22105.34261506469,500000.0,1.0,7123.319009085303,2258.7875208006926,0.4399832001856259,0.00018573348128759815
52.01999999999822,booster,0.47685072711952303,2272.3603958925573,0.34481167527858436,123.61353412118643,123.61401503478936,1.557972040468141,-0.0037230404323587082,35285.45453289668,22085.454532896678,500000.0,1.0,7163.722334338507,2272.3603958925573,0.47685072711952303,0.00018014031212802082
52.1299999999982,booster,0.5158658124537038,2285.9825229035837,0.364663137235399,124.0616142525288,124.0621501915347,1.5575613865177909,-0.003743012494542717,35265.56645072867,22065.566450728667,500000.0,1.0,7204.202718547321,2285.9825229035837,0.5158658124537038,0.0001746642963641718
52.239999999998176,booster,0.5571008116525649,2299.653975628058,0.3851743963328023,124.51036529209384,124.5109610616119,1.5571486620173693,-0.003760691605421772,35245.67836856066,22045.678368560657,500000.0,1.0,7244.759379486517,2299.653975628058,0.5571008116525649,0.0001693154886415637
52.349999999998154,booster,0.6006285095645428,2313.3748278716857,0.4063491510774523,124.95978734617468,124.96044803550353,1.5567341175282519,-0.0037761085551345406,35225.79028639264,22025.790286392647,500000.0,1.0,7285.391531077647,2313.3748278716857,0.6006285095645428,0.0001641034443219634
52.45999999999813,booster,0.6465220754740574,2327.1451534521593,0.42819069343378713,125.40988052662898,125.41061151662286,1.5563180000449939,-0.0037892973830893537,35205.902204224636,22005.902204224636,500000.0,1.0,7326.0983834599565,2327.1451534521593,0.6465220754740574,0.00015903721377476482
52.56999999999811,booster,0.694855018633087,2340.9650261998136,0.4507019134938735,125.8606449515034,125.86145192163971,1.5559005526451868,-0.00380029524525378,35186.01412205663,21986.014122056626,500000.0,1.0,7366.879143058396,2340.9650261998136,0.694855018633087,0.0001541253378633133
52.67999999999809,booster,0.7457011443398401,2354.834519958337,0.47388530475179047,126.3120807456463,126.31296968077636,1.555482014154056,-0.0038091422788323003,35166.126039888615,21966.126039888615,500000.0,1.0,7407.733012648625,2354.834519958337,0.7457011443398401,0.00014937584432157095
52.78999999999807,booster,0.7991345106300246,2368.7537085855515,0.49774296996426404,126.76418804130579,126.76516523807193,1.555062618824076,-0.0038158814646186115,35146.2379577206,21946.237957720605,500000.0,1.0,7448.659191418713,2368.7537085855515,0.7991345106300246,0.00014479624519130748
52.899999999998045,booster,0.8552293856441573,2382.722665954261,0.5222766275784473,127.2169669787114,127.21803905161508,1.55464259602984,-0.0038205584873073576,35126.349875552594,21926.349875552594,500000.0,1.0,7489.656875027519,2382.722665954261,0.8552293856441573,0.00014039353521577225
53.00999999999802,booster,0.9140602057322161,2396.741465953159,0.547487618706959,127.67041770663674,127.67159159374391,1.5542221699783971,-0.0038232215940456754,35106.46179338459,21906.461793384584,500000.0,1.0,7530.725255659535,2396.741465953159,0.9140602057322161,0.00013617419126647117
53.119999999998,booster,0.9757015343547008,2410.8101824878004,0.5733769146295173,128.12454038294138,128.1258233512129,1.55380155943523,-0.0038239214515060943,35086.57371121657,21886.573711216573,500000.0,1.0,7571.8635220760825,2410.8101824878004,0.9757015343547008,0.00013214417264309508
53.22999999999798,booster,1.040228021836859,2424.928889481626,0.5999451247997933,128.57933517509002,128.58073482532643,1.5533809774660248,-0.003822711001757447,35066.68562904856,21866.685629048563,500000.0,1.0,7613.070859662829,2424.928889481626,1.040228021836859,0.00012830892234221304
53.33999999999796,booster,1.1077143660304454,2439.09766087705,0.6271925053354203,129.034802260647,129.03632653203914,1.552960631194349,-0.0038196453172083984,35046.79754688055,21846.797546880553,500000.0,1.0,7654.346450473493,2439.09766087705,1.1077143660304454,0.00012467336924329306
53.449999999997935,booster,1.1782352739349187,2453.316570636597,0.6551189679684424,129.49094182774516,129.49259900202279,1.5525407215753224,-0.003814781454895595,35026.909464712546,21826.909464712542,500000.0,1.0,7695.689473269749,2453.316570636597,1.1782352739349187,0.00012124193115691831
53.55999999999791,booster,1.2518654243274439,2467.5856927440855,0.6837240894328999,129.9477540755263,129.94955278069997,1.5521214431853423,-0.00380817831038289,35007.02138254453,21807.02138254453,500000.0,1.0,7737.0991035572415,2467.5856927440855,1.2518654243274439,0.00011801851875194364
53.66999999999789,booster,1.3286794314484807,2481.905101205865,0.7130071212656826,130.40523921455326,130.40718842824515,1.5517029840278869,-0.0037998964715353725,34987.13330037652,21787.13330037652,500000.0,1.0,7778.574513617725,2481.905101205865,1.3286794314484807,0.00011500654030499392
53.77999999999787,booster,1.408751809787082,2496.2748700520924,0.7429669999962819,130.86339746719204,130.86550651955378,1.5512855253554005,-0.0037899980724262075,34967.24521820851,21767.24521820851,500000.0,1.0,7820.1148725374205,2496.2748700520924,1.408751809787082,0.00011220890727684635
53.88999999999785,booster,1.4921569400073162,2510.695073338051,0.773602357700613,131.32222906796235,131.3245076441797,1.5508692415072272,-0.0037785466476306664,34947.357136040504,21747.3571360405,500000.0,1.0,7861.719346231481,2510.695073338051,1.4921569400073162,0.00010962804064931441
53.999999999997826,booster,1.5789690360544806,2525.1657851455047,0.8049115328936706,131.7817342638564,131.78419240624214,1.5504542997635438,-0.0037656069871550304,34927.46905387249,21727.46905387249,500000.0,1.0,7903.387097464744,2525.1657851455047,1.5789690360544806,0.00010726587804398506
54.109999999997804,booster,1.6692621134769707,2539.6870795840855,0.8368925817354351,132.24191331462504,132.24456142430267,1.5500408602152007,-0.003751244992243054,34907.580971704476,21707.58097170448,500000.0,1.0,7945.117285868751,2539.6870795840855,1.6692621134769707,0.00010512388153688581
54.21999999999778,booster,1.7631099589968442,2554.25903079271,0.8695432895241492,132.70276649303088,132.70561533121435,1.5496290756493662,-0.0037355275322964727,34887.69288953647,21687.69288953647,500000.0,1.0,7986.909067955234,2554.25903079271,1.7631099589968442,0.0001032030461981696
54.32999999999776,booster,1.86058610135925,2568.881712941026,0.9028611824508274,133.16429408506772,133.16735477394292,1.549219091450839,-0.00371852230314057,34867.80480736846,21667.80480736846,500000.0,1.0,8028.761597126059,2568.881712941026,1.86058610135925,0.00010150390928501835
54.43999999999774,booster,1.9617637834880213,2583.5552002308777,0.9368435395887096,133.62649639014606,133.62978041336214,1.5488110455188637,-0.003700297686856306,34847.91672520045,21647.916725200448,500000.0,1.0,8070.67402367979,2583.5552002308777,1.9617637834880213,0.00010002656004046152
54.549999999997716,booster,2.066715935971817,2598.279566897788,0.9714874050911952,134.08937372124504,134.09289292402477,1.548405068199273,-0.0036809226133993566,34828.028643032434,21628.028643032438,500000.0,1.0,8112.645494815092,2598.279566897788,2.066715935971817,9.877065019676095e-05
54.659999999997694,booster,2.1755151519022844,2613.05488721246,1.0067896005717765,134.5529264050306,134.5566929939102,1.5480012822317408,-0.0036604664242109613,34808.14056086443,21608.140560864427,500000.0,1.0,8154.6751546309915,2613.05488721246,2.1755151519022844,9.77354048806862e-05
54.76999999999767,booster,2.2882336630828135,2627.881235482287,1.0427467376394275,135.0171547819401,135.02118132415086,1.5475998027119202,-0.0036389987380273598,34788.25247869642,21588.252478696417,500000.0,1.0,8196.762144124275,2627.881235482287,2.2882336630828135,9.691963423501214e-05
54.87999999999765,booster,2.4049433176235184,2642.7586860528704,1.0793552305630023,135.48205920623386,135.4863586287387,1.547200737068213,-0.003616589319078744,34768.364396528406,21568.364396528406,500000.0,1.0,8238.905601184135,2642.7586860528704,2.4049433176235184,9.632174544069982e-05
54.98999999999763,booster,2.5257155589351883,2657.6873133095405,1.1166113090382594,135.94764004601404,135.9522256342134,1.546804185052897,-0.003593307947866171,34748.47631436039,21548.476314360396,500000.0,1.0,8281.10466058426,2657.6873133095405,2.5257155589351883,9.593975522612764e-05
55.09999999999761,booster,2.6506214061320565,2672.66719167888,1.1545110310313256,136.41389768321173,136.41878307933453,1.5464102387473155,-0.0035692242946938437,34728.588232192385,21528.588232192385,500000.0,1.0,8323.358453972649,2672.66719167888,2.6506214061320565,9.57713028548073e-05
55.209999999997585,booster,2.7797314358503566,2687.6983956302447,1.193050295672602,136.88083251354252,136.8860317147388,1.5460189825808257,-0.003544407796129277,34708.70015002438,21508.700150024375,500000.0,1.0,8365.66610985916,2687.6983956302447,2.7797314358503566,9.581366349008736e-05
55.31999999999756,booster,2.913115765486813,2702.780999677271,1.2322248561754308,137.34844494643207,137.35397230258488,1.5456304933631584,-0.003518927534549676,34688.812067856365,21488.812067856365,500000.0,1.0,8408.026753601278,2702.780999677271,2.913115765486813,9.606376193175012e-05
55.42999999999754,booster,3.0508440378583694,2717.915078379384,1.2720303327541453,137.8167354049123,137.8226056161871,1.5452448403298589,-0.0034928521209309335,34668.92398568835,21468.923985688354,500000.0,1.0,8450.439507388071,2717.915078379384,3.0508440378583694,9.651818671414809e-05
55.53999999999752,booster,3.192985407281736,2733.100706343282,1.3124622255165201,138.28570432548892,138.29193243964,1.5448620852004316,-0.003466249581022627,34649.035903520344,21449.035903520344,500000.0,1.0,8492.90349022267,2733.100706343282,3.192985407281736,9.717320448639505e-05
55.6499999999975,booster,3.339608527068562,2748.337958224416,1.3535159273060904,138.75535215798257,138.76195356743588,1.5444822822488147,-0.003439187245045338,34629.14782135234,21429.147821352333,500000.0,1.0,8535.417817903543,2748.337958224416,3.339608527068562,9.802477470270659e-05
55.759999999997476,booster,3.4907815384293994,2763.62690872844,1.3951867364703012,139.2256793653434,139.23266980407664,1.5441054783857862,-0.0034117316410356923,34609.25973918432,21409.259739184323,500000.0,1.0,8577.98160300465,2763.62690872844,3.4907815384293994,9.90685644910708e-05
55.869999999997454,booster,3.6465720607770176,2778.967632612645,1.437469869530962,139.6966864234418,139.70408196368223,1.5437317132529011,-0.0033839483919608803,34589.37165701631,21389.371657016312,500000.0,1.0,8620.59395485486,2778.967632612645,3.6465720607770176,0.00010029996382118725
55.97999999999743,booster,3.8070471834170236,2794.3602046873652,1.4803604737341223,140.16837382083546,140.1761908695969,1.5433610193275282,-0.0033559021167071665,34569.4835748483,21369.483574848302,500000.0,1.0,8663.253979516714,2794.3602046873652,3.8070471834170236,0.00010171410073920534
56.08999999999741,booster,3.972273458611328,2809.804699817367,1.5238536394570752,140.64074205851514,140.64899735399564,1.5429934220385622,-0.003327656335045325,34549.595492680295,21349.59549268029,500000.0,1.0,8705.960779764877,2809.804699817367,3.972273458611328,0.00010330585685285352
56.19999999999739,booster,4.1423168959975225,2825.301192923195,1.5679444124509005,141.11379164962997,141.1225022574916,1.5426289398923667,-0.0032992733766636488,34529.70741051228,21329.70741051228,500000.0,1.0,8748.71345506437,2825.301192923195,4.1423168959975225,0.00010506988282690032
56.309999999997366,booster,4.317242958344932,2840.849758982494,1.6126278058976642,141.5875231191944,141.596706428747,1.5422675846084994,-0.003270814294349611,34509.81932834427,21309.81932834427,500000.0,1.0,8791.511101548944,2840.849758982494,4.317242958344932,0.00010700061407103928
56.419999999997344,booster,4.497116558625843,2856.450473031302,1.6578988122621734,142.06193700377773,142.07161072408877,1.5419093612647488,-0.003242338781392681,34489.93124617626,21289.93124617626,500000.0,1.0,8834.352811999683,2856.450473031302,4.497116558625843,0.00010909228634459683
56.52999999999732,booster,4.682002058378232,2872.1034101652976,1.7037524149189525,142.53703385117836,142.54721600712975,1.5415542684510275,-0.003213905093273548,34470.04316400825,21270.04316400825,500000.0,1.0,8877.23767582409,2872.1034101652976,4.682002058378232,0.00011133895149241865
56.6399999999973,booster,4.871963267334249,2887.80864554102,1.7501835995359498,143.01281422008407,143.02352314839808,1.5412022984316387,-0.003185569973693736,34450.15508184024,21250.15508184024,500000.0,1.0,8920.164779035867,2887.80864554102,4.871963267334249,0.00011373449310966773
56.74999999999728,booster,5.067063444286717,2903.566254377048,1.7971873651973533,143.48927867971983,143.50053302497494,1.540853437315439,-0.0031573885849908332,34430.266999672225,21230.26699967223,500000.0,1.0,8963.133204235502,2903.566254377048,5.067063444286717,0.00011627264218107573
56.85999999999726,booster,5.26736529916402,2919.3763119551368,1.844758735248753,143.9664278094851,143.97824652014262,1.5405076652334129,-0.0031294144429771524,34410.37891750422,21210.37891750422,500000.0,1.0,9006.142030591973,2919.3763119551368,5.26736529916402,0.00011894699265240766
56.969999999997235,booster,5.472930996281958,2935.2388936213188,1.8928927678488237,144.44426219858173,144.45666452304374,1.54016495652317,-0.003101699356230819,34390.49083533621,21190.490835336208,500000.0,1.0,9049.190333825565,2935.2388936213188,5.472930996281958,0.00012175101690858522
57.07999999999721,booster,5.683822158739463,2951.15407478696,1.9415845662126252,144.92278244563443,144.93578792835274,1.5398252799198753,-0.0030742933698564164,34370.6027531682,21170.602753168198,500000.0,1.0,9092.277186192116,2951.15407478696,5.683822158739463,0.00012467808110355012
57.18999999999719,booster,5.900099873923453,2967.121930929776,1.9908292885325662,145.40198915830516,145.41561763596084,1.5394885987531175,-0.0030472447137291176,34350.71467100018,21150.714671000187,500000.0,1.0,9135.401656468777,2967.121930929776,5.900099873923453,0.00012772146037491917
57.29999999999717,booster,6.121824700086697,2983.1425375948043,2.040622157564041,145.88188295290294,145.89615455067488,1.5391548711492264,-0.003020599755223413,34330.82658883218,21130.826588832177,500000.0,1.0,9178.562809941377,2983.1425375948043,6.121824700086697,0.00013087435385395583
57.40999999999715,booster,6.349056673961079,2999.215970395334,2.090958469863752,146.36246445399058,146.3773995819312,1.5388240502385413,-0.002994402956420562,34310.93850666417,21110.938506664166,500000.0,1.0,9221.759708393587,2999.215970395334,6.349056673961079,0.0001341298995010189
57.519999999997125,booster,6.581855319367468,3015.3423050137917,2.1418336046696913,146.8437342939899,146.8593536435252,1.5384960843671414,-0.002968696835781793,34291.050424496156,21091.050424496156,500000.0,1.0,9264.991410097986,3015.3423050137917,6.581855319367468,0.0001374811886710146
57.6299999999971,booster,6.820279656782221,3031.5216172025853,2.193243032412759,147.32569311278667,147.3420176533572,1.538170917312548,-0.0029435219342658064,34271.16234232814,21071.162342328145,500000.0,1.0,9308.256969809125,3031.5216172025853,6.820279656782221,0.00014092128047609272
57.73999999999708,booster,7.064388213819276,3047.753982784902,2.2451823228510115,147.80834155733638,147.82539253319456,1.537848488502912,-0.002918916785860958,34251.274260160135,21051.274260160135,500000.0,1.0,9351.555438758616,3047.753982784902,7.064388213819276,0.00014444321588460594
57.84999999999706,booster,7.314239036585904,3064.0394776554645,2.297647152818515,148.29168028127307,148.3094792084517,1.5375287332391985,-0.002894917892494215,34231.38617799213,21031.386177992124,500000.0,1.0,9394.885864652497,3064.0394776554645,7.314239036585904,0.00014804003148130752
57.95999999999704,booster,7.569889701869289,3080.378177781246,2.350633313581793,148.77570994452097,148.79427860798666,1.537211582919896,-0.0028715597032742827,34211.498095824114,21011.498095824114,500000.0,1.0,9438.247291670683,3080.378177781246,7.569889701869289,0.00015170477293783367
58.069999999997016,booster,7.831397330110463,3096.7701592021376,2.4041367177978366,149.2604312129117,149.27979166391614,1.5368969652677695,-0.002848874598016473,34191.6100136561,20991.610013656104,500000.0,1.0,9481.638760468852,3096.7701592021376,7.831397330110463,0.00015543050820145574
58.179999999996994,booster,8.098818599121481,3113.2154980315822,2.458153406068653,149.74584475780676,149.7660193114477,1.5365848045581962,-0.0028268928749906816,34171.72193148809,20971.721931488093,500000.0,1.0,9525.059308182545,3113.2154980315822,8.098818599121481,0.0001592103402510824
58.28999999999697,booster,8.372209758501208,3129.714270457158,2.5126795530882906,150.23195125572755,150.25296248873033,1.5362750218486176,-0.0028056427428288385,34151.833849320086,20951.833849320083,500000.0,1.0,9568.507968433709,3129.714270457158,8.372209758501208,0.00016303741955459578
58.39999999999695,booster,8.651626644704717,3146.266552741128,2.5677114733792457,150.71875138799277,150.74062213672232,1.5359675352086566,-0.0027851503165183815,34131.94576715207,20931.945767152072,500000.0,1.0,9611.98377133957,3146.266552741128,8.651626644704717,0.00016690495611649414
58.50999999999693,booster,8.937124696721005,3162.8724212209486,2.623245626616112,151.20624584036548,151.22899919907758,1.5356622599504548,-0.002765439617407366,34112.05768498406,20912.05768498406,500000.0,1.0,9655.485743523965,3162.8724212209486,8.937124696721005,0.00017080623117123406
58.61999999999691,booster,9.22875897231357,3179.5319523097364,2.67927862253528,151.69443530270894,151.7180946220487,1.5353591088587915,-0.002746532577132043,34092.16960281605,20892.16960281605,500000.0,1.0,9699.012908131022,3179.5319523097364,9.22875897231357,0.00017473460836213607
58.729999999996885,booster,9.526584164778225,3196.245222496706,2.735807225430363,152.18332046865382,152.2079093544081,1.5350579924205603,-0.002728449045385468,34072.281520648045,20872.28152064804,500000.0,1.0,9742.564284841257,3196.245222496706,9.526584164778225,0.0001786835446610189
58.83999999999686,booster,9.8306546201727,3213.012308347563,2.792828358233996,152.67290203527628,152.69844434738562,1.5347588190531822,-0.002711206801424727,34052.39343848003,20852.39343848003,500000.0,1.0,9786.138889890055,3213.012308347563,9.8306546201727,0.0001826466007098178
58.94999999999684,booster,10.141024354972519,3229.833286504864,2.850339106187443,153.16318070278783,153.1897005546231,1.5344614953315556,-0.002694821569222206,34032.50535631202,20832.50535631202,500000.0,1.0,9829.735736088478,3229.833286504864,10.141024354972519,0.00018661745077278382
59.05999999999682,booster,10.457747074107985,3246.7082336883523,2.9083367201003596,153.65415717423818,153.68167893214525,1.5341659262131362,-0.002679307036153972,34012.61727414401,20812.61727414401,500000.0,1.0,9873.35383284642,3246.7082336883523,10.457747074107985,0.00019058989227535477
59.1699999999968,booster,10.780876189337322,3263.637226695246,2.9668186192038335,154.1458321552307,154.17438043834588,1.5338720152607834,-0.002664674875117956,33992.729191976,20792.729191976,500000.0,1.0,9916.992186197991,3263.637226695246,10.780876189337322,0.00019455785480664071
59.279999999996775,booster,11.110464837911477,3280.620342400509,3.025782393600659,154.63820635365136,154.66780603398976,1.5335796648629796,-0.0026509347699652103,33972.84110980799,20772.84110980799,500000.0,1.0,9960.649798829158,3280.620342400509,11.110464837911477,0.00019851540870930736
59.38999999999675,booster,11.4465659014865,3297.6576577570854,3.08522580631752,155.13128047941223,155.1619566822294,1.5332887764510799,-0.0026380944441306634,33952.953027639975,20752.95302763998,500000.0,1.0,10004.32567010758,3297.6576577570854,11.4465659014865,0.0002024567731626237
59.49999999999673,booster,11.789232025240011,3314.7492497961107,3.1451467949645266,155.6250552442084,155.65683334863522,1.5329992507132422,-0.002626159692339979,33933.06494547197,20733.064945471968,500000.0,1.0,10048.018796114471,3314.7492497961107,11.789232025240011,0.0002063763238189884
59.60999999999671,booster,12.138515637148922,3331.8951956270953,3.205543473008246,156.11953136129003,156.1524370012398,1.5327109878047043,-0.0026151344152672276,33913.17686330396,20713.176863303957,500000.0,1.0,10091.728169678569,3331.8951956270953,12.138515637148922,0.00021026859988887482
59.71999999999669,booster,12.494468967386203,3349.0955724380815,3.266414130665,156.6147095452492,156.64876861059517,1.5324238875540948,-0.0026050206570195646,33893.28878113595,20693.288781135947,500000.0,1.0,10135.452780412079,3349.0955724380815,12.494468967386203,0.00021412831084296864
59.829999999996666,booster,12.857144067795408,3366.350457495781,3.3277572354219074,157.11059051182156,157.14582914984152,1.5321378496654687,-0.0025958186453134495,33873.40069896793,20673.400698967936,500000.0,1.0,10179.191614748457,3366.350457495781,12.857144067795408,0.00021795034250838126
59.939999999996644,booster,13.226592831402373,3383.659928145692,3.389571432193691,157.60717497770304,157.64361959478808,1.5318527739157817,-0.0025875268342131523,33853.512616799926,20653.512616799926,500000.0,1.0,10222.94365598203,3383.659928145692,13.226592831402373,0.00022172976278023908
60.04999999999662,booster,13.602867011924545,3401.0240618121934,3.4518555431238656,158.10446366038215,158.14214092400448,1.5315685603475306,-0.0025801419492942554,33833.62453463192,20633.624534631916,500000.0,1.0,10266.707884309357,3401.0240618121934,13.602867011924545,0.00022546182673238542
60.1599999999966,booster,13.986018243239284,3418.4429359986243,3.5146085670394465,158.60245727798747,158.64139411892265,1.5312851094562976,-0.0025736590350972136,33813.736452463905,20613.736452463905,500000.0,1.0,10310.48327687226,3418.4429359986243,13.986018243239284,0.0002291419813489621
60.26999999999658,booster,14.37609805877358,3435.916628287349,3.577829678568839,159.10115654915003,159.14138016394728,1.5310023223729543,-0.002568071504729985,33793.84837029589,20593.848370295895,500000.0,1.0,10354.26880780232,3435.916628287349,14.37609805877358,0.00023276586968985926
60.379999999996556,booster,14.77315791077866,3453.4452163398,3.6415182269330035,159.6005621928816,159.6421000465759,1.5307201010402978,-0.0025633711914804626,33773.960288127884,20573.960288127884,500000.0,1.0,10398.063448266956,3453.4452163398,14.77315791077866,0.00023632933459717356
60.489999999996535,booster,15.177249189454143,3471.028777896519,3.7056737344204405,160.1006749284676,160.14355475752632,1.5304383483839061,-0.002559548402298335,33754.07220595988,20554.072205959874,500000.0,1.0,10441.866166516807,3471.028777896519,15.177249189454143,0.00023982842190587136
60.59999999999651,booster,15.588423241887552,3488.6673907771788,3.7702958945569125,160.60149547537551,160.64574529087153,1.530156968477015,-0.0025565919730041113,33734.18412379186,20534.184123791863,500000.0,1.0,10485.675927934444,3488.6673907771788,15.588423241887552,0.00024325938320256995
60.70999999999649,booster,16.00673139077622,3506.3611328806014,3.8353845699812075,161.1030245531778,161.14867264418115,1.5298758666992327,-0.002554489325082896,33714.29604162385,20514.296041623853,500000.0,1.0,10529.491695084242,3506.3611328806014,16.00673139077622,0.00024661867809054876
60.81999999999647,booster,16.432224952899904,3524.1100821847635,3.9009397900385596,161.60526288149,161.65233781866874,1.5295949498889223,-0.002553226523918487,33694.40795945584,20494.407959455843,500000.0,1.0,10573.312427763412,3524.1100821847635,16.432224952899904,0.0002499029759887033
60.92999999999645,booster,16.86495525731366,3541.9143167468,3.9669617481036052,162.10821117992333,162.15674181934446,1.529314126489115,-0.0025527883383302777,33674.519877287836,20474.519877287832,500000.0,1.0,10617.137083054013,3541.9143167468,16.86495525731366,0.0002531091574646107
61.039999999996425,booster,17.30497366323198,3559.7739147030006,4.033450798645055,162.6118701680513,162.66188565517203,1.5290333066868012,-0.0025531583012650774,33654.63179511982,20454.63179511982,500000.0,1.0,10660.96461537592,3559.7739147030006,17.30497366323198,0.0002562343151443536
61.1499999999964,booster,17.752331577576307,3577.6889542688064,4.100407454044448,163.116240565391,163.16777033922995,1.528752402545492,-0.002554318771506399,33634.74371295181,20434.74371295181,500000.0,1.0,10704.79397654064,3577.6889542688064,17.752331577576307,0.00025927575413316087
61.25999999999638,booster,18.207080472159802,3595.659513738802,4.167832381181564,163.62132309139758,163.67439688887552,1.5284713281309414,-0.002556250996258243,33614.8556307838,20414.8556307838,500000.0,1.0,10748.62411580585,3595.659513738802,18.207080472159802,0.0002622309920504872
61.36999999999636,booster,18.66927190048413,3613.685671486707,4.235726397799215,164.12711846547305,164.18176632591218,1.528189999629945,-0.0025589351744658836,33594.967548615794,20394.96754861579,500000.0,1.0,10792.453979930682,3613.685671486707,18.66927190048413,0.0002650977586129326
61.47999999999634,booster,19.138957514124876,3631.767505965375,4.30409046866026,164.63362740698767,164.6898796767587,1.5279083354621357,-0.0025623505207323133,33575.07946644778,20375.07946644778,500000.0,1.0,10836.28251323158,3631.767505965375,19.138957514124876,0.0002678739947656399
61.589999999996316,booster,19.6161890786834,3649.90509570679,4.372925701509803,165.1408506353145,165.19873797261945,1.5276262563847263,-0.0025664753296988085,33555.191384279766,20355.19138427977,500000.0,1.0,10880.108657638593,3649.90509570679,19.6161890786834,0.00027055785151073567
61.699999999996294,booster,20.101018489284442,3668.0985193220677,4.442233342855559,165.64878886987682,165.70834224965682,1.5273436855901485,-0.0025712870407487653,33535.30330211176,20335.30330211176,500000.0,1.0,10923.931352752283,3668.0985193220677,20.101018489284442,0.0002731476882182333
61.80999999999627,booster,20.593497785600093,3686.347855501468,4.512014773579461,166.15744283020754,166.2186935491634,1.5270605487965623,-0.0025767623029077655,33515.41521994375,20315.41521994375,500000.0,1.0,10967.749535900866,3686.347855501468,20.593497785600093,0.0002756420706737036
61.91999999999625,booster,21.093679166382408,3704.6531830144063,4.582271504393536,166.66681323602052,166.7297929177342,1.5267767743312224,-0.002582877039805447,33495.52713777574,20295.527137775738,500000.0,1.0,11011.562142197694,3704.6531830144063,21.093679166382408,0.00027803976867285264
62.02999999999623,booster,21.601615003488217,3723.0145807094837,4.653005171153099,167.17690080729366,167.2416414074392,1.5264922932067018,-0.002589606514573178,33475.639055607724,20275.639055607728,500000.0,1.0,11055.368104599009,3723.0145807094837,21.601615003488217,0.00028033975329442857
62.139999999996206,booster,22.11735785538108,3741.432127514515,4.724217530040236,167.68770626436287,167.75424007599446,1.5262070391899851,-0.002596925394552711,33455.75097343972,20255.750973439717,500000.0,1.0,11099.16635396182,3741.432127514515,22.11735785538108,0.0002825411938431471
62.249999999996184,booster,22.64096048009694,3759.9059024365756,4.795910452630498,168.19923032802708,168.2675899869323,1.5259209488644614,-0.002604807815691727,33435.86289127171,20235.862891271707,500000.0,1.0,11142.955819101913,3759.9059024365756,22.64096048009694,0.0002846434544550511
62.35999999999616,booster,23.172475847661214,3778.435984562062,4.868085920855635,168.71147371966342,168.78169220976994,1.5256339616848529,-0.002613227446508388,33415.974809103696,20215.974809103696,500000.0,1.0,11186.73542685191,3778.435984562062,23.172475847661214,0.0002866460903598645
62.46999999999614,booster,23.711957151946706,3797.0224530567584,4.940746021875051,169.22443716135282,169.29654782017656,1.5253460200251407,-0.002622157551508757,33396.08672693568,20196.086726935686,500000.0,1.0,11230.504102119361,3797.0224530567584,23.711957151946706,0.0002885488439176185
62.57999999999612,booster,24.25945782196291,3815.6653871659228,5.013892942868556,169.73812137601476,169.8121579001376,1.5250570692195469,-0.002631571053943319,33376.198644767675,20176.198644767675,500000.0,1.0,11274.260767944723,3815.6653871659228,24.25945782196291,0.0002903516402740878
62.6899999999961,booster,24.81503153256878,3834.364866214386,5.087528965762791,170.2525270875513,170.32852353811697,1.5247670575966565,-0.0026414405977956534,33356.31056259967,20156.310562599665,500000.0,1.0,11318.00434555927,3834.364866214386,24.81503153256878,0.0002920545828644272
62.799999999996075,booster,25.378732214602266,3853.120969606672,5.161656461903578,170.7676550210003,170.8456458292165,1.5244759365067668,-0.0026517386088950913,33336.422480431655,20136.422480431655,500000.0,1.0,11361.733754442872,3853.120969606672,25.378732214602266,0.00029365794853971326
62.90999999999605,booster,25.95061406442143,3871.9337768271243,5.236277886686167,171.28350590269665,171.36352587533239,1.5241836603425685,-0.002662437355054526,33316.53439826364,20116.534398263644,500000.0,1.0,11405.447912381582,3871.9337768271243,25.95061406442143,0.00029516218256702814
63.01999999999603,booster,26.53073155285314,3890.8033674400676,5.3113957741552005,171.8000804604413,171.88216478530813,1.5238901865532668,-0.0026735090051334316,33296.646316095634,20096.646316095634,500000.0,1.0,11449.145735524933,3890.8033674400676,26.53073155285314,0.00029656789332339905
63.12999999999601,booster,27.119139433546536,3909.7298210899703,5.387012731585953,172.3173794236786,172.4015636750847,1.5235954756522727,-0.0026849256869343812,33276.75823392763,20076.758233927623,500000.0,1.0,11492.826138443095,3909.7298210899703,27.119139433546536,0.00029787584682530467
63.23999999999599,booster,27.71589275073002,3928.7132175016377,5.4631314340581385,172.83540352367993,172.9217236678465,1.5232994912185918,-0.0026966595438433984,33256.87015175961,20056.870151759613,500000.0,1.0,11536.48803418361,3928.7132175016377,27.71589275073002,0.00029908696109921546
63.349999999995966,booster,28.321046846371413,3947.753636480426,5.539754619033332,173.35415349373434,173.44264589416383,1.5230021998920564,-0.0027086827901274145,33236.9820695916,20036.982069591602,500000.0,1.0,11580.130334327874,3947.753636480426,28.321046846371413,0.00030020230028439225
63.459999999995944,booster,28.934657366742304,3966.8511579124734,5.616885080946766,173.87363006934575,173.9643314921316,1.5227035713625516,-0.0027209677648113374,33217.09398742359,20017.093987423592,500000.0,1.0,11623.75194904722,3966.8511579124734,28.934657366742304,0.00030122306867858104
63.56999999999592,booster,29.556780268388817,3986.005861764952,5.694525665823961,174.39383398843572,174.486781607504,1.5224035783533976,-0.0027334869840545894,33197.205905255585,19997.20590525558,500000.0,1.0,11667.351787158685,3986.005861764952,29.556780268388817,0.0003021506045784075
63.6799999999959,booster,30.187471823512013,4005.217828086351,5.772679265932334,174.91476599155155,175.00999739382482,1.522102196599055,-0.002746213191959001,33177.31782308757,19977.31782308757,500000.0,1.0,11710.928756180256,4005.217828086351,30.187471823512013,0.00030298637399937855
63.78999999999588,booster,30.82678862476234,4024.4871370067713,5.8513488144776495,175.43642682207974,175.53398001255377,1.5217994048173331,-0.002759119409739767,33157.42974091956,19957.42974091956,500000.0,1.0,11754.4817623858,4024.4871370067713,30.82678862476234,0.0003037319643549992
63.899999999995856,booster,31.474787589453612,4043.8138687382543,5.930537280354799,175.95881722646354,176.05873063318865,1.5214951846762803,-0.0027721789831947857,33137.54165875155,19937.54165875155,500000.0,1.0,11798.009710859478,4043.8138687382543,31.474787589453612,0.00030438907791163983
64.00999999999584,booster,32.131525963202975,4063.1981035751273,6.010247662962086,176.48193795442518,176.58425043338298,1.5211895207559492,-0.0027853656284180244,33117.65357658354,19917.65357658354,500000.0,1.0,11841.511505549728,4063.1981035751273,32.131525963202975,0.0003049595252832914
64.10999999999589,booster,32.736193076234464,4080.870102267432,6.083167094964524,176.95813663818637,177.06266417391413,1.520910380982849,-0.0027974419793967086,33099.573501885345,19899.57350188535,500000.0,1.0,11881.03497301175,4080.870102267432,32.736193076234464,0.00030540451496358675
64.20999999999594,booster,33.34817391951651,4098.589751061574,6.156522650019091,177.43494008618953,177.541715477039,1.5206300301921258,-0.0028095828525697827,33081.49342718716,19881.493427187157,500000.0,1.0,11920.535094034136,4098.589751061574,33.34817391951651,0.0003057809641728613
64.309999999996,booster,33.96751222018457,4116.3571104625225,6.230316626285702,177.91234886970875,178.0214052455511,1.5203484628731234,-0.002821769474155774,33063.41335248896,19863.413352488966,500000.0,1.0,11960.011042913768,4116.3571104625225,33.96751222018457,0.00030609043885625073
64.40999999999605,booster,34.594251935605556,4134.172241032506,6.304551329736297,178.390363562857,178.50173438809378,1.5200656753747306,-0.0028339834308923166,33045.33327779078,19845.333277790774,500000.0,1.0,11999.46199330944,4134.172241032506,34.594251935605556,0.0003063345615587558
64.5099999999961,booster,35.22843725401061,4152.035203391318,6.379229071194606,178.8689847427328,178.98270381922035,1.5197816658681826,-0.002846206692807373,33027.25320309258,19827.253203092583,500000.0,1.0,12038.887118273908,4152.035203391318,35.22843725401061,0.00030651500724683143
64.60999999999615,booster,35.870112594834744,4169.946058216617,6.454352163437529,179.3482129895672,179.46431445945134,1.5194964343076396,-0.00285842163486332,33009.173128394395,19809.173128394392,500000.0,1.0,12078.285590285566,4169.946058216617,35.870112594834744,0.00030663349916536996
64.7099999999962,booster,36.519322608770004,4187.904866244245,6.529922918361608,179.82804888687178,179.94656723532933,1.5192099823886585,-0.002870611057457856,32991.0930536962,19791.0930536962,500000.0,1.0,12117.656581279827,4187.904866244245,36.519322608770004,0.0003066918046547295
64.80999999999625,booster,37.17611217753857,4205.911688268567,6.60594364421785,180.3084930215875,180.42946307947173,1.5189223135046714,-0.002882758205772548,32973.01297899801,19773.01297899801,500000.0,1.0,12156.999262680287,4205.911688268567,37.17611217753857,0.00030669173101400735
64.9099999999963,booster,37.84052641339288,4223.966585142821,6.682416642917997,180.78954598423311,180.91300293062045,1.5186334327015922,-0.0028948467879588253,32954.932904299814,19754.932904299818,500000.0,1.0,12196.312805429445,4223.966585142821,37.84052641339288,0.0003066351213975708
65.00999999999635,booster,38.5126106583501,4242.069617779481,6.759344207415177,181.2712083690541,181.39718773368938,1.518343346630655,-0.002906860992153593,32936.85282960163,19736.852829601627,500000.0,1.0,12235.596380019198,4242.069617779481,38.5126106583501,0.00030652385071560593
65.1099999999964,booster,39.19241048316852,4260.2208471506365,6.836728619161656,181.75348077417135,181.88201843980931,1.518052063499615,-0.0029187855023198204,32918.77275490343,19718.772754903435,500000.0,1.0,12274.849156520992,4260.2208471506365,39.19241048316852,0.00030635982158804003
65.20999999999646,booster,39.87997168607374,4278.420334288389,6.914572145646241,182.2363638017293,182.36749600637054,1.5177595930224246,-0.002930605512910305,32900.69268020525,19700.692680205244,500000.0,1.0,12314.07030461566,4278.420334288389,39.87997168607374,0.00030614496034122527
65.3099999999965,booster,40.57534029124241,4296.668140285266,6.992877038013717,182.7198580580437,182.8536213970629,1.5174659463674978,-0.0029423067423511697,32882.61260550705,19682.612605507053,500000.0,1.0,12353.258993622941,4296.668140285266,40.57534029124241,0.0003058812130602391
65.40999999999656,booster,41.278562547052516,4314.9643262946365,7.071645528768497,183.20396415374827,183.34039558191324,1.5171711361046905,-0.0029538754453479147,32864.532530808865,19664.53253080886,500000.0,1.0,12392.414392530667,4314.9643262946365,41.278562547052516,0.0003055705416565966
65.50999999999661,booster,41.98968492410795,4333.308953531157,7.150879829564492,183.68868270394066,183.827819537321,1.5168751761511046,-0.0029652984240174135,32846.45245611067,19646.45245611067,500000.0,1.0,12431.535670023673,4333.308953531157,41.98968492410795,0.0003052149201031189
65.60999999999666,booster,42.70875411304671,4351.702083271221,7.230582129083041,184.17401432832685,184.3158942460909,1.5165780817158392,-0.002976563037847594,32828.37238141248,19628.37238141248,500000.0,1.0,12470.621994512354,4351.702083271221,42.70875411304671,0.00030481633055369825
65.70999999999671,booster,43.43581702214123,4370.1437768534315,7.310754591000515,184.65995965136426,184.80462069746338,1.5162798692438053,-0.002987657212496194,32810.292306714284,19610.292306714287,500000.0,1.0,12509.672534160887,4370.1437768534315,43.43581702214123,0.00030437675973281683
65.80999999999676,booster,44.17092077470005,4388.634095679083,7.3913993520470855,185.14651930240322,185.29399988714317,1.5159805563587152,-0.0029985694474334423,32792.2122320161,19592.212232016096,500000.0,1.0,12548.686456915204,4388.634095679083,44.17092077470005,0.0003038981952815262
65.90999999999681,booster,44.914112706280015,4407.173101212647,7.472518520157952,185.6336939158264,185.78403281732483,1.515680161805369,-0.003009288822440546,32774.1321573179,19574.132157317905,500000.0,1.0,12587.662930530574,4407.173101212647,44.914112706280015,0.00030338262218525117
66.00999999999686,booster,45.66544036171822,4425.7608549823,7.554114172718099,186.12148413118643,186.27472049671675,1.5153787053913443,-0.003019805002977026,32756.052082619713,19556.052082619713,500000.0,1.0,12626.601122598931,4425.7608549823,45.66544036171822,0.00030283201937981145
66.10999999999692,booster,46.42495149199312,4444.39741858043,7.636188354901566,186.60989059334105,186.76606394056242,1.515076207928208,-0.0030301082444283457,32737.972007921522,19537.972007921522,500000.0,1.0,12665.500200575847,4444.39741858043,46.42495149199312,0.00030224835632589736
66.20999999999697,booster,47.19269405092443,4463.082853664188,7.718743078105949,187.09891395258597,187.2580641706599,1.5147726911723565,-0.0030401893952514843,32719.89193322333,19519.89193322333,500000.0,1.0,12704.359331807245,4463.082853664188,47.19269405092443,0.000301633589758108
66.30999999999702,booster,47.96871619172118,4481.81722195603,7.801780318482762,187.58855486478498,187.75072221537872,1.5144681777655964,-0.0030500398990347117,32701.81185852514,19501.81185852514,500000.0,1.0,12743.177683555727,4481.81722195603,47.96871619172118,0.00030098966051624585
66.40999999999707,booster,48.75306626338758,4500.600585244281,7.885302015564034,188.0788139914972,188.24403910967504,1.5141626911755737,-0.0030596517954906708,32683.73178382695,19483.73178382695,500000.0,1.0,12781.954423026698,4500.600585244281,48.75306626338758,0.0003003184904658056
66.50999999999712,booster,49.5457928069965,4519.433005383711,7.969310070985445,188.5696920001017,188.7380158951045,1.513856255636156,-0.0030690177204012953,32665.651709128757,19465.651709128757,500000.0,1.0,12820.688717394105,4519.433005383711,49.5457928069965,0.00029962197953491664
66.60999999999717,booster,50.34694455183998,4538.314544296125,8.053806347306042,189.0611895639183,189.23265361983317,1.5135488960878696,-0.0030781309045382612,32647.571634430566,19447.571634430566,500000.0,1.0,12859.37973382594,4538.314544296125,50.34694455183998,0.0002989020028302327
66.70999999999722,booster,51.15657041146656,4557.245263970963,8.13879266692451,189.55330736232574,189.72795333864622,1.5132406381184984,-0.0030869851715798384,32629.491559732374,19429.491559732374,500000.0,1.0,12898.02663950936,4557.245263970963,51.15657041146656,0.0002981604079175594
66.80999999999727,booster,51.974719479615096,4576.225226465909,8.224270811091712,190.04604608087578,190.22391611295498,1.512931507903936,-0.0030955749350496833,32611.411485034183,19411.411485034183,500000.0,1.0,12936.628601675644,4576.225226465909,51.974719479615096,0.00029739901216225515
66.90999999999732,booster,52.80144102605462,4595.25449390752,8.310242519019168,190.53940641140414,190.72054301080195,1.512621532149396,-0.003103895194302157,32593.33141033599,19393.33141033599,500000.0,1.0,12975.184787624776,4595.25449390752,52.80144102605462,0.0002966196002234159
67.00999999999738,booster,53.63678449233975,4614.333128491845,8.396709487082889,191.03338905213744,191.21783510686384,1.512310738031068,-0.0031119415295804255,32575.2513356378,19375.2513356378,500000.0,1.0,13013.694364749777,4614.333128491845,53.63678449233975,0.0002958239216216063
67.10999999999743,booster,54.480799487491346,4633.4611924850915,8.483673368121906,191.52799470779593,191.7157934824528,1.511999153138313,-0.0031197100961759864,32557.17126093961,19357.17126093961,500000.0,1.0,13052.156500560728,4633.4611924850915,54.480799487491346,0.0002950136884761726
67.20999999999748,booster,55.3335357836116,4652.638748224261,8.57113577083064,192.02322408969272,192.21441922551585,1.5116868054164878,-0.003127197617717134,32539.091186241418,19339.091186241418,500000.0,1.0,13090.570362708573,4652.638748224261,55.3335357836116,0.00029419057334184297
67.30999999999753,booster,56.195043311443094,4671.865858117821,8.659098259244164,192.51907791582835,192.71371343063274,1.5113737231104811,-0.0031344013786164474,32521.011111543226,19321.011111543226,500000.0,1.0,13128.93511900862,4671.865858117821,56.195043311443094,0.0002933562071285811
67.40999999999758,booster,57.06537215588095,4691.142584646374,8.747562352315214,193.01555691098133,193.21367719901176,1.5110599347090476,-0.003141319215707339,32502.931036845035,19302.931036845035,500000.0,1.0,13167.249937463801,4691.142584646374,57.06537215588095,0.00029251217721977773
67.50999999999763,booster,57.94457255144724,4710.46899036335,8.836529523581738,193.5126618067943,193.71431163848447,1.5107454688900162,-0.0031479495091019756,32484.850962146844,19284.850962146844,500000.0,1.0,13205.513986287677,4710.46899036335,57.94457255144724,0.00029166002565941547
67.60999999999768,booster,58.83269487773654,4729.845137895686,8.92600120092359,194.01039334185538,194.21561786349812,1.5104303544664501,-0.003154291172300881,32466.770887448653,19266.770887448653,500000.0,1.0,13243.72643392718,4729.845137895686,58.83269487773654,0.0002908012474579701
67.70999999999773,booster,59.72978965484175,4749.271089944529,9.015978766406844,194.5087522617753,194.7175969951072,1.510114620333834,-0.003160343641589163,32448.69081275046,19248.69081275046,500000.0,1.0,13281.886449085136,4749.271089944529,59.72978965484175,0.00028993728908681713
67.80999999999779,booster,60.63590753876837,4768.746909285939,9.106463556214173,195.00773931925966,195.22025016096302,1.509798295418353,-0.003166106864749389,32430.61073805227,19230.61073805227,500000.0,1.0,13319.993200742558,4768.746909285939,60.63590753876837,0.0002890695469894178
67.90999999999784,booster,61.5510993168463,4788.272658771608,9.197456860659512,195.50735527417632,195.72357849530212,1.5094814086263348,-0.0031715812891297095,32412.53066335408,19212.53066335408,500000.0,1.0,13358.045858180667,4788.272658771608,61.5510993168463,0.0002881993663415759
68.00999999999789,booster,62.47541590314709,4807.848401329572,9.288959924285168,196.00760089361845,196.2275831389333,1.5091639887949153,-0.003176767849095667,32394.450588655887,19194.450588655887,500000.0,1.0,13396.043591002777,4807.848401329572,62.47541590314709,0.0002873280398316995
68.10999999999794,booster,63.40890833391504,4827.474199964941,9.38097394603942,196.508476951962,196.73226523922315,1.5088460646439887,-0.003181667952906727,32376.370513957696,19176.370513957696,500000.0,1.0,13433.985569155886,4827.474199964941,63.40890833391504,0.0002864568066356467
68.20999999999799,booster,64.35162776301995,4847.15011776063,9.473500079532592,197.00998423091892,197.23762595008037,1.5085276647294967,-0.0031862834690466178,32358.290439259505,19158.290439259505,500000.0,1.0,13471.870962952104,4847.15011776063,64.35162776301995,0.00028558685145840877
68.30999999999804,booster,65.30362545743921,4866.876217878094,9.566539433369396,197.5121235195852,197.74366643193935,1.5082088173981123,-0.0031906167120475297,32340.210364561313,19140.210364561313,500000.0,1.0,13509.698943089928,4866.876217878094,65.30362545743921,0.00028471930372569304
68.40999999999809,booster,66.26495279277715,4886.6525635580665,9.660093071555359,198.01489561448383,198.25038785174178,1.5078895507433612,-0.003194670427841244,32322.130289863122,19122.130289863122,500000.0,1.0,13547.468680675232,4886.6525635580665,66.26495279277715,0.0002838552369228049
68.50999999999814,booster,67.23566124882825,4906.47921812131,9.75416201397499,198.5183013196028,198.75779138291784,1.5075698925632353,-0.003198447778672977,32304.05021516493,19104.05021516493,500000.0,1.0,13585.179347242172,4906.47921812131,67.23566124882825,0.000282995667984577
68.6099999999982,booster,68.21580240519194,4926.356244969355,9.848747236939268,199.02234144642867,199.2658782053665,1.5072498703193304,-0.003201952327615099,32285.97014046674,19085.97014046674,500000.0,1.0,13622.830114773915,4926.356244969355,68.21580240519194,0.00028214155687231385
68.70999999999825,booster,69.20542793694543,4946.283707585262,9.943849673800012,199.52701681397403,199.774649505434,1.5069295110975542,-0.003205188022714508,32267.890065768548,19067.890065768548,500000.0,1.0,13660.420155723132,4946.283707585262,69.20542793694543,0.0002812938062154556
68.8099999999983,booster,70.20458961038118,4966.261669534369,10.039470215628548,200.0323282488012,200.28410647589251,1.5066088415704353,-0.0032081591808113814,32249.809991070357,19049.809991070357,500000.0,1.0,13697.948643032445,4966.261669534369,70.20458961038118,0.00028045326109612075
68.90999999999835,booster,71.21333927881533,4986.290194465047,10.135609711956093,200.53827658504025,200.79425031591717,1.506287887961065,-0.003210870471062746,32231.729916372165,19031.729916372165,500000.0,1.0,13735.414750154658,4986.290194465047,71.21333927881533,0.0002796207089196234
69.0099999999984,booster,72.23172887847326,5006.36934610946,10.232268971573166,201.04486266440253,201.30508223106312,1.5059666760087012,-0.0032133268982091115,32213.649841673974,19013.649841673974,500000.0,1.0,13772.817651072939,5006.36934610946,72.23172887847326,0.00027879687945000516
69.10999999999845,booster,73.25981042445778,5026.499188284321,10.329448763385331,201.55208733618895,201.8166034332412,1.5056452309360544,-0.003215533785615532,32195.569766975783,18995.569766975783,500000.0,1.0,13810.156520320805,5026.499188284321,73.25981042445778,0.0002779824448522925
69.2099999999985,booster,74.2976360068057,5046.679784891652,10.427149817322489,202.0599514572939,202.3288151406933,1.5053235774182838,-0.0032174967581261238,32177.48969227759,18977.48969227759,500000.0,1.0,13847.43053300202,5046.679784891652,74.2976360068057,0.00027717801995350244
69.30999999999855,booster,75.34525778663779,5066.91119991955,10.525372825298907,202.5684558922041,202.84171857796753,1.5050017395537103,-0.0032192217247629033,32159.4096175794,18959.4096175794,500000.0,1.0,13884.638864810455,5066.91119991955,75.34525778663779,0.00027638416252459037
69.4099999999986,booster,76.40272799240734,5087.193497442933,10.624118442221175,203.07760151299314,203.35531497589233,1.5046797408362718,-0.003220714861305966,32141.32954288121,18941.32954288121,500000.0,1.0,13921.780692049784,5087.193497442933,76.40272799240734,0.0002756013736953737
69.50999999999866,booster,77.47009891625159,5107.526741624311,10.723387287041184,203.58738919931105,203.86960557155064,1.5043576041297197,-0.0032219825927860693,32123.249468183018,18923.249468183018,500000.0,1.0,13958.855191653138,5107.526741624311,77.47009891625159,0.00027483009844163136
69.6099999999987,booster,78.54742291045068,5127.910996714533,10.823179943851239,204.0978198383695,204.38459160825337,1.5040353516435725,-0.003223031575925096,32105.169393484826,18905.169393484826,500000.0,1.0,13995.861541202688,5127.910996714533,78.54742291045068,0.00027407072621385604
69.70999999999876,booster,79.63475238399815,5148.346327053548,10.923496963018415,204.608894324923,204.90027433551322,1.5037130049108263,-0.003223868681555354,32087.089318786635,18887.089318786635,500000.0,1.0,14032.798918949207,5148.346327053548,79.63475238399815,0.0002733235915836256
69.80999999999881,booster,80.73213979928664,5168.832797071154,11.024338862355217,205.12061356124528,205.4166550090176,1.503390584767422,-0.003224500977050846,32069.009244088444,18869.009244088444,500000.0,1.0,14069.666503831508,5168.832797071154,80.73213979928664,0.0002725889750611921
69.90999999999886,booster,81.83963766891235,5189.37047128776,11.125706128323593,205.63297845710193,205.93373489060204,1.5030681113334667,-0.003224935708799302,32050.929169390252,18850.929169390252,500000.0,1.0,14106.463475495913,5189.37047128776,81.83963766891235,0.0002718671038830273
70.00999999999891,booster,82.9572985526014,5209.9594143151135,11.227599217269411,206.1459899297186,206.45151524822305,1.5027456039962075,-0.003225180284750475,32032.84909469206,18832.84909469206,500000.0,1.0,14143.189014315694,5209.9594143151135,82.9572985526014,0.00027115815302040073
70.10999999999896,booster,84.0851750542613,5230.599690857063,11.330018556684417,206.65964890374593,206.96999735593164,1.5024230813947426,-0.00322524225706487,32014.76901999387,18814.76901999387,500000.0,1.0,14179.842301410496,5230.599690857063,84.0851750542613,0.00027046224612819894
70.20999999999901,booster,85.22331981915943,5251.291365710292,11.432964546492792,207.1739563112199,207.48918249384622,1.5021005614064635,-0.0032251293048962608,31996.68894529568,18796.68894529568,500000.0,1.0,14216.42251866569,5251.291365710292,85.22331981915943,0.00026977945669212855
70.30999999999906,booster,86.3717855312317,5272.0345037650495,11.536437560359387,207.6889130915192,208.00907194812606,1.501778061135209,-0.003224849217333479,31978.608870597487,18778.608870597487,500000.0,1.0,14252.928848751837,5272.0345037650495,86.3717855312317,0.00026910980909373023
70.40999999999912,booster,87.53062491052276,5292.829170005893,11.640437947016755,208.20452019131895,208.5296670109452,1.501455596901116,-0.003224409876530761,31960.528795899296,18760.528795899296,500000.0,1.0,14289.360475144113,5292.829170005893,87.53062491052276,0.00026845327990640875
70.50999999999917,booster,88.69989071075982,5313.675429512408,11.744966031608103,208.72077856454084,209.0509689804659,1.5011331842321498,-0.003223819241052649,31942.448721201104,18742.448721201104,500000.0,1.0,14325.716582141742,5313.675429512408,88.69989071075982,0.00026780979912856365
70.60999999999922,booster,89.87963571706133,5334.573347459933,11.850022117043354,209.23768917230058,209.5729791608133,1.500810837857285,-0.00322308532945832,31924.368646502913,18724.368646502913,500000.0,1.0,14361.996354887498,5334.573347459933,89.87963571706133,0.00026717925154585217
70.70999999999927,booster,91.06991274378208,5355.522989120275,11.955606485365498,209.75525298285206,210.09569886204997,1.5004885717013146,-0.003222216204149842,31906.288571804722,18706.288571804722,500000.0,1.0,14398.19897938726,5355.522989120275,91.06991274378208,0.0002665614780836796
70.80999999999932,booster,92.27077463249495,5376.5244198624205,12.061719399124486,210.2734709715286,210.61912940015088,1.5001663988812632,-0.0032212199555103384,31888.20849710653,18688.20849710653,500000.0,1.0,14434.323642529567,5376.5244198624205,92.27077463249495,0.000265956277283623
70.90999999999937,booster,93.48227425011065,5397.577705153244,12.168361102755943,210.7923441206819,211.1432720969793,1.4998443317043684,-0.0032201046863514424,31870.12842240834,18670.12842240834,500000.0,1.0,14470.369532105275,5397.577705153244,93.48227425011065,0.00026536340677556306
71.00999999999942,booster,94.70446448713527,5418.682910558198,12.275531823962046,211.31187341961814,211.6681282802629,1.4995223816676015,-0.0032188784966941768,31852.048347710148,18652.048347710148,500000.0,1.0,14506.335836827284,5418.682910558198,94.70446448713527,0.0002647825847870605
71.10999999999947,booster,95.93739825606596,5439.8401017420165,12.383231775091927,211.83205986453214,212.19369928357057,1.4992005594586924,-0.0032175494689023,31833.968273011957,18633.968273011957,500000.0,1.0,14542.221746350304,5439.8401017420165,95.93739825606596,0.0002642134917432848
71.20999999999952,booster,97.18112848992456,5461.049344469388,12.491461154519055,212.3529044584391,212.71998644629005,1.4988788749586248,-0.0032161256531886445,31815.888198313765,18615.888198313765,500000.0,1.0,14578.026451290772,5461.049344469388,97.18112848992456,0.0002636557718396398
71.30999999999958,booster,98.43570814092864,5482.310704605647,12.6002201480131,212.87440821110474,213.2469911136062,1.4985573372455578,-0.0032146150535124775,31797.808123615574,18597.808123615574,500000.0,1.0,14613.749143246785,5482.310704605647,98.43570814092864,0.0002631090346900853
71.40999999999963,booster,99.70119017929947,5503.624248117433,12.709508930103832,213.39657213897328,213.7747146364799,1.4982359546001411,-0.00321302561388524,31779.728048917383,18579.728048917383,500000.0,1.0,14649.389014818184,5503.624248117433,99.70119017929947,0.00026257285696419614
71.50999999999968,booster,100.97762759220569,5524.990041073368,12.819327665434683,213.9193972650945,214.30315837162806,1.4979147345121762,-0.0032113652051009157,31761.64797421919,18561.64797421919,500000.0,1.0,14684.945259626722,5524.990041073368,100.97762759220569,0.0002620467840968968
71.60999999999973,booster,102.26507338284198,5546.408149644697,12.929676510103677,214.4428846190485,214.83232368150394,1.4975936836885824,-0.003209641611906064,31743.567899521,18543.567899521,500000.0,1.0,14720.417072336326,5546.408149644697,102.26507338284198,0.00026153033198243465
71.70999999999978,booster,103.5635805696408,5567.878640105954,13.040555612989516,214.9670352368705,215.3622119342792,1.4972728080626254,-0.0032078625206238423,31725.48782482281,18525.48782482281,500000.0,1.0,14755.80364867351,5567.878640105954,103.5635805696408,0.00026102298865775833
71.80999999999983,booster,104.87320218561621,5589.401578835596,13.151965117060634,215.4918501609734,215.89282450382595,1.4969521128043586,-0.0032060355072454296,31707.407750124617,18507.407750124617,500000.0,1.0,14791.10418544787,5589.401578835596,104.87320218561621,0.0002605242161023157
71.90999999999988,booster,106.19399127783734,5610.977032316632,13.263905160665177,216.01733044007065,216.42416276970044,1.4966316023322312,-0.003204168025998316,31689.327675426426,18489.327675426426,500000.0,1.0,14826.31788057276,5610.977032316632,106.19399127783734,0.0002600334519052603
72.00999999999993,booster,107.52600090703018,5632.605067137259,13.37637587879992,216.5434771290976,216.95622811712724,1.4963112803258178,-0.003202267398405449,31671.247600728235,18471.247600728235,500000.0,1.0,14861.443933086013,5632.605067137259,107.52600090703018,0.0002595501110502476
72.10999999999999,booster,108.86928414730484,5654.285749991471,13.48937740435619,217.07029128913317,217.48902193698484,1.495991149739612,-0.003200340802842196,31653.167526030044,18453.167526030044,500000.0,1.0,14896.481543170872,5654.285749991471,108.86928414730484,0.00025907358764223155
72.21000000000004,booster,110.22389408600621,5676.0191476796745,13.602909869340996,217.59777398732055,218.02254562579176,1.495671212817844,-0.003198395264600979,31635.087451331852,18435.087451331852,500000.0,1.0,14931.429912177004,5676.0191476796745,110.22389408600621,0.00025860325667738414
72.31000000000009,booster,111.58988382368567,5697.805327109294,13.716973406071626,218.12592629678858,218.55680058569425,1.4953514711102653,-0.0031964376464696815,31617.00737663366,18417.00737663366,500000.0,1.0,14966.28824264167,5697.805327109294,111.58988382368567,0.00025813847575541926
72.41000000000014,booster,112.96730647419042,5719.6443552953615,13.831568148342061,218.6547492965725,219.09178822445446,1.4950319254888464,-0.0031944746398313083,31598.92730193547,18398.92730193547,500000.0,1.0,15001.055738311015,5719.6443552953615,112.96730647419042,0.0002576785868080267
72.51000000000019,booster,114.35621516486852,5741.5362993611,13.946694232559665,219.18424407153572,219.62750995544036,1.4947125761653408,-0.0031925127562887705,31580.84722723728,18380.84722723728,500000.0,1.0,15035.731604161583,5741.5362993611,114.35621516486852,0.0002572229178508357
72.61000000000024,booster,115.75666303688553,5763.481226538511,14.062351798850676,219.7144117122913,220.1639671976159,1.4943934227096607,-0.003190558319820412,31562.767152539087,18362.767152539087,500000.0,1.0,15070.315046421814,5763.481226538511,115.75666303688553,0.0002567707846674462
72.71000000000029,booster,117.1687032456505,5785.479204168945,14.178540992133117,220.2452533151249,220.7011613755332,1.4940744640690087,-0.0031886174594674167,31544.687077840896,18344.687077840896,500000.0,1.0,15104.805272593852,5785.479204168945,117.1687032456505,0.0002563214924949013
72.81000000000034,booster,118.59238896134727,5807.530299703653,14.29526196315591,220.77676998191748,221.23909391932466,1.4937556985877152,-0.003186696102555961,31526.607003142704,18326.607003142704,500000.0,1.0,15139.201491475364,5807.530299703653,118.59238896134727,0.0002558743377077571
72.9100000000004,booster,120.02777336956815,5829.634580704358,14.41251486950293,221.3089628200698,221.77776626469725,1.493437124027726,-0.0031847999684552,31508.526928444513,18308.526928444513,500000.0,1.0,15173.502913181574,5829.634580704358,120.02777336956815,0.000255428609455505
73.01000000000045,booster,121.474909672046,5851.792114843792,14.53029987656098,221.84183294242774,222.31717985292727,1.4931187375896882,-0.0031829345628699305,31490.44685374632,18290.44685374632,500000.0,1.0,15207.708749167432,5851.792114843792,121.474909672046,0.00025498359127648206
73.1100000000005,booster,122.93385108748147,5874.0029699062425,14.648617158450636,222.37538146720877,222.8573361308563,1.492800535934579,-0.0031811051726685336,31472.36677904813,18272.36677904813,500000.0,1.0,15241.818212249884,5874.0029699062425,122.93385108748147,0.0002545385626973527
73.21000000000055,booster,124.40465085246134,5896.267213788084,14.767466898919134,222.90960951792968,223.3982365508881,1.4924825152058272,-0.0031793168612422127,31454.28670434994,18254.28670434994,500000.0,1.0,15275.830516630305,5896.267213788084,124.40465085246134,0.0002540928008198449
73.3100000000006,booster,125.88736222246425,5918.584914498302,14.886849292194423,223.44451822333616,223.9398825709867,1.4921646710518692,-0.003177574464392982,31436.206629651748,18236.206629651748,500000.0,1.0,15309.744877917065,5918.584914498302,125.88736222246425,0.00025364558180178583
73.41000000000065,booster,127.38203847294966,5940.956140159022,15.006764543799731,223.98010871733396,224.48227565467565,1.4918469986490923,-0.003175882586747101,31418.126554953556,18218.126554953556,500000.0,1.0,15343.560513148239,5940.956140159022,127.38203847294966,0.00025319618238258914
73.5100000000007,booster,128.8887329005266,5963.380959006007,15.127212871327993,224.51638213892147,225.02541727103784,1.4915294927251104,-0.003174245598688902,31400.046480255365,18200.046480255365,500000.0,1.0,15377.276640814407,5963.380959006007,128.8887329005266,0.0002527438813623729
73.61000000000075,booster,130.4074988241977,5985.859439389178,15.248194505175647,225.05333963212465,225.5693088947167,1.4912121475823186,-0.0031726676338077386,31381.966405557174,18181.966405557174,500000.0,1.0,15410.89248088162,5985.859439389178,130.4074988241977,0.00025228796097609977
73.7100000000008,booster,131.9383895866744,6008.391649773104,15.36970968923533,225.59098234593364,226.1139520059183,1.49089495712168,-0.003171152586853716,31363.886330858983,18163.886330858983,500000.0,1.0,15444.407254814481,6008.391649773104,131.9383895866744,0.0002518277082867974
73.81000000000085,booster,133.48145855575947,6030.9776587375,15.491758681547156,226.12931143424174,226.65934809041428,1.4905779148666927,-0.003169704112193663,31345.80625616079,18145.80625616079,500000.0,1.0,15477.82018559931,6030.9776587375,133.48145855575947,0.000251362416562372
73.9100000000009,booster,135.03675912579263,6053.617534977712,15.614341754908347,226.66832805578633,227.2054986395458,1.490261013987481,-0.003168325622757223,31327.7261814626,18127.7261814626,500000.0,1.0,15511.13049776748,6053.617534977712,135.03675912579263,0.0002508913864947399
74.01000000000096,booster,136.60434471915508,6076.311347305199,15.737459197440977,227.2080333740922,227.75240515022824,1.4899442473249742,-0.003167020289468786,31309.64610676441,18109.64610676441,500000.0,1.0,15544.3374174188,6076.311347305199,136.60434471915508,0.0002504139275134002
74.11000000000101,booster,138.18426878782853,6099.0591646480125,15.861111313117844,227.7484285574174,228.30006912495708,1.489627607415116,-0.003165791041149986,31291.566032066217,18091.566032066217,500000.0,1.0,15577.440172245033,6099.0591646480125,138.18426878782853,0.0002499293589403911
74.21000000000106,booster,139.77658481500484,6121.861056051263,15.985298422246414,228.2895147787014,228.84849207181418,1.4893110865130585,-0.003164640564887208,31273.485957368026,18073.485957368026,500000.0,1.0,15610.437991553521,6121.861056051263,139.77658481500484,0.00024943701118996777
74.31000000000111,booster,141.3813463167419,6144.717090677587,16.11002086191093,228.83129321551576,229.3976755044753,1.4889946766173,-0.003163571306848563,31255.405882669835,18055.405882669835,500000.0,1.0,15643.330106290885,6144.717090677587,141.3813463167419,0.0002489362268058024
74.41000000000116,booster,142.99860684366183,6167.627337807607,16.235278986372865,229.3737650500175,229.94762094221804,1.4886783694937171,-0.0031625854735438433,31237.325807971643,18037.325807971643,500000.0,1.0,15676.115749066816,6167.627337807607,142.99860684366183,0.0002484263615762315
74.51000000000121,booster,144.6284199826868,6190.591866840387,16.361073167430007,229.91693146890526,230.49832990993076,1.488362156699449,-0.0031616850335086004,31219.245733273452,18019.245733273452,500000.0,1.0,15708.794154177944,6190.591866840387,144.6284199826868,0.00024790678548861533
74.61000000000126,booster,146.27083935880904,6213.610747293891,16.48740379473438,230.46079366337767,231.04980393812187,1.4880460296065943,-0.0031608717194070864,31201.16565857526,18001.16565857526,500000.0,1.0,15741.364557631767,6213.610747293891,146.27083935880904,0.00024737688371351604
74.71000000000132,booster,147.92591863689032,6236.684048805422,16.61427127606955,231.0053528290952,231.6020445629304,1.4877299794256744,-0.0031601470305334797,31183.08558387707,17983.08558387707,500000.0,1.0,15773.826197170707,6236.684048805422,147.92591863689032,0.0002468360574842699
74.81000000000137,booster,149.59371152348746,6259.811841132073,16.74167603758766,231.5506101661441,232.15505332613628,1.4874139972288334,-0.00315951223570346,31165.005509178878,17965.005509178878,500000.0,1.0,15806.178312296135,6259.811841132073,149.59371152348746,0.00024628372493182797
74.91000000000142,booster,151.2742717686993,6282.9941941511615,16.869618524006754,232.0965668790037,232.7088317751721,1.48709807397272,-0.003158968376516966,31146.925434480687,17946.925434480687,500000.0,1.0,15838.420144292515,6282.9941941511615,151.2742717686993,0.0002457193218967645
75.01000000000147,booster,152.9676531680316,6306.231177860676,16.998099198769083,232.6432241765161,233.26338146313475,1.4867822005210354,-0.0031585162709820707,31128.845359782496,17928.845359782496,500000.0,1.0,15870.550936251582,6306.231177860676,152.9676531680316,0.00024514230266229356
75.11000000000152,booster,154.6739095642756,6329.522862379708,17.127118544160908,233.19058327185928,233.81870394879806,1.4864663676666954,-0.003158156517480148,31110.765285084304,17910.765285084304,500000.0,1.0,15902.569933096553,6329.522862379708,154.6739095642756,0.00024455214060511966
75.21000000000157,booster,156.39309484939702,6352.8693179488755,17.256677061394637,233.73864538252258,234.37480079662555,1.4861505661535803,-0.003157889499061788,31092.685210386113,17892.685210386113,500000.0,1.0,15934.476381606395,6352.8693179488755,156.39309484939702,0.00024394832887364594
75.31000000000162,booster,158.12526296643097,6376.270614930763,17.386775270654013,234.28741173028519,234.9316735767836,1.4858347866978407,-0.0031577153880528947,31074.60513568792,17874.60513568792,500000.0,1.0,15966.269530440059,6376.270614930763,158.12526296643097,0.00024333038091736784
75.41000000000167,booster,159.87046791138033,6399.726823810352,17.517413711103256,234.83688354119772,235.4893238651553,1.4855190200087278,-0.0031576341509600638,31056.52506098973,17856.52506098973,500000.0,1.0,15997.948630160798,6399.726823810352,159.87046791138033,0.00024269783104504457
75.51000000000172,booster,161.62876373511227,6423.238015195432,17.648592940860947,235.38706204556647,236.04775324335446,1.4852032568089166,-0.003157645553654143,31038.44498629154,17838.44498629154,500000.0,1.0,16029.5129332605,6423.238015195432,161.62876373511227,0.0002420502348668057
75.61000000000178,booster,163.40020454525117,6446.804259817044,17.78031353693969,235.9379484779405,236.60696329873977,1.4848874878543015,-0.003157749166818831,31020.364911593348,17820.364911593348,500000.0,1.0,16060.961694183952,6446.804259817044,163.40020454525117,0.0002413871697138187
75.71000000000183,booster,165.18484450806366,6470.425628529893,17.91257609515244,236.4895440771017,237.1669556244294,1.4845717039532311,-0.0031579443716476595,31002.284836895156,17802.284836895156,500000.0,1.0,16092.29416935317,6470.425628529893,165.18484450806366,0.00024070823500618786
75.81000000000188,booster,166.9827378503326,6494.102192312772,18.045381229986596,237.0418500860575,237.72773181931575,1.484255895985162,-0.003158230365770089,30984.204762196965,17784.204762196965,500000.0,1.0,16123.509617191701,6494.102192312772,166.9827378503326,0.00024001305255904522
75.91000000000193,booster,168.79393886121687,6517.834022268983,18.178729574446923,237.59486775203666,238.28929348808072,1.48394005491871,-0.0031586061693927815,30966.124687498774,17766.124687498774,500000.0,1.0,16154.60729814896,6517.834022268983,168.79393886121687,0.00023930126682799468
76.01000000000198,booster,170.6185018940939,6541.621189626771,18.31262177986828,238.14859832648727,238.85164224121024,1.4836241718290801,-0.003159070631639083,30948.044612800582,17748.044612800582,500000.0,1.0,16185.586474724381,6541.621189626771,170.6185018940939,0.00023857254513808581
76.11000000000203,booster,172.45648136838233,6565.463765739731,18.44705851569945,238.70304306507816,239.41477969501005,1.4833082379148441,-0.003159622437066114,30929.96453810239,17729.96453810239,500000.0,1.0,16216.446411491788,6565.463765739731,172.45648136838233,0.00023782657782036703
76.21000000000208,booster,174.30793177134132,6589.361822087233,18.582040469259127,239.25820322770204,239.9787074716204,1.4829922445140704,-0.003160260112349324,30911.8844634042,17711.8844634042,500000.0,1.0,16247.186375123487,6589.361822087233,174.30793177134132,0.00023706307832490844
76.31000000000213,booster,176.17290765984413,6613.315430274855,18.71756834546525,239.8140800784824,240.54342719903184,1.4826761831197686,-0.0031609820331114685,30893.80438870601,17693.80438870601,500000.0,1.0,16277.80563441451,6613.315430274855,176.17290765984413,0.00023628178329204244
76.41000000000219,booster,178.05146366212364,6637.324662034792,18.85364286653898,240.37067488578182,241.10894051110012,1.482360045394649,-0.0031617864308823465,30875.724314007817,17675.724314007817,500000.0,1.0,16308.303460306666,6637.324662034792,178.05146366212364,0.00023548245253492367
76.51000000000224,booster,179.94365447948672,6661.389589226293,18.990264771684462,240.9279889222135,241.67524904756158,1.4820438231851785,-0.0031626714001727367,30857.644239309626,17657.644239309626,500000.0,1.0,16338.679125912638,6661.389589226293,179.94365447948672,0.00023466486904125285
76.61000000000229,booster,181.84953488799567,6685.510283836078,19.12743481674562,241.486023464655,242.24235445404827,1.4817275085349255,-0.003163634905645547,30839.564164611435,17639.564164611435,500000.0,1.0,16368.931906539965,6685.510283836078,181.84953488799567,0.00023382883886922747
76.71000000000234,booster,183.76915974011388,6709.686817978771,19.265153773841366,242.0447797942642,242.81025838210294,1.4814110936971814,-0.003164674789367466,30821.484089913243,17621.484089913243,500000.0,1.0,16399.061079714975,6709.686817978771,183.76915974011388,0.00023297419103122238
76.81000000000239,booster,185.7025839663145,6733.919263897326,19.40342243098036,242.6042591964978,243.37896248919412,1.4810945711468557,-0.003165788778125809,30803.404015215052,17603.404015215052,500000.0,1.0,16429.065925206673,6733.919263897326,185.7025839663145,0.00023210077732938343
76.91000000000244,booster,187.6498625766493,6758.207693963458,19.542241591656666,243.1644629611317,243.94846843873046,1.4807779335916358,-0.0031669744907948856,30785.32394051686,17585.32394051686,500000.0,1.0,16458.945725050486,6758.207693963458,187.6498625766493,0.0002312084721340576
77.01000000000249,booster,189.61105066227617,6782.552180678076,19.681612074427637,243.72539238228381,244.51877790007555,1.4804611739824092,-0.0031682294457361137,30767.24386581867,17567.24386581867,500000.0,1.0,16488.699763571996,6782.552180678076,189.61105066227617,0.00023029717217855277
77.11000000000254,booster,191.5862033969436,6806.952796671721,19.821534712475252,244.28704875843874,245.08989254856203,1.4801442855229427,-0.003169551068214728,30749.163791120478,17549.163791120478,500000.0,1.0,16518.327327410545,6806.952796671721,191.5862033969436,0.00022936679623379922
77.2100000000026,booster,193.57537603843085,6831.409614705,19.962010353152266,244.84943339247442,245.66181406550578,1.4798272616788213,-0.0031709366978215463,30731.083716422287,17531.083716422287,500000.0,1.0,16547.82770554277,6831.409614705,193.57537603843085,0.00022841728479088574
77.31000000000265,booster,195.57862392994141,6855.922707669027,20.1030398575144,245.41254759169075,246.23454413821935,1.4795100961856469,-0.003172383595882996,30713.003641724095,17513.003641724095,500000.0,1.0,16577.20018930602,6855.922707669027,195.57862392994141,0.00022744859973959414
77.4100000000027,booster,197.59600250144962,6880.492148585872,20.24462409983995,245.97639266783995,246.80808446002575,1.4791927830564926,-0.0031738889528444315,30694.923567025904,17494.923567025904,500000.0,1.0,16606.44407242171,6880.492148585872,197.59600250144962,0.00022646072393405078
77.51000000000275,booster,199.62756727099816,6905.118010609004,20.38676396713802,246.5409699371583,247.38243673027114,1.4788753165886237,-0.0031754498956139054,30676.843492327713,17476.843492327713,500000.0,1.0,16635.558651018488,6905.118010609004,199.62756727099816,0.00022545366079551647
77.6100000000028,booster,201.6733738459465,6929.800367023737,20.5294603586467,247.10628072040006,247.95760265433768,1.4785576913694882,-0.0031770634948540817,30658.76341762952,17458.76341762952,500000.0,1.0,16664.5432236554,6929.800367023737,201.6733738459465,0.0002244274338691806
77.71000000000285,booster,203.73347792416791,6954.539291247692,20.67271418532241,247.67232634287248,248.5335839436561,1.4782399022819779,-0.003178726772205333,30640.68334293133,17440.68334293133,500000.0,1.0,16693.397091344894,6954.539291247692,203.73347792416791,0.00022338208632691824
77.8100000000029,booster,205.80793529519588,6979.33485683125,20.816526369321764,248.2391081344723,249.11038231571743,1.4779219445089729,-0.003180436707431238,30622.60326823314,17422.60326823314,500000.0,1.0,16722.119557575672,6979.33485683125,205.80793529519588,0.00022231768044076206
77.91000000000295,booster,207.8968018413175,7004.18713745801,20.960897843477024,248.80662742972353,249.6879994940845,1.4776038135371763,-0.0031821902454724454,30604.523193534947,17404.523193534947,500000.0,1.0,16750.709928335487,7004.18713745801,207.8968018413175,0.00022123429711103242
78.010000000003,booster,210.00013353861496,7029.096206945255,21.105829550766497,249.37488556781648,250.26643720840312,1.477285505160248,-0.0031839843033956553,30586.443118836756,17386.443118836756,500000.0,1.0,16779.16751213376,7029.096206945255,210.00013353861496,0.0002201320352401365
78.11000000000305,booster,212.11798645795338,7054.062139244429,21.251322443781017,249.94388389264793,250.84569719441276,1.4769670154812489,-0.0031858157772298398,30568.363044138565,17368.363044138565,500000.0,1.0,16807.49162002411,7054.062139244429,212.11798645795338,0.00021901101120428475
78.2100000000031,booster,214.25041676591516,7079.085008441595,21.397377484187704,250.51362375286223,251.4257811939568,1.4766483409144082,-0.0031876815486748234,30550.282969440374,17350.282969440374,500000.0,1.0,16835.681565626768,7079.085008441595,214.25041676591516,0.000217871358222629
78.31000000000316,booster,216.3974807256809,7104.164888757926,21.5439956421921,251.08410650189325,252.00669095499202,1.4763294781862273,-0.0031895784916756474,30532.202894742182,17332.202894742182,500000.0,1.0,16863.7366651508,7104.164888757926,216.3974807256809,0.0002167132257505679
78.41000000000321,booster,218.55923469785614,7129.3018545501745,21.691177895999893,251.65533349800737,252.5884282315982,1.476010424335932,-0.003191503478849161,30514.12282004399,17314.12282004399,500000.0,1.0,16891.656237416257,7129.3018545501745,218.55923469785614,0.00021553677886329724
78.51000000000326,booster,220.73573514124476,7154.495980311166,21.83892523127923,252.22730610434698,253.17099478398657,1.4756911767152898,-0.0031934533877563034,30496.0427453458,17296.0427453458,500000.0,1.0,16919.439603876177,7154.495980311166,220.73573514124476,0.00021434219758851333
78.61000000000331,booster,222.92703861356807,7179.747340670285,21.987238640624778,252.80002568897456,253.75439237850836,1.4753717329878102,-0.0031954251070096694,30477.96267064761,17277.96267064761,500000.0,1.0,16947.086088638433,7179.747340670285,222.92703861356807,0.00021312967623373294
78.71000000000336,booster,225.133201772131,7205.056010393967,22.136119123024496,253.37349362491724,254.33862278766216,1.4750520911273395,-0.0031974155422081945,30459.882595949417,17259.882595949417,500000.0,1.0,16974.595018487442,7205.056010393967,225.133201772131,0.0002118994227171294
78.81000000000341,booster,227.35428137443486,7230.422064386207,22.285567683330186,253.94771129021208,254.9236877901016,1.4747322494160748,-0.003199421621692908,30441.802521251226,17241.802521251226,500000.0,1.0,17001.965722905774,7230.422064386207,227.35428137443486,0.00021065165792018989
78.91000000000346,booster,229.5903342787375,7255.845577689053,22.43558533173272,254.52268006795123,255.50958917064173,1.4744122064420084,-0.0032014403021125284,30423.722446553034,17223.722446553034,500000.0,1.0,17029.197534095558,7255.845577689053,229.5903342787375,0.00020938661494772075
79.01000000000352,booster,231.84141744456102,7281.326625483112,22.58617308324302,255.0984013463277,256.09632872026555,1.474091961095828,-0.0032034685737969792,30405.642371854843,17205.642371854843,500000.0,1.0,17056.289786999863,7281.326625483112,231.84141744456102,0.00020810453845020925
79.11000000000357,booster,234.10758793314832,7306.8652830880765,22.737331957179496,255.6748765186809,256.68390823612935,1.4737715125672868,-0.003205503465928585,30387.56229715665,17187.56229715665,500000.0,1.0,17083.241819323754,7306.8652830880765,234.10758793314832,0.00020680568391084442
79.21000000000362,booster,236.38890290786844,7332.461625963225,22.889062976663006,256.25210698354215,257.2723295215682,1.4734508603410696,-0.00320754205150813,30369.48222245846,17169.48222245846,500000.0,1.0,17110.0529715554,7332.461625963225,236.38890290786844,0.0002054903169358911
79.31000000000367,booster,238.68541963457193,7358.115729707954,23.041367168120054,256.8300941446807,257.8615943861002,1.4731300041921713,-0.003209581452109268,30351.40214776027,17151.40214776027,500000.0,1.0,17136.722586986867,7358.115729707954,238.68541963457193,0.00020415871257365
79.41000000000372,booster,240.99719548189677,7383.827670062296,23.194245560795043,257.40883941114873,258.4517046454309,1.47280894418081,-0.003211618842416691,30333.322073062078,17133.322073062078,500000.0,1.0,17163.250011734952,7383.827670062296,240.99719548189677,0.000202811154560082
79.51000000000377,booster,243.32428792152638,7409.597522907463,23.347699186272376,257.98834419732714,259.0426621214568,1.472487680646899,-0.003213651454544566,30315.241998363887,17115.241998363887,500000.0,1.0,17189.63459476168,7409.597522907463,243.32428792152638,0.0002014479346403347
79.61000000000382,booster,245.6667545284002,7435.425364266367,23.501729078009095,258.56860992297,259.6344686422686,1.4721662142040968,-0.003215676582131606,30297.161923665695,17097.161923665695,500000.0,1.0,17215.875687894844,7435.425364266367,245.6667545284002,0.00020006935183533532
79.71000000000387,booster,248.02465298087782,7461.311270304169,23.656336270878676,259.1496380132489,260.2271260421535,1.47184454573346,-0.003217691584210213,30279.081848967504,17079.081848967504,500000.0,1.0,17241.97264584825,7461.311270304169,248.02465298087782,0.00019867571176913174
79.81000000000392,booster,250.39804106085853,7487.255317328815,23.811521800726766,259.7314298987971,260.8206361615972,1.4715226763767189,-0.0032196938888463234,30261.001774269313,17061.001774269313,500000.0,1.0,17267.924826241888,7487.255317328815,250.39804106085853,0.00019726732595936878
79.91000000000398,booster,252.78697665385667,7513.257581791598,23.967286703939305,260.3139870157527,261.41500084728546,1.471200607529202,-0.0032216809965480244,30242.92169957112,17042.92169957112,500000.0,1.0,17293.731589621955,7513.257581791598,252.78697665385667,0.00019584451111013374
80.01000000000403,booster,255.19151774903466,7539.318140287692,24.123632017023695,260.89731080580145,262.0102219521058,1.470878340832432,-0.0032236504834437796,30224.84162487293,17024.84162487293,500000.0,1.0,17319.392299480827,7539.318140287692,255.19151774903466,0.00019440758843474292
80.11000000000408,booster,257.61172243919486,7565.437069556725,24.28055877620347,261.48140271621855,262.60630133514684,1.4705558781664143,-0.003225600004226098,30206.76155017474,17006.76155017474,500000.0,1.0,17344.90632227666,7565.437069556725,257.61172243919486,0.00019295688299900607
80.21000000000413,booster,260.0476489207315,7591.614446483333,24.43806801702695,262.06626419991,263.2032408616996,1.470233221641643,-0.003227527294863342,30188.681475476547,16988.681475476547,500000.0,1.0,17370.27302745313,7591.614446483333,260.0476489207315,0.00019149272303788881
80.31000000000418,booster,262.49935549354393,7617.850348097723,24.596160773990412,262.65189671545255,263.80104240325653,1.469910373590846,-0.0032294301750759244,30170.601400778356,16970.601400778356,500000.0,1.0,17395.491787458875,7617.850348097723,262.49935549354393,0.00019001543930328982
80.41000000000423,booster,264.9669005609135,7644.144851576248,24.75483808017599,263.2383017271328,264.39970783751016,1.4695873365604981,-0.003231306550582989,30152.521326080165,16952.521326080165,500000.0,1.0,17420.56197776673,7644.144851576248,264.9669005609135,0.00018852536443599951
80.51000000000428,booster,267.45034262934445,7670.498034241973,24.91410096690482,263.82548070498586,264.9992390483527,1.469264113302117,-0.0032331544151145888,30134.441251381973,16934.441251381973,500000.0,1.0,17445.482976893076,7670.498034241973,267.45034262934445,0.00018702283230685978
80.61000000000433,booster,269.94974030837136,7696.909973565262,25.07395046340568,264.4134351248326,265.599637925874,1.4689407067633715,-0.003234971852195977,30116.361176683782,16916.361176683782,500000.0,1.0,17470.254166416857,7696.909973565262,269.94974030837136,0.0001855081774553253
80.71000000000438,booster,272.4651523103337,7723.380747164345,25.234387596499406,265.002166468315,266.20090636635877,1.4686171200790221,-0.0032367570367016793,30098.28110198559,16898.28110198559,500000.0,1.0,17494.87493099845,7723.380747164345,272.4651523103337,0.0001839817344414548
80.81000000000444,booster,274.9966374501202,7749.910432805913,25.395413390299293,265.59167622293165,266.8030462722844,1.468293356561719,-0.0032385082361851883,30080.2010272874,16880.2010272874,500000.0,1.0,17519.344658398546,7749.910432805913,274.9966374501202,0.00018244383728324357
80.91000000000449,booster,277.54425464488355,7776.499108405698,25.557028865927744,266.1819658820713,267.40605955231837,1.4679694196926747,-0.0032402238119844987,30062.120952589208,16862.120952589208,500000.0,1.0,17543.66273949686,7776.499108405698,277.54425464488355,0.0001808948188991929
81.01000000000454,booster,280.1080629137281,7803.14685202907,25.71923504124924,266.77303694504474,268.00994812131364,1.4676453131122427,-0.003241902220108677,30044.040877891017,16844.040877891017,500000.0,1.0,17567.82856831056,7803.14685202907,280.1080629137281,0.00017933501054938111
81.11000000000459,booster,282.6881213773711,7829.853741891626,25.88203293061987,267.36489091711644,268.614713900306,1.4673210406104116,-0.003243542011906956,30025.960803192826,16825.960803192826,500000.0,1.0,17591.841542012848,7829.853741891626,282.6881213773711,0.00017776474131482754
81.21000000000464,booster,285.28448925778014,7856.619856359786,26.045423544653318,267.95752930953387,269.2203588165094,1.4669966061172492,-0.0032451418345254657,30007.880728494634,16807.880728494634,500000.0,1.0,17615.70106095119,7856.619856359786,285.28448925778014,0.00017618433758985979
81.31000000000469,booster,287.8972258777881,7883.445273951401,26.209407890003586,268.5509536395553,269.8268848033108,1.4666720136933076,-0.0032467004311559854,29989.800653796443,16789.800653796443,500000.0,1.0,17639.406528665433,7883.445273951401,287.8972258777881,0.0001745941225627987
81.41000000000474,booster,290.52639066068684,7910.330073336344,26.373986969164285,269.14516543047745,270.43429380026623,1.466347267520014,-0.003248216641080703,29971.72057909825,16771.72057909825,500000.0,1.0,17662.957351906007,7910.330073336344,290.52639066068684,0.00017299441580359708
81.5100000000048,booster,293.1720431298016,7937.27433333712,26.539161780284513,269.7401662116602,271.042587753095,1.4660223718900696,-0.0032496893995182592,29953.64050440006,16753.64050440006,500000.0,1.0,17686.352940651814,7937.27433333712,293.1720431298016,0.0001713855327517858
81.61000000000485,booster,295.8342429080485,7964.278132929479,26.704933317001352,270.3359575185507,271.65176861367405,1.4656973311978698,-0.0032511177372757777,29935.56042970187,16735.56042970187,500000.0,1.0,17709.59270812803,7964.278132929479,295.8342429080485,0.00016976778433633018
81.7100000000049,booster,298.5130497174753,7991.341551243019,26.871302568288765,270.9325408927054,272.2618383400325,1.4653721499299726,-0.0032525007802127804,29917.480355003678,16717.480355003678,500000.0,1.0,17732.676070823898,7991.341551243019,298.5130497174753,0.0001681414765381537
81.81000000000495,booster,301.20852337878836,8018.464667561799,27.038270518322857,271.52991788181095,272.8727988963447,1.4650468326556259,-0.0032538377485229666,29899.400280305486,16699.400280305486,500000.0,1.0,17755.60244851025,8018.464667561799,301.20852337878836,0.0001665069100303982
81.910000000005,booster,303.9207238108666,8045.647561324954,27.205838146363316,272.12809003970364,273.4846522529247,1.4647213840173783,-0.003255127955838522,29881.320205607295,16681.320205607295,500000.0,1.0,17778.37126425711,8045.647561324954,303.9207238108666,0.0001648643797798735
82.01000000000505,booster,306.649711030265,8072.890312127311,27.37400642665087,272.72705892638663,274.0974003862187,1.4643958087217874,-0.0032563708081652996,29863.240130909104,16663.240130909104,500000.0,1.0,17800.981944451007,8072.890312127311,306.649711030265,0.00016321417475107707
82.1100000000051,booster,309.39554515070773,8100.192999720008,27.542776328320514,273.32682610804613,274.71104527879834,1.4640701115302426,-0.0032575658026530083,29845.160056210912,16645.160056210912,500000.0,1.0,17823.433918812283,8100.192999720008,309.39554515070773,0.00016155657755823858
82.21000000000515,booster,312.15828638257426,8127.555704011109,27.712148815330334,273.9273931570661,275.3255889193536,1.4637442972499164,-0.0032587125262085203,29827.07998151272,16627.07998151272,500000.0,1.0,17845.726620412323,8127.555704011109,312.15828638257426,0.0001598918641679011
82.3100000000052,booster,314.9379950323787,8154.978505066229,27.882124846405585,274.5287616520408,275.9410333026851,1.4634183707248691,-0.0032598106539589514,29808.99990681453,16608.99990681453,500000.0,1.0,17867.859485690587,8154.978505066229,314.9379950323787,0.00015822030364639664
82.41000000000525,booster,317.73473150224413,8182.461483109153,28.052705374997753,275.13093317778663,276.55738042969693,1.4630923368273052,-0.0032608599475705056,29790.91983211634,16590.91983211634,500000.0,1.0,17889.831954471672,8182.461483109153,317.73473150224413,0.00015654215788903393
82.5100000000053,booster,320.548556289374,8210.004718522458,28.223891349258377,275.73390932535114,277.1746323073879,1.4627662004490116,-0.00326186025343073,29772.839757418147,16572.839757418147,500000.0,1.0,17911.643469982115,8210.004718522458,320.548556289374,0.00015485768141314577
82.61000000000536,booster,323.37952998552163,8237.608291848133,28.39568371202715,276.3376916920215,277.79279094884413,1.462439966492981,-0.0032628115007017175,29754.759682719956,16554.759682719956,500000.0,1.0,17933.293478867246,8237.608291848133,323.37952998552163,0.00015316712110870144
82.71000000000541,booster,326.22771327645825,8265.272283788223,28.568083400834034,276.94228188133155,278.41185837323076,1.4621136398652368,-0.003263713699251506,29736.679608021765,16536.679608021765,500000.0,1.0,17954.781431207903,8265.272283788223,326.22771327645825,0.00015147071612753242
82.81000000000546,booster,329.0931669414435,8292.996775205427,28.741091347915,277.54768150306575,279.03183660578304,1.4617872254668711,-0.0032645669374695165,29718.599533323573,16518.599533323573,500000.0,1.0,17976.106780536957,8292.996775205427,329.0931669414435,0.0001497686976434042
82.91000000000551,booster,331.97595185269716,8320.781847123731,28.91470848024097,278.15389217326367,279.65272767779845,1.4614607281863066,-0.0032653713799756503,29700.519458625382,16500.519458625382,500000.0,1.0,17997.26898385598,8320.781847123731,331.97595185269716,0.00014806128875059082
83.01000000000556,booster,334.8761289748743,8348.62758072905,29.088935719559586,278.76091551422144,280.27453362662754,1.4611341528917918,-0.0032661272652302503,29682.43938392719,16482.43938392719,500000.0,1.0,18018.267501651564,8348.62758072905,334.8761289748743,0.00014634870437057933
83.11000000000561,booster,337.7937593645459,8376.534057369829,29.26377398244929,279.3687531544925,280.8972564956654,1.4608075044241404,-0.003266834903048926,29664.359309229,16464.359309229,500000.0,1.0,18039.10179791174,8376.534057369829,337.7937593645459,0.00014463115109000622
83.21000000000566,booster,340.728904169685,8404.501358557693,29.439224180385402,279.9774067288862,281.5208983343424,1.4604807875897232,-0.0032674946720360485,29646.279234530808,16446.279234530808,500000.0,1.0,18059.771340142182,8404.501358557693,340.728904169685,0.00014290882715060544
83.31000000000572,booster,343.6816246291603,8432.529565968054,29.615287219817596,280.5868778784656,282.1454611981154,1.4601540071537216,-0.0032681070169384664,29628.199159832617,16428.199159832617,500000.0,1.0,18080.27559938247,8432.529565968054,343.6816246291603,0.00014118192234525114
83.41000000000577,booster,346.6519820722377,8460.618761440746,29.791964002258418,281.1971682505438,282.77094714845884,1.459827167833649,-0.003268672445930908,29610.119085134425,16410.119085134425,500000.0,1.0,18100.614050222153,8460.618761440746,346.6519820722377,0.00013945061801517699
83.51000000000582,booster,349.6400379180916,8488.76902698064,29.96925542438228,281.80827949867813,283.3973582528549,1.4595002742931438,-0.0032691915278370625,29592.039010436234,16392.039010436234,500000.0,1.0,18120.786170816784,8488.76902698064,349.6400379180916,0.00013771508699929831
83.61000000000587,booster,352.6458536753265,8516.980444758285,30.147162378134464,282.42021328266395,284.0246965847847,1.4591733311360489,-0.003269664889299276,29573.958935738043,16373.958935738043,500000.0,1.0,18140.791442903857,8516.980444758285,352.6458536753265,0.00013597549368360068
83.71000000000592,booster,355.66949094151,8545.253097110508,30.325685750849676,283.0329712685265,284.652964223719,1.4588463429007719,-0.003270093211896867,29555.87886103985,16355.878861039851,500000.0,1.0,18160.6293518187,8545.253097110508,355.66949094151,0.0001342319939934275
83.81000000000597,booster,358.71101140271753,8573.587066541066,30.504826425379555,283.64655512851203,285.2821632551088,1.4585193140549373,-0.0032704772292268406,29537.79878634166,16337.79878634166,500000.0,1.0,18180.299386510305,8573.587066541066,358.71101140271753,0.00013248473541609078
83.91000000000602,booster,361.7704768330916,8601.982435721236,30.684585280228696,284.26096654107664,285.9122957703756,1.4581922489903325,-0.0032708177239503962,29519.71871164347,16319.718711643469,500000.0,1.0,18199.801039556976,8601.982435721236,361.7704768330916,0.00013073385710571736
84.01000000000607,booster,364.8479490944135,8630.43928749046,30.864963189698646,284.87620719087533,286.5433638669023,1.4578651520181487,-0.003271115524813836,29501.638636945278,16301.638636945278,500000.0,1.0,18219.133807182065,8630.43928749046,364.8479490944135,0.00012897948992032673
84.11000000000612,booster,367.9434901356909,8658.957704856952,31.04596102403932,285.49227876874875,287.17536964802383,1.4575380273645238,-0.0032713715036504537,29483.558562247086,16283.558562247086,500000.0,1.0,18238.29718926951,8658.957704856952,367.9434901356909,0.0001272217565185516
84.21000000000618,booster,371.05716199276054,8687.537770998317,31.227579649607364,286.1091829717093,287.80831522301713,1.4572108791663845,-0.0032715865723708286,29465.478487548895,16265.478487548895,500000.0,1.0,18257.29068937935,8687.537770998317,371.05716199276054,0.0001254607714929876
84.31000000000623,booster,374.18902678790687,8716.17956926217,31.409819929030895,286.72692150292613,288.4422027070923,1.4568837114675872,-0.0032717616799464587,29447.398412850704,16247.398412850704,500000.0,1.0,18276.113814763212,8716.17956926217,374.18902678790687,0.0001236966414589107
84.41000000000628,booster,377.3391467294977,8744.883183166758,31.592682721380108,287.3454960717091,289.0770342213825,1.4565565282153647,-0.003271897809395774,29429.318338152512,16229.318338152512,500000.0,1.0,18294.766076379605,8744.883183166758,377.3391467294977,0.0001219294651966066
84.51000000000633,booster,380.5075841116378,8773.648696401551,31.776168882343207,287.9649083934919,289.7128118929354,1.4562293332570702,-0.003271995974777144,29411.23826345432,16211.238263454321,500000.0,1.0,18313.246988909374,8773.648696401551,380.5075841116378,0.00012015933381089415
84.61000000000638,booster,383.69440131383857,8802.476192827877,31.960279264407177,288.5851601898139,290.3495378547027,1.4559021303372253,-0.003272057218195978,29393.15818875613,16193.15818875613,500000.0,1.0,18331.556070770806,8802.476192827877,383.69440131383857,0.00011838633089581555
84.71000000000643,booster,386.899660800708,8831.365756479521,32.145014717042855,289.2062531883015,290.9872142455315,1.4555749230948616,-0.0032720826068313993,29375.07811405794,16175.078114057938,500000.0,1.0,18349.6928441349,8831.365756479521,386.899660800708,0.00011661053271200893
84.81000000000648,booster,390.12342512165816,8860.317471563334,32.33037608689374,289.82818912264815,291.6258432101543,1.455247715061163,-0.003272073229988206,29356.998039359747,16156.998039359747,500000.0,1.0,18367.65683494042,8860.317471563334,390.12342512165816,0.00011483200834416722
84.91000000000653,booster,393.3657569106321,8889.331422459842,32.516364217968146,290.4509697325943,292.26542689918006,1.454920509657398,-0.003272030196181058,29338.917964661556,16138.917964661556,500000.0,1.0,18385.447572908986,8889.331422459842,393.3657569106321,0.00011305081993298578
85.01000000000658,booster,396.6267188858502,8918.407693723837,32.70297995183404,291.07459676390584,292.9059674690846,1.454593310193145,-0.0032719546302555132,29320.837889963364,16120.837889963364,500000.0,1.0,18403.064591560065,8918.407693723837,396.6267188858502,0.00011126702288871743
85.11000000000664,booster,399.9063738495757,8947.546370084998,32.89022412781616,291.69907196835277,293.5474670822016,1.4542661198647973,-0.0032718476705487754,29302.757815265173,16102.757815265173,500000.0,1.0,18420.507428225894,8947.546370084998,399.9063738495757,0.00010948066605203848
85.21000000000669,booster,403.20478468790037,8976.747536448473,33.07809758319505,292.3243971036862,294.18992790671297,1.4539389417543582,-0.0032717104661010117,29284.67774056698,16084.677740566982,500000.0,1.0,18437.775624066308,8976.747536448473,403.20478468790037,0.0001076917919879055
85.31000000000674,booster,406.52201437055027,9006.011277895488,33.26660115340717,292.9505739336156,294.83335211664,1.4536117788285061,-0.0032715441739159727,29266.59766586879,16066.59766586879,500000.0,1.0,18454.86872408359,9006.011277895488,406.52201437055027,0.0001059004371819802
85.41000000000679,booster,409.85812595071127,9035.337679683938,33.455735672246036,293.57760422778534,295.47774189183417,1.4532846339379326,-0.003271349956278574,29248.5175911706,16048.5175911706,500000.0,1.0,18471.78627713717,9035.337679683938,409.85812595071127,0.00010410663228292965
85.51000000000684,booster,413.2131825648748,9064.726827248973,33.64550197206359,294.2054897617506,296.12309941796786,1.4529575098169463,-0.0032711289781337622,29230.437516472408,16030.437516472408,500000.0,1.0,18488.527835958324,9064.726827248973,413.2131825648748,0.00010231040237266801
85.61000000000689,booster,416.5872474327037,9094.178806203596,33.83590088397161,294.8342323169527,296.7694268865255,1.4526304090833362,-0.003270882404529525,29212.357441774217,16012.357441774217,500000.0,1.0,18505.092957164783,9094.178806203596,416.5872474327037,0.000100511767195917
85.71000000000694,booster,419.98038385691865,9123.693702339247,34.02693323804253,295.46383368069485,297.4167264947947,1.4523033342384846,-0.0032706113981290125,29194.277367076025,15994.277367076025,500000.0,1.0,18521.4812012753,9123.693702339247,419.98038385691865,9.871074142437096e-05
85.810000000007,booster,423.3926552232037,9153.27160162639,34.218599863509404,296.09429564611634,298.065000445857,1.4519762876677278,-0.0032703171167940566,29176.197292377834,15976.197292377834,500000.0,1.0,18537.69213272407,9153.27160162639,423.3926552232037,9.690733492424455e-05
85.91000000000705,booster,426.8241250001324,9182.91259021509,34.410901588964364,296.7256200121678,298.7142509485792,1.4516492716409544,-0.003270000711246055,29158.117217679643,15958.117217679643,500000.0,1.0,18553.725319875233,9182.91259021509,426.8241250001324,9.510155303160602e-05
86.0100000000071,booster,430.2748567391141,9212.616754435598,34.6038392425556,297.3578085835853,299.364480217605,1.4513222883134322,-0.0032696633228032827,29140.03714298145,15940.037142981451,500000.0,1.0,18569.58033503724,9212.616754435598,430.2748567391141,9.32933968019886e-05
86.11000000000715,booster,433.7449140743585,9242.38418079893,34.79741365218196,297.9908631708648,300.01569047334533,1.4509953397268587,-0.0032693060812019237,29121.95706828326,15921.95706828326,500000.0,1.0,18585.25675447706,9242.38418079893,433.7449140743585,9.148286330845503e-05
86.2100000000072,booster,437.23436072286097,9272.21495599744,34.99162564568522,298.62478559023623,300.6678839419707,1.4506684278106246,-0.0032689301024995143,29103.87699358507,15903.876993585069,500000.0,1.0,18600.754158434516,9272.21495599744,437.23436072286097,8.96699458713221e-05
86.31000000000725,booster,440.74326048440594,9302.109166905379,35.186476051039456,299.25957766363723,301.32106285540164,1.4503415543832825,-0.0032685364870665987,29085.796918886877,15885.796918886877,500000.0,1.0,18616.072131136418,9302.109166905379,440.74326048440594,8.785463439180997e-05
86.4100000000073,booster,444.2716772415897,9332.066900579484,35.381965696537286,299.89524121868794,301.9752294513012,1.4500147211542138,-0.0032681263176656127,29067.716844188686,15867.716844188686,500000.0,1.0,18631.210260810676,9332.066900579484,444.2716772415897,8.603691556711191e-05
86.51000000000735,booster,447.8196749598616,9362.088244259541,35.57809541097252,300.5317780886642,302.63038597306513,1.4496879297254808,-0.003267700657621709,29049.636769490495,15849.636769490495,500000.0,1.0,18646.16813970028,9362.088244259541,447.8196749598616,8.421677322005017e-05
86.6100000000074,booster,451.3873176875823,9392.173285368941,35.774866023819165,301.1691901124728,303.2865346698151,1.4493611815938563,-0.0032672605490841108,29031.556694792303,15831.556694792303,500000.0,1.0,18660.94536407743,9392.173285368941,451.3873176875823,8.239418853703842e-05
86.71000000000745,booster,454.9746695561018,9422.322111515243,35.972278365406176,301.8074791346247,303.9436777963891,1.4490344781530273,-0.0032668070113828856,29013.476620094112,15813.476620094112,500000.0,1.0,18675.54153425732,9422.322111515243,454.9746695561018,8.056914034872779e-05
86.8100000000075,booster,458.58179477985266,9452.534810490739,36.170333267088,302.44664700520997,304.6018176133332,1.4487078206959538,-0.0032663410394788016,28995.39654539592,15795.39654539592,500000.0,1.0,18689.956254611974,9452.534810490739,458.58179477985266,7.874160540726671e-05
86.91000000000756,booster,462.20875765646093,9482.811470273014,36.369031561410345,303.08669557987224,305.26095638689367,1.448381210417379,-0.003265863602509905,28977.31647069773,15777.31647069773,500000.0,1.0,18704.18913358409,9482.811470273014,462.20875765646093,7.691155863253644e-05
87.01000000000761,booster,465.85562256687376,9513.152179025486,36.56837408227132,303.72762671978376,305.9210963890088,1.4480546484164802,-0.0032653756424343345,28959.23639599954,15759.236395999538,500000.0,1.0,18718.239783700745,9513.152179025486,465.85562256687376,7.50789734239515e-05
87.11000000000766,booster,469.522453975502,9543.557025097964,36.768361665077265,304.36944229162015,306.5822398973003,1.447728135699651,-0.003264878072768607,28941.156321301347,15741.156321301347,500000.0,1.0,18732.107821586982,9543.557025097964,469.522453975502,7.324382185784427e-05
87.21000000000771,booster,473.2093164303791,9574.026097027205,36.96899514689352,305.0121441675361,307.2443891950655,1.4474016731834038,-0.0032643717774247243,28923.076246603156,15723.076246603156,500000.0,1.0,18745.792867979406,9574.026097027205,473.2093164303791,7.14060749984595e-05
87.31000000000776,booster,476.91627456333373,9604.559483537456,37.17027536658962,305.655734225141,307.9075465712689,1.4470752616973863,-0.003263857609643398,28904.996171904964,15704.996171904964,500000.0,1.0,18759.29454773968,9604.559483537456,476.91627456333373,6.956570311795244e-05
87.41000000000781,booster,480.643393090178,9635.157273540986,37.372203164978885,306.30021434747505,308.5717143205346,1.4467489019874953,-0.0032633363910233356,28886.916097206773,15686.916097206773,500000.0,1.0,18772.61248986797,9635.157273540986,480.643393090178,6.772267595110322e-05
87.51000000000786,booster,484.39073681090775,9665.819556138651,37.574779384952265,306.94558642298585,309.23689474313784,1.4464225947190876,-0.003262808910648741,28868.83602250858,15668.836022508582,500000.0,1.0,18785.74632751626,9665.819556138651,484.39073681090775,6.587696295778678e-05
87.61000000000791,booster,488.15837060991754,9696.546420620412,37.77800487160623,307.5918523455049,309.9030901449967,1.4460963404802687,-0.003262275924309897,28850.75594781039,15650.75594781039,500000.0,1.0,18798.69569800161,9696.546420620412,488.15837060991754,6.402853351900224e-05
87.71000000000797,booster,491.9463594562266,9727.33795646589,37.981880472364715,308.239014014226,310.5703028376654,1.44577013978526,-0.0032617381538217775,28832.6758731122,15632.675873112199,500000.0,1.0,18811.460242819492,9727.33795646589,491.9463594562266,6.217735720160965e-05
87.81000000000802,booster,495.75476840371795,9758.194253344878,38.186407037094824,308.8870733336818,311.23853513832444,1.4454439930778242,-0.003261196286433777,28814.595798414008,15614.595798414008,500000.0,1.0,18824.039607656738,9758.194253344878,495.75476840371795,6.0323403954242084e-05
87.91000000000807,booster,499.5836625913881,9789.115401117904,38.39158541821642,309.5360322137232,311.907789369774,1.4451179007347494,-0.003260650974334613,28796.515723715816,15596.515723715816,500000.0,1.0,18836.433442404672,9789.115401117904,499.5836625913881,5.8466644360194256e-05
88.01000000000812,booster,503.43310724360737,9820.10148983674,38.59741647080536,310.1858925694978,312.5780678604256,1.4447918630693737,-0.0032601028342463863,28778.435649017625,15578.435649017625,500000.0,1.0,18848.64140117213,9820.10148983674,503.43310724360737,5.660704980342611e-05
88.11000000000817,booster,507.3031676703906,9851.152609744933,38.80390105269049,310.83665632142925,313.2493729442939,1.4444658803351509,-0.0032595524471102175,28760.355574319434,15560.355574319434,500000.0,1.0,18860.663142298265,9851.152609744933,507.3031676703906,5.47445927044038e-05
88.21000000000822,booster,511.193909267677,9882.268851278344,39.0110400245441,311.48832539519753,313.92170696098896,1.4441399527292391,-0.00325900035785879,28742.275499621242,15542.275499621242,500000.0,1.0,18872.49832836538,9882.268851278344,511.193909267677,5.287924666663042e-05
88.31000000000827,booster,515.1053975176188,9913.450305065657,39.21883424996617,312.14090172171916,314.5950722557082,1.4438140803961095,-0.0032584470752768727,28724.19542492305,15524.195424923051,500000.0,1.0,18884.1466262117,9913.450305065657,515.1053975176188,5.101098674289498e-05
88.41000000000832,booster,519.0376979888775,9944.697061928911,39.4272845955621,312.79438723712883,315.26947117922845,1.4434882634311652,-0.003257893071944177,28706.11535022486,15506.11535022486,500000.0,1.0,18895.607706943974,9944.697061928911,519.0376979888775,4.9139789534903674e-05
88.51000000000838,booster,522.990876336929,9976.009212884017,39.63639193101407,313.44878388276067,315.9449060878978,1.4431625018843606,-0.003257338784262074,28688.03527552667,15488.035275526669,500000.0,1.0,18906.881245950062,9976.009212884017,522.990876336929,4.7265633398198266e-05
88.61000000000843,booster,526.9649983043734,10007.386849141278,39.84615712914603,314.10409360513063,316.6213793436275,1.4428367957638153,-0.0032567846125593743,28669.955200828477,15469.955200828477,500000.0,1.0,18917.96692291138,10007.386849141278,526.9649983043734,4.5388498592741034e-05
88.71000000000848,booster,530.9601297212532,10038.830062105913,40.05658106598237,314.7603183559203,317.29889331388455,1.4425111450394115,-0.003256230921275888,28651.875126130286,15451.875126130286,500000.0,1.0,18928.86442181535,10038.830062105913,530.9601297212532,4.350836744749754e-05
88.81000000000853,booster,534.9763365053753,10070.338943378563,40.267664620800225,315.41746009195924,317.9774503716827,1.4421855496463718,-0.003255678039222184,28633.795051432095,15433.795051432095,500000.0,1.0,18939.573430967634,10070.338943378563,534.9763365053753,4.162522448759408e-05
88.91000000000858,booster,539.0136846626389,10101.913584755806,40.47940867617564,316.0755207752101,318.65705289557474,1.4418600094888054,-0.0032551262599094135,28615.714976733903,15415.714976733903,500000.0,1.0,18950.093643004384,10101.913584755806,539.0136846626389,3.9739056584764665e-05
89.01000000000863,booster,543.0722402873675,10133.554078230674,40.69181411802352,316.7345023727533,319.33770326964435,1.4415345244432187,-0.003254575841952117,28597.634902035712,15397.634902035712,500000.0,1.0,18960.42475490438,10133.554078230674,543.0722402873675,3.784985306225599e-05
89.11000000000868,booster,547.1520695626447,10165.26051599316,40.90488183563152,317.3944068567723,320.01940388349783,1.441209094361983,-0.0032540270095359498,28579.55482733752,15379.55482733752,500000.0,1.0,18970.566468001045,10165.26051599316,547.1520695626447,3.595760584417079e-05
89.21000000000873,booster,551.2532387606525,10197.032990430742,41.118612721687896,318.0552362045405,320.702157132256,1.4408837190767494,-0.003253479952950203,28561.47475263933,15361.47475263933,500000.0,1.0,18980.518487994388,10197.032990430742,551.2532387606525,3.406230952336803e-05
89.31000000000878,booster,555.3758142430127,10228.87159412886,41.333007672303644,318.7169923984071,321.3859654165455,1.4405583984018109,-0.0032529348291816156,28543.394677941138,15343.394677941138,500000.0,1.0,18990.280524962873,10228.87159412886,555.3758142430127,3.2163961483426307e-05
89.41000000000884,booster,559.5198624611297,10260.776419871458,41.548067587028655,319.3796774257849,322.07083114249065,1.4402331321374002,-0.0032523917625679843,28525.314603242947,15325.314603242947,500000.0,1.0,18999.85229337514,10260.776419871458,559.5198624611297,3.0262561988096754e-05
89.51000000000889,booster,563.685449956536,10292.747560641468,41.76379336886242,320.0432932791385,322.75675672170473,1.439907920072919,-0.0032518508455041647,28507.234528544755,15307.234528544755,500000.0,1.0,19009.23351210168,10292.747560641468,563.685449956536,2.835811426378745e-05
89.61000000000894,booster,567.8726433612363,10324.785109621322,41.98018592425919,320.70784195597287,323.4437445712819,1.4395827619900945,-0.0032513121392032367,28489.154453846564,15289.154453846564,500000.0,1.0,19018.423904426432,10324.785109621322,567.8726433612363,2.6450624562428748e-05
89.71000000000899,booster,572.0815093980533,10356.889160193452,42.19724616312771,321.3733254588228,324.1317971137883,1.4392576576660594,-0.0032507756745054368,28471.074379148373,15271.074379148373,500000.0,1.0,19027.42319805821,10356.889160193452,572.0815093980533,2.4540102213470868e-05
89.81000000000904,booster,576.3121148809737,10389.059805940795,42.41497499882586,322.0397457952424,324.8209167772534,1.438932606876344,-0.0032502414527326652,28452.99430445018,15252.994304450182,500000.0,1.0,19036.231125142094,10389.059805940795,576.3121148809737,2.262655971510983e-05
89.91000000000909,booster,580.5645267154919,10421.297140647292,42.63337334815016,322.707104977796,325.51110599516113,1.438607609397786,-0.0032497094465876305,28434.91422975199,15234.91422975199,500000.0,1.0,19044.847422270697,10421.297140647292,580.5645267154919,2.0710012745650713e-05
90.01000000000914,booster,584.8388118989524,10453.601258298397,42.85244213132047,323.375405024049,326.2023672064412,1.438282665011345,-0.003249179601090898,28416.8341550538,15216.834155053799,500000.0,1.0,19053.271830495298,10453.601258298397,584.8388118989524,1.8790480227985228e-05
90.1100000000092,booster,589.135037520893,10485.972253081565,43.072182271959974,324.0446479565595,326.8947028554601,1.4379577735048215,-0.0032486518345543995,28398.754080355608,15198.754080355608,500000.0,1.0,19061.50409533699,10485.972253081565,589.135037520893,1.686798431277648e-05
90.21000000000925,booster,593.4532707633826,10518.410219386758,43.29259469707058,324.7148358028709,327.58811539201207,1.4376329346754784,-0.003248126039590571,28380.674005657416,15180.674005657416,500000.0,1.0,19069.54396679758,10518.410219386758,593.4532707633826,1.4942550471726502e-05
90.3100000000093,booster,597.7935789013583,10550.915251806937,43.51368033700398,325.3859705955039,328.2826072713099,1.4373081483325592,-0.0032476020841485857,28362.593930959225,15162.593930959225,500000.0,1.0,19077.391199370475,10550.915251806937,597.7935789013583,1.301420744731367e-05
90.41000000000935,booster,602.156029302958,10583.487445138571,43.735440125428724,326.0580543719506,328.9781809539758,1.436983414299701,-0.0032470798125792824,28344.513856261034,15144.513856261034,500000.0,1.0,19085.045552051426,10583.487445138571,602.156029302958,1.1082987282702277e-05
90.5100000000094,booster,606.5406894298515,10616.126894382121,43.957874999293054,326.7310891746676,329.6748389060319,1.4366587324172413,-0.003246559046724134,28326.433781562842,15126.433781562842,500000.0,1.0,19092.506788349227,10616.126894382121,606.5406894298515,9.148925308788158e-06
90.61000000000945,booster,610.947626837565,10648.833694742543,44.18098589878416,327.4050770510706,330.3725835988907,1.4363341025444123,-0.0032460395870242548,28308.35370686465,15108.353706864651,500000.0,1.0,19099.774676296194,10648.833694742543,610.947626837565,7.212060174743518e-06
90.7100000000095,booster,615.376909175804,10681.607941629787,44.40477376728386,328.0800200535292,331.07141750934613,1.4360095245614246,-0.003245521213646715,28290.27363216646,15090.27363216646,500000.0,1.0,19106.848988458703,10681.607941629787,615.376909175804,5.272433769418161e-06
90.81000000000955,booster,619.8286041887698,10714.44973065928,44.62923955132078,328.75592023936207,331.77134311956326,1.4356849983714384,-0.0032450036876264738,28272.19355746827,15072.193557468268,500000.0,1.0,19113.72950194746,10714.44973065928,619.8286041887698,3.3300912402116613e-06
90.9100000000096,booster,624.3027797154713,10747.359157652432,44.85438420051952,329.4327796708321,332.4723629170683,1.4353605239024192,-0.0032444867520199515,28254.113482770077,15054.113482770077,500000.0,1.0,19120.41599842768,10747.359157652432,624.3027797154713,1.3850809619454264e-06
91.01000000000965,booster,628.7995036900332,10780.336318637126,45.080208667546735,330.11060041514327,333.1744793947399,1.435036101108877,-0.0032439701330661186,28236.033408071886,15036.033408071886,500000.0,1.0,19126.908264129397,10780.336318637126,628.7995036900332,-5.625455331547628e-07
91.1100000000097,booster,633.3188441419672,10813.381309848215,45.30671390553877,330.78938454478094,333.87769505079746,1.4347117299734906,-0.003243453541347906,28217.953333373694,15017.953333373694,500000.0,1.0,19133.206089857238,10813.381309848215,633.3188441419672,-2.512733555641612e-06
91.21000000000976,booster,637.8608691937412,10846.494227728392,45.53390080221924,331.4691341465388,334.5820123887751,1.4343874105086316,-0.0032429366723650092,28199.873258675503,14999.873258675503,500000.0,1.0,19139.30927099765,10846.494227728392,637.8608691937412,-4.4654247023641866e-06
91.31000000000981,booster,642.4256470521251,10879.67516892991,45.7617701732354,332.1498513225077,335.2874339174553,1.434063142757908,-0.003242419205832538,28181.793183977312,14981.793183977312,500000.0,1.0,19145.21760751957,10879.67516892991,642.4256470521251,-6.420556397316338e-06
91.41000000000986,booster,647.0132460052442,10912.924230315539,45.99032283281091,332.8315381804333,335.99396215083897,1.4337389267977243,-0.0032419008062910867,28163.71310927912,14963.71310927912,500000.0,1.0,19150.93090398091,10912.924230315539,647.0132460052442,-8.378062678141553e-06
91.51000000000991,booster,651.6237344227621,10946.241508959072,46.21955959748447,333.51419683319403,336.7015996081336,1.4334147627387377,-0.0032413811243831346,28145.63303458093,14945.63303458093,500000.0,1.0,19156.448969537985,10946.241508959072,651.6237344227621,-1.0337874292190543e-05
91.61000000000996,booster,656.2571807561105,10979.627102145852,46.44948128606214,334.1978293987977,337.4103488137436,1.4330906507271814,-0.0032408597981340988,28127.552959882738,14927.552959882738,500000.0,1.0,19161.771617955135,10979.627102145852,656.2571807561105,-1.2299918800988885e-05
91.71000000001001,booster,660.9136535387127,11013.081107373278,46.680088719567195,334.88243800037696,338.12021229725826,1.4327665909460658,-0.0032403364542273674,28109.472885184547,14909.472885184547,500000.0,1.0,19166.89866761398,11013.081107373278,660.9136535387127,-1.4264120628532488e-05
91.81000000001006,booster,665.5932213862027,11046.603622351317,46.91138272118788,335.56802476618634,338.83119259344113,1.4324425836162444,-0.003239810709269227,28091.392810486355,14891.392810486355,500000.0,1.0,19171.829941522752,11046.603622351317,665.5932213862027,-1.6230401182378563e-05
91.91000000001011,booster,670.29595299664,11080.194745003015,47.14336411622312,336.25459182959884,339.54329224221897,1.4321186289973629,-0.0032392821710440873,28073.312735788164,14873.312735788164,500000.0,1.0,19176.565267325408,11080.194745003015,670.29595299664,-1.8198678881400512e-05
92.01000000001017,booster,675.0219171507166,11113.854573465018,47.37603373202657,336.9421413291033,340.25651378867025,1.4317947273886775,-0.0032387504397527935,28055.232661089973,14855.232661089973,500000.0,1.0,19181.104477310684,11113.854573465018,675.0219171507166,-2.016886928831201e-05
92.11000000001022,booster,679.7711827119605,11147.583206088073,47.609392397948966,337.6306754083014,340.9708597830138,1.431470879129754,-0.0032382151092364437,28037.15258639178,14837.152586391781,500000.0,1.0,19185.44740842104,11147.583206088073,679.7711827119605,-2.2140885182747984e-05
92.21000000001027,booster,684.5438186269321,11181.380741437542,47.843440945279234,338.32019621590536,341.68633278059735,1.431147084601039,-0.0032376757681779346,28019.07251169359,14819.07251169359,500000.0,1.0,19189.59390226148,11181.380741437542,684.5438186269321,-2.411463667587997e-05
92.31000000001032,booster,689.339893925415,11215.24727829391,48.07818020718433,339.0107059057356,342.40293534188584,1.4308233442243217,-0.0032371320012861806,28000.9924369954,14800.992436995399,500000.0,1.0,19193.543805108256,11215.24727829391,689.339893925415,-2.6090031277755735e-05
92.41000000001037,booster,694.1594777206013,11249.182915653308,48.313611018648245,339.70220663671876,343.1206700324497,1.4304996584630698,-0.0032365833904527213,27982.912362297207,14782.912362297207,500000.0,1.0,19197.296967917428,11249.182915653308,694.1594777206013,-2.8066974040898782e-05
92.51000000001042,booster,699.0026392092694,11283.187752728005,48.549734216410094,340.3947005728858,343.8395394229533,1.4301760278226552,-0.0032360295158853996,27964.832287599016,14764.832287599016,500000.0,1.0,19200.85324633346,11283.187752728005,699.0026392092694,-3.0045367630399787e-05
92.61000000001047,booster,703.8694476719564,11317.261888946938,48.78655063890166,341.08818988336964,344.55954608914226,1.4298524528504668,-0.0032354699572133714,27946.752212900825,14746.752212900825,500000.0,1.0,19204.212500697453,11317.261888946938,703.8694476719564,-3.2025112455028124e-05
92.71000000001052,booster,708.7599724731255,11351.405423956208,49.02406112618465,341.7826767424041,345.28069261183225,1.4295289341359145,-0.0032349042945634702,27928.672138202634,14728.672138202634,500000.0,1.0,19207.37459605551,11351.405423956208,708.7599724731255,-3.4006106772042785e-05
92.81000000001058,booster,713.6742830613243,11385.618457619597,49.262266519887554,342.47816332932155,346.0029815768961,1.4292054723103282,-0.0032343321096054943,27910.592063504442,14710.592063504442,500000.0,1.0,19210.339402166835,11385.618457619597,713.6742830613243,-3.598824679064816e-05
92.91000000001063,booster,718.6124489693392,11419.901090019068,49.50116766314263,343.17465182855165,346.7264155752518,1.4288820680467496,-0.003233752986564265,27892.51198880625,14692.51198880625,500000.0,1.0,19213.106793511764,11419.901090019068,718.6124489693392,-3.797142680696773e-05
93.01000000001068,booster,723.5745398143421,11454.253421455285,49.74076540052293,343.87214442961954,347.45099720285015,1.4285587220596299,-0.0032331665131989256,27874.43191410806,14674.43191410806,500000.0,1.0,19215.67664929973,11454.253421455285,723.5745398143421,-3.9955539300628114e-05
93.11000000001073,booster,728.5606252980322,11488.67555244812,49.98106057797969,344.57064332714407,348.17672906066196,1.4282354351044277,-0.0032325722817459087,27856.35183940987,14656.351839409868,500000.0,1.0,19218.048853476987,11488.67555244812,728.5606252980322,-4.194047506748022e-05
93.21000000001078,booster,733.5707752067694,11523.167583737166,50.22205404278013,345.27015072083634,348.90361375466574,1.4279122079771172,-0.0032319698898273966,27838.271764711677,14638.271764711677,500000.0,1.0,19220.223294734362,11523.167583737166,733.5707752067694,-4.392612330335205e-05
93.31000000001083,booster,738.6050594117041,11557.729616282235,50.46374664344596,345.9706688154976,349.6316538958346,1.4275890415136039,-0.0032313589413190845,27820.191690013486,14620.191690013486,500000.0,1.0,19222.199866514784,11557.729616282235,738.6050594117041,-4.591237176982894e-05
93.41000000001088,booster,743.663547868899,11592.361751263874,50.70613922969259,346.67219982101784,350.3608521001236,1.4272659365890579,-0.0032307390471825485,27802.111615315294,14602.111615315294,500000.0,1.0,19223.978467020803,11592.361751263874,743.663547868899,-4.7899106885792165e-05
93.51000000001093,booster,748.7463106194451,11627.064090083877,50.94923265236939,347.37474595237325,351.09121098845685,1.4269428941171658,-0.0032301098262568655,27784.031540617103,14584.031540617103,500000.0,1.0,19225.558999221837,11627.064090083877,748.7463106194451,-4.9886213819421705e-05
93.61000000001098,booster,753.8534177895733,11661.836734365792,51.19302776340091,348.07830942962465,351.8227331867142,1.4266199150493053,-0.0032294709060099467,27765.95146591891,14565.951465918912,500000.0,1.0,19226.941370861477,11661.836734365792,753.8534177895733,-5.1873576667969754e-05
93.71000000001104,booster,758.9849395907576,11696.679785955414,51.43752541572937,348.78289247791497,352.5554213257181,1.4262970003736466,-0.0032288219232502807,27747.87139122072,14547.87139122072,500000.0,1.0,19228.12549446458,11696.679785955414,758.9849395907576,-5.386107852374472e-05
93.81000000001109,booster,764.1409463198154,11731.593346921323,51.68272646325847,349.4884973274668,353.2892780412204,1.4259741511141824,-0.0032281625247964456,27729.79131652253,14529.791316522529,500000.0,1.0,19229.111287344196,11731.593346921323,764.1409463198154,-5.5848601583906975e-05
93.91000000001114,booster,769.3215083589998,11766.577519555367,51.9286317607987,350.1951262135799,354.024305973889,1.4256513683296972,-0.003227492368105131,27711.711241824338,14511.711241824338,500000.0,1.0,19229.89867160852,11766.577519555367,769.3215083589998,-5.78360273257323e-05
94.01000000001119,booster,774.5266961760882,11801.632406373179,52.17524216401419,350.9027813766285,354.76050776929424,1.425328653112674,-0.003226811121858302,27693.631167126146,14493.631167126146,500000.0,1.0,19230.487574167626,11801.632406373179,774.5266961760882,-5.982323654207656e-05
94.11000000001124,booster,779.7565803244648,11836.75811011468,52.42255852937129,351.61146506205796,355.4978860778952,1.425006006588143,-0.0032261184665076216,27675.551092427955,14475.551092427955,500000.0,1.0,19230.87792674008,11836.75811011468,779.7565803244648,-6.181010950334889e-05
94.21000000001129,booster,785.0112314431989,11871.954733744595,52.67058171408887,352.32117952038175,356.2364435550265,1.4246834299124795,-0.0032254140947761147,27657.471017729764,14457.471017729764,500000.0,1.0,19231.06966585951,11871.954733744595,785.0112314431989,-6.379652606092171e-05
94.31000000001134,booster,790.2907202571167,11907.222380452946,52.919312576090675,353.03192700717756,356.9761828608838,1.424360924272153,-0.0032246977121186938,27639.390943031573,14439.390943031573,500000.0,1.0,19231.062732880975,11907.222380452946,790.2907202571167,-6.578236572590562e-05
94.4100000000114,booster,795.5951175768707,11942.561153655573,53.16875197395947,353.74370978308366,357.71710666051035,1.424038490882435,-0.00322396903714085,27621.31086833338,14421.310868333381,500000.0,1.0,19230.857073987216,11942.561153655573,795.5951175768707,-6.776750781648369e-05
94.51000000001144,booster,800.9244942990024,11977.971156994632,53.41890076689337,354.4565301137947,358.45921762378305,1.4237161309860613,-0.003223227801974593,27603.23079363519,14403.23079363519,500000.0,1.0,19230.4526401949,11977.971156994632,800.9244942990024,-6.975183152624149e-05
94.6100000000115,booster,806.2789214060024,12013.452494339095,53.669759814664296,355.17039027005734,359.2025184253983,1.423393845851865,-0.0032224737526136945,27585.150718937,14385.150718936999,500000.0,1.0,19229.849387360646,12013.452494339095,806.2789214060024,-7.173521604741237e-05
94.71000000001155,booster,811.6584699663655,12049.00526978526,53.9213299775786,355.88529252766523,359.9470117448578,1.423071636773374,-0.003221706649207894,27567.070644238807,14367.070644238807,500000.0,1.0,19229.047276186935,12049.00526978526,811.6584699663655,-7.371754063481549e-05
94.8100000000116,booster,817.0632111346417,12084.629587657271,54.173612116440026,356.601239167454,360.6927002664543,1.4227495050673826,-0.0032209262663157926,27548.990569540616,14348.990569540616,500000.0,1.0,19228.046272227923,12084.629587657271,817.0632111346417,-7.569868474219267e-05
94.91000000001165,booster,822.4932161514859,12120.325552507591,54.42660709251489,357.3182324752958,361.43958667925756,1.4224274520725,-0.00322013239311861,27530.910494842425,14330.910494842425,500000.0,1.0,19226.84634589515,12120.325552507591,822.4932161514859,-7.76785281036594e-05
95.0100000000117,booster,827.9485563437004,12156.093269117533,54.68031576749985,358.03627474209327,362.1876736770996,1.422105479147679,-0.003219324833594225,27512.830420144233,14312.830420144233,500000.0,1.0,19225.447472463107,12156.093269117533,827.9485563437004,-7.965695079390785e-05
95.11000000001175,booster,833.429303124278,12191.932842497745,54.93473900349186,358.75536826377333,362.93696395856045,1.4217835876707288,-0.0032185034066524987,27494.750345446042,14294.750345446042,500000.0,1.0,19223.84963207471,12191.932842497745,833.429303124278,-8.16338333572916e-05
95.2100000000118,booster,838.9355279924399,12227.844377888721,55.18987766296071,359.4755153412807,363.68746022695353,1.4214617790368154,-0.0032176679462326114,27476.67027074785,14276.67027074785,500000.0,1.0,19222.052809746598,12227.844377888721,838.9355279924399,-8.360905684457074e-05
95.31000000001185,booster,844.4673025336718,12263.827980761298,55.44573260872404,360.19671828057056,364.4391651903111,1.4211400546569588,-0.003216818301364249,27458.59019604966,14258.59019604966,500000.0,1.0,19220.056995374383,12263.827980761298,844.4673025336718,-8.558250292212885e-05
95.4100000000119,booster,850.0246984197578,12299.883756817164,55.70230470392486,360.9189793926013,365.1920815613693,1.4208184159565196,-0.003215954336191372,27440.510121351468,14240.510121351468,500000.0,1.0,19217.86218373772,12299.883756817164,850.0246984197578,-8.755405394696486e-05
95.51000000001196,booster,855.6077874088112,12336.011811989347,55.95959481201157,361.6423009933266,365.94621205755413,1.4204968643736886,-0.0032150759299620253,27422.430046653277,14222.430046653277,500000.0,1.0,19215.468374505323,12336.011811989347,855.6077874088112,-8.952359301982738e-05
95.61000000001201,booster,861.2166413453053,12372.212252442721,56.21760379672049,362.3666854036873,366.7015594009656,1.420175401357978,-0.0032141829769834055,27404.349971955085,14204.349971955085,500000.0,1.0,19212.875572239762,12372.212252442721,861.2166413453053,-9.149100407546467e-05
95.71000000001206,booster,866.8513321601004,12408.485184574505,56.476332522061064,363.09213494960244,367.45812631836395,1.419854028368719,-0.00321327538654417,27386.269897256894,14186.269897256894,500000.0,1.0,19210.08378640229,12408.485184574505,866.8513321601004,-9.345617191846272e-05
95.81000000001211,booster,872.5119318704711,12444.83071501476,56.73578185230344,363.81865196196,368.21591554115355,1.4195327468735714,-0.0032123530828053566,27368.189822558703,14168.189822558703,500000.0,1.0,19207.093031357323,12444.83071501476,872.5119318704711,-9.541898233324218e-05
95.91000000001216,booster,878.1985125801318,12481.248950626878,56.995952651968665,364.54623877660765,368.9749298053689,1.4192115583470388,-0.003211416004659946,27350.10974786051,14150.109747860512,500000.0,1.0,19203.903326377065,12481.248950626878,878.1985125801318,-9.737932206788132e-05
96.01000000001221,booster,883.9111464792607,12517.739998508088,57.25684578582138,365.2748977343427,369.73517185165906,1.4188904642690068,-0.003210464105563096,27332.02967316232,14132.02967316232,500000.0,1.0,19200.514695645816,12517.739998508088,883.9111464792607,-9.933707897176363e-05
96.11000000001226,booster,889.6499058445249,12554.303965989942,57.518462118865024,366.00463118090136,370.4966444252727,1.4185694661232955,-0.0032094973533347607,27313.94959846413,14113.949598464129,500000.0,1.0,19196.927168264236,12554.303965989942,889.6499058445249,-0.00010129214197222202
96.21000000001231,booster,895.4148630391036,12590.940960638818,57.78080251633948,366.73544146694815,371.259350276043,1.4182485653962336,-0.0032085157299349674,27295.869523765938,14095.869523765938,500000.0,1.0,19193.140778253477,12590.940960638818,895.4148630391036,-0.000103244401158594
96.31000000001237,booster,901.2060905127113,12627.651090256402,58.043867843721216,367.46733094806433,372.02329215837227,1.417927763575258,-0.003207519231213031,27277.789449067746,14077.789449067746,500000.0,1.0,19189.155564559194,12627.651090256402,901.2060905127113,-0.00010519374783387013
96.41000000001242,booster,907.023660801623,12664.434462880186,58.30765896672581,368.20030198473626,372.78847283121695,1.4176070621475367,-0.0032065078666334494,27259.709374369555,14059.709374369555,500000.0,1.0,19184.971571055423,12664.434462880186,907.023660801623,-0.00010714007451709205
96.51000000001247,booster,912.8676465286966,12701.291186783952,58.57217675131282,368.93435694234296,373.55489505807196,1.4172864625986232,-0.003205481658978644,27241.629299671364,14041.629299671364,500000.0,1.0,19180.58884654835,12701.291186783952,912.8676465286966,-0.00010908327500827058
96.61000000001252,booster,918.7381204033989,12738.221370478264,58.83742206369305,369.6694981911438,374.32256160695584,1.4169659664111405,-0.003204440644029922,27223.549224973172,14023.549224973172,500000.0,1.0,19176.00744477996,12738.221370478264,918.7381204033989,-0.00011102324440335011
96.71000000001257,booster,924.6351552218302,12775.225122710961,59.10339577033807,370.40572810626514,375.0914752503949,1.416645575063497,-0.00320338487022794,27205.46915027498,14005.469150274981,500000.0,1.0,19171.227424431534,12775.225122710961,924.6351552218302,-0.0001129598791403233
96.81000000001262,booster,930.5588238667522,12812.30255246763,59.37009873799195,371.1430490676869,375.8616387654084,1.4163252900286392,-0.003202314398315548,27187.38907557679,13987.38907557679,500000.0,1.0,19166.248849127074,12812.30255246763,930.5588238667522,-0.0001148930769879227
96.91000000001267,booster,936.5091993076146,12849.453768972106,59.63753183368522,371.8814634602283,376.6330549334922,1.4160051127728397,-0.003201229300961644,27169.3090008786,13969.309000878598,500000.0,1.0,19161.071787436525,12849.453768972106,936.5091993076146,-0.00011682273711939513
97.01000000001272,booster,942.4863546005854,12886.67888168694,59.905695924750894,372.62097367353437,377.40572654060446,1.4156850447545242,-0.0032001296623712285,27151.228926180407,13951.228926180407,500000.0,1.0,19155.696312879012,12886.67888168694,942.4863546005854,-0.0001187487600825898
97.11000000001277,booster,948.490362888582,12923.978000313893,60.17459187884259,373.36158210205997,378.17965637714906,1.4153650874231374,-0.0031990155778787244,27133.148851482216,13933.148851482216,500000.0,1.0,19150.122503925733,12923.978000313893,948.490362888582,-0.0001206710478258046
97.21000000001283,booster,954.5212974013036,12961.351234794409,60.44422056395465,374.10329114505544,378.9548472379607,1.4150452422180528,-0.0031978871535294144,27115.068776784025,13915.068776784025,500000.0,1.0,19144.35044400297,12961.351234794409,954.5212974013036,-0.0001225895037375508
97.31000000001288,booster,960.579231455267,12998.798695310094,60.714582848444195,374.84610320655065,379.731301922289,1.414725510567521,-0.0031967445056491368,27096.988702085833,13896.988702085833,500000.0,1.0,19138.380221494797,12998.798695310094,960.579231455267,-0.0001245040326034288
97.41000000001293,booster,966.6642384538436,13036.3204922832,60.98567960105501,375.5900206953393,380.50902323378347,1.4144058938876642,-0.0031955877604024556,27078.908627387642,13878.908627387642,500000.0,1.0,19132.211929745787,13036.3204922832,966.6642384538436,-0.00012641454065880032
97.51000000001298,booster,972.7763918873001,13073.916736377094,61.257511690943254,376.33504602496214,381.288013980477,1.4140863935815153,-0.003194417053343361,27060.82855268945,13860.82855268945,500000.0,1.0,19125.84566706343,13073.916736377094,972.7763918873001,-0.00012832093556142915
97.61000000001303,booster,978.9157653328399,13111.587538496733,61.530079987704774,377.0811816136904,382.068276974771,1.4137670110381013,-0.00319323252895661,27042.74847799126,13842.74847799126,500000.0,1.0,19119.281536720628,13111.587538496733,978.9157653328399,-0.00013022312638305442
97.71000000001308,booster,985.0824324546501,13149.333009789141,61.80338536140428,377.82842988450886,382.8498150334195,1.4134477476315734,-0.0031920343401938976,27024.668403293068,13824.668403293068,500000.0,1.0,19112.51964695791,13149.333009789141,985.0824324546501,-0.00013212102365723106
97.81000000001313,booster,991.2764670039477,13187.153261643865,62.07742868260584,378.576793265098,383.6326309775131,1.4131286047203837,-0.003190822648004334,27006.588328594877,13806.588328594877,500000.0,1.0,19105.56011098558,13187.153261643865,991.2764670039477,-0.00013401453930005105
97.91000000001318,booster,997.4979428190336,13225.048405693464,62.35221082240499,379.3262741878166,384.4167276324643,1.4128095836465104,-0.003189597620861519,26988.508253896685,13788.508253896685,500000.0,1.0,19098.40304698577,13225.048405693464,997.4979428190336,-0.00013590358665743372
98.01000000001324,booster,1003.7469338253453,13263.01855381397,62.62773265246221,380.0768750896831,385.2021078279905,1.4124906857347264,-0.003188359434287478,26970.428179198494,13770.428179198494,500000.0,1.0,19091.048578114212,13263.01855381397,1003.7469338253453,-0.00013778808045682435
98.11000000001329,booster,1010.0235140355168,13301.063818125334,62.90399504503772,380.8285984123572,385.988774398099,1.4121719122919203,-0.00318710827037531,26952.348104500303,13752.348104500303,500000.0,1.0,19083.496832502096,13301.063818125334,1010.0235140355168,-0.0001396679368035263
98.21000000001334,booster,1016.3277575494391,13339.184310991917,63.18099887302754,381.5814466021214,386.7767301810711,1.4118532646064639,-0.0031858443173121255,26934.26802980211,13734.268029802111,500000.0,1.0,19075.747943257644,13339.184310991917,1016.3277575494391,-0.00014154307319412385
98.31000000001339,booster,1022.6597385543262,13377.38014502293,63.45874501000061,382.3354221098615,387.56597801944673,1.4115347439476238,-0.003184567768902626,26916.18795510392,13716.18795510392,500000.0,1.0,19067.802048467656,13377.38014502293,1022.6597385543262,-0.00014341340844181688
98.41000000001344,booster,1029.0195313247846,13415.651433072908,63.73723433023712,383.0905273910474,388.3565207600078,1.411216351565027,-0.0031832788240942363,26898.10788040573,13698.107880405729,500000.0,1.0,19059.65929119876,13415.651433072908,1029.0195313247846,-0.00014527886271469709
98.51000000001349,booster,1035.4072102228854,13453.99828824216,64.01646770876769,383.84676490571326,389.1483612537635,1.4108980886881661,-0.0031819776865064393,26880.027805707537,13680.027805707537,500000.0,1.0,19051.31981949879,13453.99828824216,1035.4072102228854,-0.00014713935744270308
98.61000000001354,booster,1041.8228496982429,13492.42082387722,64.29644602141359,384.6041371184377,389.9415023559336,1.4105799565259591,-0.0031806645639630296,26861.947731009346,13661.947731009346,500000.0,1.0,19042.783786397773,13492.42082387722,1041.8228496982429,-0.00014899481537761507
98.7100000000136,booster,1048.2665242880937,13530.91915357132,64.5771701448276,385.3626464983231,390.735946925933,1.4102619562663508,-0.0031793396680309775,26843.867656311155,13643.867656311155,500000.0,1.0,19034.05134990889,13530.91915357132,1048.2665242880937,-0.00015084516049308235
98.81000000001364,booster,1054.7383086173836,13569.493391164815,64.85864095653594,386.1222955189759,391.5316978273562,1.40994408907596,-0.003178003213563467,26825.787581612964,13625.787581612964,500000.0,1.0,19025.122673029426,13569.493391164815,1054.7383086173836,-0.000152690318005488
98.9100000000137,booster,1061.2382773988563,13608.143650745647,65.1408593349803,386.88308665848524,392.3287579279611,1.4096263560997757,-0.0031766554182520623,26807.707506914772,13607.707506914772,500000.0,1.0,19015.997923741335,13608.143650745647,1061.2382773988563,-0.0001545302143184592
99.01000000001375,booster,1067.766505433147,13646.870046649794,65.42382615956113,387.64502239940236,393.1271300996532,1.4093087584608943,-0.0031752965021852406,26789.62743221658,13589.627432216581,500000.0,1.0,19006.67727501189,13646.870046649794,1067.766505433147,-0.00015636477700168934
99.1100000000138,booster,1074.3230676088808,13685.672693461709,65.70754231068082,388.40810522871925,393.92681721846986,1.408991297260301,-0.0031739266874164953,26771.54735751839,13571.54735751839,500000.0,1.0,18997.160904794055,13685.672693461709,1074.3230676088808,-0.00015819393474701023
99.21000000001385,booster,1080.9080389027758,13724.551706014767,65.99200866978777,389.1723376378477,394.72782216456477,1.408673973576695,-0.003172546197540538,26753.4672828202,13553.467282820198,500000.0,1.0,18987.44899602683,13724.551706014767,1080.9080389027758,-0.00016001761737349107
99.3100000000139,booster,1087.5214943797478,13763.507199391704,66.2772261194204,389.9377221225973,395.5301478221915,1.408356788466357,-0.0031711552572819207,26735.387208122007,13535.387208122007,500000.0,1.0,18977.54173663536,13763.507199391704,1087.5214943797478,-0.00016183575575292518
99.41000000001395,booster,1094.1635091930232,13802.539288925056,66.5631955432518,390.7042611831541,396.3337970796882,1.4080397429630547,-0.0031697540920924967,26717.307133423816,13517.307133423816,500000.0,1.0,18967.439319531004,13802.539288925056,1094.1635091930232,-0.00016364828179368188
99.510000000014,booster,1100.8341585842552,13841.64809019759,66.84991782613422,391.47195732405845,397.1387728294611,1.4077228380779916,-0.0031683429277618,26699.227058725624,13499.227058725624,500000.0,1.0,18957.14194261115,13841.64809019759,1100.8341585842552,-0.0001654551283932438
99.61000000001405,booster,1107.533517883642,13880.833719042746,67.13739385414392,392.2408130541835,397.94507796796955,1.4074060747997899,-0.0031669219900382823,26681.146984027433,13481.146984027433,500000.0,1.0,18946.64980875904,13880.833719042746,1107.533517883642,-0.00016725622943184991
99.7100000000141,booster,1114.2616625100527,13920.096291545076,67.42562451462605,393.01083088671265,398.7527153957094,1.4070894540945154,-0.003165491504264186,26663.06690932924,13463.066909329242,500000.0,1.0,18935.96312584328,13920.096291545076,1114.2616625100527,-0.00016905151970018271
99.81000000001416,booster,1121.018667971156,13959.435924040654,67.71461069623925,393.7820133391173,399.5616880171972,1.406772976905734,-0.0031640516950234366,26644.98683463105,13444.98683463105,500000.0,1.0,18925.082106717357,13959.435924040654,1121.018667971156,-0.00017084093488294773
99.91000000001421,booster,1127.8046098635548,13998.852733117525,68.0043532890006,394.554362933135,400.37199874095495,1.406456644154606,-0.003162602785802292,26626.90675993286,13426.90675993286,500000.0,1.0,18914.006969218975,13998.852733117525,1127.8046098635548,-0.00017262441153373983
100.01000000001426,booster,1134.619563872923,14038.34683561611,68.29485318433007,395.32788219474617,401.18365047949334,1.4061404567400109,-0.0031611449986649587,26608.826685234668,13408.826685234668,500000.0,1.0,18902.737936169164,14038.34683561611,1134.619563872923,-0.00017440188701320792
100.11000000001431,booster,1141.4636057741482,14077.918348629639,68.58611127509477,396.1025736541523,401.9966461492967,1.4058244155387063,-0.0031596785539431895,26590.746610536477,13390.746610536477,500000.0,1.0,18891.27523537144,14077.918348629639,1141.4636057741482,-0.00017617329946242966
100.21000000001436,booster,1148.3368114314799,14117.567389504584,68.87812845565315,396.87843984575295,402.81098867080624,1.4055085214055159,-0.003158203669940473,26572.666535838285,13372.666535838285,500000.0,1.0,18879.61909961051,14117.567389504584,1148.3368114314799,-0.0001779385877702237
100.31000000001441,booster,1155.2392567986783,14157.294075841055,69.17090562189868,397.65548330812334,403.62668096840525,1.4051927751735458,-0.0031567205626509554,26554.586461140094,13354.586461140094,500000.0,1.0,18867.769766651243,14157.294075841055,1155.2392567986783,-0.0001796976915480565
100.41000000001446,booster,1162.1710179191732,14197.098525493233,69.46444367130309,398.43370658399147,404.4437259704023,1.404877177654429,-0.0031552294454938426,26536.506386441903,13336.506386441903,500000.0,1.0,18855.727479237095,14197.098525493233,1162.1710179191732,-0.000181450551053711
100.51000000001451,booster,1169.1321709262206,14236.980856569773,69.7587435029594,399.2131122202149,405.26212660901535,1.4045617296385968,-0.003153730529063023,26518.42631174371,13318.426311743711,500000.0,1.0,18843.492485088645,14236.980856569773,1169.1321709262206,-0.00018319710720227442
100.61000000001457,booster,1176.12279204307,14276.941187434228,70.05380601762428,399.9937027677587,406.08188582035643,1.404246431895571,-0.0031522240208917223,26500.34623704552,13300.34623704552,500000.0,1.0,18831.06503690189,14276.941187434228,1176.12279204307,-0.00018493730151039392
100.71000000001462,booster,1183.142957583131,14316.979636705446,70.3496321177599,400.77548078167223,406.9030065444156,1.4039312851742833,-0.003150710125233611,26482.26616234733,13282.266162347329,500000.0,1.0,18818.445392346453,14316.979636705446,1183.142957583131,-0.00018667107605461233
100.81000000001467,booster,1190.1927439501455,14357.096323257983,70.64622270757516,401.55844882106624,407.7254917250443,1.4036162902034128,-0.0031491890428583676,26464.186087649137,13264.186087649137,500000.0,1.0,18805.633814063513,14357.096323257983,1190.1927439501455,-0.00018839837344792796
100.91000000001472,booster,1197.2722276383677,14397.291366222518,70.94357869306646,402.3426094490901,408.5493443099405,1.4033014476917425,-0.003147660970863658,26446.106012950946,13246.106012950946,500000.0,1.0,18792.630569663732,14397.291366222518,1197.2722276383677,-0.00019011913679859433
101.01000000001477,booster,1204.38148523274,14437.564884986234,71.24170098205752,403.127965232909,409.3745672506322,1.4029867583285378,-0.0031461261025020866,26428.025938252755,13228.025938252755,500000.0,1.0,18779.435931724984,14437.564884986234,1204.38148523274,-0.0001918333096920012
101.11000000001482,booster,1211.5205934090816,14477.916999193232,71.54059048423888,403.9145187436809,410.2011635024612,1.402672222783937,-0.0031445846270242335,26409.945863554563,13209.945863554563,500000.0,1.0,18766.05017778987,14477.916999193232,1211.5205934090816,-0.0001935408361398516
101.21000000001487,booster,1218.6896289342749,14518.347828744938,71.84024811120625,404.70227255653424,411.0291360245682,1.4023578417093594,-0.0031430367295364014,26391.865788856372,13191.865788856372,500000.0,1.0,18752.473590363195,14518.347828744938,1218.6896289342749,-0.00019524166056869032
101.31000000001492,booster,1225.8886686664596,14558.857493800484,72.1406747764984,405.4912292505442,411.8584877798756,1.402043615737927,-0.0031414825908748726,26373.78571415818,13173.78571415818,500000.0,1.0,18738.706456909145,14558.857493800484,1225.8886686664596,-0.00019693572775561185
101.41000000001497,booster,1233.117789555227,14599.446114777094,72.44187139563414,406.28139140871076,412.6892217350723,1.4017295454848953,-0.0031399223874928233,26355.70563945999,13155.70563945999,500000.0,1.0,18724.74906984848,14599.446114777094,1233.117789555227,-0.00019862298284788025
101.51000000001503,booster,1240.3770686418216,14640.1138123505,72.74383888614842,407.07276161793567,413.52134086059766,1.4014156315480983,-0.0031383562913650485,26337.625564761798,13137.625564761798,500000.0,1.0,18710.601726555455,14640.1138123505,1240.3770686418216,-0.00020030337129223238
101.61000000001508,booster,1247.666583059343,14680.860707455317,73.04657816762776,407.86534246899976,414.3548481306256,1.4011018745084,-0.003136784469905032,26319.545490063607,13119.545490063607,500000.0,1.0,18696.26472935463,14680.860707455317,1247.666583059343,-0.000201976838843216
101.71000000001513,booster,1254.9864100329542,14721.686921285422,73.35009016174457,408.6591365565404,415.18974652304837,1.4007882749301543,-0.003135207085898156,26301.465415365416,13101.465415365416,500000.0,1.0,18681.7383855175,14721.686921285422,1254.9864100329542,-0.00020364333149638984
101.81000000001518,booster,1262.3366268800903,14762.59257529436,73.65437579229096,409.4541464790286,416.0260390194607,1.4004748333616694,-0.0031336242974471956,26283.385340667224,13083.385340667224,500000.0,1.0,18667.023007258966,14762.59257529436,1262.3366268800903,-0.00020530279550219377
101.91000000001523,booster,1269.7173110106733,14803.57779119571,73.95943598521114,410.2503748387474,416.86372860514416,1.4001615503356795,-0.003132036257932985,26265.305265969033,13065.305265969033,500000.0,1.0,18652.11891173375,14803.57779119571,1269.7173110106733,-0.0002069551773155364
102.01000000001528,booster,1277.1285399273288,14844.64269096346,74.26527166863345,411.0478242417681,417.7028182690505,1.399848426369818,-0.003130443115988102,26247.22519127084,13047.225191270842,500000.0,1.0,18637.026421032475,14844.64269096346,1277.1285399273288,-0.00020860042359724637
102.11000000001533,booster,1284.5703912256058,14885.787396832406,74.57188377290103,411.84649729792915,418.54331100378636,1.3995354619670934,-0.003128845015483903,26229.14511657265,13029.14511657265,500000.0,1.0,18621.745862177704,14885.787396832406,1284.5703912256058,-0.00021023848116088207
102.21000000001538,booster,1292.0429425941995,14927.012031298511,74.87927323060201,412.6463966208129,419.3852098055967,1.3992226576163647,-0.003127242095528974,26211.06504187446,13011.065041874459,500000.0,1.0,18606.27756711981,14927.012031298511,1292.0429425941995,-0.00021186929698974958
102.31000000001544,booster,1299.5462718151766,14968.316717119278,75.18744097659821,413.4475248277239,420.2285176743492,1.3989100137928174,-0.0031256344904816253,26192.984967176268,12992.984967176268,500000.0,1.0,18590.62187273269,14968.316717119278,1299.5462718151766,-0.00021349281818688965
102.41000000001549,booster,1307.080456764206,15009.701577314128,75.49638794805348,414.2498845396668,421.07323761351813,1.3985975309584386,-0.0031240223299732763,26174.904892478076,12974.904892478076,500000.0,1.0,18574.77912080926,15009.701577314128,1307.080456764206,-0.0002151089919773141
102.51000000001554,booster,1314.6455754107885,15051.166735164774,75.80611508446069,415.05347838132406,421.9193726301682,1.398285209562487,-0.003122405738943683,26156.824817779885,12956.824817779885,500000.0,1.0,18558.749658056804,15051.166735164774,1314.6455754107885,-0.00021671776567575533
102.61000000001559,booster,1322.2417058184924,15092.712314215569,76.11662332766811,415.85830898103416,422.7669257349389,1.3979730500419594,-0.0031207848376859997,26138.744743081694,12938.744743081694,500000.0,1.0,18542.53383609226,15092.712314215569,1322.2417058184924,-0.00021831908669787996
102.71000000001564,booster,1329.8689261451884,15134.338438273886,76.42791362190457,416.6643789707697,423.61589994202825,1.3976610528220539,-0.0031191597419043017,26120.664668383502,12920.664668383502,500000.0,1.0,18526.132011437217,15134.338438273886,1329.8689261451884,-0.00021991290251297362
102.81000000001569,booster,1337.5273146432921,15176.045231410482,76.73998691380392,417.4716909861152,424.4662982691762,1.3973492183166254,-0.0031175305627794843,26102.58459368531,12902.584593685311,500000.0,1.0,18509.544545512726,15176.045231410482,1337.5273146432921,-0.00022149916066818647
102.91000000001574,booster,1345.2169496600018,15217.832817959848,77.05284415242855,418.2802476662464,425.3181237376499,1.3970375469286322,-0.003115897407045382,26084.50451898712,12884.50451898712,500000.0,1.0,18492.77180463416,15217.832817959848,1345.2169496600018,-0.00022307780873320995
103.0100000000158,booster,1352.9379096375453,15259.701322520561,77.36648628929188,419.0900516539077,426.1713793722265,1.3967260390505796,-0.0031142603770741408,26066.42444428893,12866.424444288928,500000.0,1.0,18475.814160005666,15259.701322520561,1352.9379096375453,-0.00022464879433348013
103.11000000001584,booster,1360.6902731134248,15301.650869955665,77.68091427838013,419.9011055953912,427.02606820117774,1.396414695064949,-0.0031126195709689497,26048.344369590737,12848.344369590737,500000.0,1.0,18458.67198771453,15301.650869955665,1360.6902731134248,-0.00022621206512395923
103.2100000000159,booster,1368.4741187206662,15343.681585393006,77.99612907617313,420.7134121405149,427.8821932562534,1.396103515344621,-0.0031109750826670427,26030.264294892546,12830.264294892546,500000.0,1.0,18441.34566872544,15343.681585393006,1368.4741187206662,-0.000227767568771316
103.31000000001595,booster,1376.2895251880686,15385.793594225579,78.31213164166435,421.5269739426016,428.7397575726656,1.395792500253287,-0.0031093270020477203,26012.184220194355,12812.184220194355,500000.0,1.0,18423.835588874495,15385.793594225579,1376.2895251880686,-0.0002293152529706395
103.410000000016,booster,1384.1365713404575,15427.987022111893,78.62892293637991,422.34179365845796,429.5987641890729,1.3954816501458467,-0.003107675415048607,25994.104145496163,12794.104145496163,500000.0,1.0,18406.14213886312,15427.987022111893,1384.1365713404575,-0.0002308550654341881
103.51000000001605,booster,1392.015336098937,15470.261994976312,78.94650392439704,423.1578739483525,430.4592161475633,1.3951709653687996,-0.003106020403789087,25976.024070797972,12776.024070797972,500000.0,1.0,18388.26571425168,15470.261994976312,1392.015336098937,-0.00023238695385398837
103.6100000000161,booster,1399.9258984811481,15512.618639009395,79.26487557236155,423.9752174759957,431.3211164936396,1.3948604462606184,-0.003104362046698117,25957.94399609978,12757.94399609978,500000.0,1.0,18370.206715453147,15512.618639009395,1399.9258984811481,-0.00023391086595990417
103.71000000001615,booster,1407.8683376015258,15555.05708066825,79.5840388495046,424.7938269085182,432.18446827620215,1.394550093152112,-0.003102700418648593,25939.86392140159,12739.86392140159,500000.0,1.0,18351.965547726337,15555.05708066825,1407.8683376015258,-0.00023542674947394973
103.8100000000162,booster,1415.842732671558,15597.577446676856,79.90399472765867,425.61370491645016,433.04927454753323,1.3942399063667739,-0.0031010355910963826,25921.783846703398,12721.783846703398,500000.0,1.0,18333.542621169174,15597.577446676856,1415.842732671558,-0.0002369345521171114
103.91000000001625,booster,1423.8491630000458,15640.17986402643,80.22474418127288,426.43485417370056,433.9155383632809,1.3939298862211165,-0.0030993676322232763,25903.703772005207,12703.703772005207,500000.0,1.0,18314.938350711665,15640.17986402643,1423.8491630000458,-0.00023843422164359325
104.0100000000163,booster,1431.8877079933677,15682.864459975732,80.54628818742758,427.2572773575364,434.78326278244305,1.3936200330249922,-0.003097696607085247,25885.623697307015,12685.623697307015,500000.0,1.0,18296.153156108772,15682.864459975732,1431.8877079933677,-0.0002399257057706585
104.11000000001636,booster,1439.958447155742,15725.631362051427,80.86862772584807,428.08097714856206,435.6524508673508,1.3933103470818975,-0.0030960225777619498,25867.543622608824,12667.543622608824,500000.0,1.0,18277.187461933034,15725.631362051427,1439.958447155742,-0.00024140895228750162
104.21000000001641,booster,1448.0614600894924,15768.4806980484,81.19176377891814,428.9059562306986,436.5231056836529,1.3930008286892634,-0.003094345603511602,25849.463547910633,12649.463547910633,500000.0,1.0,18258.0416975671,15768.4806980484,1448.0614600894924,-0.00024288390894631654
104.31000000001646,booster,1456.196826495313,15811.412596030092,81.51569733169246,429.732217291164,437.3952303002998,1.3926914781387298,-0.003092665740926425,25831.38347321244,12631.383473212441,500000.0,1.0,18238.71629719607,15811.412596030092,1456.196826495313,-0.00024435052355485887
104.41000000001651,booster,1464.3646261725398,15854.427184328839,81.8404293719087,430.5597630204519,438.268827789527,1.3923822957164043,-0.0030909830440911134,25813.30339851425,12613.30339851425,500000.0,1.0,18219.211699799536,15854.427184328839,1464.3646261725398,-0.0002458087439297893
104.51000000001656,booster,1472.564939019416,15897.52459154618,82.16596088999896,431.3885961123117,439.1439012268394,1.392073281703104,-0.0030892975647419992,25795.22332381606,12595.223323816059,500000.0,1.0,18199.528349143642,15897.52459154618,1472.564939019416,-0.0002472585179331453
104.61000000001661,booster,1480.7978450333633,15940.704946553198,82.49229287910077,432.218719263728,440.02045369099454,1.3917644363745838,-0.0030876093524278467,25777.143249117868,12577.143249117868,500000.0,1.0,18179.666693772775,15940.704946553198,1480.7978450333633,-0.00024869979347303073
104.71000000001666,booster,1489.0634243112524,15983.968378490828,82.81942633506746,433.0501351749009,440.8984882639876,1.3914557600017456,-0.0030859184546715543,25759.063174419676,12559.063174419676,500000.0,1.0,18159.627187001286,15983.968378490828,1489.0634243112524,-0.0002501325184955299
104.81000000001671,booster,1497.3617570496765,16027.315016770195,83.14736225647815,433.88284654922535,441.77800803103435,1.391147252850835,-0.0030842249171312906,25740.983099721485,12540.983099721485,500000.0,1.0,18139.410286904793,16027.315016770195,1497.3617570496765,-0.00025155664102088595
104.91000000001677,booster,1505.6929235452226,16070.744991072914,83.4761016446472,434.71685609327136,442.6590160805555,1.3908389151836171,-0.003082528783761635,25722.903025023294,12522.903025023294,500000.0,1.0,18119.016456311496,16070.744991072914,1505.6929235452226,-0.00025297210913511405
105.01000000001682,booster,1514.0570041947465,16114.258431351414,83.80564550363337,435.55216651676386,443.54151550416054,1.3905307472575403,-0.003080830096973949,25704.822950325102,12504.822950325102,500000.0,1.0,18098.446162793258,16114.258431351414,1514.0570041947465,-0.00025437887101690355
105.11000000001687,booster,1522.4540794956474,16157.85546782926,84.13599484024857,436.38878053256263,444.4255093966316,1.3902227493258819,-0.003079128897796796,25686.74287562691,12486.742875626911,500000.0,1.0,18077.6998786564,16157.85546782926,1522.4540794956474,-0.00025577687491782714
105.21000000001692,booster,1530.8842300461442,16201.536231001452,84.46715066406601,437.2267008566423,445.31100085590725,1.3899149216378799,-0.0030774252260331618,25668.66280092872,12468.66280092872,500000.0,1.0,18056.77808093247,16201.536231001452,1530.8842300461442,-0.0002571660692191674
105.31000000001697,booster,1539.3475365455513,16245.300851634745,84.79911398742857,438.0659302080727,446.1979929830668,1.3896072644388457,-0.003075719120417347,25650.58272623053,12450.582726230528,500000.0,1.0,18035.681251368736,16245.300851634745,1539.3475365455513,-0.0002585464023977604
105.41000000001702,booster,1547.8440797945552,16289.149460767963,85.13188582545625,438.9064713089989,447.08648888231414,1.3892997779702656,-0.003074010618769185,25632.502651532337,12432.502651532337,500000.0,1.0,18014.409876418544,16289.149460767963,1547.8440797945552,-0.0002599178230925553
105.51000000001707,booster,1556.373940695495,16333.082189712284,85.46546719605378,439.7483268846212,447.97649166096136,1.3889924624698817,-0.003072299758146241,25614.422576834146,12414.422576834146,500000.0,1.0,17992.964447231432,16333.082189712284,1556.373940695495,-0.0002612802800491806
105.61000000001712,booster,1564.9372002526395,16377.099170051564,85.7998591199179,440.5914996631754,448.86800442941313,1.3886853181717638,-0.003070586574992033,25596.342502135954,12396.342502135954,500000.0,1.0,17971.34545964311,16377.099170051564,1564.9372002526395,-0.0002626337222191516
105.71000000001717,booster,1573.5339395724666,16421.20053364264,86.13506262054435,441.4359923759131,449.76103030115036,1.3883783453063605,-0.00306887110528322,25578.262427437763,12378.262427437763,500000.0,1.0,17949.553414165235,16421.20053364264,1573.5339395724666,-0.0002639780986870966
105.81000000001723,booster,1582.1642398639437,16465.38641261561,86.47107872423479,442.2818077570819,450.6555723927145,1.3880715441005413,-0.0030671533846722402,25560.18235273957,12360.182352739572,500000.0,1.0,17927.588815975014,16465.38641261561,1582.1642398639437,-0.0002653133587441035
105.91000000001728,booster,1590.828182438809,16509.656939374163,86.80790846010348,443.1289485439053,451.5516338236911,1.3877649147776203,-0.0030654334486258676,25542.10227804138,12342.10227804138,500000.0,1.0,17905.452174904603,16509.656939374163,1590.828182438809,-0.0002666394518859772
106.01000000001733,booster,1599.5258487118551,16554.012246595837,87.14555286008395,443.97741747656346,452.449217716694,1.3874584575573685,-0.0030637113325613567,25524.02220334319,12324.02220334319,500000.0,1.0,17883.144005430317,16554.012246595837,1599.5258487118551,-0.0002679563278323566
106.11000000001738,booster,1608.2573202012063,16598.452467232353,87.48401295893554,444.8272172981732,453.3483271973499,1.387152172656012,-0.003061987071977779,25505.942128644998,12305.942128644998,500000.0,1.0,17860.66482666167,16598.452467232353,1608.2573202012063,-0.00026926393653317827
106.21000000001743,booster,1617.0226785286059,16642.977734509885,87.82328979424973,445.67835075476836,454.24896539428147,1.3868460602862178,-0.0030602607025831626,25487.862053946807,12287.862053946807,500000.0,1.0,17838.015162330223,16642.977734509885,1617.0226785286059,-0.0002705622281724293
106.31000000001748,booster,1625.8220054196984,16687.588181929346,88.1633844064568,446.5308205952799,455.15113543909206,1.386540120657067,-0.0030585322604170695,25469.781979248615,12269.781979248615,500000.0,1.0,17815.19554077824,16687.588181929346,1625.8220054196984,-0.0002718511532391924
106.41000000001753,booster,1634.6553827043124,16732.283943266713,88.50429783883197,447.38462957151637,456.0548404663496,1.3862343539740145,-0.003056801781969774,25451.701904550424,12251.701904550424,500000.0,1.0,17792.206494947128,16732.283943266713,1634.6553827043124,-0.00027313066245301997
106.51000000001758,booster,1643.5228923167479,16777.06515257325,88.84603113750204,448.23978043814407,456.96008361357076,1.385928760438839,-0.003055069304293792,25433.621829852233,12233.621829852233,500000.0,1.0,17769.04856236577,16777.06515257325,1643.5228923167479,-0.0002744007068916824
106.61000000001764,booster,1652.4246162960594,16821.93194417586,89.18858535145175,449.09627595266727,457.8668680212049,1.3856233402495823,-0.0030533348651150954,25415.54175515404,12215.541755154041,500000.0,1.0,17745.72228513853,16821.93194417586,1652.4246162960594,-0.000275661237889439
106.71000000001769,booster,1661.3606367863433,16866.88445267731,89.53196153253032,449.9541188754084,458.7751968326183,1.385318093600474,-0.0030515985029341644,25397.46168045585,12197.46168045585,500000.0,1.0,17722.228209933233,16866.88445267731,1661.3606367863433,-0.0002769122071595089
106.81000000001774,booster,1670.3310360370251,16911.922812956567,89.87616073545807,450.81331196948844,459.68507319407837,1.385013020681852,-0.003049860257125758,25379.38160575766,12179.381605757659,500000.0,1.0,17698.56688796875,16911.922812956567,1670.3310360370251,-0.0002781535667291845
106.91000000001779,booster,1679.3358964031452,16957.047160169037,90.2211840178331,451.6738580008071,460.59650025473815,1.3847081216800683,-0.0030481201680322588,25361.301531059467,12161.301531059467,500000.0,1.0,17674.73887500267,16957.047160169037,1679.3358964031452,-0.00027938526900247367
107.01000000001784,booster,1688.3753003456486,17002.25762974685,90.56703244013806,452.5357597380229,461.50948116661976,1.384403396777389,-0.0030463782770512615,25343.221456361276,12143.221456361276,500000.0,1.0,17650.744731318457,17002.25762974685,1688.3753003456486,-0.00028060726675064966
107.11000000001789,booster,1697.4493304316727,17047.55435739914,90.9137070657473,453.39901995253325,462.4240190845996,1.3840988461518846,-0.0030446346267181527,25325.141381663085,12125.141381663085,500000.0,1.0,17626.585021712704,17047.55435739914,1697.4493304316727,-0.0002818195131511386
107.21000000001794,booster,1706.5580693348377,17092.937479112326,91.26120896093374,454.26364141845477,463.3401171663918,1.3837944699773115,-0.0030428892607838993,25307.061306964893,12107.061306964893,500000.0,1.0,17602.26031548197,17092.937479112326,1706.5580693348377,-0.00028302196178607445
107.310000000018,booster,1715.7015998355355,17138.407131150365,91.60953919487633,455.12962691260327,464.2577785725329,1.3834902684229873,-0.0030411422242861987,25288.981232266702,12088.981232266702,500000.0,1.0,17577.77118640955,17138.407131150365,1715.7015998355355,-0.00028421456666064156
107.41000000001804,booster,1724.8800048212224,17183.963450055027,91.95869883966753,455.99697921447415,465.1770064663668,1.3831862416536578,-0.003039393563616577,25270.90115756851,12070.90115756851,500000.0,1.0,17553.118212752088,17183.963450055027,1724.8800048212224,-0.00028539728221995883
107.5100000000181,booster,1734.0933672867095,17229.60657264618,92.30868897032096,456.86570110622154,466.09780401402753,1.3828823898293612,-0.003037643326581694,25252.82108287032,12052.82108287032,500000.0,1.0,17528.301977225747,17229.60657264618,1734.0933672867095,-0.0002865700633547331
107.61000000001815,booster,1743.3417703344555,17275.33663602202,92.6595106647793,457.73579537263976,467.02017438442584,1.3825787131052807,-0.00303589156245812,25234.74100817213,12034.741008172128,500000.0,1.0,17503.323066992598,17275.33663602202,1743.3417703344555,-0.0002877328654439508
107.7100000000182,booster,1752.6252971748604,17321.15377755937,93.01116500392257,458.60726480114164,467.9441207492315,1.3822752116315964,-0.00303413832204346,25216.660933473937,12016.660933473937,500000.0,1.0,17478.182073646345,17321.15377755937,1752.6252971748604,-0.0002888856443264959
107.81000000001825,booster,1761.9440311265594,17367.058134913917,93.3636530715763,459.48011218173974,468.8696462828595,1.381971885553331,-0.0030323836577009697,25198.580858775746,11998.580858775746,500000.0,1.0,17452.87959319828,17367.058134913917,1761.9440311265594,-0.00029002835635734636
107.9100000000183,booster,1771.2980556167179,17413.049846020473,93.71697595452036,460.35434030702567,469.7967541624537,1.381668735010191,-0.003030627623399676,25180.500784077554,11980.500784077554,500000.0,1.0,17427.416226062734,17413.049846020473,1771.2980556167179,-0.0002911609583784943
108.01000000001835,booster,1780.6874541813277,17459.129049093244,94.07113474249786,461.2299519721499,470.72544756787147,1.3813657601364042,-0.003028870274748244,25162.420709379363,11962.420709379363,500000.0,1.0,17401.79257704246,17459.129049093244,1780.6874541813277,-0.000292283407788308
108.1100000000184,booster,1790.112310465502,17505.295882626084,94.4261305282242,462.1069499748017,471.65572968166845,1.3810629610605536,-0.0030271116690253333,25144.34063468117,11944.340634681172,500000.0,1.0,17376.009255313787,17505.295882626084,1790.112310465502,-0.0002933956624844524
108.21000000001845,booster,1799.5727082237775,17551.550485392723,94.7819644073968,462.98533711518905,472.58760368908355,1.3807603379054108,-0.003025351865202851,25126.26055998298,11926.26055998298,500000.0,1.0,17350.06687441171,17551.550485392723,1799.5727082237775,-0.0002944976809353722
108.3100000000185,booster,1809.0687313204064,17597.892996447063,95.13863747870454,463.8651161960181,473.521072778023,1.3804578907877632,-0.003023590923966115,25108.18048528479,11908.180485284789,500000.0,1.0,17323.966052214466,17597.892996447063,1809.0687313204064,-0.0002955894221746148
108.41000000001856,booster,1818.6004637296626,17644.323555123377,95.49615084383805,464.7462900224732,474.4561401390458,1.380155619818246,-0.0030218289077289964,25090.100410586598,11890.100410586598,500000.0,1.0,17297.707410928295,17644.323555123377,1818.6004637296626,-0.00029667084578461803
108.51000000001861,booster,1828.1679895361385,17690.842301036595,95.85450560750002,465.628861402196,475.3928089653478,1.3798535251011643,-0.0030200658806423314,25072.020335888406,11872.020335888406,500000.0,1.0,17271.291577071705,17690.842301036595,1828.1679895361385,-0.0002977419119502421
108.61000000001866,booster,1837.7713929350482,17737.449374082527,96.21370287741576,466.5128331452655,476.33108245274735,1.3795516067343205,-0.0030183019085998843,25053.940261190215,11853.940261190215,500000.0,1.0,17244.719181459663,17737.449374082527,1837.7713929350482,-0.0002988025814480326
108.71000000001871,booster,1847.4107582325298,17784.144914438104,96.57374376434431,467.39820806417754,477.2709637996695,1.3792498648088418,-0.003016537059239792,25035.860186492024,11835.860186492024,500000.0,1.0,17217.99085918762,17784.144914438104,1847.4107582325298,-0.0002998528156416192
108.81000000001876,booster,1857.0861698459491,17830.92906256165,96.93462938208965,468.2849889738242,478.2124562071316,1.378948299409004,-0.003014771401940123,25017.780111793832,11817.780111793832,500000.0,1.0,17191.107249615234,17830.92906256165,1857.0861698459491,-0.0003008925765389761
108.91000000001881,booster,1866.7977123042053,17877.80195919307,97.29636084751219,469.1731786914733,479.1555628787278,1.3786469106120587,-0.0030130050078114507,24999.70003709564,11799.700037095641,500000.0,1.0,17164.06899634997,17877.80195919307,1866.7977123042053,-0.0003019218267408815
109.01000000001886,booster,1876.5454702480365,17924.76374535413,97.65893928054079,470.0627800367478,480.1002870206144,1.3783456984880602,-0.00301123794968534,24981.61996239745,11781.61996239745,500000.0,1.0,17136.876747230493,17924.76374535413,1876.5454702480365,-0.0003029405295055195
109.11000000001891,booster,1886.3295284303285,17971.814562348667,98.02236580418494,470.9537958316052,481.04663184149484,1.3780446630996939,-0.0030094703020982134,24963.53988769926,11763.539887699259,500000.0,1.0,17109.531154309756,17971.814562348667,1886.3295284303285,-0.0003039486487009271
109.21000000001897,booster,1896.1499717164224,18018.954551762847,98.38664154454723,471.84622890031693,481.9946005526053,1.3777438045021073,-0.0030077021412720445,24945.459813001067,11745.459813001067,500000.0,1.0,17082.032873838092,18018.954551762847,1896.1499717164224,-0.0003049461488841926
109.31000000001902,booster,1906.006885084424,18066.183855465348,98.75176763083613,472.74008206944785,482.94419636769936,1.3774431227427422,-0.0030059335450916542,24927.379738302876,11727.379738302876,500000.0,1.0,17054.38256624593,18066.183855465348,1906.006885084424,-0.0003059329952428731
109.41000000001907,booster,1915.9003536255163,18113.502615607642,99.11774519537924,473.6353581678352,483.89542250303384,1.37714261786117,-0.003004164593078495,24909.299663604685,11709.299663604685,500000.0,1.0,17026.58089612634,18113.502615607642,1915.9003536255163,-0.0003069091536331025
109.51000000001912,booster,1925.8304625442718,18160.91097462419,99.48457537363659,474.532060026568,484.848282177354,1.3768422898889303,-0.003002395366360832,24891.219588906493,11691.219588906493,500000.0,1.0,16998.628532217423,18160.91097462419,1925.8304625442718,-0.00030787459057968165
109.61000000001917,booster,1935.7972971589659,18208.409075232685,99.85225930421434,475.4301904789664,485.802778611879,1.3765421388493693,-0.0030006259476408562,24873.139514208302,11673.139514208302,500000.0,1.0,16970.52614738447,18208.409075232685,1935.7972971589659,-0.00030882927328470996
109.71000000001922,booster,1945.8009429018925,18255.99706043423,100.2207981288789,476.3297523605604,486.75891503028714,1.376242164757486,-0.0029988564211594296,24855.05943951011,11655.05943951011,500000.0,1.0,16942.27441860196,18255.99706043423,1945.8009429018925,-0.00030977316963511846
109.81000000001927,booster,1955.841485319681,18303.67507351363,100.590192992571,477.2307485090696,487.71669465870195,1.3759423676197817,-0.0029970868726582945,24836.97936481192,11636.97936481192,500000.0,1.0,16913.874026935224,18303.67507351363,1955.841485319681,-0.00031070624820687514
109.91000000001932,booster,1965.919010073614,18351.443258039544,100.96044504342053,478.1331817643819,488.6761207256776,1.3756427474341084,-0.002995317389338668,24818.899290113728,11618.899290113728,500000.0,1.0,16885.325657522106,18351.443258039544,1965.919010073614,-0.00031162847825660364
110.01000000001937,booster,1976.0336029399466,18399.301757864738,101.3315554327611,479.03705496853286,489.63719646218453,1.3753433041895278,-0.002993548059818338,24800.819215415537,11600.819215415537,500000.0,1.0,16856.629999554254,18399.301757864738,1976.0336029399466,-0.00031253982976032476
110.11000000001943,booster,1986.1853498102291,18447.250717126288,101.70352531514538,479.9423709656844,490.59992510159543,1.3750440378661697,-0.0029917789740864908,24782.739140717345,11582.739140717345,500000.0,1.0,16827.78774625824,18447.250717126288,1986.1853498102291,-0.0003134402733703139
110.21000000001948,booster,1996.374336691628,18495.29028024579,102.07635584836024,480.8491326021045,491.5643098796711,1.3747449484350998,-0.002990010223456715,24764.659066019154,11564.659066019154,500000.0,1.0,16798.799594876597,18495.29028024579,1996.374336691628,-0.00031432978045902544
110.31000000001953,booster,2006.6006497072515,18543.420591929567,102.45004819344238,481.7573427261456,492.5303540345464,1.374446035858187,-0.0029882419005171166,24746.578991320963,11546.578991320963,500000.0,1.0,16769.666246648485,18543.420591929567,2006.6006497072515,-0.0003152083230980341
110.41000000001958,booster,2016.8643750964736,18591.64179716889,102.82460351469432,482.66700418822427,493.49806080671624,1.3741473000879811,-0.002986474099080436,24728.49891662277,11528.498916622772,500000.0,1.0,16740.388406790215,18591.64179716889,2016.8643750964736,-0.0003160758740850172
110.51000000001963,booster,2027.1655992152632,18639.95404124017,103.20002297970026,483.5781198407994,494.46743343902153,1.3738487410675908,-0.0029847069141316946,24710.41884192458,11510.41884192458,500000.0,1.0,16710.966784475626,18639.95404124017,2027.1655992152632,-0.0003169324069003441
110.61000000001968,booster,2037.5044085365123,18688.357469705163,103.57630775934253,484.4906925383519,495.4384751766357,1.3735503587305697,-0.00298294044177403,24692.33876722639,11492.338767226389,500000.0,1.0,16681.402092816174,18688.357469705163,2037.5044085365123,-0.0003177778957691462
110.71000000001973,booster,2047.8808896503667,18736.852228411168,103.95345902781798,485.40472513736364,496.4111892670509,1.3732521530008082,-0.002981174779175058,24674.258692528198,11474.258692528198,500000.0,1.0,16651.695048840906,18736.852228411168,2047.8808896503667,-0.00031861231561362705
110.81000000001978,booster,2058.2951292645585,18785.438463491246,104.33147796265467,486.3202204962963,497.3855789600641,1.3729541237924283,-0.0029794100245103938,24656.178617830006,11456.178617830006,500000.0,1.0,16621.84637347609,18785.438463491246,2058.2951292645585,-0.00031943564209051077
110.91000000001983,booster,2068.747214204739,18834.11632136438,104.71036574472888,487.2371814755702,498.3616475077638,1.3726562710096875,-0.002977646276907819,24638.098543131815,11438.098543131815,500000.0,1.0,16591.856791524806,18834.11632136438,2068.747214204739,-0.0003202478515533798
111.01000000001989,booster,2079.2372314148165,18882.88594873572,105.09012355828193,488.15561093754343,499.3393981645162,1.3723585945468837,-0.002975883636389473,24620.018468433624,11420.018468433624,500000.0,1.0,16561.727031646187,18882.88594873572,2079.2372314148165,-0.0003210489211051165
111.11000000001994,booster,2089.7652679572916,18931.74749259673,105.47075259093769,489.0755117464915,500.3188341869526,1.3720610942882712,-0.002974122203815566,24601.938393735432,11401.938393735432,500000.0,1.0,16531.457826334554,18931.74749259673,2089.7652679572916,-0.00032183882852558377
111.21000000001999,booster,2100.331411013598,18980.7011002254,105.85225403371972,489.9968867685852,501.2999588339549,1.3717637701079795,-0.002972362080825238,24583.85831903724,11383.858319037241,500000.0,1.0,16501.049911898288,18980.7011002254,2100.331411013598,-0.00032261755235547254
111.31000000002004,booster,2110.93574788444,19029.746919186433,106.23462908106895,490.9197388718708,502.28277536664353,1.3714666218699358,-0.0029706033697789,24565.77824433905,11365.77824433905,500000.0,1.0,16470.50402843856,19029.746919186433,2110.93574788444,-0.00032338507183701174
111.41000000002009,booster,2121.578365990141,19078.885097331426,106.6178789308613,491.84407092624815,503.2672870483636,1.3711696494277996,-0.00296884617370014,24547.69816964086,11347.698169640858,500000.0,1.0,16439.82091982777,19078.885097331426,2121.578365990141,-0.000324141366929679
111.51000000002014,booster,2132.2593528709826,19128.115782799054,107.00200478442554,492.76988580345073,504.25349714467234,1.3708728526248968,-0.0029670905962182093,24529.618094942667,11329.618094942667,500000.0,1.0,16409.001333687862,19128.115782799054,2132.2593528709826,-0.00032488641830453145
111.6100000000202,booster,2142.978796187553,19177.439124015276,107.38700784656105,493.697186377024,505.2414089233259,1.3705762312941614,-0.002965336741508601,24511.538020244476,11311.538020244476,500000.0,1.0,16378.046021368322,19177.439124015276,2142.978796187553,-0.00032562020737313233
111.71000000002024,booster,2153.736783721095,19226.855269693468,107.77288932555597,494.6259755223051,506.2310256542664,1.370279785258086,-0.002963584714237061,24493.457945546284,11293.457945546284,500000.0,1.0,16346.955737924154,19226.855269693468,2153.736783721095,-0.00032634271623174213
111.8100000000203,booster,2164.5334033738545,19276.364368834642,108.15965043320519,495.5562561164013,507.22235060960935,1.3699835143286743,-0.0029618346195016366,24475.377870848093,11275.377870848093,500000.0,1.0,16315.731242093447,19276.364368834642,2164.5334033738545,-0.00032705392771701974
111.91000000002035,booster,2175.3687431694334,19325.966570727618,108.5472923848286,496.48803103817016,508.2153870636312,1.369687418307401,-0.002960086562777129,24457.297796149902,11257.297796149902,500000.0,1.0,16284.373296274855,19325.966570727618,2175.3687431694334,-0.0003277538253534176
112.0100000000204,booster,2186.2428912531427,19375.66202494917,108.9358163992893,497.4213031681982,509.21013829275654,1.3693914969851764,-0.0029583406498578458,24439.21772145171,11239.21772145171,500000.0,1.0,16252.88266650488,19375.66202494917,2186.2428912531427,-0.00032844239339947296
112.11000000002045,booster,2197.1559358923573,19425.45088136423,109.32522369901196,498.3560753887804,510.2066075755456,1.3690957501423184,-0.002956596986804157,24421.13764675352,11221.13764675352,500000.0,1.0,16221.260122434887,19425.45088136423,2197.1559358923573,-0.00032911961679646097
112.2100000000205,booster,2208.1079654768737,19475.333290126033,109.71551551000108,499.2923505838996,511.20479819268223,1.3688001775485277,-0.00295485567988714,24403.057572055328,11203.057572055328,500000.0,1.0,16189.50643730795,19475.333290126033,2208.1079654768737,-0.0003297854812057065
112.31000000002055,booster,2219.09906851927,19525.309401676303,110.10669306185946,500.2301316392056,512.2047134269612,1.368504778962869,-0.0029531168355363927,24384.977497357137,11184.977497357137,500000.0,1.0,16157.622387935447,19525.309401676303,2219.09906851927,-0.0003304399729940724
112.4100000000206,booster,2230.129333655262,19575.379366745412,110.49875758780657,501.1694214419951,513.2063565632765,1.3682095541337593,-0.0029513805602872497,24366.897422658945,11166.897422658945,500000.0,1.0,16125.608754673554,19575.379366745412,2230.129333655262,-0.0003310830792199381
112.51000000002065,booster,2241.1988496440717,19625.54333635254,110.89171032469696,502.1102228811911,514.2097308886092,1.367914502798958,-0.0029496469607303557,24348.817347960754,11148.817347960754,500000.0,1.0,16093.466321399437,19625.54333635254,2241.1988496440717,-0.00033171478764937464
112.6100000000207,booster,2252.307705368788,19675.801461805837,111.28555251303878,503.0525388473221,515.2148396920151,1.3676196246855652,-0.002947916143461869,24330.737273262563,11130.737273262563,500000.0,1.0,16061.195875487247,19675.801461805837,2252.307705368788,-0.00033233508672246223
112.71000000002076,booster,2263.4559898367347,19726.153894702587,111.68028539701211,503.9963722325024,516.2216862646136,1.3673249195100226,-0.0029461882150348894,24312.65719856437,11112.657198564371,500000.0,1.0,16028.798207783964,19726.153894702587,2263.4559898367347,-0.00033294396559337825
112.8100000000208,booster,2274.643792179838,19776.600786929375,112.07591022448747,504.9417259304114,517.2302738995756,1.3670303869781215,-0.002944463281912907,24294.57712386618,11094.57712386618,500000.0,1.0,15996.274112584975,19776.600786929375,2274.643792179838,-0.0003335414140918052
112.91000000002086,booster,2285.8712016549953,19827.142290662225,112.4724282470441,505.8886028362735,518.240605892112,1.366736026785013,-0.0029427414504241025,24276.49704916799,11076.497049167989,500000.0,1.0,15963.62438760948,19827.142290662225,2285.8712016549953,-0.0003341274227382907
113.01000000002091,booster,2297.13830764445,19877.778558366743,112.8698407199885,506.8370058468383,519.2526855394622,1.366441838615224,-0.0029410228267168787,24258.416974469797,11058.416974469797,500000.0,1.0,15930.849833975783,19877.778558366743,2297.13830764445,-0.00033470198272684014
113.11000000002096,booster,2308.445199656161,19928.50974279831,113.26814890237254,507.78693786035984,520.2665161408823,1.3661478221426768,-0.0029393075167175216,24240.336899771606,11040.336899771606,500000.0,1.0,15897.951256176115,19928.50974279831,2308.445199656161,-0.0003352650859450144
113.21000000002101,booster,2319.791967324182,19979.33599700219,113.66735405701192,508.7384017765778,521.2821009976352,1.365853977030715,-0.0029375956260897992,24222.256825073415,11022.256825073415,500000.0,1.0,15864.92946205157,19979.33599700219,2319.791967324182,-0.00033581672493805957
113.31000000002106,booster,2331.1787004090374,20030.257474313705,114.06745745050426,509.6914004966964,522.2994434129778,1.3655603029321297,-0.0029358872601942814,24204.176750375223,11004.176750375223,500000.0,1.0,15831.78526276662,20030.257474313705,2331.1787004090374,-0.0003363568929349893
113.41000000002111,booster,2342.6054887981,20081.27432835837,114.46846035324737,510.64593692336575,523.318546692151,1.3652667994891932,-0.0029341825240518774,24186.096675677032,10986.096675677032,500000.0,1.0,15798.519472783522,20081.27432835837,2342.6054887981,-0.0003368855838299245
113.51000000002117,booster,2354.0724225059744,20132.386713052027,114.87036403945721,511.60201396066134,524.3394141423684,1.3649734663336937,-0.002932481522306835,24168.01660097884,10968.01660097884,500000.0,1.0,15765.13290983648,20132.386713052027,2354.0724225059744,-0.0003374027921785807
113.61000000002122,booster,2365.579591674877,20183.594782601005,115.27316978718596,512.559634514065,525.3620490728058,1.3646803030869756,-0.002930784359193055,24149.93652628065,10949.93652628065,500000.0,1.0,15731.626394905661,20183.594782601005,2365.579591674877,-0.00033790851320552516
113.71000000002127,booster,2377.1270865750234,20234.89869150224,115.67687887833996,513.5188014904454,526.3864547945907,1.3643873093599819,-0.002929091138500475,24131.85645158246,10931.856451582458,500000.0,1.0,15698.000752190965,20234.89869150224,2377.1270865750234,-0.0003384027427882934
113.81000000002132,booster,2388.7149976050127,20286.29859454343,116.08149259869744,514.4795177980385,527.4126346207906,1.3640944847532999,-0.002927401963544956,24113.776376884267,10913.776376884267,500000.0,1.0,15664.256809085506,20286.29859454343,2388.7149976050127,-0.00033888547745505475
113.91000000002137,booster,2400.343415292216,20337.79464680317,116.4870122379264,515.4417863464287,528.4405918664048,1.3638018288572107,-0.0029257169371381783,24095.696302186076,10895.696302186076,500000.0,1.0,15630.39539614913,20337.79464680317,2400.343415292216,-0.00033935671440013613
114.01000000002142,booster,2412.012430293166,20389.387003651074,116.89343908960201,516.4056100465289,529.4703298483515,1.3635093412517405,-0.002924036161560998,24077.616227487884,10877.616227487884,500000.0,1.0,15596.417347081453,20389.387003651074,2412.012430293166,-0.00033981645144250615
114.11000000002147,booster,2423.72213339395,20441.075820747912,117.30077445122438,517.3709918105627,530.5018518854598,1.3632170215067145,-0.0029223597385362797,24059.536152789693,10859.536152789693,500000.0,1.0,15562.323498694925,20441.075820747912,2423.72213339395,-0.0003402646870650203
114.21000000002152,booster,2435.4726155106023,20492.86125404574,117.7090196242358,518.3379345520447,531.5351612984587,1.362924869181815,-0.002920687769205299,24041.4560780915,10841.456078091502,500000.0,1.0,15528.114690887549,20492.86125404574,2435.4726155106023,-0.00034070142039872067
114.31000000002157,booster,2447.2639676894983,20544.74345978803,118.11817591403796,519.306441185762,532.5702614099672,1.3626328838266402,-0.0029190203541059924,24023.37600339331,10823.37600339331,500000.0,1.0,15493.791766615477,20544.74345978803,2447.2639676894983,-0.00034112665117460737
114.41000000002163,booster,2459.096281107753,20596.7225945098,118.5282446300093,520.2765146277553,533.6071555444851,1.362341064980765,-0.0029173575931506226,24005.29592869512,10805.295928695119,500000.0,1.0,15459.35557186535,20596.7225945098,2459.096281107753,-0.0003415403798036797
114.51000000002168,booster,2470.969647073619,20648.79881503773,118.93922708552192,521.2481577953008,534.6458470283821,1.3620494121738065,-0.0029156995856078087,23987.215853996928,10787.215853996928,500000.0,1.0,15424.806955626445,20648.79881503773,2470.969647073619,-0.00034194260730130904
114.61000000002173,booster,2482.8841570268855,20700.972278490295,119.35112459795847,522.2213736068916,535.6863391898901,1.3617579249254868,-0.0029140464300844438,23969.135779298736,10769.135779298736,500000.0,1.0,15390.146769862702,20700.972278490295,2482.8841570268855,-0.00034233333531462736
114.71000000002178,booster,2494.8399025392805,20753.24314227787,119.76393848872901,523.1961649822198,536.728635359093,1.3614666027457014,-0.0029123982245094675,23951.055704600545,10751.055704600545,500000.0,1.0,15355.37586948453,20753.24314227787,2494.8399025392805,-0.0003427125661289298
114.81000000002183,booster,2506.8369753148786,20805.611564102863,120.17767008328752,524.1725348421573,537.7727388679164,1.3611754451345865,-0.002910755066119591,23932.975629902354,10732.975629902354,500000.0,1.0,15320.495112320225,20805.611564102863,2506.8369753148786,-0.00034308030263869346
114.91000000002188,booster,2518.8754671905003,20858.077701959828,120.59232071114849,525.1504861087398,538.8186530501205,1.3608844515825917,-0.0029091170514471258,23914.895555204163,10714.895555204163,500000.0,1.0,15285.505359087525,20858.077701959828,2518.8754671905003,-0.00034343654835795206
115.01000000002193,booster,2530.9554701361194,20910.64171413558,121.0078917059032,526.1300217051471,539.8663812412902,1.360593621570548,-0.0029074842763075074,23896.81548050597,10696.815480505971,500000.0,1.0,15250.407473364674,20910.64171413558,2530.9554701361194,-0.00034378130743740516
115.11000000002198,booster,2543.077076255277,20963.303759209302,121.42438440523601,527.1111445556867,540.9159267788262,1.360302954569741,-0.0029058568357903437,23878.73540580778,10678.73540580778,500000.0,1.0,15215.202321561503,20963.303759209302,2543.077076255277,-0.0003441145846157789
115.21000000002203,booster,2555.2403777854856,21016.063996052675,121.84180015094041,528.0938575857753,541.9672930019364,1.3600124500419841,-0.002904234824249866,23860.65533110959,10660.655331109589,500000.0,1.0,15179.890772890087,21016.063996052675,2555.2403777854856,-0.00034443638526179154
115.31000000002209,booster,2567.4454670986447,21068.922583829968,122.26014028893478,529.0781637219225,543.0204832516278,1.3597221074396928,-0.0029026183352989657,23842.575256411397,10642.575256411397,500000.0,1.0,15144.473699335485,21068.922583829968,2567.4454670986447,-0.0003447467153434615
115.41000000002214,booster,2579.6924367014503,21121.879681998154,122.67940616927845,530.0640658917123,544.0755008706974,1.359431926205958,-0.002901007461802457,23824.495181713206,10624.495181713206,500000.0,1.0,15108.951975626043,21121.879681998154,2579.6924367014503,-0.0003450455814436411
115.51000000002219,booster,2591.9813792358136,21174.935450307024,123.09959914618709,531.0515670237875,545.1323492037252,1.359141905774622,-0.002899402295873194,23806.415107015015,10606.415107015015,500000.0,1.0,15073.326479203646,21174.935450307024,2591.9813792358136,-0.0003453329907395466
115.61000000002224,booster,2604.312387479277,21228.090048799284,123.52072057804833,532.0406700478313,546.1910315970646,1.3588520455703539,-0.0028978029288685187,23788.335032316823,10588.335032316823,500000.0,1.0,15037.598090193695,21228.090048799284,2604.312387479277,-0.0003456089510151127
115.71000000002229,booster,2616.685554345428,21281.34363781066,123.942771827437,533.0313778945523,547.2515513988362,1.3585623450087247,-0.002896209451387782,23770.254957618632,10570.254957618632,500000.0,1.0,15001.767691375007,21281.34363781066,2616.685554345428,-0.0003458734706713445
115.81000000002234,booster,2629.100972884324,21334.69637796999,124.3657542611304,534.023693495666,548.3139119589188,1.358272803496283,-0.0028946219532723348,23752.17488292044,10552.17488292044,500000.0,1.0,14965.836168149386,21334.69637796999,2629.100972884324,-0.0003461265586730439
115.9100000000224,booster,2641.55873628291,21388.148430199344,124.78966925012331,535.0176197838795,549.3781166289417,1.357983420430632,-0.002893040523605015,23734.09480822225,10534.09480822225,500000.0,1.0,14929.80440851105,21388.148430199344,2641.55873628291,-0.0003463682246039046
116.01000000002244,booster,2654.0589378654427,21441.699955714106,125.21451816964284,536.0131596928754,550.4441687622785,1.3576941952005037,-0.0028914652507107176,23716.014733524058,10516.014733524058,500000.0,1.0,14893.673303015941,21441.699955714106,2654.0589378654427,-0.0003465984786497799
116.1100000000225,booster,2666.601671093911,21495.351116023085,125.64030239916336,537.0103161572952,551.512071714039,1.3574051271858365,-0.002889896222160538,23697.934658825867,10497.934658825867,500000.0,1.0,14857.443744750768,21495.351116023085,2666.601671093911,-0.0003468173315570191
116.21000000002255,booster,2679.187029568468,21549.102072928585,126.06702332242087,538.0090921127234,552.5818288410619,1.357116215757848,-0.002888333524771828,23679.854584127675,10479.854584127675,500000.0,1.0,14821.116629301869,21549.102072928585,2679.187029568468,-0.000347024794702319
116.3100000000226,booster,2691.8151070278514,21602.952988526533,126.49468232742767,539.0094904956725,553.6534435019088,1.356827460279112,-0.002886777244614823,23661.774509429484,10461.774509429484,500000.0,1.0,14784.692854723948,21602.952988526533,2691.8151070278514,-0.00034722088001871835
116.41000000002265,booster,2704.485997349816,21656.904025206535,126.9232808064866,540.0115142435661,554.7269190568559,1.356538860103633,-0.002885227467015897,23643.694434731293,10443.694434731293,500000.0,1.0,14748.173321508486,21656.904025206535,2704.485997349816,-0.0003474056000441726
116.5100000000227,booster,2717.199794551561,21710.95534565201,127.35282015620528,541.0151662947246,555.8022588678884,1.3562504145769199,-0.0028836842765635495,23625.6143600331,10425.614360033102,500000.0,1.0,14711.55893255213,21710.95534565201,2717.199794551561,-0.0003475789678983546
116.61000000002275,booster,2729.956592790162,21765.107112840218,127.78330177751015,542.0204495883498,556.8794662986948,1.3559621230360586,-0.0028821477571140883,23607.53428533491,10407.53428533491,500000.0,1.0,14674.850593124887,21765.107112840218,2729.956592790162,-0.0003477409972736543
116.7100000000228,booster,2742.7564863630064,21819.359490042414,128.21472707566042,543.0273670645096,557.9585447146586,1.3556739848097863,-0.0028806179917988633,23589.45421063672,10389.454210636719,500000.0,1.0,14638.049210837931,21819.359490042414,2742.7564863630064,-0.0003478917024684934
116.81000000002285,booster,2755.599569708221,21873.712640823887,128.6470974602618,544.0359216641228,559.0394974828538,1.3553859992185628,-0.0028790950630310694,23571.374135938528,10371.374135938528,500000.0,1.0,14601.155695611467,21873.712640823887,2755.599569708221,-0.0003480310983562353
116.9100000000229,booster,2768.4859374051134,21928.166729044064,129.0804143452803,545.0461163289455,560.1223279720383,1.3550981655746426,-0.002877579052514929,23553.294061240336,10353.294061240336,500000.0,1.0,14564.170959642302,21928.166729044064,2768.4859374051134,-0.0003481592003684345
117.01000000002296,booster,2781.4156841746067,21982.721918856598,129.51467914905587,546.0579540015557,561.2070395526484,1.3548104831821444,-0.002876070041252301,23535.213986542145,10335.213986542145,500000.0,1.0,14527.095917371245,21982.721918856598,2781.4156841746067,-0.0003482760245478395
117.110000000023,booster,2794.388904879676,22037.378374709417,129.94989329431542,547.0714376253394,562.2936355967935,1.3545229513371215,-0.0028745681095526153,23517.133911843954,10317.133911843954,500000.0,1.0,14489.931485450395,22037.378374709417,2794.388904879676,-0.0003483815875038768
117.21000000002306,booster,2807.4056945257876,22092.136261344844,130.3860582081865,548.0865701444761,563.3821194782493,1.3542355693276307,-0.002873073337042007,23499.053837145762,10299.053837145762,500000.0,1.0,14452.678582710088,22092.136261344844,2807.4056945257876,-0.000348475906415639
117.31000000002311,booster,2820.4661482613446,22146.995743799653,130.8231753222104,549.1033545039253,564.4724945724541,1.3539483364337996,-0.0028715858026721374,23480.97376244757,10280.973762447571,500000.0,1.0,14415.33813012586,22146.995743799653,2820.4661482613446,-0.00034855899905112254
117.41000000002316,booster,2833.5703613781225,22201.95698740516,131.26124607235525,550.1217936494127,565.5647642565035,1.3536612519278948,-0.0028701055847310296,23462.89368774938,10262.89368774938,500000.0,1.0,14377.911050785073,22201.95698740516,2833.5703613781225,-0.0003486308837434996
117.51000000002321,booster,2846.718429311717,22257.02015778728,131.7002718990289,551.1418905274162,566.6589319091446,1.353374315074386,-0.002868632760851737,23444.81361305119,10244.813613051188,500000.0,1.0,14340.398269853536,22257.02015778728,2846.718429311717,-0.00034869157941661325
117.61000000002326,booster,2859.910447641988,22312.185420866626,132.14025424709195,552.1636480851529,567.755000910772,1.3530875251300125,-0.0028671674080235263,23426.733538352997,10226.733538352997,500000.0,1.0,14302.800714541729,22312.185420866626,2859.910447641988,-0.0003487411055532948
117.71000000002331,booster,2873.146512093503,22367.45294285856,132.5811945658703,553.1870692705659,568.8529746434231,1.3528008813438466,-0.002865709602601887,23408.653463654806,10208.653463654806,500000.0,1.0,14265.119314071091,22367.45294285856,2873.146512093503,-0.0003487794822144972
117.81000000002336,booster,2886.426718535985,22422.82289027328,133.0230943091681,554.2121570323118,569.9528564907747,1.3525143829573556,-0.0028642594203182165,23390.573388956615,10190.573388956615,500000.0,1.0,14227.354999640007,22422.82289027328,2886.426718535985,-0.0003488067300391839
117.91000000002342,booster,2899.7511629847645,22478.29542991588,133.4659549352801,555.2389143197469,571.0546498381372,1.3522280292044646,-0.0028628169362909838,23372.493314258423,10172.493314258423,500000.0,1.0,14189.508704389598,22478.29542991588,2899.7511629847645,-0.000348822870235149
118.01000000002347,booster,2913.1199416012264,22533.87072888642,133.9097779070042,556.2673440829152,572.1583580724514,1.3519418193116182,-0.0028613822250365016,23354.413239560232,10154.413239560232,500000.0,1.0,14151.58136336943,22533.87072888642,2913.1199416012264,-0.00034882792457543895
118.11000000002352,booster,2926.5331506932584,22589.54895458001,134.35456469165385,557.2974492725364,573.2639845822856,1.3516557524978372,-0.0028599553604770744,23336.33316486204,10136.33316486204,500000.0,1.0,14113.57391350301,22589.54895458001,2926.5331506932584,-0.0003488219154297599
118.21000000002357,booster,2939.9908867157073,22645.33027468685,134.80031676107032,558.3292328399929,574.3715327578308,1.351369827974781,-0.002858536415954348,23318.25309016385,10118.25309016385,500000.0,1.0,14075.48729355312,22645.33027468685,2939.9908867157073,-0.0003488048656939165
118.31000000002362,booster,2953.4932462708316,22701.21485719233,135.24703559163515,559.3626977373183,575.4810059908976,1.3510840449468031,-0.0028571254642368138,23300.173015465658,10100.173015465658,500000.0,1.0,14037.322444086962,22701.21485719233,2953.4932462708316,-0.0003487767988706164
118.41000000002367,booster,2967.0403261087536,22757.202870377067,135.69472266428193,560.3978469171861,576.5924076749142,1.3507984026110076,-0.002855722577530628,23282.092940767467,10082.092940767467,500000.0,1.0,13999.080307441225,22757.202870377067,2967.0403261087536,-0.00034873773902714157
118.51000000002372,booster,2980.632223127919,22813.294482816964,136.14337946450868,561.4346833328974,577.7057412049218,1.3505129001573069,-0.0028543278274902857,23264.012866069275,10064.012866069275,500000.0,1.0,13960.761827686914,22813.294482816964,2980.632223127919,-0.00034868771078115586
118.61000000002377,booster,2994.2690343755517,22869.489863383307,136.59300748238974,562.4732099383693,578.8210099775724,1.3502275367684744,-0.002852941285226683,23245.932791371084,10045.932791371084,500000.0,1.0,13922.367950593973,22869.489863383307,2994.2690343755517,-0.00034862673932998096
118.71000000002383,booster,3007.950857048111,22925.789181242784,137.0436082125877,563.5134296881248,579.9382173911273,1.3499423116201996,-0.002851563021316659,23227.852716672893,10027.852716672893,500000.0,1.0,13883.899623595906,22925.789181242784,3007.950857048111,-0.00034855485045826614
118.81000000002388,booster,3021.677788491755,22982.19260585758,137.4951831543655,564.5553455372808,581.0573668454527,1.3496572238811404,-0.002850193105813207,23209.7726419747,10009.772641974701,500000.0,1.0,13845.357795754075,22982.19260585758,3021.677788491755,-0.00034847207047472405
118.91000000002393,booster,3035.4499262027957,23038.700306985414,137.94773381159783,565.5989604415383,582.1784617420196,1.3493722727129753,-0.0028488316082522524,23191.69256727651,9991.69256727651,500000.0,1.0,13806.743417721955,23038.700306985414,3035.4499262027957,-0.0003483784262979378
119.01000000002398,booster,3049.2673678281662,23095.3124546796,138.40126169278315,566.6442773571716,583.3015054839011,1.3490874572704548,-0.002847478597662661,23173.61249257832,9973.612492578319,500000.0,1.0,13768.057441709214,23095.3124546796,3049.2673678281662,-0.00034827394537546434
119.11000000002403,booster,3063.130211165878,23152.02921928912,138.85576831105556,567.6912992410176,584.42650147577,1.3488027767014514,-0.002846134142572734,23155.532417880127,9955.532417880127,500000.0,1.0,13729.300821445539,23152.02921928912,3063.130211165878,-0.0003481586557637856
119.21000000002408,booster,3077.03855416549,23208.850771458663,139.31125518419617,568.740029050466,585.5534531238981,1.3485182301470102,-0.0028447983110191045,23137.452343181936,9937.452343181936,500000.0,1.0,13690.474512144454,23208.850771458663,3077.03855416549,-0.00034803258603442223
119.31000000002413,booster,3090.992494928574,23265.777282128678,139.7677238346449,569.7904697434491,586.6823638361544,1.3482338167413959,-0.002843471170553021,23119.372268483745,9919.372268483745,500000.0,1.0,13651.57947046692,23265.777282128678,3090.992494928574,-0.0003478957653509287
119.41000000002418,booster,3104.992131709177,23322.808922535434,140.2251757895118,570.842624278433,587.813237022005,1.3479495356121418,-0.0028421527882467137,23101.292193785554,9901.292193785554,500000.0,1.0,13612.616654484802,23322.808922535434,3104.992131709177,-0.00034774822344455305
119.51000000002423,booster,3119.037562914291,23379.945864211077,140.68361258058906,571.8964956144076,588.9460760925108,1.3476653858800993,-0.00284084323070093,23083.212119087362,9883.212119087362,500000.0,1.0,13573.587023644144,23379.945864211077,3119.037562914291,-0.0003475899906047899
119.61000000002429,booster,3133.128887104322,23437.188278983678,141.14303574436192,572.952086710877,590.0808844603276,1.347381366659482,-0.002839542564050053,23065.13204438917,9865.132044389171,500000.0,1.0,13534.491538728347,23437.188278983678,3133.128887104322,-0.00034742109766899365
119.71000000002434,booster,3147.26620299356,23494.53633897728,141.6034468220205,574.0094005278512,591.2176655397062,1.3470974770579138,-0.002838250853967528,23047.05196969098,9847.05196969098,500000.0,1.0,13495.331161821223,23494.53633897728,3147.26620299356,-0.0003472415760490417
119.81000000002439,booster,3161.4496094506494,23551.99021661196,142.0648473594712,575.0684400258374,592.3564227464914,1.3468137161764728,-0.002836968165670169,23028.97189499279,9828.971894992788,500000.0,1.0,13456.10685626982,23551.99021661196,3161.4496094506494,-0.00034705145772677355
119.91000000002444,booster,3175.679205499061,23609.55008460386,142.5272389073481,576.1292081658305,593.497159498122,1.3465300831097402,-0.0028356945639242894,23010.891820294597,9810.891820294597,500000.0,1.0,13416.819586647245,23609.55008460386,3175.679205499061,-0.0003468507752095193
120.01000000002449,booster,3189.9550903175673,23667.216115965253,142.99062302102413,577.1917079093062,594.6398792136316,1.3462465769458405,-0.0028344301130473386,22992.811745596406,9792.811745596406,500000.0,1.0,13377.470318715164,23667.216115965253,3189.9550903175673,-0.00034663956161047973
120.11000000002454,booster,3204.2773632407143,23724.988484004585,143.45500126062262,578.2559422182115,595.7845853136491,1.3459631967664905,-0.002833174876913111,22974.731670898214,9774.731670898214,500000.0,1.0,13338.06001938637,23724.988484004585,3204.2773632407143,-0.0003464178505566676
120.21000000002459,booster,3218.6461237592985,23782.86736232651,143.92037519102846,579.3219140549578,596.9312812203983,1.345679941647041,-0.0028319289189537473,22956.651596200023,9756.651596200023,500000.0,1.0,13298.589656687025,23782.86736232651,3218.6461237592985,-0.0003461856762613362
120.31000000002464,booster,3233.061471520845,23840.852924831954,144.38674638189957,580.3896263824132,598.0799703577007,1.3453968106565217,-0.0028306923021627095,22938.57152150183,9738.571521501832,500000.0,1.0,13259.060199718964,23840.852924831954,3233.061471520845,-0.0003459430734656768
120.4100000000247,booster,3247.523506330082,23898.945345718144,144.85411640767822,581.4590821638945,599.2306561509748,1.3451138028576854,-0.0028294650890960575,22920.49144680364,9720.49144680364,500000.0,1.0,13219.47261862166,23898.945345718144,3247.523506330082,-0.00034569007750842666
120.51000000002475,booster,3262.032328149422,23957.14479947868,145.32248684760205,582.5302843631607,600.3833420272388,1.3448309173070503,-0.002828247341874299,22902.41137210545,9702.41137210545,500000.0,1.0,13179.827884534201,23957.14479947868,3262.032328149422,-0.0003454267242354071
120.6100000000248,booster,3276.5880370994414,24015.451460903536,145.79185928571545,583.603235944406,601.5380314151117,1.3445481530549444,-0.0028270391221833025,22884.331297407258,9684.331297407258,500000.0,1.0,13140.126969557161,24015.451460903536,3276.5880370994414,-0.00034515305006342113
120.71000000002485,booster,3291.1907334593625,24073.865505079135,146.2622353108809,584.6779398722529,602.6947277448155,1.3442655091455495,-0.002825840491274371,22866.251222709066,9666.251222709066,500000.0,1.0,13100.370846714208,24073.865505079135,3291.1907334593625,-0.0003448690919656551
120.8100000000249,booster,3305.8405176675346,24132.387107388404,146.73361651679008,585.7543991117457,603.8534344481769,1.343982984616943,-0.0028246515099639453,22848.171148010875,9648.171148010875,500000.0,1.0,13060.560489913676,24132.387107388404,3305.8405176675346,-0.00034457488745656494
120.91000000002495,booster,3320.5374903219185,24191.016443510758,147.20600450197506,586.8326166283445,605.0141549586299,1.3437005785011438,-0.002823472238633761,22830.091073312684,9630.091073312684,500000.0,1.0,13020.69687391009,24191.016443510758,3320.5374903219185,-0.0003442704745995301
121.010000000025,booster,3335.28175218057,24249.7536894222,147.67940086981974,587.9125953879194,606.1768927112187,1.343418289824153,-0.002822302737229223,22812.010998614493,9612.010998614493,500000.0,1.0,12980.780974265408,24249.7536894222,3335.28175218057,-0.0003439558919990775
121.11000000002505,booster,3350.0734041621267,24308.59902139534,148.15380722857083,588.9943383567445,607.3416511426001,1.343136117606,-0.0028211430652573784,22793.9309239163,9593.930923916301,500000.0,1.0,12940.813767310232,24308.59902139534,3350.0734041621267,-0.00034363117882022393
121.2100000000251,booster,3364.9125473462955,24367.552615999437,148.62922519134906,590.0778485014926,608.5084336910468,1.3428540608607857,-0.002819993281786348,22775.85084921811,9575.85084921811,500000.0,1.0,12900.796230104948,24367.552615999437,3364.9125473462955,-0.00034329637474684606
121.31000000002516,booster,3379.7992829743375,24426.614650100433,149.10565637616054,591.1631287892301,609.6772437964513,1.3425721185967252,-0.0028188534454405625,22757.77077451992,9557.770774519919,500000.0,1.0,12860.72934040068,24426.614650100433,3379.7992829743375,-0.00034295152002643064
121.4100000000252,booster,3394.7337124495616,24485.785300860996,149.58310240590782,592.2501821874118,610.8480849003284,1.3422902898161937,-0.0028177236143998134,22739.690699821727,9539.690699821727,500000.0,1.0,12820.614076600137,24485.785300860996,3394.7337124495616,-0.00034259665542718515
121.51000000002526,booster,3409.7159373378104,24545.06474574055,150.0615649084012,593.3390116638761,612.0209604458197,1.3420085735157719,-0.0028166038463950708,22721.610625123536,9521.610625123536,500000.0,1.0,12780.451417718414,24545.06474574055,3409.7159373378104,-0.0003422318222601534
121.61000000002531,booster,3424.746059367954,24604.45316249535,150.54104551636973,594.429620186841,613.1958738776981,1.3417269686862887,-0.0028154941987038494,22703.530550425345,9503.530550425345,500000.0,1.0,12740.242343343585,24604.45316249535,3424.746059367954,-0.00034185706238395476
121.71000000002536,booster,3439.8241804323816,24663.950729178458,151.0215458674727,595.5220107248999,614.3728286423717,1.3414454743128694,-0.002814394728147865,22685.450475727153,9485.450475727153,500000.0,1.0,12699.987833597337,24663.950729178458,3439.8241804323816,-0.0003414724181684937
121.81000000002541,booster,3454.950402587496,24723.55762413983,151.50306760431047,596.6161862470169,615.5518281878882,1.3411640893749792,-0.0028133054910864006,22667.370401028962,9467.370401028962,500000.0,1.0,12659.688869095333,24723.55762413983,3454.950402587496,-0.0003410779325168691
121.91000000002546,booster,3470.124828054205,24783.27402602634,151.98561237443604,597.7121497225241,616.7328759639406,1.3408828128464705,-0.0028122265434117263,22649.29032633077,9449.29032633077,500000.0,1.0,12619.34643090759,24783.27402602634,3470.124828054205,-0.0003406736488846891
122.01000000002551,booster,3485.3475592184236,24843.100113781806,152.469181830366,598.8099041211175,617.9159754218717,1.340601643695631,-0.0028111579405445727,22631.21025163258,9431.21025163258,500000.0,1.0,12578.96150051874,24843.100113781806,3485.3475592184236,-0.0003402596112245488
122.11000000002556,booster,3500.618698631565,24903.03606664704,152.95377762959177,599.9094524128543,619.1011300146797,1.3403205808852299,-0.002810099737427716,22613.130176934388,9413.130176934388,500000.0,1.0,12538.535059788139,24903.03606664704,3500.618698631565,-0.0003398358640244306
122.21000000002562,booster,3515.9383490110413,24963.082064159866,153.43940143459082,601.0107975681499,620.2883431970241,1.3400396233725658,-0.002809051988519308,22595.050102236197,9395.050102236197,500000.0,1.0,12498.068090909976,24963.082064159866,3515.9383490110413,-0.00033940245229130395
122.31000000002567,booster,3531.3066132407625,25023.238286155174,153.926054912838,602.113942557775,621.4776184252314,1.339758770109516,-0.0028080147477869384,22576.970027538006,9376.970027538006,500000.0,1.0,12457.561576373198,25023.238286155174,3531.3066132407625,-0.00033895942155797245
122.41000000002572,booster,3546.723594371634,25083.50491276497,154.4137397368165,603.2188903528532,622.6689591573012,1.3394780200425869,-0.0028069880687014007,22558.889952839814,9358.889952839814,500000.0,1.0,12417.01649892137,25083.50491276497,3546.723594371634,-0.0003385068178559279
122.51000000002577,booster,3562.189395622064,25143.882124418353,154.90245758402924,604.32564392486,623.8623688529134,1.3391973721129615,-0.002805972004228022,22540.809878141623,9340.809878141623,500000.0,1.0,12376.433841512546,25143.882124418353,3562.189395622064,-0.0003380446877516023
122.61000000002582,booster,3577.7041203784593,25204.370101841614,155.3922101370101,605.43420624562,625.0578509734347,1.3389168252565526,-0.0028049666068208526,22522.72980344343,9322.729803443432,500000.0,1.0,12335.814587278905,25204.370101841614,3577.7041203784593,-0.00033757307830460464
122.71000000002587,booster,3593.2678721957336,25264.969026058225,155.882999083335,606.5445802873052,626.255408981925,1.3386363784040543,-0.002803971928414535,22504.64972874524,9304.64972874524,500000.0,1.0,12295.159719486403,25264.969026058225,3593.2678721957336,-0.00033709203707930327
122.81000000002592,booster,3608.8807547978117,25325.6790783889,156.37482611563323,607.6567690224344,627.4550463431455,1.3383560304809918,-0.002802988020415906,22486.56965404705,9286.569654047049,500000.0,1.0,12254.470221494286,25325.6790783889,3608.8807547978117,-0.0003366016121418683
122.91000000002597,booster,3624.542872078133,25386.500440451626,156.8676929315986,608.7707754238724,628.6567665235658,1.338075780407778,-0.0028020149336964698,22468.489579348858,9268.489579348858,500000.0,1.0,12213.747076714597,25386.500440451626,3624.542872078133,-0.00033610185208549255
123.01000000002603,booster,3640.2543281001595,25447.433294161703,157.36160123400077,609.8866024648281,629.8605729913724,1.337795627099765,-0.0028010527185835113,22450.409504650666,9250.409504650666,500000.0,1.0,12172.991268571508,25447.433294161703,3640.2543281001595,-0.0003355928059698034
123.11000000002608,booster,3656.0152270978856,25508.477821731743,157.85655273069628,611.0042531188554,631.066469216476,1.3375155694672995,-0.002800101424852424,22432.329429952475,9232.329429952475,500000.0,1.0,12132.203780460743,25508.477821731743,3656.0152270978856,-0.00033507452335626196
123.21000000002613,booster,3671.825673476346,25569.634205671748,158.35254913464,612.1237303598531,632.2744586705213,1.3372356064157793,-0.002799161101716786,22414.249355254284,9214.249355254284,500000.0,1.0,12091.385595708736,25569.634205671748,3671.825673476346,-0.0003345470543159065
123.31000000002618,booster,3687.685771812126,25630.90262878913,158.84959216389626,613.2450371620635,633.4845448268937,1.336955736845709,-0.0027982317978210327,22396.169280556092,9196.169280556092,500000.0,1.0,12050.537697531818,25630.90262878913,3687.685771812126,-0.0003340104493753898
123.41000000002623,booster,3703.5956268538735,25692.28327418873,159.34768354164999,614.3681765000748,634.6967311607308,1.336675959652757,-0.002797313561229821,22378.0892058579,9178.089205857901,500000.0,1.0,12009.661068995409,25692.28327418873,3703.5956268538735,-0.00033346475956900313
123.51000000002628,booster,3719.5553435228117,25753.776325272884,159.84682499621803,615.4931513488208,635.9110211489292,1.3363962737278166,-0.002796406439419844,22360.00913115971,9160.00913115971,500000.0,1.0,11968.75669297296,25753.776325272884,3719.5553435228117,-0.00033291003640805643
123.61000000002633,booster,3735.565026913251,25815.38196574141,160.3470182610605,616.6199646835825,637.1274182701568,1.3361166779570604,-0.002795510479270786,22341.92905646152,9141.929056461518,500000.0,1.0,11927.82555210511,25815.38196574141,3735.565026913251,-0.00033234633186119246
123.71000000002638,booster,3751.6247822931077,25877.1003795917,160.8482650747918,617.7486194799885,638.34592600486,1.3358371712220054,-0.0027946257270549234,22323.848981763327,9123.848981763327,500000.0,1.0,11886.868628758444,25877.1003795917,3751.6247822931077,-0.00033177369839808627
123.81000000002643,booster,3767.734715104416,25938.931751118715,161.35056718119196,618.879118714018,639.5665478352756,1.3355577523995716,-0.0027937522284287785,22305.768907065136,9105.768907065136,500000.0,1.0,11845.886904984483,25938.931751118715,3767.734715104416,-0.00033119218893211784
123.91000000002649,booster,3783.8949309638474,26000.876264915027,161.85392632921773,620.0114653620014,640.7892872454408,1.3352784203621448,-0.0027928900284232006,22287.688832366945,9087.688832366945,500000.0,1.0,11804.881362478513,26000.876264915027,3783.8949309638474,-0.0003306018568476342
124.01000000002654,booster,3800.105535663229,26062.934105870856,162.35834427301415,621.145662400624,642.0141477212045,1.3349991739776386,-0.0027920391714330887,22269.608757668753,9069.608757668753,500000.0,1.0,11763.85298253836,26062.934105870856,3800.105535663229,-0.00033000275600976226
124.11000000002659,booster,3816.366635170062,26125.10545917412,162.86382277192527,622.2817128069272,643.241132750237,1.3347200121095597,-0.002791199701208899,22251.528682970562,9051.528682970562,500000.0,1.0,11722.802746023095,26125.10545917412,3816.366635170062,-0.0003293949407148055
124.21000000002664,booster,3832.678335628041,26187.390510310455,163.37036359050578,623.4196195583122,644.4702458220431,1.3344409336170728,-0.002790371660847281,22233.44860827237,9033.44860827237,500000.0,1.0,11681.731633311747,26187.390510310455,3832.678335628041,-0.0003287784657186984
124.31000000002669,booster,3849.0407433575792,26249.78944506326,163.87796849853208,624.5593856325428,645.7014904279725,1.3341619373550653,-0.0027895550927794764,22215.36853357418,9015.36853357418,500000.0,1.0,11640.640624261969,26249.78944506326,3849.0407433575792,-0.00032815338623190033
124.41000000002674,booster,3865.4539648563273,26312.302449513714,164.38663927101356,625.7010140077489,646.9348700612323,1.333883022174216,-0.0027887500387642427,22197.288458875988,8997.288458875988,500000.0,1.0,11599.530698168637,26312.302449513714,3865.4539648563273,-0.00032751975790372374
124.51000000002679,booster,3881.9181067997,26374.929710040844,164.89637768820353,626.8445076624306,648.1703882168991,1.3336041869210609,-0.002787956539876214,22179.208384177797,8979.208384177797,500000.0,1.0,11558.402833722423,26374.929710040844,3881.9181067997,-0.0003268776368245297
124.61000000002684,booster,3898.4332760414,26437.671413321536,165.40718553561072,627.9898695754622,649.4080483919321,1.3333254304380648,-0.002787174636498449,22161.128309479605,8961.128309479605,500000.0,1.0,11517.25800896835,26437.671413321536,3898.4332760414,-0.0003262270795048617
124.7100000000269,booster,3914.9995796139433,26500.527746330587,165.9190646040105,629.1371027260966,650.6478540851855,1.333046751563687,-0.0027864043683101048,22143.048234781414,8943.048234781414,500000.0,1.0,11476.097201264307,26500.527746330587,3914.9995796139433,-0.00032556814292820544
124.81000000002695,booster,3931.6171247291877,26563.49889634073,166.43201668945574,630.28621009397,651.889808797422,1.332768149132456,-0.002785645774279913,22124.968160083223,8924.968160083223,500000.0,1.0,11434.921387239541,26563.49889634073,3931.6171247291877,-0.0003249008844541717
124.910000000027,booster,3948.2860187788615,26626.585050922684,166.94604359328838,631.4371946591069,653.1339160313258,1.3324896219750388,-0.002784898892654924,22106.88808538503,8906.888085385031,500000.0,1.0,11393.731542753094,26626.585050922684,3948.2860187788615,-0.000324225361897071
125.01000000002705,booster,3965.006369335091,26689.786397945198,167.46114712215032,632.5900594019257,654.3801792915174,1.3322111689183147,-0.002784163760952018,22088.80801068684,8888.80801068684,500000.0,1.0,11352.528642852267,26689.786397945198,3965.006369335091,-0.00032354163347733255
125.1100000000271,booster,3981.778284150933,26753.103125575075,167.97732908799466,633.7448073032443,655.6286020845664,1.3319327887854477,-0.0027834404159484947,22070.72793598865,8870.727935988649,500000.0,1.0,11311.31366173102,26753.103125575075,3981.778284150933,-0.0003228497578240899
125.21000000002715,booster,3998.6018711609036,26816.53542227723,168.49459130809683,634.9014413442861,656.8791879190073,1.3316544803959618,-0.002782728893673266,22052.647861290458,8852.647861290458,500000.0,1.0,11270.087572688377,26816.53542227723,3998.6018711609036,-0.0003221497939858996
125.3100000000272,booster,4015.477238481516,26880.08347681471,169.0129356050659,636.059964506687,658.1319403053541,1.3313762425658155,-0.0027820292293972036,22034.567786592266,8834.567786592266,500000.0,1.0,11228.851348086884,26880.08347681471,4015.477238481516,-0.00032144180138966215
125.41000000002725,booster,4032.40449441181,26943.74747824875,169.53236380685547,637.2203797725008,659.3868627561139,1.3310980741074792,-0.0027813414576250087,22016.487711894075,8816.487711894075,500000.0,1.0,11187.605959310882,26943.74747824875,4032.40449441181,-0.0003207258398955457
125.5100000000273,booster,4049.383747433888,27007.527615938805,170.05287774677495,638.3826901242076,660.6439587858044,1.33081997383001,-0.0027806656120860952,21998.407637195884,8798.407637195884,500000.0,1.0,11146.352376724979,27007.527615938805,4049.383747433888,-0.0003200019697311664
125.61000000002736,booster,4066.4151062134515,27071.424079542616,170.57447926350062,639.5468985447205,661.9032319109687,1.3305419405391334,-0.002780001725726177,21980.327562497692,8780.327562497692,500000.0,1.0,11105.091569632337,27071.424079542616,4066.4151062134515,-0.0003192702515215739
125.7100000000274,booster,4083.4986796003404,27135.43705901622,171.0971702010867,640.7130080173933,663.1646856501904,1.330263973037318,-0.00277934983069895,21962.2474877995,8762.247487799501,500000.0,1.0,11063.824506233113,27135.43705901622,4083.4986796003404,-0.0003185307462598523
125.81000000002746,booster,4100.634576629067,27199.56674461403,171.62095240897648,641.8810215260291,664.4283235241127,1.3299860701238577,-0.002778709958357401,21944.16741310131,8744.16741310131,500000.0,1.0,11022.552153582788,27199.56674461403,4100.634576629067,-0.0003177835153444767
125.91000000002751,booster,4117.822906519358,27263.813326888838,172.14582774201338,643.0509420548881,665.6941490554517,1.3297082305949517,-0.00277808213924595,21926.08733840312,8726.087338403118,500000.0,1.0,10981.275477550545,27263.813326888838,4117.822906519358,-0.0003170286205294699
126.01000000002756,booster,4135.063778676696,27328.176996691902,172.67179806045215,644.2227725886964,666.9621657690163,1.3294304532437853,-0.0027774664030929107,21908.007263704927,8708.007263704927,500000.0,1.0,10939.995442777663,27328.176996691902,4135.063778676696,-0.00031626612392755127
126.11000000002761,booster,4152.357302692861,27392.657945172978,173.19886522996956,645.3965161126554,668.2323771917238,1.3291527368606122,-0.002776862778801767,21889.927189006736,8689.927189006736,500000.0,1.0,10898.713012635884,27392.657945172978,4152.357302692861,-0.0003154960880302062
126.21000000002766,booster,4169.7035883464705,27457.256363780365,173.7270311216758,646.5721756124509,669.5047868526183,1.3288750802328373,-0.0027762712944443065,21871.847114308544,8671.847114308544,500000.0,1.0,10857.42914918583,27457.256363780365,4169.7035883464705,-0.0003147185756885395
126.31000000002771,booster,4187.102745603526,27521.97244426094,174.25629761212528,647.7497540742637,670.779398282889,1.3285974821451,-0.002775691977253059,21853.767039610353,8653.767039610353,500000.0,1.0,10816.144813135468,27521.97244426094,4187.102745603526,-0.00031393365008552905
126.41000000002776,booster,4204.554884617955,27586.80637866024,174.78666658332773,648.9292544847785,672.0562150158883,1.3283199413793592,-0.0027751248536135547,21835.68696491216,8635.686964912162,500000.0,1.0,10774.860963798477,27586.80637866024,4204.554884617955,-0.0003131413747736914
126.51000000002782,booster,4222.060115732164,27651.75835932249,175.31813992275914,650.1106798311951,673.3352405871497,1.3280424567149776,-0.002774569949058458,21817.60689021397,8617.60689021397,500000.0,1.0,10733.578559052752,27651.75835932249,4222.060115732164,-0.00031234181363143517
126.61000000002787,booster,4239.618549477578,27716.828578890672,175.85071952337285,651.2940331012395,674.6164785344088,1.3277650269288077,-0.002774027288259383,21799.52681551578,8599.52681551578,500000.0,1.0,10692.298555298885,27716.828578890672,4239.618549477578,-0.00031153503087242933
126.71000000002792,booster,4257.230296575188,27782.017230306545,176.38440728361047,652.4793172831744,675.8999323976204,1.3274876507952778,-0.0027734968950209288,21781.446740817588,8581.446740817588,500000.0,1.0,10651.021907418695,27782.017230306545,4257.230296575188,-0.000310721091054098
126.81000000002797,booster,4274.895467936109,27847.324506810743,176.9192051074126,653.6665353658113,677.1856057189802,1.3272103270864797,-0.002772978792273672,21763.366666119397,8563.366666119397,500000.0,1.0,10609.749568733752,27847.324506810743,4274.895467936109,-0.0003099000590469586
126.91000000002802,booster,4292.614174662126,27912.75060194279,177.45511490423013,654.8556903385222,678.4735020429434,1.3269330545722566,-0.0027724730020691635,21745.286591421205,8545.286591421205,500000.0,1.0,10568.482490963997,27912.75060194279,4292.614174662126,-0.0003090720000514772
127.01000000002807,booster,4310.386528046241,27978.295709541195,177.99213858903494,656.0467851912522,679.7636249162463,1.32665583202029,-0.0027719795455725185,21727.206516723014,8527.206516723014,500000.0,1.0,10527.22162418632,27978.295709541195,4310.386528046241,-0.00030823697956432086
127.11000000002812,booster,4328.212639573233,28043.960023743475,178.5302780823309,657.239822914531,681.0559778879256,1.3263786581961894,-0.0027714984430569044,21709.126442024823,8509.126442024823,500000.0,1.0,10485.967916793263,28043.960023743475,4328.212639573233,-0.0003073950634042129
127.21000000002817,booster,4346.092620920204,28109.74373898624,179.06953531016458,658.434806499488,682.3505645093411,1.3261015318635827,-0.002771029713898205,21691.04636732663,8491.046367326631,500000.0,1.0,10444.722315451703,28109.74373898624,4346.092620920204,-0.00030654631769644385
127.31000000002823,booster,4364.026583957147,28175.647050005235,179.60991220413635,659.6317389378632,683.647388334196,1.3258244517842046,-0.0027705733765694576,21672.96629262844,8472.96629262844,500000.0,1.0,10403.485765061601,28175.647050005235,4364.026583957147,-0.00030569080884340204
127.41000000002828,booster,4382.014640747481,28241.670151835417,180.15141070141107,660.8306232220233,684.9464529185593,1.3255474167179881,-0.0027701294486355333,21654.88621793025,8454.886217930249,500000.0,1.0,10362.259208714857,28241.670151835417,4382.014640747481,-0.00030482860356329964
127.51000000002833,booster,4400.056903548633,28307.813239811017,180.69403274472918,662.0314623449736,686.2477618208875,1.3252704254231553,-0.0027696979467477646,21636.806143232057,8436.806143232057,500000.0,1.0,10321.043587654078,28307.813239811017,4400.056903548633,-0.0003039597688417822
127.61000000002838,booster,4418.153484812575,28374.076509565577,181.23778028241722,663.2342593003746,687.5513186020474,1.3249934766563087,-0.002769278886639474,21618.726068533866,8418.726068533866,500000.0,1.0,10279.83984123161,28374.076509565577,4418.153484812575,-0.0003030843719551712
127.71000000002843,booster,4436.304497186392,28440.460157032066,181.78265526839883,664.439017082555,688.8571268253392,1.3247165691725242,-0.0027688722831216844,21600.645993835675,8400.645993835675,500000.0,1.0,10238.648906868393,28440.460157032066,4436.304497186392,-0.0003022024804532047
127.81000000002848,booster,4454.510053512844,28506.96437844289,182.3286596622055,665.6457386865284,690.1651900565186,1.3244397017254428,-0.002768478150078018,21582.565919137483,8382.565919137483,500000.0,1.0,10197.471720013125,28506.96437844289,4454.510053512844,-0.0003013141621395034
127.91000000002853,booster,4472.770266830925,28573.589370330028,182.8757954289875,666.8544271080077,691.4755118638216,1.3241628730673631,-0.002768096500460635,21564.485844439292,8364.485844439292,500000.0,1.0,10156.309214101235,28573.589370330028,4472.770266830925,-0.00030041948510163975
128.01000000002855,booster,4491.085250376424,28640.335329525034,183.42406453952444,668.0650853434222,692.7880958179879,1.3238860819493363,-0.0027677273462860664,21546.4057697411,8346.4057697411,500000.0,1.0,10115.162320514173,28640.335329525034,4491.085250376424,-0.0002995185176767437
128.12000000002845,booster,4511.295127277507,28713.895837165226,184.02847193217767,669.3990881146073,694.2345552119688,1.3235816535862364,-0.0027673357221240256,21526.51768757309,8326.51768757309,500000.0,1.0,10069.919878843695,28713.895837165226,4511.295127277507,-0.00029852026996176
128.23000000002835,booster,4531.571564668238,28787.60321658371,184.63425570087517,670.7354819775039,695.6837608869497,1.323277267468587,-0.002766959244257792,21506.62960540508,8306.62960540508,500000.0,1.0,10024.698686371188,28787.60321658371,4531.571564668238,-0.00029751458550306825
128.34000000002825,booster,4551.91471409548,28861.457731020095,185.24141849242096,672.0742709235062,697.135717606297,1.3229729219296238,-0.0027665979247278286,21486.74152323707,8286.74152323707,500000.0,1.0,9979.499973798076,28861.457731020095,4551.91471409548,-0.0002965015562648977
128.45000000002815,booster,4572.324727397702,28935.459644153085,185.84996296192722,673.4154589451599,698.5904301371942,1.3226686153013336,-0.0027662517741822643,21466.85344106906,8266.853441069059,500000.0,1.0,9934.324968568677,28935.459644153085,4572.324727397702,-0.00029548127458557184
128.56000000002805,booster,4592.801756705892,29009.609220100665,186.4598917728316,674.7590500361925,700.0479032506854,1.3223643459146088,-0.0027659208018740397,21446.96535890105,8246.965358901049,500000.0,1.0,9889.174894805094,29009.609220100665,4592.801756705892,-0.0002944538330957918
128.67000000002795,booster,4613.345954444476,29083.906723420165,187.07120759691455,676.1050481915424,701.5081417217165,1.322060112099402,-0.0027656050156550033,21427.077276733038,8227.077276733038,500000.0,1.0,9844.050973242369,29083.906723420165,4613.345954444476,-0.00029341932477537066
128.78000000002785,booster,4633.957473332233,29158.352419108447,187.6839131143162,677.4534574073897,702.9711503291783,1.3217559121848776,-0.002765304421971591,21407.189194565028,8207.189194565028,500000.0,1.0,9798.954421163666,29158.352419108447,4633.957473332233,-0.0002923778429044184
128.89000000002775,booster,4654.636466383223,29232.946572602017,188.2980110135541,678.8042816811865,704.43693385595,1.3214517444995701,-0.002765019025862062,21387.301112397017,8187.301112397017,500000.0,1.0,9753.886452335744,29232.946572602017,4654.636466383223,-0.0002913294810654958
129.00000000002765,booster,4675.383086907697,29307.689449777157,188.91350399154004,680.157525011689,705.9054970889432,1.3211476073715362,-0.0027647488309515736,21367.413030229007,8167.413030229007,500000.0,1.0,9708.848276944565,29307.689449777157,4675.383086907697,-0.0002902743331301047
129.11000000002755,booster,4696.197488513036,29382.581316950105,189.53039475359745,681.5131913989902,707.3768448191468,1.3208434991285123,-0.0027644938394495817,21347.524948060996,8147.524948060996,500000.0,1.0,9663.84110153103,29382.581316950105,4696.197488513036,-0.00028921249326447094
129.22000000002745,booster,4717.079825104663,29457.622440877174,190.14868601347848,682.8712848445529,708.8509818416724,1.3205394180980696,-0.002764254052147093,21327.636865892986,8127.636865892986,500000.0,1.0,9618.866128927028,29457.622440877174,4717.079825104663,-0.00028814405588334564
129.33000000002735,booster,4738.030250886986,29532.813088754916,190.76838049338122,684.2318093512428,710.3279129558002,1.3202353626077703,-0.0027640294684126046,21307.748783724976,8107.7487837249755,500000.0,1.0,9573.924558191564,29532.813088754916,4738.030250886986,-0.00028706911569579635
129.44000000002725,booster,4759.048920364314,29608.15352822028,191.3894809239668,685.594768923364,711.8076429650263,1.3199313309853247,-0.0027638200861918546,21287.860701556965,8087.860701556965,500000.0,1.0,9529.017584547177,29608.15352822028,4759.048920364314,-0.00028598776764060253
129.55000000002715,booster,4780.135988341797,29683.64402735077,192.0119900443768,686.9601675666934,713.2901766771089,1.3196273215587473,-0.0027636259020033228,21267.972619388955,8067.972619388955,500000.0,1.0,9484.146399316485,29683.64402735077,4780.135988341797,-0.0002849001069058553
129.66000000002705,booster,4801.291609926359,29759.284854664602,192.63591060224994,688.3280092885174,714.775518904118,1.3193233326565148,-0.002763446910938858,21248.084537220944,8048.084537220944,500000.0,1.0,9439.312189859076,29759.284854664602,4801.291609926359,-0.0002838062288997082
129.77000000002695,booster,4822.515940527633,29835.07627912088,193.26124535373978,689.6982980976677,716.2636744624829,1.3190193626077211,-0.002763283106658853,21228.196455052934,8028.196455052934,500000.0,1.0,9394.516139508474,29835.07627912088,4822.515940527633,-0.00028270622929485895
129.88000000002685,booster,4843.809135858892,29911.018570119777,193.88799706353154,691.0710380045591,717.7546481730417,1.3187154097422373,-0.0027631344813943124,21208.308372884923,8008.308372884923,500000.0,1.0,9349.759427509427,29911.018570119777,4843.809135858892,-0.00028160020392596565
129.99000000002675,booster,4865.171351938001,29987.11199750269,194.51616850485937,692.4462330212276,719.2484448610918,1.3184114723908673,-0.002763001025943041,21188.420290716913,7988.420290716913,500000.0,1.0,9305.043228955412,29987.11199750269,4865.171351938001,-0.0002804882488772598
130.10000000002665,booster,4886.6027450883485,30063.356831552417,195.14576245952344,693.8238871613689,720.7450693564408,1.3181075488855063,-0.002762882729670661,21168.532208548902,7968.532208548902,500000.0,1.0,9260.368714726405,30063.356831552417,4886.6027450883485,-0.00027937046038617084
130.21000000002655,booster,4908.103471939794,30139.75334299339,195.77678171790728,695.204004440378,722.2445264934572,1.3178036375592983,-0.002762779580509002,21148.644126380892,7948.644126380892,500000.0,1.0,9215.737051426811,30139.75334299339,4908.103471939794,-0.00027824693489903005
130.32000000002645,booster,4929.673689429613,30216.301802991802,196.40922907899477,696.5865888753891,723.7468211111227,1.3174997367467929,-0.0027626915649556056,21128.75604421288,7928.7560442128815,500000.0,1.0,9171.149401323786,30216.301802991802,4929.673689429613,-0.00027711776902862573
130.43000000002635,booster,4951.313554803441,30293.002483155837,197.04310735038734,697.9716444853173,725.2519580530854,1.3171958447841043,-0.0027626186680742085,21108.86796204487,7908.867962044871,500000.0,1.0,9126.60692228571,30293.002483155837,4951.313554803441,-0.00027598305955292145
130.54000000002625,booster,4973.023225616227,30369.855655535852,197.67841934832126,699.3591752908994,726.7599421677131,1.3168919600090692,-0.002762560873494355,21088.97987987686,7888.979879876861,500000.0,1.0,9082.110767720997,30369.855655535852,4973.023225616227,-0.00027484290340755034
130.65000000002615,booster,4994.802859733178,30446.861592624613,198.31516789768486,700.7491853147367,728.270778308147,1.316588080761403,-0.002762518163412158,21069.09179770885,7869.09179770885,500000.0,1.0,9037.662086517086,30446.861592624613,4994.802859733178,-0.000273697397662424
130.76000000002605,booster,5016.652615330715,30524.020567357442,198.95335583203564,702.1416785813377,729.7844713323566,1.3162842053828594,-0.002762490518590533,21049.20371554084,7849.20371554084,500000.0,1.0,8993.262022979885,30524.020567357442,5016.652615330715,-0.00027254663953253736
130.87000000002595,booster,5038.572650897436,30601.33285311249,199.59298599361767,703.5366591171623,731.3010261031956,1.3159803322173858,-0.0027624779183589663,21029.31563337283,7829.315633372829,500000.0,1.0,8948.911716773298,30601.33285311249,5038.572650897436,-0.00027139072635359987
130.98000000002585,booster,5060.563125235056,30678.798723710912,200.23406123337858,704.9341309506664,732.8204474884578,1.3156764596112827,-0.002762480340616434,21009.42755120482,7809.427551204819,500000.0,1.0,8904.61230285922,30678.798723710912,5060.563125235056,-0.00027022975555960043
131.09000000002575,booster,5082.624197459377,30756.41845341711,200.87658441098716,706.3340981123464,734.3427403609342,1.3153725859133605,-0.0027624977618310232,20989.53946903681,7789.539469036808,500000.0,1.0,8860.364911437724,30756.41845341711,5082.624197459377,-0.00026906382471199563
131.20000000002565,booster,5104.756027001243,30834.192316938967,201.5205583948504,707.7365646347861,735.8679095984694,1.3150687094750961,-0.0027625301570407914,20969.651386868798,7769.651386868798,500000.0,1.0,8816.170667887563,30834.192316938967,5104.756027001243,-0.0002678930314617974
131.31000000002555,booster,5126.958773607507,30912.120589428047,202.16598606213108,709.1415345527031,737.3959600840218,1.3147648286507922,-0.0027625774998577294,20949.763304700788,7749.763304700788,500000.0,1.0,8772.030692707087,30912.120589428047,5126.958773607507,-0.00026671747352243684
131.42000000002545,booster,5149.232597341992,30990.20354647986,202.8128702987648,710.5490119029957,738.9268967057209,1.3144609417977313,-0.002762639762466147,20929.875222532777,7729.875222532777,500000.0,1.0,8727.946101455344,30990.20354647986,5149.232597341992,-0.0002655372487047104
131.53000000002535,booster,5171.577658586451,31068.441464134103,203.46121399947768,711.9590007247922,740.4607243569276,1.3141570472763342,-0.002762716915627048,20909.987140364767,7709.987140364767,500000.0,1.0,8683.91800469359,31068.441464134103,5171.577658586451,-0.0002643524548761966
131.64000000002525,booster,5193.994118041553,31146.8346188749,204.1110200678036,713.371505059499,741.9974479362945,1.3138531434503171,-0.0027628089286792536,20890.099058196756,7690.099058196756,500000.0,1.0,8639.947507927112,31146.8346188749,5193.994118041553,-0.0002631631899453525
131.75000000002515,booster,5216.482136727831,31225.383287631048,204.76229141610165,714.7865289508504,743.5370723478268,1.313549228686846,-0.0027629157695410597,20870.210976028746,7670.210976028746,500000.0,1.0,8596.035711547382,31225.383287631048,5216.482136727831,-0.000261969551887189
131.86000000002505,booster,5239.041875986667,31304.087747776295,205.41503096557366,716.204076444959,745.0796025009438,1.3132453013566938,-0.002763037404713674,20850.322893860735,7650.322893860735,500000.0,1.0,8552.183710774574,31304.087747776295,5239.041875986667,-0.0002607716386922763
131.97000000002495,booster,5261.673497481261,31382.948277129603,206.06924164628174,717.6241515903671,746.6250433105414,1.312941359834397,-0.002763173799282803,20830.434811692725,7630.434811692725,500000.0,1.0,8508.392595600384,31382.948277129603,5261.673497481261,-0.00025956954837282384
132.08000000002485,booster,5284.377163197611,31461.96515395539,206.7249263971659,719.0467584380988,748.1733996970563,1.3126374024984104,-0.002763324916922401,20810.546729524714,7610.5467295247145,500000.0,1.0,8464.663450731325,31461.96515395539,5284.377163197611,-0.0002583633789677405
132.19000000002475,booster,5307.153035445484,31541.138656963823,207.3820881660614,720.4719010417117,749.7246765865281,1.3123334277312615,-0.002763490719896465,20790.658647356704,7590.658647356704,500000.0,1.0,8420.997355532225,31541.138656963823,5307.153035445484,-0.00025715322850535655
132.30000000002465,booster,5330.001276859404,31620.46906531113,208.04072990971676,721.8995834573511,751.2788789106644,1.3120294339197072,-0.00276367116906279,20770.770565188694,7570.770565188694,500000.0,1.0,8377.395383970203,31620.46906531113,5330.001276859404,-0.00025593919501962084
132.41000000002455,booster,5352.922050399623,31699.956658599833,208.70085459381116,723.3298097438039,752.8360116069068,1.3117254194548855,-0.0027638662238757693,20750.882483020683,7550.882483020683,500000.0,1.0,8333.858604559004,31699.956658599833,5352.922050399623,-0.00025472137651179355
132.52000000002445,booster,5375.915519353111,31779.60171687908,209.3624651929724,724.7625839625538,754.3960796184961,1.311421382732473,-0.0027640758423896094,20730.994400852673,7530.994400852673,500000.0,1.0,8290.388080303703,31779.60171687908,5375.915519353111,-0.0002534998709714727
132.63000000002435,booster,5398.981847334542,31859.404520644923,210.02556469079445,726.197910177836,755.959087894539,1.3111173221528363,-0.002764299981262725,20711.106318684662,7511.106318684662,500000.0,1.0,8246.984868645797,31859.404520644923,5398.981847334542,-0.0002522747763394305
132.74000000002425,booster,5422.1211982872765,31939.365350840653,210.69015607985557,727.6357924566942,757.5250413900752,1.3108132361211864,-0.002764538595760012,20691.21823651665,7491.218236516652,500000.0,1.0,8203.650021408681,31939.365350840653,5422.1211982872765,-0.000251046190512982
132.85000000002415,booster,5445.333736484356,32019.48448885708,211.3562423617361,729.0762348690379,759.0939450661461,1.3105091230477326,-0.0027647916397587928,20671.33015434864,7471.330154348641,500000.0,1.0,8160.384584743565,32019.48448885708,5445.333736484356,-0.00024981421131866835
132.96000000002405,booster,5468.619626529491,32099.76221653286,212.0238265470363,730.5192414876998,760.6658038898632,1.310204981347833,-0.0027650590657497076,20651.44207218063,7451.442072180631,500000.0,1.0,8117.18959907577,32099.76221653286,5468.619626529491,-0.00024857893654728927
133.07000000002395,booster,5491.979033358056,32180.198816154843,212.69291165539454,731.9648163884949,762.2406228344777,1.3099008094421476,-0.002765340824843692,20631.55399001262,7431.5539900126205,500000.0,1.0,8074.066099051412,32180.198816154843,5491.979033358056,-0.0002473404638791877
133.18000000002385,booster,5515.41212223808,32260.794570458358,213.36350071550547,733.4129636502792,763.8184068794501,1.30959660575679,-0.0027656368667750113,20611.66590784461,7411.66590784461,500000.0,1.0,8031.015113484575,32260.794570458358,5515.41212223808,-0.00024609889091377346
133.29000000002375,booster,5538.919058771253,32341.549762627605,214.03559676513783,734.8636873550108,765.3991610105226,1.3092923687234788,-0.0027659471399051005,20591.7778256766,7391.7778256766,500000.0,1.0,7988.0376653048315,32341.549762627605,5538.919058771253,-0.00024485431516720583
133.40000000002365,booster,5562.500008893913,32422.464676295953,214.70920285115292,736.3169915878098,766.9828902197886,1.3089880967796885,-0.002766271591228817,20571.88974350859,7371.889743508589,500000.0,1.0,7945.134771505238,32422.464676295953,5562.500008893913,-0.0002436068340299123
133.51000000002355,booster,5586.155138878059,32503.53959554631,215.38432202952285,737.7728804370199,768.5695995057666,1.3086837883687987,-0.0027666101663775993,20552.00166134058,7352.001661340579,500000.0,1.0,7902.307443090776,32503.53959554631,5586.155138878059,-0.0002423565447849827
133.62000000002345,booster,5609.884615332347,32584.774804911507,216.06095736534888,739.2313579942723,770.1592938734733,1.3083794419402432,-0.0027669628096247813,20532.11357917257,7332.113579172568,500000.0,1.0,7859.55668502718,32584.774804911507,5609.884615332347,-0.00024110354457558656
133.73000000002335,booster,5633.688605203094,32666.17058937462,216.73911193287975,740.6924283545469,771.7519783344964,1.3080750559496623,-0.0027673294638914043,20512.225497004558,7312.225497004558,500000.0,1.0,7816.883496190279,32666.17058937462,5633.688605203094,-0.00023984793042008048
133.84000000002325,booster,5657.567275775295,32747.727234369355,217.41878881553035,742.156095616237,773.3476579070692,1.3077706288590474,-0.0027677100707504954,20492.337414836547,7292.337414836547,500000.0,1.0,7774.288869315771,32747.727234369355,5657.567275775295,-0.00023858979917273205
133.95000000002315,booster,5681.52079467362,32829.445025780435,218.09999110590007,743.6223638812146,774.946337616147,1.3074661591368926,-0.0027681045704328893,20472.449332668537,7272.449332668537,500000.0,1.0,7731.773790949438,32829.445025780435,5681.52079467362,-0.00023732924754786796
134.06000000002305,booster,5705.549329863436,32911.324249943995,218.7827219057917,745.0912372548946,776.5480224934815,1.307161645258338,-0.002768512901832399,20452.561250500527,7252.5612505005265,500000.0,1.0,7689.339241397809,32911.324249943995,5705.549329863436,-0.0002360663720788737
134.17000000002295,booster,5729.653049651808,32993.365193647965,219.46698432623,746.5627198463019,778.1527175776986,1.30685708570532,-0.002768935002512395,20432.673168332516,7232.673168332516,500000.0,1.0,7646.986194679384,32993.365193647965,5729.653049651808,-0.00023480126911368105
134.28000000002285,booster,5753.832122688528,33075.56814413243,220.15278148748052,748.0368157681376,779.7604279143749,1.3065524789667156,-0.002769370808709963,20412.785086164506,7212.785086164506,500000.0,1.0,7604.715618476266,33075.56814413243,5753.832122688528,-0.00023353403483279315
134.39000000002275,booster,5778.086717967122,33157.933389090125,220.84011651906857,749.5135291368478,781.3711585561167,1.306247823538489,-0.0027698202553440286,20392.897003996495,7192.897003996495,500000.0,1.0,7562.528474086224,33157.933389090125,5778.086717967122,-0.0002322647651998605
134.50000000002265,booster,5802.417004825878,33240.4612166668,221.5289925597981,750.9928640726905,782.9849145626382,1.3059431179238343,-0.0027702832760198885,20373.008921828485,7173.008921828485,500000.0,1.0,7520.425716375357,33240.4612166668,5802.417004825878,-0.00023099355597196194
134.61000000002255,booster,5826.823152948862,33323.151915461596,222.21941275777098,752.4748246998063,784.6017010008409,1.305638360633322,-0.002770759803035962,20353.120839660474,7153.120839660474,500000.0,1.0,7478.40829373124,33323.151915461596,5826.823152948862,-0.0002297205026977714
134.72000000002245,booster,5851.305332366944,33406.005774527584,222.911380270406,753.9594151462869,786.2215229448941,1.305333550185041,-0.0027712497673905516,20333.232757492464,7133.232757492464,500000.0,1.0,7436.477148016416,33406.005774527584,5851.305332366944,-0.0002284457006979329
134.83000000002235,booster,5875.86371345882,33489.023083372136,223.60489826445797,755.4466395442473,787.8443854763163,1.3050286851047417,-0.0027717530987886856,20313.344675324453,7113.344675324453,500000.0,1.0,7394.6332145225915,33489.023083372136,5875.86371345882,-0.00022716924504266272
134.94000000002225,booster,5900.49846695205,33572.20413195734,224.2999699160375,756.9365020298957,789.470293684056,1.3047237639259772,-0.002772269725648599,20293.456593156443,7093.456593156443,500000.0,1.0,7352.8774219252555,33572.20413195734,5900.49846695205,-0.00022589123055870446
135.05000000002215,booster,5925.2097639240765,33655.54921070054,224.99659841063016,758.4290067436075,791.0992526645751,1.304418785190246,-0.0027727995751087183,20273.568510988433,7073.5685109884325,500000.0,1.0,7311.2106922387775,33655.54921070054,5925.2097639240765,-0.00022461175182545616
135.16000000002205,booster,5949.997775803261,33739.05861047474,225.69478694311607,759.9241578299964,792.7312675219313,1.304113747447131,-0.0027733425730352935,20253.680428820422,7053.680428820422,500000.0,1.0,7269.633940772066,33739.05861047474,5949.997775803261,-0.00022333090314232098
135.27000000002195,booster,5974.862674369923,33822.73262260907,226.39453871778946,761.4219594379896,794.366343367862,1.3038086492544385,-0.002773898644028638,20233.79234665241,7033.792346652412,500000.0,1.0,7228.148076084788,33822.73262260907,5974.862674369923,-0.0002220487785420498
135.38000000002185,booster,5999.804631757372,33906.57153888932,227.09585694837867,762.922415720902,796.0044853218701,1.3035034891783401,-0.002774467711432848,20213.9042644844,7013.904264484401,500000.0,1.0,7186.753999944027,33906.57153888932,5999.804631757372,-0.00022076547176210444
135.49000000002175,booster,6024.823820452946,33990.57565155835,227.79874485806585,764.4255308365108,797.6456985113074,1.3031982657935068,-0.0027750496973412662,20194.01618231639,6994.016182316391,500000.0,1.0,7145.452607281577,33990.57565155835,6024.823820452946,-0.0002194810762470117
135.60000000002165,booster,6049.920413299055,34074.74525331665,228.50320567950683,765.9313089471325,799.2899880714625,1.3028929776832479,-0.0027756445226060807,20174.12810014838,6974.12810014838,500000.0,1.0,7104.244786151692,34074.74525331665,6049.920413299055,-0.0002181956851370247
135.71000000002155,booster,6075.094583494225,34159.0806373228,229.20924265485144,767.439754219699,800.9373591456467,1.3025876234396472,-0.0027762521068450115,20154.24001798037,6954.24001798037,500000.0,1.0,7063.131417689474,34159.0806373228,6075.094583494225,-0.00021690939125755204
135.82000000002145,booster,6100.346504594136,34243.58209719403,229.91685903576348,768.9508708258353,802.5878168852812,1.302282201663698,-0.0027768723684507826,20134.35193581236,6934.351935812359,500000.0,1.0,7022.113376069656,34243.58209719403,6100.346504594136,-0.00021562228711632134
135.93000000002135,booster,6125.676350512681,34328.24992700667,230.62605808344117,770.4646629419375,804.2413664499857,1.3019767109654365,-0.002777505224599487,20114.46385364435,6914.463853644349,500000.0,1.0,6981.191528466159,34328.24992700667,6125.676350512681,-0.00021433446485779074
136.04000000002125,booster,6151.084295523008,34413.08442129674,231.33684306863742,771.981134749253,805.8980130076682,1.3016711499640776,-0.002778150591258119,20094.57577147634,6894.575771476339,500000.0,1.0,6940.366735012043,34413.08442129674,6151.084295523008,-0.00021304601631711172
136.15000000002115,booster,6176.570514258575,34498.085875060475,232.04921727168048,773.5002904339585,807.5577617346129,1.3013655172881453,-0.0027788083831952874,20074.687689308328,6874.687689308328,500000.0,1.0,6899.639848760044,34498.085875060475,6176.570514258575,-0.00021175703296108712
136.26000000002105,booster,6202.135181714202,34583.254583754846,232.76318398249455,775.0221341872422,809.2206178155722,1.301059811575604,-0.0027794785139886057,20054.799607140318,6854.799607140318,500000.0,1.0,6859.011715643755,34583.254583754846,6202.135181714202,-0.0002104676058987372
136.37000000002095,booster,6227.77847324713,34668.590843298174,233.4787465006206,776.5466702053849,810.8865864438576,1.30075403147399,-0.0027801608960349197,20034.911524972307,6834.911524972307,500000.0,1.0,6818.483174439283,34668.590843298174,6227.77847324713,-0.00020917782586727984
136.48000000002085,booster,6253.500564578079,34754.09495007059,234.19590813523706,778.0739026898409,812.555672821431,1.3004481756405406,-0.002780855440559992,20015.023442804297,6815.023442804297,500000.0,1.0,6778.055056727641,34754.09495007059,6253.500564578079,-0.0002078877832048618
136.59000000002075,booster,6279.301631792315,34839.767200914735,234.91467220518112,779.6038358473222,814.2278821589974,1.3001422427423222,-0.0027815620576269228,19995.135360636286,6795.135360636286,500000.0,1.0,6737.72818685749,34839.767200914735,6279.301631792315,-0.00020659756788389506
136.70000000002065,booster,6305.181851340697,34925.60789313624,235.63504203896974,781.1364738898811,815.9032196760986,1.2998362314563574,-0.0027822806561470796,19975.247278468276,6775.247278468276,500000.0,1.0,6697.503381908703,34925.60789313624,6305.181851340697,-0.00020530726948692044
136.81000000002055,booster,6331.141400040765,35011.6173245044,236.3570209748209,782.6718210349958,817.5816906012074,1.2995301404697521,-0.0027830111438908577,19955.359196300265,6755.3591963002655,500000.0,1.0,6657.381451656351,35011.6173245044,6331.141400040765,-0.00020401697714089202
136.92000000002045,booster,6357.180455077792,35097.79579325267,237.08061236067513,784.2098815056542,819.2633001718219,1.2992239684798192,-0.002783753427495724,19935.471114132255,6735.471114132255,500000.0,1.0,6617.36319853543,35097.79579325267,6357.180455077792,-0.00020272677961221392
137.03000000002035,booster,6383.299194005865,35184.14359807943,237.8058195542169,785.7506595304399,820.9480536345609,1.2989177141942037,-0.002784507412478693,19915.583031964245,6715.583031964245,500000.0,1.0,6577.449417605996,35184.14359807943,6383.299194005865,-0.00020143676520711798
137.14000000002025,booster,6409.497794748945,35270.661038148406,238.53264592289634,787.2941593436201,822.6359562452612,1.2986113763310039,-0.002785273003246704,19895.694949796234,6695.694949796234,500000.0,1.0,6537.64089651918,35270.661038148406,6409.497794748945,-0.00020014702179764232
137.25000000002015,booster,6435.776435601958,35357.34841308952,239.2610948439511,788.8403851852316,824.3270132690732,1.2983049536188949,-0.0027860501031064617,19875.806867628224,6675.806867628224,500000.0,1.0,6497.938415483473,35357.34841308952,6435.776435601958,-0.00019885763683161328
137.36000000002005,booster,6462.135295231861,35444.20602299935,239.99116970442842,790.3893413011696,826.0212299805595,1.2979984447972475,-0.0027868386142767382,19855.918785460213,6655.918785460213,500000.0,1.0,6458.342747231973,35444.20602299935,6462.135295231861,-0.00019756869728816066
137.47000000001995,booster,6488.5745526787305,35531.234168441864,240.72287390120687,791.9410319432761,827.7186116637934,1.2976918486162485,-0.0027876384378996257,19836.030703292203,6636.030703292203,500000.0,1.0,6418.854656989959,35531.234168441864,6488.5745526787305,-0.00019628028968884223
137.58000000001985,booster,6515.094387356839,35618.43315044909,241.4562108410191,793.49546136943,829.4191636124567,1.297385163837017,-0.0027884494740509826,19816.142621124192,6616.142621124192,500000.0,1.0,6379.474902443263,35618.43315044909,6515.094387356839,-0.00019499250010184373
137.69000000001975,booster,6541.694979055742,35705.803270521705,242.19118394047368,795.0526338436374,831.122891129942,1.297078389231722,-0.002789271621753442,19796.254538956182,6596.254538956182,500000.0,1.0,6340.204233707234,35705.803270521705,6541.694979055742,-0.00019370541409293552
137.80000000001965,booster,6568.376507941368,35793.34483062982,242.92779662607802,796.6125536361221,832.8297995294505,1.2967715235836976,-0.002790104778987646,19776.36645678817,6576.3664567881715,500000.0,1.0,6301.043393296241,35793.34483062982,6568.376507941368,-0.00019241911675728528
137.91000000001955,booster,6595.139154557106,35881.058133213606,243.66605233426097,798.1752250234188,834.5398941340959,1.2964645656875562,-0.0027909488427049784,19756.47837462016,6556.478374620161,500000.0,1.0,6261.99311609394,35881.058133213606,6595.139154557106,-0.0001911336926844745
138.02000000001945,booster,6621.983099824901,35968.943481183975,244.4059545113956,799.740652288464,836.2531802770045,1.2961575143493025,-0.002791803708839278,19736.59029245215,6536.590292452151,500000.0,1.0,6223.054129324083,35968.943481183975,6621.983099824901,-0.000189849225981249
138.13000000001935,booster,6648.908525046341,36057.00117792334,245.1475066138223,801.3088397206914,837.9696633014197,1.295850368386443,-0.0027926692723197486,19716.70221028414,6516.70221028414,500000.0,1.0,6184.227152522017,36057.00117792334,6648.908525046341,-0.00018856580022910175
138.24000000001925,booster,6675.915611903769,36145.23152728632,245.89071210787176,802.8797916161236,839.6893485608033,1.2955431266280977,-0.0027935454270844144,19696.81412811613,6496.81412811613,500000.0,1.0,6145.512897506765,36145.23152728632,6675.915611903769,-0.00018728349848433666
138.35000000001915,booster,6703.004542461367,36233.634833600445,246.63557446988838,804.4535122774689,841.4122414189419,1.295235787915106,-0.002794432066092005,19676.92604594812,6476.926045948119,500000.0,1.0,6106.91206835385,36233.634833600445,6703.004542461367,-0.00018600240328896787
138.46000000001905,booster,6730.175499166271,36322.21140166694,247.3820971862538,806.0300060142159,843.1383472500501,1.2949283511001362,-0.0027953290813355854,19657.03796378011,6457.037963780109,500000.0,1.0,6068.425361368648,36322.21140166694,6730.175499166271,-0.0001847225966505794
138.57000000001895,booster,6757.42866484967,36410.96153676142,248.13028375341054,807.6092771427305,844.8676714388779,1.2946208150477887,-0.002796236363856552,19637.1498816121,6437.149881612098,500000.0,1.0,6030.053465060538,36410.96153676142,6757.42866484967,-0.00018344416002658728
138.68000000001885,booster,6784.764222727922,36499.88554463469,248.8801376778856,809.1913299863523,846.6002193808156,1.2943131786347024,-0.00279715380375786,19617.261799444088,6417.261799444088,500000.0,1.0,5991.79706011756,36499.88554463469,6784.764222727922,-0.000182167174323039
138.79000000001875,booster,6812.182356403649,36588.98373151354,249.63166247631472,810.7761688754924,848.3359964820011,1.294005440749655,-0.002798081290217793,19597.373717276078,6397.3737172760775,500000.0,1.0,5953.65681938181,36588.98373151354,6812.182356403649,-0.00018089171990083266
138.90000000001865,booster,6839.68324986687,36678.25640410148,250.38486167546625,812.363798147733,850.0750081594289,1.2936976002936649,-0.0027990187115039546,19577.485635108067,6377.485635108067,500000.0,1.0,5915.633407825514,36678.25640410148,6839.68324986687,-0.00017961787654248464
139.01000000001855,booster,6867.2670874961,36767.70386957955,251.1397388122658,813.954222147925,851.8172598410569,1.2933896561800906,-0.002799965954988178,19557.597552940057,6357.597552940057,500000.0,1.0,5877.727482527715,36767.70386957955,6867.2670874961,-0.00017834572346487332
139.12000000001845,booster,6894.934054059478,36857.326435607116,251.8962974338204,815.5474452282896,853.5627569659174,1.2930816073347282,-0.0028009229071604205,19537.709470772046,6337.709470772046,500000.0,1.0,5839.9396926517,36857.326435607116,6894.934054059478,-0.0001770753392948444
139.23000000001835,booster,6922.684334715884,36947.1244103227,252.65454109744326,817.1434717485181,855.3115049842255,1.2927734526959078,-0.0028018894536433036,19517.821388604036,6317.821388604036,500000.0,1.0,5802.2706794229725,36947.1244103227,6922.684334715884,-0.00017580680208452258
139.34000000001825,booster,6950.518115016069,37037.09810234484,253.4144733706788,818.7423060758739,857.0635093574913,1.292465191214588,-0.00280286547920753,19497.933306436025,6297.933306436025,500000.0,1.0,5764.721076108003,37037.09810234484,6950.518115016069,-0.0001745401892889463
139.45000000001815,booster,6978.435580903774,37127.24782077285,254.17609783132752,820.3439525852937,858.8187755586292,1.2921568218544486,-0.002803850867786914,19478.045224268015,6278.045224268015,500000.0,1.0,5727.291507993666,37127.24782077285,6978.435580903774,-0.00017327557775576665
139.56000000001805,booster,7006.436918716862,37217.57387518776,254.9394180674712,821.9484156594923,860.577309072073,1.2918483435919823,-0.0028048455024930106,19458.157142100004,6258.157142100004,500000.0,1.0,5689.982592367258,37217.57387518776,7006.436918716862,-0.00017201304372821129
139.67000000001795,booster,7034.522315188459,37308.076575653104,255.7044376774984,823.5556996890643,862.3391153938861,1.2915397554165837,-0.002805849265631796,19438.269059931994,6238.269059931994,500000.0,1.0,5652.794938497268,37308.076575653104,7034.522315188459,-0.0001707526628215903
139.78000000001785,booster,7062.691957448076,37398.7562327158,256.47116027013004,825.1658090725897,864.1042000318758,1.291231056330638,-0.002806862038718169,19418.380977763984,6218.3809777639835,500000.0,1.0,5615.729147614853,37398.7562327158,7062.691957448076,-0.0001694945100475387
139.89000000001775,booster,7090.946033022751,37489.6131574071,257.23958946444503,826.7787482167381,865.8725685057084,1.2909222453496056,-0.002807883702491972,19398.492895595973,6198.492895595973,500000.0,1.0,5578.785812895905,37489.6131574071,7090.946033022751,-0.00016823865978135701
140.00000000001765,booster,7119.284729838198,37580.64766124338,258.0097288899066,828.3945215363759,867.6442263470232,1.2906133215021083,-0.0028089141369350666,19378.604813427963,6178.604813427963,500000.0,1.0,5541.9655194438865,37580.64766124338,7119.284729838198,-0.00016698518575901454
140.11000000001755,booster,7147.708236219938,37671.86005622718,258.78158218638816,830.0131334546709,869.4191790995479,1.2903042838300094,-0.0028099532212860134,19358.716731259952,6158.716731259952,500000.0,1.0,5505.268844273297,37671.86005622718,7147.708236219938,-0.0001657341610849839
140.22000000001745,booster,7176.216740894455,37763.250654848,259.5551530041997,831.6345884032016,871.1974323192168,1.2899951313884976,-0.0028110008340583546,19338.82864909194,6138.828649091942,500000.0,1.0,5468.696356293918,37763.250654848,7176.216740894455,-0.00016448565820315455
140.33000000001735,booster,7204.810432990342,37854.819770083275,260.3304450041147,833.258890822064,872.9789915742858,1.289685863246164,-0.0028120568530553094,19318.94056692393,6118.940566923931,500000.0,1.0,5432.248616295637,37854.819770083275,7204.810432990342,-0.00016323974891380665
140.44000000001725,booster,7233.489502039455,37946.56771539936,261.1074618573967,834.8860451599803,874.7638624454513,1.2893764784850787,-0.002813121155388052,19299.05248475592,6099.052484755921,500000.0,1.0,5395.926176934032,37946.56771539936,7233.489502039455,-0.00016199650433338929
140.55000000001715,booster,7262.254137978064,38038.49480475242,261.8862072458261,836.5160558744086,876.5520505259688,1.2890669762008682,-0.002814193617491712,19279.16440258791,6079.16440258791,500000.0,1.0,5359.729582716662,38038.49480475242,7262.254137978064,-0.0001607559949559451
140.66000000001705,booster,7291.104531148017,38130.601352589445,262.6666848617275,838.1489274316531,878.3435614217711,1.2887573555027856,-0.00281527411514294,19259.2763204199,6059.2763204199,500000.0,1.0,5323.659369989997,38130.601352589445,7291.104531148017,-0.00015951829055859513
140.77000000001695,booster,7320.040872297896,38222.8876738492,263.4488984079977,839.7846643069745,880.1384007515893,1.2884476155137858,-0.0028163625234770458,19239.38823825189,6039.38823825189,500000.0,1.0,5287.716066927097,38222.8876738492,7320.040872297896,-0.000158283460266539
140.88000000001685,booster,7349.063352584191,38315.354083963226,264.23285159813247,841.4232709847023,881.9365741470734,1.2881377553705926,-0.0028174587170060805,19219.50015608388,6019.500156083879,500000.0,1.0,5251.900193516012,38315.354083963226,7349.063352584191,-0.00015705157251114926
140.99000000001675,booster,7378.172163572452,38408.000898856844,265.01854815625467,843.0647519583454,883.738087252912,1.2878277742237667,-0.002818562569635135,19199.61207391587,5999.612073915869,500000.0,1.0,5216.21226154877,38408.000898856844,7378.172163572452,-0.0001558226950364585
141.10000000001665,booster,7407.323454008907,38500.677110431716,265.0049413055996,841.9573749703145,882.6776536104712,1.2875134798943437,-0.0028957367406815255,19199.61207391587,5999.612073915869,0.0,0.0,5147.273264251522,38500.677110431716,7407.323454008907,0.0
141.21000000001655,booster,7436.473256568796,38593.23154282408,264.99149561259594,840.850583634808,881.6179426180014,1.2871907439165118,-0.0029720443448465355,19199.61207391587,5999.612073915869,0.0,0.0,5079.311820446984,38593.23154282408,7436.473256568796,0.0
141.32000000001645,booster,7465.621588899469,38685.66426000638,264.978209622977,839.7443698037318,880.5589464607496,1.2868596624938455,-0.003047469571502622,19199.61207391587,5999.612073915869,0.0,0.0,5012.313125162066,38685.66426000638,7465.621588899469,0.0
141.43000000001635,booster,7494.768468488326,38777.975325061845,264.96508188266995,838.638725457487,879.500657449469,1.2865203335000377,-0.0031219978587085887,19199.61207391587,5999.612073915869,0.0,0.0,4946.262613050803,38777.975325061845,7494.768468488326,0.0
141.54000000001625,booster,7523.9139126628,38870.16480019857,264.9521109371192,837.5336427030899,878.443068018379,1.286172856343769,-0.00319561585287346,19199.61207391587,5999.612073915869,0.0,0.0,4881.1459542256225,38870.16480019857,7523.9139126628,0.0
141.65000000001615,booster,7553.057938590264,38962.23274676325,264.9392953307195,836.4291137723004,877.3861707231623,1.2858173318379815,-0.0032683113689773733,19199.61207391587,5999.612073915869,0.0,0.0,4816.949050167435,38962.23274676325,7553.057938590264,0.0
141.76000000001605,booster,7582.200563277901,39054.17922525487,264.9266336063533,835.3251310197556,876.3299582389997,1.2854538620734965,-0.0033400733513774756,19199.61207391587,5999.612073915869,0.0,0.0,4753.658029712772,39054.17922525487,7582.200563277901,0.0
141.87000000001595,booster,7611.341803572509,39146.0042953381,264.9141243050256,834.2216869211147,875.2744233586452,1.2850825502969125,-0.0034108918352239287,19199.61207391587,5999.612073915869,0.0,0.0,4691.25924511653,39146.0042953381,7611.341803572509,0.0
141.98000000001585,booster,7640.481676160279,39237.7080158565,264.90176596558894,833.118774071212,874.2195589905358,1.2847035007927097,-0.003480757908508418,19199.61207391587,5999.612073915869,0.0,0.0,4629.73926818866,39237.7080158565,7640.481676160279,0.0
142.09000000001575,booster,7669.620197566549,39329.29044484552,264.8895571245529,832.0163851822239,873.1653581569395,1.2843168187694953,-0.0035496636747649572,19199.61207391587,5999.612073915869,0.0,0.0,4569.084886503337,39329.29044484552,7669.620197566549,0.0
142.20000000001565,booster,7698.7573841555395,39420.751639545364,264.87749631597273,830.914513081845,872.1118139921381,1.2839226102503156,-0.0036176022164403584,19199.61207391587,5999.612073915869,0.0,0.0,4509.283099679021,39420.751639545364,7698.7573841555395,0.0
142.31000000001555,booster,7727.8932521300785,39512.09165641349,264.8655820714095,829.8131507114788,871.0589197406442,1.2835209819669577,-0.00368456755894944,19199.61207391587,5999.612073915869,0.0,0.0,4450.32111572813,39512.09165641349,7727.8932521300785,0.0
142.42000000001545,booster,7757.0278175313315,39603.31055113714,264.8538129199576,828.7122911244413,870.0066687554531,1.2831120412581682,-0.003750554635427872,19199.61207391587,5999.612073915869,0.0,0.0,4392.186347474644,39603.31055113714,7757.0278175313315,0.0
142.53000000001535,booster,7786.16109623853,39694.40837864546,264.84218738833334,827.6119274841801,868.9550544963282,1.282695895971712,-0.003815559252193521,19199.61207391587,5999.612073915869,0.0,0.0,4334.86640903852,39694.40837864546,7786.16109623853,0.0
142.64000000001525,booster,7815.293103968723,39785.38519312155,264.83070400101997,826.5120530625077,867.9040705281185,1.2822726543701854,-0.003879578054925239,19199.61207391587,5999.612073915869,0.0,0.0,4278.349112385343,39785.38519312155,7815.293103968723,0.0
142.75000000001515,booster,7844.423856276537,39876.24104801431,264.8193612804634,825.4126612378511,866.8537105191072,1.2818424250405174,-0.003942608495566257,19199.61207391587,5999.612073915869,0.0,0.0,4222.622463939977,39876.24104801431,7844.423856276537,0.0
142.86000000001505,booster,7873.553368553966,39966.97599605002,264.8081577473145,824.3137454935187,865.8039682393932,1.2814053168070636,-0.004004648799957628,19199.61207391587,5999.612073915869,0.0,0.0,4167.674661262944,39966.97599605002,7873.553368553966,0.0
142.97000000001495,booster,7902.681656030188,40057.59008924387,264.79709192071266,823.2152994159833,864.7548375593011,1.280961438648228,-0.004065697936205627,19199.61207391587,5999.612073915869,0.0,0.0,4113.494089788139,40057.59008924387,7902.681656030188,0.0
143.08000000001485,booster,7931.808450191876,40148.08250102963,264.7792091948188,822.0953648197379,863.6832859792596,1.2553098686362225,-0.6341350330646527,9999.612073915869,5999.612073915869,0.0,0.0,4059.853258364898,40148.08250102963,7931.808450191876,0.0
143.19000000001475,booster,7960.933456722817,40238.450814898824,264.7765220002055,820.9605471939601,862.6023572026289,1.1261661012574071,-1.6238200213000766,9999.612073915869,5999.612073915869,0.0,0.0,4006.8709629576374,40238.450814898824,7960.933456722817,0.0
143.30000000001465,booster,7990.0665363315875,40328.68929469198,264.97964532416836,819.686528663271,861.4523885323933,0.8882042007356871,-2.6125611795957395,9999.612073915869,5999.612073915869,0.0,0.0,3953.9942876745204,40328.68929469198,7990.0665363315875,0.0
143.41000000001455,booster,8019.248731235549,40418.75606435085,265.6960694763418,817.6975598951751,859.7811935566517,0.5647258060020985,-2.99970630494039,9999.612073915869,5999.612073915869,0.0,0.0,3897.1537294685154,40418.75606435085,8019.248731235549,0.0
143.52000000001445,booster,8048.528064333319,40508.5292731566,266.61944654398735,814.2798526843932,856.8183049883676,0.23474492818132486,-2.9996110914414333,9999.612073915869,5999.612073915869,0.0,0.0,3829.6783760414332,40508.5292731566,8048.528064333319,0.0
143.63000000001435,booster,8077.87896895639,40597.846940856834,266.84373793491403,809.5132731094442,852.3598534747179,-0.09523201178292118,-2.999561438095807,9999.612073915869,5999.612073915869,0.0,0.0,3750.310734488212,40597.846940856834,8077.87896895639,0.0
143.74000000001425,booster,8107.184433132095,40686.60839308475,265.7580939149377,804.3796033874983,847.1445631219797,-0.42443112856330006,-2.93082616587127,9999.612073915869,5999.612073915869,0.0,0.0,3666.073825043803,40686.60839308475,8107.184433132095,0.0
143.85000000001415,booster,8136.308128618695,40774.84083844807,263.6681332796516,800.037525322252,842.3662661995251,-0.7106241906880228,-2.346797640357568,9999.612073915869,5999.612073915869,0.0,0.0,3587.401470734075,40774.84083844807,8136.308128618695,0.0
143.96000000001405,booster,8165.1853931570795,40862.65982701529,261.3989298640193,796.8536782674154,838.632926316612,-0.9397903876628978,-1.8791666484850467,9999.612073915869,5999.612073915869,0.0,0.0,3519.1266037998134,40862.65982701529,8165.1853931570795,0.0
144.07000000001395,booster,8193.828367925407,40950.18259739918,259.45737226688505,794.5934662493769,835.8809153401199,-1.123293749439293,-1.504726795699005,9999.612073915869,5999.612073915869,0.0,0.0,3460.254557620453,40950.18259739918,8193.828367925407,0.0
144.18000000001385,booster,8222.283506938593,41037.491501592674,257.9869800513545,792.9123983044619,833.8269324391913,-1.270233328950206,-1.204902014455608,9999.612073915869,5999.612073915869,0.0,0.0,3408.082918864584,41037.491501592674,8222.283506938593,0.0
144.29000000001375,booster,8250.60128528824,41124.634802704044,256.9454075564342,791.5479366053288,832.2073530127548,-1.3878948256951111,-0.9648212078954249,9999.612073915869,5999.612073915869,0.0,0.0,3360.2296471575773,41124.634802704044,8250.60128528824,0.0
144.40000000001365,booster,8278.823582603423,41211.63771221248,256.23369796115423,790.3404060228949,830.8391332642452,-1.4821120755416515,-0.7725783338342938,9999.612073915869,5999.612073915869,0.0,0.0,3315.0834816370616,41211.63771221248,8278.823582603423,0.0
144.51000000001355,booster,8306.981235744566,41298.51224470364,255.75557136100144,789.2038980253793,829.610574270028,-1.5575564288375552,-0.618640667970066,9999.612073915869,5999.612073915869,0.0,0.0,3271.6769794337215,41298.51224470364,8306.981235744566,0.0
144.62000000001345,booster,8335.095582324579,41385.263591068506,255.4356607947348,788.0959762488229,828.4579920462039,-1.617968423997433,-0.49537541184653533,9999.612073915869,5999.612073915869,0.0,0.0,3229.4637708636583,41385.263591068506,8335.095582324579,0.0
144.73000000001335,booster,8363.18089618998,41471.89368344886,255.22037523769387,786.9972469344772,827.3464247936989,-1.666343275997375,-0.3966708669160752,9999.612073915869,5999.612073915869,0.0,0.0,3188.144448795369,41471.89368344886,8363.18089618998,0.0
144.84000000001325,booster,8391.246556391785,41558.40302162687,255.0734479195944,785.8996687084742,826.2570744687633,-1.7050793938795654,-0.31763321913311415,9999.612073915869,5999.612073915869,0.0,0.0,3147.5564010641665,41558.40302162687,8391.246556391785,0.0
144.95000000001315,booster,8419.298674887264,41644.79154751001,254.97098091945568,784.8004393601072,825.17993839577,-1.7360972998907531,-0.2543438069055258,9999.612073915869,5999.612073915869,0.0,0.0,3107.6104380583342,41644.79154751001,8419.298674887264,0.0
145.06000000001305,booster,8447.341226414908,41731.059036050036,254.89744511821112,783.698992291911,824.1097123849156,-1.7609348509018659,-0.20366478822604903,9999.612073915869,5999.612073915869,0.0,0.0,3068.256121366751,41731.059036050036,8447.341226414908,0.0
145.17000000001295,booster,8475.355378458169,41817.12487453847,254.4077219746409,780.9890976971569,821.381312011751,-1.86077567131478,-0.00045809545825449424,9993.585382349802,5993.585382349802,166666.66666666666,1.0,3017.2672398579184,41817.12487453847,8475.355378458169,0.001954242667685406
145.28000000001285,booster,8503.310677729085,41902.87582710104,253.87038725234476,778.1190804900906,818.486088425698,-1.8608541465478763,-0.0009667941519309326,9986.956021627127,5986.956021627128,166666.66666666666,1.0,2965.96097930942,41902.87582710104,8503.310677729085,0.0019154733267940814
145.39000000001275,booster,8531.206848756508,41988.311061449065,253.3326466103201,775.2487687148188,815.5906345909275,-1.8609879284862627,-0.0014636123643786123,9980.326660904455,5980.326660904455,166666.66666666666,1.0,2915.560826724526,41988.311061449065,8531.206848756508,0.0018748877173642856
145.50000000001265,booster,8559.043841521267,42073.43054589665,252.7944028366939,772.3781753380061,812.6949340583024,-1.8611756907938524,-0.0019481997184564454,9973.697300181782,5973.697300181781,166666.66666666666,1.0,2866.0495972634953,42073.43054589665,8559.043841521267,0.0018326128869379952
145.61000000001255,booster,8586.821595439198,42158.23425016381,252.25556105389077,769.5073129569494,809.7989705950716,-1.861416069892103,-0.0024202295153353992,9967.067939459108,5967.067939459108,166666.66666666666,1.0,2817.410454578205,42158.23425016381,8586.821595439198,0.001788775065603539
145.72000000001245,booster,8614.540039618416,42242.722145336214,251.71602872812625,766.6361938048282,806.9027281960404,-1.8617076675830497,-0.002879399058904219,9960.438578736434,5960.4385787364345,166666.66666666666,1.0,2769.626903416662,42242.722145336214,8614.540039618416,0.001743499450844742
145.83000000001235,booster,8642.199093117808,42326.89420382532,251.17571568283967,763.7648297534857,804.0061910937986,-1.8620490537045427,-0.0033254299170673053,9953.809218013761,5953.809218013761,166666.66666666666,1.0,2722.6827823828053,42326.89420382532,8642.199093117808,0.0016969100217694166
145.94000000001225,booster,8669.798665207269,42410.75039932861,250.63453411544316,760.8932323139524,801.1093437680274,-1.862438768810808,-0.0037580681209950003,9947.179857291088,5947.1798572910875,166666.66666666666,1.0,2676.5622568488693,42410.75039932861,8669.798665207269,0.0016491293598067827
146.05000000001215,booster,8697.338655629836,42494.290706789914,250.09239861677824,758.0214126349161,798.2121709538932,-1.8628753268715696,-0.00417708430358594,9940.550496568414,5940.550496568414,166666.66666666666,1.0,2631.249812017411,42494.290706789914,8697.338655629836,0.0016002784762437802
146.16000000001205,booster,8724.818954866165,42577.5151023593,249.54922619268245,755.1493814993444,795.3146576495425,-1.8633572179831195,-0.004582273778489599,9933.92113584574,5933.9211358457405,166666.66666666666,1.0,2586.7302461302993,42577.5151023593,8724.818954866165,0.0015504766465809696
146.27000000001195,booster,8752.239444401434,42660.42356335264,249.004936287088,752.2771493194501,792.4167891227033,-1.8638829110848762,-0.004973456561125391,9927.291775123067,5927.291775123067,166666.66666666666,1.0,2542.988663821754,42660.42356335264,8752.239444401434,0.0014998412519583108
146.38000000001185,booster,8779.599996994844,42743.01606821048,248.4594508060924,749.4047261301911,789.5185509163997,-1.8644508566751383,-0.005350477333220694,9920.662414400394,5920.662414400394,166666.66666666666,1.0,2500.010469612753,42743.01606821048,8779.599996994844,0.001448487627776548
146.49000000001175,booster,8806.900476951818,42825.29259645611,247.9126941424658,746.5321215814901,786.6199288537866,-1.8650594895199,-0.0057132053524662375,9914.03305367772,5914.03305367772,166666.66666666666,1.0,2457.7813615440145,42825.29259645611,8806.900476951818,0.00139652891962652
146.60000000001165,booster,8834.140740398861,42907.25312865268,247.36459320008132,743.6593449293521,783.7209090421122,-1.8657072313487872,-0.006061534308964117,9907.403692955046,5907.403692955047,166666.66666666666,1.0,2416.287324944843,42907.25312865268,8834.140740398861,0.001344075946630046
146.71000000001155,booster,8861.320635561116,42988.897646359466,246.81507741778415,740.7864050260531,780.821477875814,-1.8663924935323595,-0.006395382130210187,9900.774332232373,5900.774332232373,166666.66666666666,1.0,2375.514626335137,42988.897646359466,8861.320635561116,0.001291237072366746
146.82000000001145,booster,8888.44000304248,43070.22613208676,246.26407879224158,737.9133103095711,777.9216220387635,-1.8671136797352077,-0.006714690736414386,9894.1449715097,5894.1449715097,166666.66666666666,1.0,2335.4498074580265,43070.22613208676,8888.44000304248,0.001238118083257381
146.93000000001135,booster,8915.498676108138,43151.23856924976,245.71153189934552,735.0400687924199,775.0213285056667,-1.8678691885394931,-0.007019425748028722,9887.515610787026,5887.515610787026,166666.66666666666,1.0,2296.079679440422,43151.23856924976,8915.498676108138,0.0011848220747143047
147.04000000001125,booster,8942.496480969405,43231.93494212109,245.1573739137718,732.1666880500463,772.1205845426417,-1.8686574160337754,-0.0073095761473956754,9880.886250064352,5880.886250064353,166666.66666666666,1.0,2257.391317079065,43231.93494212109,8942.496480969405,0.0011314493449147785
147.15000000001115,booster,8969.433237070538,43312.31523578211,244.6015446263296,729.293175208942,769.2193777069887,-1.8694767583621863,-0.007585153896485464,9874.25688934168,5874.256889341679,166666.66666666666,1.0,2219.3720532495263,43312.31523578211,8969.433237070538,0.0010780972962348395
147.26000000001105,booster,8996.308757377363,43392.379436072806,244.04398645876822,726.4195369346169,766.317695846175,-1.8703256142292308,-0.0078461935127327,9867.627528619007,5867.627528619006,166666.66666666666,1.0,2182.009473435747,43392.379436072806,8996.308757377363,0.0010248603445249698
147.37000000001095,booster,9023.122848667363,43472.127529540536,243.48464447574042,723.5457794195779,763.4155270960647,-1.871202387355721,-0.008092751605015713,9860.998167896332,5860.998167896332,166666.66666666666,1.0,2145.2914103777257,43472.127529540536,9023.122848667363,0.0009718298359411499
147.48000000001085,booster,9049.875311820915,43551.55950338723,242.92346639365456,720.6719083714455,760.512859878418,-1.8721054888815738,-0.008324906371860077,9854.368807173658,5854.368807173659,166666.66666666666,1.0,2109.20593883506,43551.55950338723,9049.875311820915,0.0009190939715709673
147.59000000001075,booster,9076.565942113308,43630.67534541545,242.3604025861803,717.7979290013404,757.6096828976968,-1.8730333397114223,-0.008542757063974147,9847.739446450985,5847.739446450985,166666.66666666666,1.0,2073.7413704640217,43630.67534541545,9076.565942113308,0.0008667377396721426
147.70000000001065,booster,9103.194529507196,43709.47504397317,241.79540608620482,714.9238460126601,754.7059851372098,-1.8739843727992496,-0.00874642341324147,9841.110085728313,5841.110085728312,166666.66666666666,1.0,2038.8862488059126,43709.47504397317,9103.194529507196,0.000814842855472212
147.81000000001055,booster,9129.760858945046,43787.958587897316,241.22843258406957,712.0496635903676,751.8017558546419,-1.8749570353684628,-0.008936045030321851,9834.480725005638,5834.480725005638,166666.66666666666,1.0,2004.629344384564,43787.958587897316,9129.760858945046,0.0007634877085923643
147.92000000001045,booster,9156.264710641177,43866.12596645618,240.65944042194766,709.1753853908958,748.8969845770048,-1.8759497910640728,-0.009111780773013814,9827.851364282964,5827.851364282965,166666.66666666666,1.0,1970.959649910766,43866.12596645618,9156.264710641177,0.0007127473177790023
148.03000000001035,booster,9182.705860372978,43943.97716929076,240.08839058425326,706.3010145327743,745.9916610950575,-1.8769611220338893,-0.009273808087550892,9821.222003560291,5821.222003560291,166666.66666666666,1.0,1937.86637559155,43943.97716929076,9182.705860372978,0.0006626932931944381
148.14000000001025,booster,9209.084079770837,44021.51218635511,239.51524668400467,703.4265535880744,743.0857754572454,-1.8779895309358683,-0.009422322324991775,9814.592642837619,5814.592642837618,166666.66666666666,1.0,1905.3389445422292,44021.51218635511,9209.084079770837,0.0006133938057463335
148.25000000001015,booster,9235.39913660636,44098.731007855815,238.93997494508997,700.5520045747598,740.1793179632045,-1.8790335428689906,-0.009557536034878536,9807.963282114944,5807.963282114944,166666.66666666666,1.0,1873.3669882991526,44098.731007855815,9235.39913660636,0.0005649135637578461
148.36000000001005,booster,9261.650795078393,44175.633624190625,238.36254418041295,697.6773689500225,737.2722791568832,-1.8800917072252923,-0.00967967823831697,9801.33392139227,5801.333921392271,166666.66666666666,1.0,1841.9403424311722,44175.633624190625,9261.650795078393,0.0005173137965136966
148.47000000000995,booster,9287.838816096415,44252.2200258865,237.7829257659226,694.8026476046807,734.3646498193363,-1.881162599460902,-0.009788993682628958,9794.704560669597,5794.704560669597,166666.66666666666,1.0,1811.0490422478226,44252.2200258865,9287.838816096415,0.000470652244764121
148.58000000000985,booster,9313.962957560883,44328.490203537,237.2010936105543,691.9278408587003,731.4564209612394,-1.8822448227841744,-0.009885742079707433,9788.075199946925,5788.075199946924,166666.66666666666,1.0,1780.6833186022836,44328.490203537,9313.962957560883,0.0004249831578803409
148.69000000000975,booster,9340.022974639998,44404.444147739356,236.61702412213387,689.0529484578983,728.5475838151806,-1.8833370097592403,-0.009970197330188594,9781.44583922425,5781.44583922425,166666.66666666666,1.0,1750.833593787171,44404.444147739356,9340.022974639998,0.0003803572977000213
148.80000000000965,booster,9366.01862004253,44480.081849031165,236.03069616931933,686.177969571878,725.6381298277804,-1.8844378238235369,-0.010042646735525568,9774.816478501576,5774.816478501577,166666.66666666666,1.0,1721.4904775212615,44480.081849031165,9366.01862004253,0.0003368219485985002
148.91000000000955,booster,9391.949644286258,44555.40329782691,235.4420910396725,683.3029027932378,722.7280506516946,-1.8855459607180904,-0.010103390200026966,9768.187117778903,5768.1871177789035,166666.66666666666,1.0,1692.644763025324,44555.40329782691,9391.949644286258,0.0002944209339673169
149.02000000000945,booster,9417.815795961535,44630.408484354586,234.85119239397454,680.4277461380833,719.8173381375469,-1.8866601498295672,-0.010152739424885074,9761.557757056231,5761.55775705623,166666.66666666666,1.0,1664.2874231850872,44630.408484354586,9417.815795961535,0.00025319463856214775
149.13000000000935,booster,9443.616821989695,44705.09739859228,234.25798621691428,677.5524970478718,716.9059843258461,-1.8877791554433176,-0.010191017096186151,9754.928396333557,5754.9283963335565,166666.66666666666,1.0,1636.4096067996468,44705.09739859228,9443.616821989695,0.00021318003676278212
149.24000000000925,booster,9469.352467875797,44779.470030205244,233.66246076429522,674.6771523926029,713.9939814389315,-1.8889017779068606,-0.01021855606885877,9748.299035610882,5748.299035610883,166666.66666666666,1.0,1609.0026349133807,44779.470030205244,9469.352467875797,0.00017441072654645086
149.35000000000915,booster,9495.022477955388,44853.52636848313,233.06460650692085,671.8017084753665,711.0813218729959,-1.890026854703468,-0.010235698548463497,9741.66967488821,5741.66967488821,166666.66666666666,1.0,1582.057997229685,44853.52636848313,9495.022477955388,0.00013691696867308036
149.46000000000905,booster,9520.62659563493,44927.26640227807,232.46441607132925,668.9261610382484,708.1679981902266,-1.8911532614357098,-0.010242795272697423,9735.040314165537,5735.040314165536,166666.66666666666,1.0,1555.56734860466,44927.26640227807,9520.62659563493,0.00010072573134556898
149.57000000000895,booster,9546.164563625527,45000.69011994323,231.86188417756063,666.0505052695883,705.2540031111077,-1.8922799127190368,-0.010240204694420541,9728.410953442863,5728.410953442863,166666.66666666666,1.0,1529.5225056190932,45000.69011994323,9546.164563625527,6.5860739653461e-05
149.68000000000885,booster,9571.636124169661,45073.79750927251,231.2570075741487,663.1747358125759,702.3393295069199,-1.893405762985656,-0.010228292167974383,9721.781592720188,5721.781592720189,166666.66666666666,1.0,1503.9154432269268,45073.79750927251,9571.636124169661,3.2342529872486996e-05
149.79000000000875,booster,9597.041019260636,45146.58855744098,230.64978497053613,660.2988467751666,699.4239703924719,-1.8945298071991674,-0.010207429140498804,9715.152231997516,5715.152231997516,166666.66666666666,1.0,1478.738291478582,45146.58855744098,9597.041019260636,1.8850833256575673e-07
149.90000000000865,booster,9622.378990854448,45219.06325094665,230.04021696711987,657.4228317412872,696.5079189190976,-1.8956510814805896,-0.010177992349903017,9708.522871274843,5708.522871274842,166666.66666666666,1.0,1453.9833323173843,45219.06325094665,9622.378990854448,-3.0586985511961604e-05
150.01000000000855,booster,9647.649781073844,45291.22157555353,229.42830598313745,654.5466837833018,693.5911683679441,-1.8967686636466086,-0.010140363031081298,9701.893510552169,5701.893510552169,166666.66666666666,1.0,1429.6429964474828,45291.22157555353,9647.649781073844,-5.997261184001262e-05
150.12000000000845,booster,9672.853132404329,45363.06351623605,228.81405618260848,651.6703954756949,690.6737121435755,-1.8978816736610278,-0.010094926131911255,9695.264149829494,5695.264149829495,166666.66666666666,1.0,1405.7098602715898,45363.06351623605,9672.853132404329,-8.795995950080143e-05
150.23000000000835,booster,9697.988787881957,45434.58905712512,228.19747339854823,648.7939589099316,687.755543767917,-1.8989892740005883,-0.010042069540500817,9688.634789106822,5688.634789106822,166666.66666666666,1.0,1382.1766428969484,45434.58905712512,9697.988787881957,-0.0001145434713557629
150.34000000000825,booster,9723.056491272664,45505.79818145593,227.5785650556713,645.9173657104385,684.8366568745505,-1.9000906699364686,-0.009982183325090346,9682.00542838415,5682.005428384148,166666.66666666666,1.0,1359.036203207905,45505.79818145593,9723.056491272664,-0.00013972036638369226
150.45000000000815,booster,9748.055987243053,45576.69087151738,226.95734009180305,643.040607051659,681.9170452033828,-1.9011851097329306,-0.009915658987951242,9675.376067661475,5675.376067661475,166666.66666666666,1.0,1336.2815370035878,45576.69087151738,9748.055987243053,-0.00016349055861142648
150.56000000000805,booster,9772.987021522467,45647.26710860367,226.3338088782156,640.1636736761149,678.99670259569,-1.9022718847647238,-0.009842888734550215,9668.7467069388,5668.746706938801,166666.66666666666,1.0,1313.9057741990548,45647.26710860367,9772.987021522467,-0.00018585657325695206
150.67000000000795,booster,9797.849341056233,45717.52687296777,225.70798313910265,637.2865559134206,676.0756229895519,-1.9033503295549914,-0.009764264759183294,9662.117346216128,5662.117346216128,166666.66666666666,1.0,1291.9021760885034,45717.52687296777,9797.849341056233,-0.0002068234602009025
150.78000000000785,booster,9822.642694150036,45787.47014377713,225.07987587040526,634.4092437001751,673.1538004156741,-1.9044198217355568,-0.009680178548214981,9655.487985493455,5655.487985493454,166666.66666666666,1.0,1270.2641326689554,45787.47014377713,9822.642694150036,-0.00022639870516451095
150.89000000000775,booster,9847.366830605324,45857.09689907152,224.44950125819543,631.5317266006716,670.231228993605,-1.9054797819315799,-0.009591020201983252,9648.85862477078,5648.858624770781,166666.66666666666,1.0,1248.9851600230597,45857.09689907152,9847.366830605324,-0.00024459213868834755
151.00000000000765,booster,9872.021501845707,45926.40711572333,223.81687459682107,628.6539938283453,667.3079029283396,-1.9065296735727013,-0.009497177776364201,9642.229264048106,5642.229264048107,166666.66666666666,1.0,1228.0588977594932,45926.40711572333,9872.021501845707,-0.00026141584330994545
151.11000000000755,booster,9896.606461034386,45995.4007694001,223.18201220700936,625.7760342678921,664.3838165073106,-1.9075690026328753,-0.00939903664491927,9635.599903325434,5635.599903325434,166666.66666666666,1.0,1207.4791065096454,45995.4007694001,9896.606461034386,-0.0002768840590443104
151.22000000000745,booster,9921.121463182539,46064.077834529664,222.54493135412062,622.89783649798,661.4589640977546,-1.9085973173012172,-0.009296978882471978,9628.970542602761,5628.97054260276,166666.66666666666,1.0,1187.239665479138,46064.077834529664,9921.121463182539,-0.00029101308744686834
151.33000000000735,booster,9945.566265248757,46132.43828426775,221.90565016673688,620.0193888144787,658.533340144447,-1.9096142075862534,-0.009191382670894536,9622.341181880087,5622.341181880087,166666.66666666666,1.0,1167.3345700529103,46132.43828426775,9945.566265248757,-0.0003038211946247455
151.44000000000725,booster,9969.94062622954,46200.48209046815,221.26418755576432,617.1406792541306,655.606939167793,-1.910619304856067,-0.00908262172781298,9615.711821157412,5615.711821157413,166666.66666666666,1.0,1147.7579294525212,46200.48209046815,9969.94062622954,-0.00031532851305420435
151.55000000000715,booster,9994.244307240935,46268.209223655525,220.62056313421894,614.2616956185883,652.6797557622598,-1.9116122813168852,-0.008971064758863717,9609.08246043474,5609.08246043474,166666.66666666666,1.0,1128.5039644444132,46268.209223655525,9994.244307240935,-0.0003255569429674741
151.66000000000705,booster,10018.477071591396,46335.61965300094,219.97479713785867,611.3824254987376,649.751784595134,-1.9125928494327442,-0.008857074934070138,9602.453099712067,5602.453099712066,166666.66666666666,1.0,1109.5670050978676,46335.61965300094,10018.477071591396,-0.000334530053013403
151.77000000000695,booster,10042.638684845962,46402.713346299985,219.3269103468169,608.502856299238,646.8230204055911,-1.9135607612888976,-0.008741009388834839,9595.823738989393,5595.823738989393,166666.66666666666,1.0,1090.9414885914784,46402.713346299985,10042.638684845962,-0.00034227298075285856
151.88000000000685,booster,10066.728914881882,46469.49026995362,218.67692400838305,605.622975263198,643.8934580040523,-1.9145158079017122,-0.008623218749973896,9589.194378266719,5589.1943782667195,166666.66666666666,1.0,1072.6219570669261,46469.49026995362,10066.728914881882,-0.0003488123330187674
151.99000000000675,booster,10090.747531935818,46535.95038895182,218.02485976106883,602.7427694969167,640.9630922718148,-1.9154578184778213,-0.008504046687152982,9582.565017544046,5582.565017544046,166666.66666666666,1.0,1054.6030555289124,46535.95038895182,10090.747531935818,-0.0003541760864600176
152.10000000000664,booster,10114.694308642762,46602.09366685986,217.37073956008868,599.8622259946203,638.031918160934,-1.9163866596253443,-0.008383829490017838,9575.935656821373,5575.9356568213725,166666.66666666666,1.0,1036.879529790144,46602.09366685986,10114.694308642762,-0.00035839348829442116
152.21000000000654,booster,10138.569020066838,46667.92006580733,216.71458560437523,596.9813316631202,635.0999306943344,-1.9173022345200184,-0.0082628956712425,9569.306296098699,5569.306296098699,166666.66666666666,1.0,1019.4462244602701,46667.92006580733,10138.569020066838,-0.00036149495775726756
152.32000000000644,booster,10162.371443724189,46733.429546479914,216.0564202652421,594.10007334633,632.1671249661323,-1.9182044820290947,-0.00814156559566259,9562.676935376025,5562.6769353760255,166666.66666666666,1.0,1002.2980809777049,46733.429546479914,10162.371443724189,-0.0003635119880781523
152.43000000000634,booster,10186.101359598078,46798.62206811376,215.39626601679652,591.2184378495714,629.2334961421444,-1.9190933757958812,-0.008020151135587471,9556.047574653352,5556.047574653352,166666.66666666666,1.0,985.4301356833322,46798.62206811376,10186.101359598078,-0.0003644770494438435
152.54000000000624,booster,10209.75855014647,46863.49758849258,214.73414536819678,588.3364119636124,626.2990394605657,-1.919968923287811,-0.007898955352332367,9549.41821393068,5549.418213930679,166666.66666666666,1.0,968.8375179350606,46863.49758849258,10209.75855014647,-0.00036442349296913476
152.65000000000614,booster,10233.342800302229,46928.05606394738,214.07008079784046,585.4539824883727,623.3637502327913,-1.9208311648109198,-0.007778272203946378,9542.788853208005,5542.788853208005,166666.66666666666,1.0,952.5154482622938,46928.05606394738,10233.342800302229,-0.0003633854559025188
152.76000000000604,booster,10256.85389746622,46992.29744935871,213.40409468956108,582.5711362562457,620.4276238443646,-1.9216801724936126,-0.007658386279057475,9536.15949248533,5536.159492485332,166666.66666666666,1.0,936.4592365593437,46992.29744935871,10256.85389746622,-0.00036139776820576426
152.87000000000594,booster,10280.291631493496,47056.221698161535,212.7362092709021,579.6878601549797,617.4906557560304,-1.9225160492425817,-0.007539572556698913,9529.530131762658,5529.530131762658,166666.66666666666,1.0,920.6642803168982,47056.221698161535,10280.291631493496,-0.00035849586064289545
152.98000000000584,booster,10303.65579467374,47119.8287623522,212.06644658826622,576.8041411372982,614.5528415048702,-1.9233389276740942,-0.0074220962064449865,9522.900771039986,5522.900771039985,166666.66666666666,1.0,905.1260628906659,47119.8287623522,10303.65579467374,-0.0003547155437561522
153.09000000000574,booster,10326.946181714637,47183.11859249437,211.39482854462338,573.9199662076071,611.6141767055041,-1.9241489690278173,-0.007306212456161586,9516.271410317311,5516.271410317311,166666.66666666666,1.0,889.8401518066847,47183.11859249437,10326.946181714637,-0.0003500930023313426
153.20000000000564,booster,10350.162589716318,47246.091137728414,210.72137670613256,571.0353224938541,608.6746570513576,-1.924946362061106,-0.0071921663617342075,9509.642049594637,5509.642049594638,166666.66666666666,1.0,874.8021971019953,47246.091137728414,10350.162589716318,-0.0003446650029953371
153.31000000000554,booster,10373.304818128088,47308.74634578729,210.046112211174,568.1501972823238,605.734278315973,-1.9257313219200283,-0.007080192641485111,9503.012688871964,5503.012688871964,166666.66666666666,1.0,860.007929699535,47308.74634578729,10373.304818128088,-0.0003384685611870853
153.42000000000544,booster,10396.3726686989,47371.084163014995,209.3690557259086,565.2645780355505,602.7930363543259,-1.9265040889958505,-0.006970515564151642,9496.383328149292,5496.383328149291,166666.66666666666,1.0,845.4531598168724,47371.084163014995,10396.3726686989,-0.0003315408548697858
153.53000000000534,booster,10419.365945423047,47433.104534386875,208.69022740179093,562.3784524096518,599.8509271041316,-1.92726492777053,-0.006863348860973924,9489.753967426617,5489.753967426617,166666.66666666666,1.0,831.1337754080505,47433.104534386875,10419.365945423047,-0.00032391914456644355
153.64000000000524,booster,10442.284454481312,47494.80740353189,208.0096468350457,559.4918082710635,596.9079465871307,-1.928014125653843,-0.0067588956613940775,9483.124606703943,5483.124606703944,166666.66666666666,1.0,817.0457406378092,47494.80740353189,10442.284454481312,-0.00031564069566859023
153.75000000000514,booster,10465.128004177752,47556.192712756616,207.3273330281121,556.6046337126542,593.9640909103408,-1.928751991814712,-0.006657348451840547,9476.49524598127,5476.49524598127,166666.66666666666,1.0,803.1850943874792,47556.192712756616,10465.128004177752,-0.00030674270330130986
153.86000000000504,booster,10487.896404872343,47617.26040307098,206.64330435306283,553.7169170692025,591.019356267267,-1.9294788560092442,-0.006558889057035454,9469.865885258598,5469.865885258597,166666.66666666666,1.0,789.5479487918388,47617.26040307098,10487.896404872343,-0.00029726221978112685
153.97000000000494,booster,10510.589468909728,47678.01041421574,205.95757851699747,550.8286469322196,588.0737389390594,-1.930195067407926,-0.006463688643237937,9463.236524535923,5463.236524535923,166666.66666666666,1.0,776.1304878062567,47678.01041421574,10510.589468909728,-0.0002872360846181787
154.08000000000484,booster,10533.207010544249,47738.44268469152,205.270172529411,547.9398121641049,585.1272352956139,-1.9309009934243515,-0.006371907742797234,9456.607163813249,5456.60716381325,166666.66666666666,1.0,762.9289658034763,47738.44268469152,10533.207010544249,-0.00027670085729177284
154.19000000000474,booster,10555.748845861513,47798.557151789275,204.58110267153322,545.0504019116186,582.1798417966027,-1.9315970185477942,-0.006283696299368702,9449.977803090576,5449.977803090576,166666.66666666666,1.0,749.9397061993848,47798.557151789275,10555.748845861513,-0.0002656927527377141
154.30000000000464,booster,10578.214792696683,47858.35375162238,203.89038446763334,542.1604056186678,579.231554992438,-1.9322835431818604,-0.00619919373311883,9443.348442367904,5443.348442367903,166666.66666666666,1.0,737.159100107154,47858.35375162238,10578.214792696683,-0.00025424757958295713
154.41000000000454,booster,10600.604670549727,47917.83241915991,203.1980326582816,539.2698130383908,576.2823715251552,-1.9329609824913767,-0.006118529025222507,9436.71908164523,5436.719081645229,166666.66666666666,1.0,724.5836050191411,47917.83241915991,10600.604670549727,-0.00024240068123059985
154.52000000000444,booster,10622.918300497819,47976.993088261326,202.50406117555576,536.3786142445389,573.3322881292185,-1.9336297652596093,-0.006041820820934029,9430.089720922555,5430.089720922556,166666.66666666666,1.0,712.2097435159665,47976.993088261326,10622.918300497819,-0.00023018687975407437
154.63000000000434,booster,10645.155505105145,48035.83569171233,201.80848312017892,533.4867996421495,570.381301632242,-1.9342903327578,-0.005969177550497591,9423.460360199882,5423.460360199882,166666.66666666666,1.0,700.0341020021724,48035.83569171233,10645.155505105145,-0.0002176404227372966
154.74000000000424,booster,10667.316108330271,48094.36016126187,201.11131074057184,530.5943599775097,567.4294089556287,-1.9349431376289563,-0.005900697567146973,9416.83099947721,5416.830999477209,166666.66666666666,1.0,688.0533294679364,48094.36016126187,10667.316108330271,-0.00020479493281327666
154.85000000000414,booster,10689.39993543134,48152.566427660175,200.41255541380073,527.7012863474088,564.4766071151219,-1.9355886427877202,-0.005836469301425309,9410.201638754535,5410.201638754535,166666.66666666666,1.0,676.2641362762533,48152.566427660175,10689.39993543134,-0.0001916833603030196
154.96000000000404,booster,10711.406812869247,48210.454420697766,199.7122276283975,524.8075702076824,561.5228932212723,-1.936227320338079,-0.005776571431053144,9403.572278031861,5403.572278031862,166666.66666666666,1.0,664.66329297508,48210.454420697766,10711.406812869247,-0.00017833793858211655
155.07000000000394,booster,10733.336568209043,48268.02406924545,199.0103369690287,521.9132033810534,558.568264479821,-1.9368596505105784,-0.005721073065553053,9396.942917309188,5396.9429173091885,166666.66666666666,1.0,653.2476291339074,48268.02406924545,10733.336568209043,-0.00016479014240182931
155.18000000000384,booster,10755.189030019756,48325.27530129505,198.30689210298488,519.0181780642725,555.6127181919991,-1.9374861206206198,-0.0056700339448426005,9390.313556586516,5390.313556586515,166666.66666666666,1.0,642.0140322042561,48325.27530129505,10755.189030019756,-0.0001510706490368268
155.29000000000374,booster,10776.964027772814,48382.20804400086,197.60190076846132,516.122486834567,552.6562517547472,-1.938107224049334,-0.005623504650991337,9383.684195863842,5383.6841958638415,166666.66666666666,1.0,630.9594464035998,48382.20804400086,10776.964027772814,-0.00013720930233410088
155.40000000000364,booster,10798.661391739279,48438.82222372188,196.89536976459667,513.226122655408,549.6988626608583,-1.9387234592484361,-0.005581526832342133,9377.054835141167,5377.054835141168,166666.66666666666,1.0,620.0808716222272,48438.82222372188,10798.661391739279,-0.0001232350795239742
155.51000000000354,booster,10820.280952886089,48495.1177660646,196.1873049432351,510.32907888160327,546.740548499044,-1.9393353287703776,-0.005544133439190991,9370.425474418495,5370.425474418495,166666.66666666666,1.0,609.3753623525608,48495.1177660646,10820.280952886089,-0.00010917606093024471
155.62000000000344,booster,10841.822542771475,48551.094595926224,195.4777112023746,507.4313492637324,543.7813069539361,-1.9399433383250182,-0.005511348970223588,9363.796113695822,5363.796113695821,166666.66666666666,1.0,598.840026640495,48551.094595926224,10841.822542771475,-9.505940233490957e-05
155.73000000000334,booster,10863.285993439757,48606.7526375385,194.76659248126137,504.5329279519325,540.8211358060182,-1.9405479958639664,-0.005483189728903321,9357.166752973148,5357.166752973148,166666.66666666666,1.0,588.4720250582584,48606.7526375385,10863.285993439757,-8.091131019573939e-05
155.84000000000324,booster,10884.671137315672,48662.09181451179,194.0539517570888,501.6338094990534,537.8600329315009,-1.9411498106936287,-0.005459664089016601,9350.537392250473,5350.537392250474,166666.66666666666,1.0,578.2685696983929,48662.09181451179,10884.671137315672,-6.675701943740772e-05
155.95000000000314,booster,10905.97780709846,48717.11204987956,193.33979104325638,498.7339888631965,534.8979963021408,-1.9417492926179376,-0.005440772768580342,9343.9080315278,5343.908031527801,166666.66666666666,1.0,568.2269231883889,48717.11204987956,10905.97780709846,-5.262077397440088e-05
156.06000000000304,booster,10927.205835655801,48771.813266143006,192.62411138914294,495.8334614096543,531.9350239850128,-1.9423469511116336,-0.005426509111328085,9337.278670805128,5337.278670805127,166666.66666666666,1.0,558.3443977255673,48771.813266143006,10927.205835655801,-3.852580980903031e-05
156.17000000000294,booster,10948.35505591784,48826.19538531604,191.90691288134622,492.93222291227073,528.9711141422385,-1.9429432945248917,-0.005416859374997536,9330.649310082454,5330.649310082454,166666.66666666666,1.0,548.6183541317728,48826.19538531604,10948.35505591784,-2.4494340650776277e-05
156.28000000000284,booster,10969.425300771412,48880.25832897015,191.1881946463385,490.03026955423877,526.0062650306802,-1.9435388293199969,-0.005411803025655503,9324.01994935978,5324.01994935978,166666.66666666666,1.0,539.0462009274909,48880.25832897015,10969.425300771412,-1.054754600719479e-05
156.39000000000274,booster,10990.416402954634,48934.0020182795,190.4679548544868,487.12759792835857,523.0404750016039,-1.944134059340696,-0.00541131303730183,9317.390588637107,5317.390588637107,166666.66666666666,1.0,529.6253934249679,48934.0020182795,10990.416402954634,3.294438253502556e-06
156.50000000000264,booster,11011.328194952011,48987.42637406599,189.74619072538462,484.22420503677495,520.0737425003215,-1.944729485114759,-0.00541535619601491,9310.761227914434,5310.761227914433,166666.66666666666,1.0,520.3534328399483,48987.42637406599,11011.328194952011,1.701252705131882e-05
156.61000000000254,booster,11032.160508890214,49040.53131684426,189.02289853444069,481.32008829021703,517.1060660658158,-1.9453256031902137,-0.005423893407910303,9304.13186719176,5304.13186719176,166666.66666666666,1.0,511.227865421645,49040.53131684426,11032.160508890214,3.0588690868835054e-05
156.72000000000244,booster,11052.913176434631,49093.31676686653,188.29807362066848,478.4152455067628,514.1374443303569,-1.9459229055056346,-0.005436880010201472,9297.502506469085,5297.502506469086,166666.66666666666,1.0,502.24628160056676,49093.31676686653,11052.913176434631,4.400595844547201e-05
156.83000000000234,booster,11073.58602868684,49145.782644167324,187.57171039561968,475.50967491014995,511.16787601911636,-1.9465218787947831,-0.005454266084666333,9290.873145746413,5290.873145746413,166666.66666666666,1.0,493.40631515382194,49145.782644167324,11073.58602868684,5.724841715107854e-05
156.94000000000224,booster,11094.178896082854,49197.92886860813,186.84380234325823,472.60337513166576,508.19735994978225,-1.9471230040256997,-0.0054759967675544075,9284.24378502374,5284.243785023739,166666.66666666666,1.0,484.70564238753076,49197.92886860813,11094.178896082854,7.030116506284595e-05
157.05000000000214,booster,11114.691608289717,49249.75535992283,186.11434199991945,469.6963452199458,505.2258950321504,-1.9477267558727673,-0.005502012543413385,9277.614424301066,5277.614424301066,166666.66666666666,1.0,476.1419813358731,49249.75535992283,11114.691608289717,8.315032190927833e-05
157.16000000000204,booster,11135.123994103249,49301.26203776296,185.3833209963133,466.78858462630063,502.2534802677301,-1.9483336022230922,-0.005532249578782643,9270.985063578391,5270.985063578392,166666.66666666666,1.0,467.7130909765497,49301.26203776296,11135.123994103249,9.578312569149596e-05
157.27000000000194,booster,11155.475881350027,49352.44882174146,184.65073008116246,463.8800931972358,499.2801147494085,-1.9489440037196153,-0.005566640047332865,9264.355702855719,5264.355702855719,166666.66666666666,1.0,459.41677046244945,49352.44882174146,11155.475881350027,0.00010818785734145605
157.38000000000184,booster,11175.74709679112,49403.315631475954,183.9165591355672,460.9708711706228,496.30579766114914,-1.9495584133392971,-0.005605112446065198,9257.726342133046,5257.726342133045,166666.66666666666,1.0,451.2508583690601,49403.315631475954,11175.74709679112,0.000120353830718328
157.49000000000174,booster,11195.937466027493,49453.86238663154,183.18079718811816,458.0609191715766,493.3305282777299,-1.950177276006015,-0.00564759191015282,9251.096981410372,5251.096981410372,166666.66666666666,1.0,443.2132319572896,49453.86238663154,11195.937466027493,0.0001322713818208021
157.60000000000164,booster,11216.046813407092,49504.08900696321,182.44343243069247,455.1502382080627,490.35430596452284,-1.9508010282379928,-0.0056940005258726304,9244.467620687697,5244.467620687698,166666.66666666666,1.0,435.3018064513574,49504.08900696321,11216.046813407092,0.00014393185645990202
157.71000000000154,booster,11236.074961933698,49553.9954123577,181.70445223486882,452.23882966626286,487.37713017732466,-1.9514300978295251,-0.005744257641090988,9237.838259965025,5237.838259965025,166666.66666666666,1.0,427.5145343314532,49553.9954123577,11236.074961933698,0.00015532759636066037
157.82000000000144,booster,11256.021733177626,49603.58152287474,180.96384316889743,449.3266953057228,484.39900046224204,-1.9520649035666937,-0.005798280172800989,9231.208899242352,5231.208899242351,166666.66666666666,1.0,419.8494046408478,49603.58152287474,11256.021733177626,0.00016645192391446828
157.93000000000134,booster,11275.886947188308,49652.84725878796,180.2215910151625,446.4138372543076,481.4199164556364,-1.9527058549767318,-0.005855982911225021,9224.579538519678,5224.579538519678,166666.66666666666,1.0,412.304442307135,49652.84725878796,11275.886947188308,0.00017729912551673132
158.04000000000124,booster,11295.67042240884,49701.79254062505,179.4776807880751,443.5002580029904,478.4398778841342,-1.9533533521106268,-0.005917278820029377,9217.950177797004,5217.9501777970045,166666.66666666666,1.0,404.877707477327,49701.79254062505,11295.67042240884,0.00018786443375105877
158.15000000000114,booster,11315.371975592501,49750.41728920747,178.73209675233502,440.58596040049736,475.45888456470624,-1.9540077853585156,-0.005982079332214692,9211.320817074331,5211.320817074331,166666.66666666666,1.0,397.5672948664885,49750.41728920747,11315.371975592501,0.000198144008329722
158.26000000000104,booster,11334.991421721299,49798.72142568942,177.9848224415019,437.6709476478336,472.4769364048214,-1.9546695352973698,-0.006050294641281608,9204.691456351658,5204.6914563516575,166666.66666666666,1.0,390.37133311963726,49798.72142568942,11334.991421721299,0.00020813491607266232
158.37000000000094,booster,11354.528573926584,49846.704871596376,177.23584067681605,434.7552232927146,469.494033402679,-1.9553389725704309,-0.0061218339872868245,9198.062095628984,5198.062095628984,166666.66666666666,1.0,383.28798418661614,49846.704871596376,11354.528573926584,0.00021783510975923338
158.48000000000084,booster,11373.98324341174,49894.367548862836,176.48513358621156,431.8387912239237,466.5101756475227,-1.9560164577978176,-0.006196605937441442,9191.43273490631,5191.4327349063105,166666.66666666666,1.0,376.3154427096693,49894.367548862836,11373.98324341174,0.00022724340624627216
158.59000000000074,booster,11393.355239376962,49941.70937986957,175.73268262346386,428.92165566561937,463.5253633200401,-1.956702341517678,-0.006274518660921351,9184.803374183637,5184.803374183637,166666.66666666666,1.0,369.45193542344066,49941.70937986957,11393.355239376962,0.00023635946368529486
158.70000000000064,booster,11412.644368946168,49988.730287480204,174.9784685874174,426.0038211716157,460.539596692853,-1.9573969641572455,-0.006355480197589153,9178.174013460964,5178.174013460964,166666.66666666666,1.0,362.69572056713884,49988.730287480204,11412.644368946168,0.0002451837580453058
158.81000000000054,booster,11431.850437096005,50035.43019507714,174.22247164123783,423.0852926196548,457.552876131099,-1.9581006560331011,-0.0064393987203549075,9171.54465273829,5171.54465273829,166666.66666666666,1.0,356.0450873086035,50035.43019507714,11431.850437096005,0.00025371755894838967
158.92000000000044,booster,11450.97324658699,50081.80902659691,173.46467133163608,420.1660752056943,454.56520209310975,-1.9588137373799361,-0.0065261827909296926,9164.915292015616,5164.915292015617,166666.66666666666,1.0,349.49835518001703,50081.80902659691,11450.97324658699,0.00026196290511639044
159.03000000000034,booster,11470.012597896757,50127.8667065648,172.70504660801248,417.2461744382292,451.57657513118744,-1.9595365184070739,-0.00661574160874378,9158.285931292943,5158.285931292943,166666.66666666666,1.0,343.0538735250174,50127.8667065648,11470.012597896757,0.00026992257909130233
159.14000000000024,booster,11488.968289155388,50173.60316012899,171.94357584147076,414.32559613266886,448.5869958924835,-1.9602692993819892,-0.006707985252843673,9151.65657057027,5151.65657057027,166666.66666666666,1.0,336.7100209569585,50173.60316012899,11488.968289155388,0.00027760008184542673
159.25000000000014,booster,11507.840116082842,50219.01831309398,171.18023684365195,411.40434640578803,445.59646511998096,-1.9610123707400384,-0.006802824916590837,9145.027209847596,5145.027209847596,166666.66666666666,1.0,330.46520482809177,50219.01831309398,11507.840116082842,0.00028499960684622683
159.36000000000004,booster,11526.627871928447,50264.11209195342,170.41500688534202,408.4824316702713,442.6049836535836,-1.961766013219608,-0.006900173135024528,9138.397849124922,5138.397849124923,166666.66666666666,1.0,324.3178607094244,50264.11209195342,11526.627871928447,0.00029212601411687155
159.46999999999994,booster,11545.331347412412,50308.88442392242,169.64786271480565,405.5598586293694,439.61255243131495,-1.962530498021861,-0.0069999440047649845,9131.76848840225,5131.768488402249,166666.66666666666,1.0,318.26645188103123,50308.88442392242,11545.331347412412,0.0002989848039119486
159.57999999999984,booster,11563.950330669342,50353.33523696915,168.87878057580252,402.6366342716854,436.6191724906283,-1.9633060869942596,-0.007102053396370801,9125.139127679577,5125.139127679576,166666.66666666666,1.0,312.30946883259503,50353.33523696915,11563.950330669342,0.0003055820905043119
159.68999999999974,booster,11582.48460719372,50397.46445984601,168.10773622524226,399.71276586610765,433.62484496983035,-1.9640930328370287,-0.007206419159078368,9118.509766956902,5118.509766956902,166666.66666666666,1.0,306.44542877395753,50397.46445984601,11582.48460719372,0.0003119245759340494
159.79999999999964,booster,11600.93395978731,50441.27202212017,167.33470495043676,396.78826095690835,430.62957110962236,-1.9648915793317205,-0.007312961317880748,9111.880406234228,5111.880406234229,166666.66666666666,1.0,300.6728751554655,50441.27202212017,11600.93395978731,0.00031801952372571867
159.90999999999954,booster,11619.298168508409,50484.757854203584,166.5596615859097,393.8631273590229,427.63335225475885,-1.9657019615910325,-0.00742160226293085,9105.251045511555,5105.251045511555,166666.66666666666,1.0,294.99037719790664,50484.757854203584,11619.298168508409,0.00032387473290689217
160.01999999999944,booster,11637.577010622974,50527.92188738254,165.7825805297241,390.93737315352666,424.6361898558273,-1.9665244063290401,-0.0075322669312690065,9098.621684788883,5098.621684788882,166666.66666666666,1.0,289.3965294318274,50527.92188738254,11637.577010622974,0.0003294985121323925
160.12999999999934,booster,11655.77026055747,50570.76405384668,165.00343575929162,388.01100668332566,421.63808547115195,-1.9673591321510002,-0.0076448829809071936,9091.992324066208,5091.992324066208,166666.66666666666,1.0,283.8899512460335,50570.76405384668,11655.77026055747,0.000334899654105961
160.23999999999924,booster,11673.877689853436,50613.284286717586,164.2222008466272,385.08403654907585,418.63904076882267,-1.9682063498618823,-0.00775938095732003,9085.362963343534,5085.362963343535,166666.66666666666,1.0,278.46928644508336,50613.284286717586,11673.877689853436,0.0003400874103696217
160.34999999999914,booster,11691.899067123717,50655.48252007689,163.43884897301604,382.156471605347,415.6390575288525,-1.9690662627927995,-0.007875694452419922,9078.733602620861,5078.733602620861,166666.66666666666,1.0,273.133202815576,50655.48252007689,11691.899067123717,0.00034507146653507133
160.45999999999904,booster,11709.834158010253,50697.358688994056,162.65335294305902,379.2283209570454,412.63813764546677,-1.9699390671445225,-0.007993760256106788,9072.104241898189,5072.104241898188,166666.66666666666,1.0,267.880391701054,50697.358688994056,11709.834158010253,0.00034986191789178675
160.56999999999894,booster,11727.682725143392,50738.912729553675,161.86568519806676,376.29959395610973,409.6362831295254,-1.9708249523472534,-0.008113518500520082,9065.474881175514,5065.474881175514,166666.66666666666,1.0,262.7095675853377,50738.912729553675,11727.682725143392,0.00035446924566240475
160.67999999999884,booster,11745.444528102627,50780.1445788825,161.07581782877193,373.37030019849493,406.63349611108276,-1.9717241014358802,-0.008234912797123652,9058.84552045284,5058.845520452841,166666.66666666666,1.0,257.619467684111,50780.1445788825,11745.444528102627,0.000358904293726025
160.78999999999874,booster,11763.119323378705,50821.054175176156,160.28372258733253,370.44044952145765,403.62977884208766,-1.9726366914399172,-0.008357890366794393,9052.216159730167,5052.216159730167,166666.66666666666,1.0,252.6088515445884,50821.054175176156,11763.119323378705,0.0003631782461637642
160.89999999999864,booster,11780.706864337011,50861.641457725505,159.48937089859862,367.5100520011568,400.62513369922726,-1.9735628937873824,-0.008482402163086046,9045.586799007495,5045.586799007494,166666.66666666666,1.0,247.67650065309385,50861.641457725505,11780.706864337011,0.00036730260529547505
161.00999999999854,booster,11798.206901182146,50901.906366942865,158.69273387061816,364.57911795058243,397.6195631869181,-1.9745028747218667,-0.008608402988880288,9038.95743828482,5038.9574382848205,166666.66666666666,1.0,242.821218050384,50901.906366942865,11798.206901182146,0.00037128917066117856
161.11999999999844,booster,11815.619180923617,50941.84884438788,157.8937823043576,361.6476579178276,394.6130699404493,-1.9754567957320803,-0.008735851606639323,9032.328077562146,5032.328077562147,166666.66666666666,1.0,238.04182795455802,50941.84884438788,11815.619180923617,0.00037515001869406847
161.22999999999834,booster,11832.943447342563,50981.468832793376,157.09248670261505,358.7156826847134,391.6056567292807,-1.9764248139931881,-0.008864710842506346,9025.698716839473,5025.6987168394735,166666.66666666666,1.0,233.3371753913918,50981.468832793376,11832.943447342563,0.0003788974833192803
161.33999999999824,booster,11850.179440959411,51020.76627609097,156.28881727810474,355.78320326578347,388.5973264605028,-1.9774070828192676,-0.008994947684510889,9019.069356116801,5019.0693561168,166666.66666666666,1.0,228.70612583194708,51020.76627609097,11850.179440959411,0.00038254413744000557
161.44999999999814,booster,11867.326899002363,51059.74111943668,155.48274396069323,352.8502309076778,385.5880821824607,-1.9784037521262579,-0.009126533375162055,9012.439995394127,5012.4399953941265,166666.66666666666,1.0,224.14756483730093,51059.74111943668,11867.326899002363,0.0003861027753694643
161.55999999999804,booster,11884.385555376643,51098.393309236395,154.67423640376816,349.9167770889006,382.57792708855027,-1.9794149689048004,-0.009259443498725078,9005.810634671452,5005.810634671453,166666.66666666666,1.0,219.66039771025487,51098.393309236395,11884.385555376643,0.00038958639630795854
161.66999999999794,booster,11901.355140634398,51136.722793171364,153.86326398972324,346.98285351999266,379.5668645211907,-1.9804408777024014,-0.00939365806349915,8999.18127394878,4999.18127394878,166666.66666666666,1.0,215.24354915387573,51136.722793171364,11901.355140634398,0.00039300818883812393
161.77999999999784,booster,11918.235381945153,51174.72952022382,153.04979583454184,344.0484721441239,376.5548979759803,-1.9814816211143849,-0.009529161579430893,8992.551913226107,4992.551913226106,166666.66666666666,1.0,210.89596293672648,51174.72952022382,11918.235381945153,0.0003963815165471026
161.88999999999774,booster,11935.026003066707,51212.41344070257,152.23380079146503,341.1136451381152,373.54203110604226,-1.9825373402831428,-0.009665943131415538,8985.922552503433,4985.922552503433,166666.66666666666,1.0,206.6166015646581,51212.41344070257,11935.026003066707,0.0003997199047558225
161.99999999999764,booster,11951.726724316395,51249.77450626883,151.4152474537294,338.1783849139042,370.5282677265675,-1.9836081754052282,-0.009803996448659116,8979.293191780758,4979.293191780759,166666.66666666666,1.0,202.40444595901977,51249.77450626883,11951.726724316395,0.0004030370284401034
162.10999999999754,booster,11968.337262542593,51286.812669962055,150.59410415636168,335.24270412046724,367.51361181956275,-1.9846942662458804,-0.009943319970487797,8972.663831058086,4972.663831058086,166666.66666666666,1.0,198.25849514116743,51286.812669962055,11968.337262542593,0.000406346701460561
162.21999999999744,booster,11984.857331096377,51323.52788622632,149.7703389770176,332.3066156462098,364.4980675388123,-1.9857957526606103,-0.010083916909013727,8966.034470335413,4966.034470335412,166666.66666666666,1.0,194.17776592313038,51323.52788622632,11984.857331096377,0.00040966286696835966
162.32999999999734,booster,12001.2866398032,51359.92011093668,148.9439197358538,329.370132621839,361.481639215062,-1.9869127751235278,-0.010225795309078994,8959.405109612739,4959.405109612739,166666.66666666666,1.0,190.16129260432507,51359.92011093668,12001.2866398032,0.0004129995891641879
162.43999999999724,booster,12017.624894934526,51395.989301426045,148.11481399442178,326.4332684237307,358.4643313614362,-1.9880454752621313,-0.010368968105927943,8952.775748890064,4952.775748890065,166666.66666666666,1.0,186.2081266741845,51395.989301426045,12017.624894934526,0.0004163710464598423
162.54999999999714,booster,12033.87179917928,51431.73541651243,147.28298905357406,323.49603667780445,355.44614867909684,-1.9891939963983385,-0.01051345318106064,8946.146388167392,4946.146388167392,166666.66666666666,1.0,182.31733652058978,51431.73541651243,12033.87179917928,0.0004197915259867049
162.65999999999704,booster,12050.027051615001,51467.1584165266,146.44841195037262,320.5584512639205,352.4270960631565,-1.990358484095584,-0.01065927341675895,8939.51702744472,4939.517027444718,166666.66666666666,1.0,178.48800714398502,51467.1584165266,12050.027051615001,0.00042327541960814925
162.76999999999694,booster,12066.090347678613,51502.258263340314,145.6110494539914,317.6205263208119,349.40717860885786,-1.991539086711863,-0.010806456749777971,8932.887666722045,4932.887666722045,166666.66666666666,1.0,174.7192398770643,51502.258263340314,12066.090347678613,0.00042683722141554595
162.87999999999684,booster,12082.061379136689,51537.0349203951,144.7708680606037,314.68227625156663,346.38640161803124,-1.99273595595866,-0.01095503622472906,8926.25830599937,4926.258305999371,166666.66666666666,1.0,171.01015210991625,51537.0349203951,12082.061379136689,0.00043049152678494316
162.98999999999674,booster,12097.939834055082,51571.4883527316,143.92783398724666,311.74371572967414,343.3647706058446,-1.9939492474657567,-0.011105050047695554,8919.628945276698,4919.628945276698,166666.66666666666,1.0,167.35987702052392,51571.4883527316,12097.939834055082,0.0004342530330171245
163.09999999999664,booster,12113.725396767853,51605.618527019724,143.0819131646541,308.8048597056516,340.3422913078608,-1.9951791213519785,-0.01125654164064319,8912.999584554025,4912.999584554024,166666.66666666666,1.0,163.76756331050635,51605.618527019724,12113.725396767853,0.0004381365416599494
163.20999999999654,booster,12129.417747845318,51639.42541158951,142.23307122905126,305.8657234142655,337.3189696874167,-1.996425742801992,-0.011409559697216649,8906.37022383135,4906.370223831351,166666.66666666666,1.0,160.23237494600292,51639.42541158951,12129.417747845318,0.00044215696254017595
163.31999999999644,booster,12145.01656406117,51672.90897646282,141.38127351290237,302.92632238236524,334.2948119433426,-1.9976892826493502,-0.011564158240527846,8899.740863108676,4899.740863108677,166666.66666666666,1.0,156.75349090359697,51672.90897646282,12145.01656406117,0.0004463293195408966
163.42999999999634,booster,12160.52151835849,51706.0691933859,140.52648503460418,299.98667243734536,331.26982451803843,-1.9989699179660267,-0.011720396683579366,8893.111502386004,4893.111502386004,166666.66666666666,1.0,153.33010492118157,51706.0691933859,12160.52151835849,0.0004506687582617651
163.53999999999624,booster,12175.932279814591,51738.90603586296,139.66867048711637,297.04678971625435,328.24401410592594,-2.000267832658778,-0.011878339892979685,8886.482141663331,4886.48214166333,166666.66666666666,1.0,149.96142525366548,51738.90603586296,12175.932279814591,0.000455190555505035
163.64999999999614,booster,12191.248513604552,51771.41947919076,138.80779422552166,294.106690675569,325.2173876622982,-2.001583218072724,-0.012038058256649428,8879.852780940657,4879.852780940657,166666.66666666666,1.0,146.64667443342938,51771.41947919076,12191.248513604552,0.00045991013082544375
163.75999999999604,booster,12206.469880963314,51803.60950049431,137.94382025350646,291.1663921016533,322.1899524125875,-2.0029162736026285,-0.012199627756239687,8873.223420217982,4873.223420217983,166666.66666666666,1.0,143.38508903543445,51803.60950049431,12206.469880963314,0.0004648430600992848
163.86999999999594,booster,12221.596039146229,51835.476078763815,137.07671220875247,288.22591112192316,319.16171586207497,-2.0042672073124406,-0.01236313004501873,8866.59405949531,4866.59405949531,166666.66666666666,1.0,140.17591944689477,51835.476078763815,12221.596039146229,0.00047000509120698864
163.97999999999584,booster,12236.62664138795,51867.01919489273,136.20643334723005,285.2852652167379,316.1326858060677,-2.005636236563737,-0.012528652532024235,8859.964698772637,4859.964698772636,166666.66666666666,1.0,137.0184296414233,51867.01919489273,12236.62664138795,0.00047541216197907483
164.08999999999574,booster,12251.561336859531,51898.23883171739,135.33294652638241,282.344472232042,313.10287034056876,-2.0070235886538135,-0.012696288473306614,8853.335338049963,4853.335338049963,166666.66666666666,1.0,133.91189695756182,51898.23883171739,12251.561336859531,0.0004810804204594067
164.19999999999564,booster,12266.3997706236,51929.13497405786,134.45621418718878,279.40355039278137,310.0722778734705,-2.00842950146423,-0.012866137071144566,8846.705977327289,4846.7059773272895,166666.66666666666,1.0,130.85561188161165,51929.13497405786,12266.3997706236,0.00048702624760813587
164.30999999999554,booster,12281.141583587532,51959.70760876049,133.5761983350947,276.4625183171196,307.0409171363,-2.009854224120759,-0.013038303582149264,8840.076616604616,4840.076616604616,166666.66666666666,1.0,127.84887783467707,51959.70760876049,12281.141583587532,0.0004932662825723118
164.41999999999544,booster,12295.786412454408,51989.956724741896,132.69286051979475,273.5213950314806,304.00879719654984,-2.0112980176657587,-0.013212899435225666,8833.447255881943,4833.4472558819425,166666.66666666666,1.0,124.89101096384204,51989.956724741896,12295.786412454408,0.0004998174506376353
164.52999999999534,booster,12310.33388967175,52019.882313034796,131.8061618138536,270.5801999864497,300.9759274706316,-2.012761155744101,-0.013390042360418917,8826.817895159269,4826.817895159269,166666.66666666666,1.0,121.98133993739641,52019.882313034796,12310.33388967175,0.0005066969940005187
164.63999999999524,booster,12324.783643377788,52049.48436683559,130.91606279014738,267.63895307355955,297.94231773748555,-2.014243925303934,-0.013569856529727755,8820.188534436595,4820.188534436596,166666.66666666666,1.0,119.11920574403139,52049.48436683559,12324.783643377788,0.0005139225055833493
164.74999999999514,booster,12339.135297345198,52078.76288155376,130.02252349810843,264.6976746429979,294.90797815289187,-2.015746627313635,-0.013752472711029333,8813.559173713922,4813.559173713922,166666.66666666666,1.0,116.30396149592929,52078.76288155376,12339.135297345198,0.0005215119659048602
164.85999999999504,booster,12353.388470922164,52107.717854863426,129.12550343875242,261.7563855222688,291.87291926452144,-2.0172695774964775,-0.013938028436344854,8806.92981299125,4806.929812991249,166666.66666666666,1.0,113.53497223566346,52107.717854863426,12353.388470922164,0.0005294837834306324
164.96999999999494,booster,12367.542778970623,52136.349286756864,128.2249615384657,258.81510703584814,288.8371520277794,-2.0188131070846542,-0.014126668185732908,8800.300452268575,4800.300452268575,166666.66666666666,1.0,110.81161474684104,52136.349286756864,12367.542778970623,0.0005378568383725526
165.07999999999484,booster,12381.597831801566,52164.65717960029,127.32085612152878,255.87386102587064,285.80068782248514,-2.0203775635944434,-0.014318543588206925,8793.6710915459,4793.671091545902,166666.66666666666,1.0,108.13327736840695,52164.65717960029,12381.597831801566,0.0005466505303825113
165.18999999999474,booster,12395.553235107218,52192.641538192074,126.4131448813486,252.932669873892,282.7635384704472,-2.021963311624494,-0.014513813641141377,8787.041730823228,4787.041730823228,166666.66666666666,1.0,105.49935981253697,52192.641538192074,12395.553235107218,0.0005558848301269645
165.29999999999464,booster,12409.408589890012,52220.30236982326,125.5017848503706,249.99155652377297,279.72571625398956,-2.0235707336793243,-0.01471264494976195,8780.412370100556,4780.412370100555,166666.66666666666,1.0,102.90927298605106,52220.30236982326,12409.408589890012,0.0005655803354290694
165.40999999999454,booster,12423.163492388156,52247.639684340706,124.58673236863777,247.050544505733,276.6872339354921,-2.0252002310203476,-0.014915211988410842,8773.783009377881,4773.783009377881,166666.66666666666,1.0,100.3624388152719,52247.639684340706,12423.163492388156,0.0005757583317827231
165.51999999999444,booster,12436.817533997695,52274.653494213,123.66794305096167,244.10965796162682,273.6481047780129,-2.026852224546921,-0.015121697385411864,8767.153648655207,4767.153648655208,166666.66666666666,1.0,97.85829007425825,52274.653494213,12436.817533997695,0.0005864408580572864
165.62999999999434,booster,12450.37030119084,52301.343814599226,122.74537175266605,241.16892167150002,270.60834256706556,-2.028527155710115,-0.015332292233498065,8760.524287932534,4760.524287932534,166666.66666666666,1.0,95.39627021634466,52301.343814599226,12450.37030119084,0.0005976507773966192
165.73999999999424,booster,12463.821375430489,52327.710663420614,121.81897253386137,238.2283610814845,267.56796163363026,-2.030225487462132,-0.015547196427925099,8753.894927209862,4753.894927209861,166666.66666666666,1.0,92.9758332089203,52327.710663420614,12463.821375430489,0.0006094118539937554
165.84999999999414,booster,12477.170333080718,52353.75406143542,120.88869862220328,235.28800233309818,264.5269768784838,-2.0319477052445496,-0.015766619034550393,8747.265566487187,4747.265566487187,166666.66666666666,1.0,90.59644337137588,52353.75406143542,12477.170333080718,0.0006217488360743098
165.95999999999404,booster,12490.416745313087,52379.47403231717,119.95450237408505,232.34787229401957,261.4854037979413,-2.0336943180188003,-0.01599077869036579,8740.636205764513,4740.636205764514,166666.66666666666,1.0,88.2575752161531,52379.47403231717,12490.416745313087,0.0006346875456142699
166.06999999999394,booster,12503.560178008594,52404.87060273621,119.01633523420857,229.40799859041152,258.44325851110875,-2.0354658593426316,-0.01621990403916139,8734.00684504184,4734.00684504184,166666.66666666666,1.0,85.95871329283142,52404.87060273621,12503.560178008594,0.0006482549753794379
166.17999999999384,booster,12516.600191655096,52429.94380244504,118.07414769347443,226.46840964087517,255.40055778875592,-2.0372628884965476,-0.01645423420524735,8727.377484319168,4727.377484319167,166666.66666666666,1.0,83.69935203518303,52429.94380244504,12516.600191655096,0.00066247939397042
166.28999999999374,booster,12529.536341239975,52454.69366436743,117.1278892451259,223.52913469212112,252.3573190839269,-2.0390859916646,-0.016694019308404064,8720.748123596493,4720.748123596493,166666.66666666666,1.0,81.47899561113398,52454.69366436743,12529.536341239975,0.0006773904594580207
166.39999999999364,booster,12542.368176137923,52479.1202246915,116.17750833907591,220.59020385645107,249.31356056441595,-2.040935783174243,-0.01693952102353079,8714.118762873819,4714.11876287382,166666.66666666666,1.0,79.29715777556446,52479.1202246915,12542.368176137923,0.0006930193425258795
166.50999999999354,booster,12555.095239993569,52503.223522967164,115.22295233434097,217.65164815115077,246.26930114724846,-2.042812906800388,-0.017191013188767295,8707.489402151146,4707.489402151146,166666.66666666666,1.0,77.15336172588319,52503.223522967164,12555.095239993569,0.0007093988598781486
166.61999999999344,booster,12567.717070598772,52527.003602207886,114.26416744949806,214.71349953990307,243.22456053531866,-2.0447180371392006,-0.017448782466229853,8700.860041428474,4700.860041428473,166666.66666666666,1.0,75.04713996031366,52527.003602207886,12567.717070598772,0.0007265636189773053
166.72999999999334,booster,12580.233199764356,52550.46050899718,113.3010987110753,211.7757909763376,240.1793592563488,-2.0466518810576817,-0.01771312905988572,8694.2306807058,4694.230680705799,166666.66666666666,1.0,72.97803413882573,52550.46050899718,12580.233199764356,0.0007445501750936548
166.83999999999324,booster,12592.643153186038,52573.59429360001,112.33368989977805,208.8385564498441,237.1337187043509,-2.0486151792255796,-0.017984367495544686,8687.601319983125,4687.601319983126,166666.66666666666,1.0,70.94559494664989,52573.59429360001,12592.643153186038,0.0007633972020194319
166.94999999999314,booster,12604.946450304347,52596.4050100793,111.36188349444535,205.90183103378513,234.08766118378776,-2.0506087077367674,-0.018262827468422418,8680.971959260452,4680.971959260452,166666.66666666666,1.0,68.94938196030895,52596.4050100793,12604.946450304347,0.0007831456776083875
167.05999999999304,booster,12617.142604158205,52618.892716418006,110.38562061362227,202.965650936256,231.04120995664965,-2.052633279827846,-0.018548854764289892,8674.34259853778,4674.342598537779,166666.66666666666,1.0,66.988963516104,52618.892716418006,12617.142604158205,0.0008038390858291263
167.16999999999294,booster,12629.231121231987,52641.05747464683,109.40484095462469,200.0300535535503,227.99438929268175,-2.054689747702417,-0.018842812260835576,8667.713237815105,4667.7132378151055,166666.66666666666,1.0,65.06391658098775,52641.05747464683,12629.231121231987,0.0008255236369258755
167.27999999999284,booster,12641.211501295695,52662.89935097794,108.41948272996275,197.0950775265042,224.94722452302318,-2.0567790044702523,-0.01914508101655571,8661.083877092431,4661.083877092432,166666.66666666666,1.0,63.17382662576401,52662.89935097794,12641.211501295695,0.0008482485075792577
167.38999999999274,booster,12653.083237238023,52684.41841594518,107.42948260097891,194.16076279990483,221.8997420975404,-2.0589019862114197,-0.01945606145525858,8654.454516369758,4654.4545163697585,166666.66666666666,1.0,61.31828750054318,52684.41841594518,12653.083237238023,0.0008720661032739953
167.49999999999264,booster,12664.84581489192,52705.614744550934,106.43477560854451,191.22715068516456,218.8519696461694,-2.061059674176375,-0.019776174655140883,8647.825155647086,4647.825155647085,166666.66666666666,1.0,59.49690131239055,52705.614744550934,12664.84581489192,0.0008970323451320491
167.60999999999254,booster,12676.498712852423,52726.48841641996,105.43529510064636,188.29428392648,215.80393604461028,-2.0632530971340524,-0.02010586375236828,8641.195794924412,4641.1957949244115,166666.66666666666,1.0,57.70927830510073,52726.48841641996,12676.498712852423,0.0009232069841053985
167.71999999999244,booster,12688.041402286275,52747.03951596089,104.43097265668125,185.36220677071182,212.75567148475415,-2.0654833338811445,-0.020445595470192753,8634.566434201737,4634.566434201738,166666.66666666666,1.0,55.955036741026966,52747.03951596089,12688.041402286275,0.0009506539453103696
167.82999999999234,booster,12699.47334673307,52767.268132535515,103.42173800826194,182.43096504124287,209.7072075502622,-2.0677515159270543,-0.020795861785877386,8627.937073479065,4627.937073479065,166666.66666666666,1.0,54.23380278489933,52767.268132535515,12699.47334673307,0.0009794417061747614
167.93999999999224,booster,12710.794001897466,52787.174360636476,102.40751895632222,179.50060621609293,206.65857729776027,-2.070058830370403,-0.021157181749108026,8621.307712756392,4621.307712756391,166666.66666666666,1.0,52.54521038955921,52787.174360636476,12710.794001897466,0.0010096437120705513
168.04999999999214,booster,12722.002815432079,52806.75830007377,101.38824128429128,176.57117951059328,203.60981534416217,-2.072406522984588,-0.021530103467149703,8614.678352033718,4614.678352033718,166666.66666666666,1.0,50.88890118353829,52806.75830007377,12722.002815432079,0.001041338834023938
168.15999999999204,booster,12733.099226710592,52826.020056170615,100.36382866708993,173.64273596495045,200.56095796069204,-2.07479590153166,-0.02191520627380023,8608.048991311043,4608.048991311044,166666.66666666666,1.0,49.2645243604085,52826.020056170615,12733.099226710592,0.001074611873178809
168.26999999999194,booster,12744.082666590602,52844.95973996926,99.33420257568085,170.71532853705705,197.51204317423716,-2.07722833932575,-0.02231310310124922,8601.41963058837,4601.419630588371,166666.66666666666,1.0,47.67173656982488,52844.95973996926,12744.082666590602,0.0011095541180280329
168.37999999999184,booster,12754.952557165727,52863.577468447256,98.29928217688293,167.78901220094045,194.4631108767362,-2.079705279069543,-0.02272444307624703,8594.790269865698,4594.790269865697,166666.66666666666,1.0,46.110201810184755,52863.577468447256,12754.952557165727,0.0011462639605298983
168.48999999999174,booster,12765.708311506418,52881.87336474497,97.25898422813748,164.86384405127424,191.41420294338653,-2.0822282369897493,-0.023149914364647233,8588.160909143024,4588.160909143024,166666.66666666666,1.0,44.57959132281989,52881.87336474497,12765.708311506418,0.0011848475785660286
168.59999999999164,booster,12776.349333388875,52899.847558404865,96.21322296688766,161.93988341441593,188.36536336054635,-2.084798807300371,-0.02359024729139183,8581.53154842035,4581.53154842035,166666.66666666666,1.0,43.07958348763816,52899.847558404865,12776.349333388875,0.0012254196931360951
168.70999999999154,booster,12786.875017011516,52917.500185623416,95.16190999420546,159.01719196647824,185.31663836431161,-2.0874186670256956,-0.02404621776645387,8574.902187697677,4574.902187697677,166666.66666666666,1.0,41.60986372012636,52917.500185623416,12786.875017011516,0.0012681044097592785
168.81999999999144,booster,12797.2847466983,52934.83138951643,94.1049541522704,156.09583385898597,182.268076590864,-2.090089581218536,-0.02451865105120161,8568.272826975004,4568.272826975003,166666.66666666666,1.0,40.170124369621504,52934.83138951643,12797.2847466983,0.0013130361550828657
168.92999999999134,booster,12807.577896588185,52951.84132039866,93.04226139527205,153.17587585272443,179.21972923982275,-2.092813408613263,-0.025008425904170573,8561.64346625233,4561.64346625233,166666.66666666666,1.0,38.76006461875513,52951.84132039866,12807.577896588185,0.001360360721383742
169.03999999999124,booster,12817.75383031006,52968.53013607847,91.97373465327283,150.25738746044172,176.17165025198562,-2.095592107757737,-0.0255164791504462,8555.014105529655,4555.014105529656,166666.66666666666,1.0,37.379390383969124,52968.53013607847,12817.75383031006,0.0014102364332632534
169.14999999999114,booster,12827.811900642237,52984.898002169,90.89927368852908,147.34044109912986,173.12389650301967,-2.09842774367345,-0.02604381072484989,8548.384744806983,4548.384744806983,166666.66666666666,1.0,36.027814216995026,52984.898002169,12827.811900642237,0.001462835453450306
169.25999999999104,booster,12837.75144915574,53000.94509241637,89.81877494372756,144.42511225268208,170.07652801486688,-2.1013224950990663,-0.026591489246058322,8541.75538408431,4541.755384084309,166666.66666666666,1.0,34.70505520718525,53000.94509241637,12837.75144915574,0.001518345246866231
169.36999999999094,booster,12847.571805840402,53016.671589046484,88.73213138154826,141.5114796457989,167.02960818685918,-2.104278662379264,-0.027160658186807955,8535.126023361636,4535.126023361636,166666.66666666666,1.0,33.41083888457578,53016.671589046484,12847.571805840402,0.001576970225509279
169.47999999999084,booster,12857.272288712813,53032.07768313171,87.63923231491604,138.59962543010406,163.98320404880792,-2.107298676068461,-0.027752542714639082,8528.496662638961,4528.496662638962,166666.66666666666,1.0,32.14489712355181,53032.07768313171,12857.272288712813,0.0016389335999293002
169.58999999999074,booster,12866.852203405064,53047.163574978666,86.5399632272499,135.6896353835269,160.9373865386419,-2.1103851063277563,-0.028368457288463985,8521.867301916289,4521.867301916289,166666.66666666666,1.0,30.90696804698092,53047.163574978666,12866.852203405064,0.0017044794678437835
169.69999999999064,booster,12876.310842733119,53061.92947453869,85.43420558196044,132.78159912411368,157.8922308075274,-2.113540673203505,-0.029009814108850347,8515.237941193616,4515.237941193615,166666.66666666666,1.0,29.696795930667896,53061.92947453869,12876.310842733119,0.001773875174858697
169.80999999999054,booster,12885.647486243623,53076.37560184274,84.3218366203838,129.875610339551,154.84781655582228,-2.1167682578874687,-0.02967813253467823,8508.608580470942,4508.608580470942,166666.66666666666,1.0,28.51413110797337,53076.37560184274,12885.647486243623,0.0018474139889375415
169.91999999999044,booster,12894.861399737769,53090.5021874625,83.20272914727163,126.97176703381544,151.80422840370338,-2.1200709150718264,-0.03037504959609597,8501.979219748267,4501.979219748268,166666.66666666666,1.0,27.358729874428207,53090.5021874625,12894.861399737769,0.0019254181369019732
170.02999999999034,booster,12903.95198567425,53104.30938193054,82.08682040941818,124.06411953005609,148.76206451812948,-2.1234821102393653,-0.03311729271582267,8495.349859025595,4495.349859025595,166666.66666666666,1.0,26.230533896130687,53104.30938193054,12903.95198567425,0.025977542868555047
170.13999999999024,booster,12912.923810976634,53117.794310505466,81.04270447801596,121.11305059237169,145.72676820989827,-2.1280693902364582,-0.05166319969647833,8488.720498302922,4488.720498302921,166666.66666666666,1.0,25.131152878671426,53117.794310505466,12912.923810976634,0.054611924817855775
170.24999999999014,booster,12921.780923230986,53130.954435048894,79.99254088074441,118.16338058457869,142.6933464031647,-2.1348419601127766,-0.0713021859939479,8482.091137580248,4482.091137580248,166666.66666666666,1.0,24.058513738861677,53130.954435048894,12921.780923230986,0.05175219083460694
170.35999999999004,booster,12930.521400729187,53143.79061719727,78.92142991638289,115.22359716777399,139.66055078055504,-2.143717509225979,-0.08989938504665128,8475.461776857574,4475.4617768575745,166666.66666666666,1.0,23.011927877238744,53143.79061719727,12930.521400729187,0.048900053815200274
170.46999999998994,booster,12939.142732612912,53156.30407936857,77.82566373928137,112.29615450359817,136.62818249817894,-2.1545815516557876,-0.10745720115728039,8468.832416134901,4468.832416134901,166666.66666666666,1.0,21.991088659523232,53156.30407936857,12939.142732612912,0.046061938852794145
170.57999999998984,booster,12947.642016638976,53168.496314644624,76.70183560372745,109.38352115232615,133.59613124885996,-2.1673199944291546,-0.12398035673799192,8462.203055412228,4462.2030554122275,166666.66666666666,1.0,20.99572941557073,53168.496314644624,12947.642016638976,0.0432439416953205
170.68999999998974,booster,12956.015992761362,53180.36908878347,75.54684795063201,106.48818709382016,130.5643911095378,-2.1818193865602957,-0.1394757838585865,8455.573694689554,4455.573694689554,166666.66666666666,1.0,20.025624932104073,53180.36908878347,12956.015992761362,0.040451840652115024
170.79999999998964,booster,12964.26107750643,53191.92444275585,74.35791884135044,103.61266622851252,127.5330729552064,-2.1979671561038034,-0.15395251487281847,8448.94433396688,4448.944333966881,166666.66666666666,1.0,19.080591239968744,53191.92444275585,12964.26107750643,0.037691096656067825
170.90999999998954,booster,12972.373399137032,53203.16469519847,73.13259110325107,100.759491478056,124.50241364885967,-2.2156518351440564,-0.16742157250206363,8442.314973244207,4442.314973244207,166666.66666666666,1.0,18.160483946458896,53203.16469519847,12972.373399137032,0.03496685409512572
171.01999999998944,booster,12980.348833801294,53214.09244404026,71.86873731584573,97.93120741541398,121.47278209218257,-2.2347632726777356,-0.1798958596752581,8435.685612521534,4435.685612521534,166666.66666666666,1.0,17.265195312389718,53214.09244404026,12980.348833801294,0.03228394237575422
171.12999999998934,booster,12988.183041547045,53224.710567550595,70.5645553887126,95.13036515506235,118.44468266554725,-2.2551928353787685,-0.19139004941657464,8429.05625179886,4429.05625179886,166666.66666666666,1.0,16.39465038698358,53224.710567550595,12988.183041547045,0.029646878180189126
171.23999999998924,booster,12995.871501976428,53235.02222451729,69.21856604066737,92.3595119623039,115.41875642477346,-2.2768335962663597,-0.20192047505879251,8422.426891076186,4422.426891076187,166666.66666666666,1.0,15.548802438697463,53235.02222451729,12995.871501976428,0.0270598683820556
171.34999999998914,booster,13003.409549537224,53245.03085314168,67.82960849125847,89.62117855376249,112.39578031867025,-2.299580511326648,-0.2115050210477318,8415.797530353513,4415.797530353513,166666.66666666666,1.0,14.727627870526442,53245.03085314168,13003.409549537224,0.024526813583326777
171.45999999998904,booster,13010.792408224936,53254.7401684437,66.39683405997167,86.91786478479602,109.37666475046447,-2.323330584167029,-0.22016301459080664,8409.16816963084,4409.16816963084,166666.66666666666,1.0,13.93112080680164,53254.7401684437,13010.792408224936,0.022051312235738408
171.56999999998894,booster,13018.015225467208,53264.154158025194,64.91969770786125,84.25202418682598,106.3624498122227,-2.347983018809321,-0.22791511838939638,8402.538808908166,4402.538808908166,166666.66666666666,1.0,13.159287520622943,53264.154158025194,13018.015225467208,0.019636665310764783
171.67999999998884,booster,13025.073104967303,53273.27707608963,63.397947582364715,81.62604780135004,103.35430052651193,-2.3734393607535353,-0.23478322468105955,8395.909448185492,4395.909448185493,166666.66666666666,1.0,12.412140852868115,53273.27707608963,13025.073104967303,0.017285881481716087
171.78999999998874,booster,13031.961138291637,53282.113435664374,61.8316126545741,79.0422477347101,100.35350143577737,-2.3996036264681333,-0.2407903508037675,8389.28008746282,4389.280087462819,166666.66666666666,1.0,11.689694755667972,53282.113435664374,13031.961138291637,0.01500168278340684
171.89999999998864,booster,13038.674434997814,53290.66799901703,60.220988567492654,76.50284082922825,97.36145088785558,-2.426382421485228,-0.24596053648034372,8382.650726740147,4382.650726740146,166666.66666666666,1.0,10.991959075389438,53290.66799901703,13038.674434997814,0.012786510713342107
172.00999999998854,booster,13045.208151114179,53298.94576629867,58.56662184226365,74.00993281288532,94.37965537647673,-2.453685047300208,-0.25031874300744394,8376.021366017472,4376.021366017472,166666.66666666666,1.0,10.318934672613679,53298.94576629867,13045.208151114179,0.010642532741371504
172.11999999998844,booster,13051.557515799579,53306.95196248491,56.869292615704936,71.56550325216746,91.40972430954304,-2.4814235972947873,-0.2538907545195695,8369.392005294798,4369.392005294799,166666.66666666666,1.0,9.670608959442365,53306.95196248491,13051.557515799579,0.008571649193263042
172.22999999998834,booster,13057.717856032386,53314.692022719246,55.129996105646725,69.17139159196498,88.45336559666674,-2.5095130419204925,-0.25670308148503473,8362.762644572125,4362.762644572125,166666.66666666666,1.0,9.046951917844405,53314.692022719246,13057.717856032386,0.00657550047535907
172.33999999998824,booster,13063.68461920054,53322.17157619178,53.34992301972447,66.82928452343452,85.51238247250916,-2.53787130339611,-0.2587828665774866,8356.133283849453,4356.133283849452,166666.66666666666,1.0,8.447912646808813,53322.17157619178,13063.68461920054,0.0046554746081753275
172.44999999998814,booster,13069.453393488964,53329.396428710636,51.530439137838506,64.54070487649227,82.58867200586864,-2.5664193201877117,-0.26015779305351594,8349.503923126778,4349.503923126778,166666.66666666666,1.0,7.873416470941328,53329.396428710636,13069.453393488964,0.00281271503713723
172.55999999998804,booster,13075.019925986566,53336.37254414261,49.67306430809948,62.307002189040965,79.68422578868255,-2.5950811015535216,-0.2608559957542323,8342.874562404104,4342.874562404105,166666.66666666666,1.0,7.3233626289740705,53336.37254414261,13075.019925986566,0.0010481286896006402
172.66999999998794,booster,13080.38013846169,53343.10602491377,47.77945110058905,60.12934506104918,76.80113335716017,-2.62378377244817,-0.26090597483635414,8336.245201681431,4336.245201681431,166666.66666666666,1.0,6.79762254757879,53343.10602491377,13080.38013846169,-0.0006376057517783273
172.77999999998784,booster,13085.530140781915,53349.603091770485,45.851363362722566,58.00871535903893,73.9415889728265,-2.652457609091843,-0.26033651232642546,8329.615840958759,4329.615840958758,166666.66666666666,1.0,6.296038693997354,53349.603091770485,13085.530140781915,-0.0022440293886981677
172.88999999998774,booster,13090.466241980434,53355.87006300582,43.890654914612846,55.94590429615437,71.10790248873955,-2.6810360655194905,-0.25917659158025186,8322.986480236084,4322.986480236084,166666.66666666666,1.0,5.81842399042002,53355.87006300582,13090.466241980434,-0.0037708944884464967
172.99999999998764,booster,13095.184958997215,53361.91333335776,41.899248612949904,53.94151037544084,68.30251515071444,-2.7094557914336637,-0.25745531971852603,8316.35711951341,4316.357119513411,166666.66666666666,1.0,5.364561763818334,53361.91333335776,13095.184958997215,-0.00521815573401279
173.10999999998754,booster,13099.683023147318,53367.73935278148,39.87911599799153,51.99593914981555,65.52802134089343,-2.7376566416917756,-0.2552018530989043,8309.727758790737,4309.727758790737,166666.66666666666,1.0,4.93420619711828,53367.73935278148,13099.683023147318,-0.006585961369846284
173.21999999998744,booster,13103.957384391597,53373.35460529183,37.832257720848865,50.10940472189596,62.787197467632666,-2.765581677764636,-0.2524453258744831,8303.098398068065,4303.098398068064,166666.66666666666,1.0,4.527083241191778,53373.35460529183,13103.957384391597,-0.007874644269161622
173.32999999998734,booster,13108.005213505536,53378.76558806186,35.76068492795913,48.28193288069372,60.08303944718989,-2.7931771615080487,-0.24921478167874975,8296.46903734539,4296.4690373453905,166666.66666666666,1.0,4.142891942140104,53378.76558806186,13108.005213505536,-0.009084712947707699
173.43999999998724,booster,13111.823902260187,53383.97879095079,33.666401757106854,46.51336575038271,57.41881051275621,-2.8203925415931597,-0.24553910846757945,8289.839676622716,4289.839676622717,166666.66666666666,1.0,3.781306134701717,53383.97879095079,13111.823902260187,-0.010216842547738877
173.54999999998714,booster,13115.411061744915,53389.000676619944,31.551389075243545,44.80336780899877,54.798101423368905,-2.847180432944088,-0.241446976539758,8283.210315900043,4283.2103159000435,166666.66666666666,1.0,3.4419764502790495,53389.000676619944,13115.411061744915,-0.011271865815111703
173.65999999998704,booster,13118.764518974505,53393.83766137927,29.417589563314962,43.151433122004946,52.22490551641547,-2.8734965895332523,-0.2369667797488042,8276.580955177371,4276.58095517737,166666.66666666666,1.0,3.124532586960429,53393.83766137927,13118.764518974505,-0.012250764092039276
173.76999999998694,booster,13121.882311933487,53398.49609688866,27.266894227959135,41.55689362703586,49.70371141843922,-2.8992998708857676,-0.23212657991055405,8269.951594454697,4269.9515944546965,166666.66666666666,1.0,2.8285857889156247,53398.49609688866,13121.882311933487,-0.013154658345796497
173.87999999998684,booster,13124.762683217841,53402.9822528208,25.10113039487134,40.01892830160714,47.239616525851545,-2.9245522026443127,-0.2269540544029788,8263.322233732022,4263.322233732023,166666.66666666666,1.0,2.5537314835510796,53402.9822528208,13124.762683217841,-0.013984800254038787
173.98999999998674,booster,13127.404072438987,53407.3023005733,22.922051214371027,38.53657304484514,44.838464446443005,-2.949218531545072,-0.2214764469471396,8256.69287300935,4256.69287300935,166666.66666666666,1.0,2.299552026699047,53407.3023005733,13127.404072438987,-0.014742563365402531
174.09999999998664,booster,13129.805107556957,53411.46229809935,20.731326686712553,37.10873110700611,42.50700919334696,-2.9732667751537343,-0.21572052155084792,8250.063512286677,4250.063512286676,166666.66666666666,1.0,2.065619508751479,53411.46229809935,13129.805107556957,-0.015429434353628667
174.20999999998654,booster,13131.96459530946,53415.46817590853,18.53053619334415,35.734183906302285,40.2531075950947,-2.9966677667081063,-0.20971251958964257,8243.434151564003,4243.434151564003,166666.66666666666,1.0,1.8514985778991506,53415.46817590853,13131.96459530946,-0.0160470043816934
174.31999999998644,booster,13133.88151090073,53419.3257242716,16.32116250094727,34.411602080897296,38.0859383914371,-3.0193951954107394,-0.2034781199928597,8236.804790841328,4236.804790841329,166666.66666666666,1.0,1.6567492403644335,53419.3257242716,13133.88151090073,-0.01659696059248868
174.42999999998634,booster,13135.554987109585,53423.04058164743,14.104587187911598,33.139556634412166,36.016240693148575,-3.0414255425110457,-0.19704240249600474,8230.175430118656,4230.175430118656,166666.66666666666,1.0,1.4809296015910427,53423.04058164743,13135.554987109585,-0.017081077739501765
174.53999999998624,booster,13136.984302969748,53426.61822433511,11.882087428070161,31.91653004543284,34.056554314688384,-3.0627380135117726,-0.19042981391396796,8223.546069395983,4223.546069395982,166666.66666666666,1.0,1.3235985166516548,53426.61822433511,13136.984302969748,-0.017501209971926748
174.64999999998614,booster,13138.16887216746,53430.06395734081,9.654834054110832,30.740927224872035,32.22142807600707,-3.0833144668293166,-0.18366413738301937,8216.916708673309,4216.916708673309,166666.66666666666,1.0,1.184318122539263,53430.06395734081,13138.16887216746,-0.01785928278528608
174.75999999998604,booster,13139.108231292534,53433.38290643666,7.4238908131022825,29.61108621917705,30.527538090786187,-3.103139339231262,-0.17676846451263056,8210.287347950634,4210.287347950635,166666.66666666666,1.0,1.0626562294164468,53433.38290643666,13139.108231292534,-0.018157285147827096
174.86999999998594,booster,13139.802028068698,53436.58001137908,5.190214718970211,28.52528857188426,28.993627178024585,-3.1221995683676647,-0.16976517038118022,8203.657987227962,4203.657987227962,166666.66666666666,1.0,0.9581885522170827,53436.58001137908,13139.802028068698,-0.018397261811583868
174.97999999998584,booster,13140.250009678497,53439.66002024465,2.954657401427011,27.48176927053331,27.640145488015005,-3.1404845127049734,-0.16267589130275095,8197.02862650529,4197.028626505288,166666.66666666666,1.0,0.8705007681499823,53439.66002024465,13140.250009678497,-0.01858130581553549
175.08999999998574,booster,13140.45201128661,53442.62748483451,0.7179673476455528,26.478726220146154,26.488458229080468,3.125199438016475,-0.15552150528645142,8190.399265782615,4190.399265782615,166666.66666666666,1.0,0.7991903895796106,53442.62748483451,13140.45201128661,-0.018711551186613495
175.19999999998564,booster,13140.407944855906,53445.486757092694,-1.5192069930318641,25.51432919586105,25.55951846577796,3.108487718432151,-0.14832211510659019,8183.769905059941,4183.769905059941,166666.66666666666,1.0,0.7438684450169926,53445.486757092694,13140.407944855906,-0.018790165847032064
175.30999999998554,booster,13140.117788361074,53448.241986478344,-3.7563131674695796,24.586728228536234,24.872014264952604,3.0925695167212686,-0.14109703390396652,8177.140544337268,4177.140544337268,166666.66666666666,1.0,0.7041609597287857,53448.241986478344,13140.117788361074,-0.018819344737145832
175.41999999998544,booster,13139.581575448683,53450.897118229244,-5.992890720466052,23.69406142950167,24.440198162299072,3.0774466334268253,-0.13386477324726245,8170.511183614594,4170.511183614594,166666.66666666666,1.0,0.6797102400268114,53450.897118229244,13139.581575448683,-0.01880130316895201
175.52999999998534,booster,13138.79938556448,53453.45589245512,-8.228566564497363,22.83446224667404,24.271834990398766,3.0631188773541735,-0.12664303359834367,8163.881822891921,4163.881822891921,166666.66666666666,1.0,0.6701759709975923,53453.45589245512,13138.79938556448,-0.018738270429095403
175.63999999998524,booster,13137.7713346238,53455.92184399699,-10.463049816210933,22.006066137659676,24.366829057379697,3.049584155208532,-0.11944869714086556,8157.252462169247,4157.252462169247,166666.66666666666,1.0,0.6752361258843533,53455.92184399699,13137.7713346238,-0.018632483651449996
175.74999999998514,booster,13136.497566267117,53458.298302988835,-12.696126335780018,21.20701666822184,24.716981609822952,3.0368385618928864,-0.11229782293899294,8150.623101446574,4150.623101446574,166666.66666666666,1.0,0.6945876924881509,53458.298302988835,13136.497566267117,-0.018486181974171383
175.85999999998504,booster,13134.978243728729,53460.58839605918,-14.927653053253328,20.435471050953854,25.306981304625737,3.024876471212099,-0.10520564438478905,8143.9937407239,4143.9937407239,166666.66666666666,1.0,0.7279472245168778,53460.58839605918,13134.978243728729,-0.018301600985418706
175.96999999998494,booster,13133.213542337646,53462.795048112086,-17.15755215959614,19.68960514475095,26.116319550531333,3.013690626734782,-0.09818656886916761,8137.364380001227,4137.364380001227,166666.66666666666,1.0,0.7750512270989518,53462.795048112086,13133.213542337646,-0.018080967451080135
176.07999999998484,booster,13131.203642661634,53464.920984629454,-19.385805233523175,18.967617940228028,27.12157766204899,3.003272232573297,-0.09125417958142787,8130.735019278553,4130.735019278553,166666.66666666666,1.0,0.8356563866709348,53464.920984629454,13131.203642661634,-0.01782649431161143
176.18999999998474,booster,13128.948724297858,53466.96873443989,-21.61244736848885,18.267735559663368,28.29855197237997,2.993611043854131,-0.08442123931827145,8124.10565855588,4124.10565855588,166666.66666666666,1.0,0.9095396561714311,53466.96873443989,13128.948724297858,-0.017540375935478397
176.29999999998464,booster,13126.448960306852,53468.94063290215,-23.8375613574554,17.588214802453436,29.623886163157138,2.9846954566647246,-0.07769969617194163,8117.476297833206,4117.476297833206,166666.66666666666,1.0,0.9964982069552375,53468.94063290215,13126.448960306852,-0.017224783621260415
176.40999999998454,booster,13123.704512280658,53470.83882545518,-26.06127198641011,16.927346268539956,31.076115414329024,2.976512597277207,-0.07110069096836757,8110.846937110533,4110.846937110533,166666.66666666666,1.0,1.0963492591095154,53470.83882545518,13123.704512280658,-0.016881861345532077
176.51999999998444,booster,13120.715526030604,53472.66527148996,-28.28374048113712,16.28345709292187,32.63619080869184,2.9690484104632673,-0.06463456633489582,8104.2175763878595,4104.2175763878595,166666.66666666666,1.0,1.208929801935638,53472.66527148996,13120.715526030604,-0.01651372175672637
176.62999999998434,booster,13117.482127875726,53474.421748502245,-30.50515914553689,15.654913324294432,34.287622339347244,2.962287746727024,-0.058310877287972566,8097.588215665186,4097.588215665186,166666.66666666666,1.0,1.334096216282737,53474.421748502245,13117.482127875726,-0.016122442416303482
176.73999999998424,booster,13114.00442150894,53476.109856489056,-32.72574622387915,15.040121980174716,36.01638148243483,2.9562144482942845,-0.052138403240589014,8090.958854942517,4090.9588549425166,166666.66666666666,1.0,1.4717238102072565,53476.109856489056,13114.00442150894,-0.0157100622880964
176.84999999998414,booster,13110.282485414782,53477.7310225546,-34.945741013811514,14.437532809680768,37.81067532635455,2.9508114337072073,-0.04612516133620688,8084.329494219848,4084.329494219848,166666.66666666666,1.0,1.6217062791108479,53477.7310225546,13110.282485414782,-0.01527857847553042
176.95999999998403,booster,13106.316370809922,53479.28650569563,-37.1653992517491,13.84563979353332,39.6606687139058,2.9460607808833688,-0.04027842102034381,8077.700133497179,4077.7001334971796,166666.66666666666,1.0,1.7839551010976176,53479.28650569563,13106.316370809922,-0.014829943205394927
177.06999999998393,booster,13102.106100075523,53480.777401738414,-39.3849887874545,13.26298240894026,41.55820068491628,2.9419438085078466,-0.03460471976369574,8071.070772774511,4071.070772774511,166666.66666666666,1.0,1.9583988778111596,53480.777401738414,13102.106100075523,-0.014366061055666405
177.17999999998383,booster,13097.65166564887,53482.204648403356,-41.60478556018531,12.688146684892843,43.49651995052434,2.9384411556363106,-0.029109879852291458,8064.441412051843,4064.4414120518427,166666.66666666666,1.0,2.1449826304781454,53482.204648403356,13097.65166564887,-0.01388878642403602
177.28999999998373,booster,13092.953029340673,53483.56903047495,-43.825069884736685,12.119766071128748,45.47005036307897,2.9355328593963415,-0.023799026161248533,8057.812051329174,4057.812051329174,166666.66666666666,1.0,2.343667060314012,53483.56903047495,13092.953029340673,-0.013399921233165421
177.39999999998363,booster,13088.010122043628,53484.87118505827,-46.04612305202843,11.556522141671532,47.47418932571137,2.9331984306833374,-0.018676604829593088,8051.182690606505,4051.1826906065057,166666.66666666666,1.0,2.554427781849359,53484.87118505827,13088.010122043628,-0.012901212868038936
177.50999999998353,booster,13082.822843797507,53486.11160690449,-48.268224245569726,10.997145151500119,49.505137847538286,2.931416927756381,-0.013746402754513755,8044.553329883837,4044.5533298838373,166666.66666666666,1.0,2.777254537124487,53486.11160690449,13082.822843797507,-0.0123943523404941
177.61999999998343,booster,13077.391064176285,53487.29065379092,-50.49164775966257,10.44041452085243,51.55975900693354,2.9301670276483747,-0.009011567824461168,8037.923969161169,4037.9239691611688,166666.66666666666,1.0,3.0121503980303017,53487.29065379092,13077.391064176285,-0.011880972675297153
177.72999999998333,booster,13071.714622986463,53488.40855205153,-52.71665995375921,9.885161868439017,53.63546086168665,2.9294270953135473,-0.004474629811808177,8031.2946084385,4031.2946084385003,166666.66666666666,1.0,3.259130953865896,53488.40855205153,13071.714622986463,-0.011362647512323916
177.83999999998323,booster,13065.793331292325,53489.465402474314,-54.94351688812363,9.330272161826702,55.7300998262993,2.9291752504440645,-0.00013752184728705138,8024.665247715831,4024.665247715832,166666.66666666666,1.0,3.5182234709314444,53489.465402474314,13065.793331292325,-0.010840889918553401
177.94999999998313,booster,13059.626972600907,53490.46118593172,-57.172463306736184,8.774679946362863,57.841901496416924,2.9293894318959928,0.00399839760062138,8018.035886993163,4018.0358869931633,166666.66666666666,1.0,3.7894660855285975,53490.46118593172,13059.626972600907,-0.01031715140324959
178.05999999998303,booster,13053.215304188756,53491.39576880701,-59.403731146368756,8.217369052133595,59.96939576358115,2.9300474596731902,0.007932322315929436,8011.406526270495,4011.406526270495,166666.66666666666,1.0,4.072907027401489,53491.39576880701,13053.215304188756,-0.009792821130182957
178.16999999998293,booster,13046.558058584109,53492.26890841327,-61.63753824597258,7.657372540494387,62.11136349531903,2.9311270944257948,0.01166397556756603,8004.777165547826,4004.7771655478264,166666.66666666666,1.0,4.368603859227546,53492.26890841327,13046.558058584109,-0.009269225319960588
178.27999999998283,booster,13039.654945176904,53493.080258402675,-63.87408731083894,7.09377257952893,64.26679266310676,2.932606094427847,0.015193587054628489,7998.147804825157,3998.147804825158,166666.66666666666,1.0,4.676622735399373,53493.080258402675,13039.654945176904,-0.008747626835567632
178.38999999998273,booster,13032.505651929338,53493.82937415822,-66.11356511763428,6.525700251987898,66.4348421864797,2.934462270006259,0.01852186963292084,7991.518444102489,3991.5184441024894,166666.66666666666,1.0,4.997037683334099,53493.82937415822,13032.505651929338,-0.008229224943885541
178.49999999998263,booster,13025.109847161299,53494.51571816082,-68.35614194560017,5.952335298281947,68.61481208303505,2.9366735354007085,0.02164999588897594,7984.889083379821,3984.889083379821,166666.66666666666,1.0,5.329929910070592,53494.51571816082,13025.109847161299,-0.007715155246078952
178.60999999998253,booster,13017.467181386648,53495.138665324645,-70.60197121858174,5.372905796309738,70.80611877970338,2.9392179580412434,0.024579574625370106,7978.259722657152,3978.2597226571525,166666.66666666666,1.0,5.675387136461874,53495.138665324645,13017.467181386648,-0.0072064897693984095
178.71999999998243,booster,13009.577289177972,53495.69750829368,-72.85118934209375,4.786687779283491,73.00827465742452,2.94207380523721,0.027312627318710446,7971.6303619344835,3971.630361934484,166666.66666666666,1.0,6.033502960841895,53495.69750829368,13009.577289177972,-0.006704237213047365
178.82999999998233,booster,13001.43979103929,53496.1914626931,-75.10391571933972,4.193004792260281,75.22087107688665,2.9452195882777765,0.02985156460914968,7965.0010012118155,3965.0010012118155,166666.66666666666,1.0,6.404376253641298,53496.1914626931,13001.43979103929,-0.006209343340556351
178.93999999998223,booster,12993.054295267902,53496.619672328365,-77.36025292995595,3.591227387783819,77.44356427449299,2.948634103950627,0.03219916287773218,7958.3716404891475,3958.371640489147,166666.66666666666,1.0,6.788110584048448,53496.619672328365,12993.054295267902,-0.0057226915112188245
179.04999999998213,booster,12984.42039978835,53496.981214325424,-79.6202870552486,2.9807725608741356,79.67606363155654,2.9522964734914807,0.03435854096525702,7951.7422797664785,3951.7422797664785,166666.66666666666,1.0,7.184813679458207,53496.981214325424,12984.42039978835,-0.005245103342990838
179.15999999998203,booster,12975.537693943315,53497.275104205684,-81.88408813381709,2.3611031235561506,81.91812191125229,2.956186178982815,0.03633313708372464,7945.11291904381,3945.11291904381,166666.66666666666,1.0,7.594596918122629,53497.275104205684,12975.537693943315,-0.004777339499334279
179.26999999998193,booster,12966.405760227904,53497.500300888605,-84.15171073170157,1.7317270191759495,84.1695271315036,2.9602830972256844,0.03812668596875196,7938.483558321142,3938.4835583211416,166666.66666666666,1.0,8.017574855116228,53497.500300888605,12966.405760227904,-0.004320100592539499
179.37999999998183,booster,12957.024175955687,53497.65571161574,-86.42319461154645,1.0921965769001176,86.43009580133429,2.96456753111366,0.03974319631869391,7931.854197598474,3931.854197598473,166666.66666666666,1.0,8.453864781451106,53497.65571161574,12957.024175955687,-0.0038740281959654768
179.48999999998173,booster,12947.392514846357,53497.74019678949,-88.6985654857244,0.4421077070118414,88.69966729616262,2.969020238542838,0.041186928563509306,7925.224836875805,3925.2248368758046,166666.66666666666,1.0,8.903586315927175,53497.74019678949,12947.392514846357,-0.003439705957877935
179.59999999998163,booster,12937.51034852658,53497.75257471999,-90.97783583890767,-0.21890096210725785,90.97809918635608,2.973622458896417,0.042462373003752385,7918.595476153136,3918.595476153136,166666.66666666666,1.0,9.366861029077477,53497.75257471999,12937.51034852658,-0.0030176608095001532
179.70999999998153,booster,12927.377247937196,53497.69162627411,-93.26100580619443,-0.8911490041039579,93.26526336493426,2.978355937146674,0.043574228357394156,7911.966115430468,3911.9661154304677,166666.66666666666,1.0,9.843812098368748,53497.69162627411,12927.377247937196,-0.0026083642600047284
179.81999999998143,booster,12916.992784641365,53497.556099419984,-95.54806409358879,-1.5749151703388686,95.56104284605895,2.9832029456211315,0.04452738074954721,7905.3367547078,3905.336754707799,166666.66666666666,1.0,10.334563993643659,53497.556099419984,12916.992784641365,-0.002212233771397524
179.92999999998133,booster,12906.356532029731,53497.344713661434,-97.8389889283807,-2.2704384192214557,97.865329127037,2.9881463034834663,0.045326883177524493,7898.707393985131,3898.7073939851307,166666.66666666666,1.0,10.839242191640805,53497.344713661434,12906.356532029731,-0.001829634206123306
180.03999999998123,booster,12895.468066419919,53497.056164356116,-100.13374902777184,-2.9779189969234268,100.17802002390063,2.993169393983094,0.04597793548109648,7892.078033262462,3892.078033262462,166666.66666666666,1.0,11.357972918303727,53497.056164356116,12895.468066419919,-0.0014608793406280076
180.14999999998113,booster,12884.326968048983,53496.689126912235,-102.43230457492884,-3.6975195668447363,102.49901790494475,2.9982561795305345,0.04648586484523244,7885.448672539794,3885.4486725397937,166666.66666666666,1.0,11.890882917487879,53496.689126912235,12884.326968048983,-0.001106233438074273
180.25999999998103,booster,12872.932821958535,53496.2422608584,-104.73460819251237,-4.429366384868119,104.82822825847282,3.003391214658513,0.0468561068601125,7878.819311817126,3878.8193118171253,166666.66666666666,1.0,12.438099244595525,53496.2422608584,12872.932821958535,-0.000765912873548383
180.36999999998093,booster,12861.28521877335,53495.71421378184,-107.04060590461607,-5.173550517123973,107.16555854088833,3.008559656931348,0.04709418716072316,7872.189951094457,3872.189951094457,166666.66666666666,1.0,12.999749083610864,53495.71421378184,12861.28521877335,-0.0004400878054141127
180.47999999998083,booster,12849.38375537518,53495.103625130505,-109.3502380789458,-5.930129096703613,109.51091725953947,3.0137472758675017,0.04720570366592817,7865.560590371788,3865.5605903717883,166666.66666666666,1.0,13.575959585971116,53495.103625130505,12849.38375537518,-0.0001288838864871769
180.58999999998073,booster,12837.228035474345,53494.40912987497,-111.663440341968,-6.699126615510327,111.86421325166903,3.0189404599422027,0.047196309434556244,7858.93122964912,3858.93122964912,166666.66666666666,1.0,14.16685772969167,53494.40912987497,12837.228035474345,0.00016761599107036255
180.69999999998063,booster,12824.817670082432,53493.629362026455,-113.98014446064784,-7.480536247228145,114.22535512668037,3.024126221738896,0.04707169615372689,7852.301868926452,3852.3018689264513,166666.66666666666,1.0,14.772570197164587,53493.629362026455,12824.817670082432,0.00044936992297238464
180.80999999998053,booster,12812.152277890105,53492.76295800779,-116.30027918527503,-8.27432119721993,116.59425084388887,3.029292201319781,0.04683757827240675,7845.672508203783,3845.672508203783,166666.66666666666,1.0,15.393223270067132,53492.76295800779,12812.152277890105,0.0007163751979979824
180.91999999998043,booster,12799.231485554577,53491.80855987467,-118.62377104873178,-9.080416075040757,118.97080740214297,3.0344266678870375,0.04649967779100724,7839.043147481114,3839.0431474811144,166666.66666666666,1.0,16.028942739849757,53491.80855987467,12799.231485554577,0.0009686664864700484
181.02999999998033,booster,12786.054927901709,53490.764818384814,-120.95054511838543,-9.89872828516992,121.35493062129044,3.0395185198073977,0.04606370971572499,7832.413786758446,3832.413786758446,166666.66666666666,1.0,16.679853832319978,53490.764818384814,12786.054927901709,0.0012063140175226459
181.13999999998023,booster,12772.622248048165,53489.63039591342,-123.28052569758333,-10.72913943152452,123.74652499853723,3.044557283073569,0.04553536818429042,7825.784426035778,3825.7844260357774,166666.66666666666,1.0,17.346081144896765,53489.63039591342,12772.622248048165,0.0014294217501016053
181.24999999998013,booster,12758.93309744928,53488.403969213476,-125.61363697448353,-11.571506731318236,126.14549362537798,3.0495331082766475,0.04492031326782028,7819.155065313109,3819.155065313109,166666.66666666666,1.0,18.027748595179865,53488.403969213476,12758.93309744928,0.0016381255427211482
181.35999999998003,booster,12744.987135878519,53487.084232020345,-127.94980361666806,-12.425664433868192,128.55173815303712,3.05443676616405,0.04422415845158254,7812.52570459044,3812.5257045904405,166666.66666666666,1.0,18.72497937955589,53487.084232020345,12744.987135878519,0.0018325913265269597
181.46999999997993,booster,12730.784031344558,53485.66989750011,-130.2889513106523,-13.291425240028627,130.96515879630275,3.05925964185773,0.043452458795662396,7805.896343867772,3805.896343867772,166666.66666666666,1.0,19.437895940648794,53485.66989750011,12730.784031344558,0.002013013286251877
181.57999999997983,booster,12716.323459952082,53484.15970054203,-132.63100724602089,-14.168581718038823,133.38565436730738,3.0639937278074307,0.04261069977478007,7799.266983145104,3799.2669831451035,166666.66666666666,1.0,20.16661994251291,53484.15970054203,12716.323459952082,0.002179612053161299
181.68999999997973,booster,12701.605105712333,53482.55239989554,-134.97590054448753,-15.056907711711556,135.81312233224884,3.0686316155535724,0.041704286794849145,7792.637622422435,3792.637622422435,166666.66666666666,1.0,20.911272252561965,53482.55239989554,12701.605105712333,0.0023326329141441036
181.79999999997963,booster,12686.628660309478,53480.846780153,-137.32356263468776,-15.956159737053053,138.24745888528065,3.073166486374003,0.04073853538228336,7786.008261699766,3786.0082616997665,166666.66666666666,1.0,21.67197292932454,53480.846780153,12686.628660309478,0.002472344040661374
181.90999999997953,booster,12671.393822828662,53479.04165357966,-139.67392757397516,-16.866078363593022,140.6885590348658,3.0775921008883227,0.039718662040556525,7779.378900977098,3779.378900977098,166666.66666666666,1.0,22.448841215215527,53479.04165357966,12671.393822828662,0.0025990347411579454
182.01999999997943,booster,12655.900299451521,53477.13586179265,-142.02693231889592,-17.786389576909404,143.13631669879533,3.0819027876928287,0.03864977576709113,7772.74954025443,3772.7495402544296,166666.66666666666,1.0,23.24199553361084,53477.13586179265,12655.900299451521,0.0027130137403082346
182.12999999997933,booster,12640.147803124657,53475.128277291195,-144.38251694637094,-18.71680611905381,145.59062480485252,3.086093431098253,0.03753687022221428,7766.120179531761,3766.120179531761,166666.66666666666,1.0,24.051553489610935,53475.128277291195,12640.147803124657,0.002814607488209524
182.23999999997923,booster,12624.136053206397,53473.01780484094,-146.74062482791558,-19.657028803816477,148.05137539476337,3.090159458041522,0.03638481654064978,7759.490818809092,3759.4908188090926,166666.66666666666,1.0,24.877631873970657,53473.01780484094,12624.136053206397,0.002904158502503977
182.34999999997913,booster,12607.86477378505,53470.80335053808,-149.1013565782791,-20.610608964034036,150.51914076074,3.094091303165387,0.03453581214993966,7752.861458086424,3752.861458086424,166666.66666666666,1.0,25.72057951460885,53470.80335053808,12607.86477378505,0.014968719106945324
182.45999999997903,booster,12591.333579959577,53468.47872576753,-151.46600243428506,-21.68225543176259,153.01003265809416,3.0969975566460612,0.013884270534216274,7746.232097363756,3746.2320973637557,166666.66666666666,1.0,26.5861761189827,53468.47872576753,12591.333579959577,0.08096871910694534
182.56999999997893,booster,12574.542384996323,53466.027662755194,-153.82789788715573,-22.896890636486003,155.52263426652857,3.096209095829168,-0.030730697907983523,7739.602736641087,3739.602736641087,166666.66666666666,1.0,27.47441807654563,53466.027662755194,12574.542384996323,0.12
182.67999999997883,booster,12557.49137912998,53463.441232868085,-156.19089362301895,-24.126707464723474,158.04332717279007,3.090154799650693,-0.07935421776386314,7732.973375918418,3732.9733759184187,166666.66666666666,1.0,28.380874462803693,53463.441232868085,12557.49137912998,0.12
182.78999999997873,booster,12540.180264362525,53460.720549743426,-158.5572609169538,-25.33572231767481,160.5686887747586,3.0787496750967396,-0.12801845036561418,7726.34401519575,3726.34401519575,166666.66666666666,1.0,29.30449054194501,53460.720549743426,12540.180264362525,0.12
182.89999999997863,booster,12522.608640784025,53457.868608265926,-160.92745381926764,-26.51107094398675,163.09654280624594,3.0619892560579447,-0.1767231690526814,7719.714654473082,3719.7146544730817,166666.66666666666,1.0,30.244588501378136,53457.868608265926,12522.608640784025,0.12
183.00999999997853,booster,12504.77608684074,53454.88982369029,-163.30137614709204,-27.639792244356713,165.6239643495024,3.03986910237828,-0.22546812882247674,7713.085293750413,3713.0852937504133,166666.66666666666,1.0,31.200152524753147,53454.88982369029,12504.77608684074,0.12
183.11999999997843,booster,12486.682231703258,53451.79004212764,-165.678165480929,-28.70883436505037,168.14711323042687,3.0123848017878476,-0.27425306800376076,7706.455933027744,3706.455933027745,166666.66666666666,1.0,32.1697418466582,53451.79004212764,12486.682231703258,0.12
183.22999999997833,booster,12468.326851613961,53448.576549229765,-168.05597327845084,-29.70508249617015,170.66107371240713,2.9795319716044264,-0.32307771082416137,7699.826572305076,3699.8265723050763,166666.66666666666,1.0,33.15140050834514,53448.576549229765,12468.326851613961,0.12
183.33999999997823,booster,12449.709991266354,53445.258083345776,-170.4316796520436,-30.61460340797303,173.159496912079,2.941307803566417,-0.3718031127849704,7693.197211582408,3693.197211582408,166666.66666666666,1.0,34.142484081542165,53445.258083345776,12449.709991266354,0.1180288473989432
183.44999999997813,booster,12430.832177852148,53441.84552364612,-172.79931801789152,-31.411405910947586,175.631092716383,2.8978299811031194,-0.41819155188283624,7686.567850859739,3686.5678508597393,166666.66666666666,1.0,35.13821138223924,53441.84552364612,12430.832177852148,0.11031154410008577
183.55999999997803,booster,12411.694728883429,53438.35230438086,-175.15088265482177,-32.07932021108338,178.06435488319488,2.849418519395232,-0.4615149655878073,7679.93849013707,3679.938490137071,166666.66666666666,1.0,36.13343973133999,53438.35230438086,12411.694728883429,0.10275531664787123
183.66999999997793,booster,12392.29992128558,53434.79317719454,-177.47683326147612,-32.60816037263231,180.4475504610941,2.7964074262361938,-0.5018308852024137,7673.309129414402,3673.3091294144024,166666.66666666666,1.0,37.12266576256227,53434.79317719454,12392.29992128558,0.09536190338663733
183.77999999997783,booster,12372.651177880298,53431.183937004556,-179.76586282565896,-32.98908868629758,182.7677362386645,2.739125890890227,-0.5391528726292036,7666.679768691734,3666.679768691734,166666.66666666666,1.0,38.09962027218128,53431.183937004556,12372.651177880298,0.08791250659254057
183.88999999997773,booster,12352.753257907776,53427.541263140905,-182.00505757582843,-33.215097138890826,185.01103659275728,2.677903614737789,-0.5734922124705313,7660.050407969065,3660.0504079690654,166666.66666666666,1.0,39.05736780877287,53427.541263140905,12352.753257907776,0.08062839748452011
183.99999999997763,booster,12332.612412551342,53423.88247034281,-184.18022393933504,-33.281572914904324,187.1630785866531,2.613064850560194,-0.6049188042012329,7653.4210472463965,3653.421047246397,166666.66666666666,1.0,39.98848947211282,53423.88247034281,12332.612412551342,0.07353279299973055
184.10999999997753,booster,12312.236516989096,53420.22525822703,-186.2760758972287,-33.18616080603841,189.20913751908057,2.5449261298185433,-0.6335030934095437,7646.7916865237285,3646.7916865237285,166666.66666666666,1.0,40.885160863000486,53420.22525822703,12312.236516989096,0.06662543159622678
184.21999999997743,booster,12291.636071916893,53416.58683484025,-188.09707881609563,-33.05291834591888,190.97907338326488,2.4738074115334165,-0.6570769835865804,7640.764994957666,3640.764994957666,0.0,0.0,41.67148354938035,53416.58683484025,12291.636071916893,0.05990548293375561
184.32999999997733,booster,12270.946730333642,53412.894216217945,-188.0714923238197,-34.08516989424125,191.13525324133136,2.3680955308499367,-0.9999946659036832,7640.764994957666,3640.764994957666,0.0,0.0,41.7578047870288,53412.894216217945,12270.946730333642,0.05990548293375561
184.43999999997723,booster,12250.260638321568,53409.088162896915,-188.0379086482691,-35.11565524646899,191.28869368628054,2.2580958367364152,-0.9999942483021538,7640.764994957666,3640.764994957666,0.0,0.0,41.84360890628811,53409.088162896915,12250.260638321568,0.05990548293375561
184.54999999997713,booster,12229.57868826614,53405.16876793604,-187.99622392501018,-36.14625615036517,191.43963028524263,2.14809616342863,-0.9999939056739509,7640.764994957666,3640.764994957666,0.0,0.0,41.92899769494442,53405.16876793604,12229.57868826614,0.05990548293375561
184.65999999997703,booster,12208.901746130136,53401.135909531935,-187.9470041075864,-37.1789532636503,191.58901565277117,2.0380965066581993,-0.999993642822002,7640.764994957666,3640.764994957666,0.0,0.0,42.01438898426454,53401.135909531935,12208.901746130136,0.05990548293375561
184.76999999997693,booster,12188.230580336987,53396.98925280833,-187.89144918687686,-38.2156053096919,191.73843946045582,1.928096861923503,-0.9999934634801543,7640.764994957666,3640.764994957666,0.0,0.0,42.100483508328175,53396.98925280833,12188.230580336987,0.05990548293375561
184.87999999997683,booster,12167.565795761904,53392.728274309135,-187.8313140913718,-39.25775166252547,191.89000395770512,1.8180972245498963,-0.9999933702682242,7640.764994957666,3640.764994957666,0.0,0.0,42.18821189394035,53392.728274309135,12167.565795761904,0.05990548293375561
184.98999999997673,booster,12146.907779916852,53388.352306510176,-187.76876828252497,-40.30644786545776,192.04614050239965,1.7080975897517676,-0.9999933646682523,7640.764994957666,3640.764994957666,0.0,0.0,42.27865529271628,53388.352306510176,12146.907779916852,0.05990548293375561
185.09999999997663,booster,12126.25666721538,53383.86059875111,-187.70620951865527,-41.36213226344264,192.20938342661586,1.598097952695325,-0.9999934470202256,7640.764994957666,3640.764994957666,0.0,0.0,42.37294666968022,53383.86059875111,12126.25666721538,0.05990548293375561
185.20999999997653,booster,12105.612325950191,53379.25238821288,-187.6460399884164,-42.42459276490977,192.38212597484932,1.4880983085611181,-0.9999936165342227,7640.764994957666,3640.764994957666,0.0,0.0,42.47216350214977,53379.25238821288,12105.612325950191,0.05990548293375561
185.31999999997643,booster,12084.974370140835,53374.52696902601,-187.59044609035374,-43.49301781278754,192.56639910130056,1.3780986526055208,-0.9999938713149535,7640.764994957666,3640.764994957666,0.0,0.0,42.57722980411112,53374.52696902601,12084.974370140835,0.05990548293375561
185.42999999997633,booster,12064.342194102683,53369.68375318457,-187.54120734940986,-44.56609796564625,192.76369352644684,1.2680989802205769,-0.9999942083953295,7640.764994957666,3640.764994957666,0.0,0.0,42.68883647772261,53369.68375318457,12064.342194102683,0.05990548293375561
185.53999999997623,booster,12043.715025746584,53364.722317119194,-187.49955005099028,-45.64218284788097,192.9748432424372,1.158099286991809,-0.9999946237765227,7640.764994957666,3640.764994957666,0.0,0.0,42.80738810315409,53364.722317119194,12043.715025746584,0.05990548293375561
185.64999999997613,booster,12023.091992753998,53359.64242873711,-187.466061676551,-46.719475929423325,193.19998372576637,1.0480995687536665,-0.9999951124732208,7640.764994957666,3640.764994957666,0.0,0.0,42.93298222188916,53359.64242873711,12023.091992753998,0.05990548293375561
185.75999999997603,booster,12002.472194358365,53354.444051962746,-187.4406754454405,-47.796244878869885,193.43858931444845,0.9380998216423342,-0.9999956685642453,7640.764994957666,3640.764994957666,0.0,0.0,43.06542340620768,53354.444051962746,12002.472194358365,0.05990548293375561
185.86999999997593,booster,11981.854772619557,53349.12732768667,-187.42264544159602,-48.87105772770819,193.68951522411118,0.8334830317769861,-0.8815683914112074,7640.764994957666,3640.764994957666,0.0,0.0,43.20423930718148,53349.12732768667,11981.854772619557,0.05990548293375561
185.97999999997583,booster,11961.239005939538,53343.692516062285,-187.4102579921354,-49.943252361502516,193.95085268470328,0.745276072919504,-0.7390681601582424,7640.764994957666,3640.764994957666,0.0,0.0,43.34861323363907,53343.692516062285,11961.239005939538,0.05990548293375561
186.08999999997573,booster,11940.624372969145,53338.13990709391,-187.4017832142744,-51.01286739392697,194.22085622208618,0.6713987742024385,-0.6184398547739596,7640.764994957666,3640.764994957666,0.0,0.0,43.49779606311327,53338.13990709391,11940.624372969145,0.05990548293375561
186.19999999997563,booster,11920.010517406383,53332.469767558054,-187.39594563976894,-52.08023982078016,194.4983080183815,0.6096515307960388,-0.516329311958139,7640.764994957666,3640.764994957666,0.0,0.0,43.65127027608034,53332.469767558054,11920.010517406383,0.05990548293375561
186.30999999997553,booster,11899.397201270573,53326.68232092165,-187.39185372798883,-53.1457954382923,194.78239760404625,0.5581721111650142,-0.4298960129867584,7640.764994957666,3640.764994957666,0.0,0.0,43.80869804038042,53326.68232092165,11899.397201270573,0.05990548293375561
186.41999999997543,booster,11878.784267955454,53320.77774407053,-187.38890388309565,-54.20994418756148,195.07260019625153,0.5153839492498071,-0.3567350629265076,7640.764994957666,3640.764994957666,0.0,0.0,43.96986810851554,53320.77774407053,11878.784267955454,0.05990548293375561
186.52999999997533,booster,11858.171615394911,53314.7561718223,-187.3866955068968,-55.27303725154146,195.36858063671536,0.4799523149207137,-0.2948106632961029,7640.764994957666,3640.764994957666,0.0,0.0,44.13465365671075,53314.7561718223,11858.171615394911,0.05990548293375561
186.63999999997523,booster,11837.559177497486,53308.61770416366,-187.3849659393486,-56.33535663996679,195.67012512860282,0.4507471907755334,-0.24239955679557137,7640.764994957666,3640.764994957666,0.0,0.0,44.30298220353016,53308.61770416366,11837.559177497486,0.05990548293375561
186.74999999997513,booster,11816.946911674477,53302.362413690265,-187.3835441626826,-57.39711979278023,195.97709555831975,0.42681184332560973,-0.1980430492590094,7640.764994957666,3640.764994957666,0.0,0.0,44.47481541043314,53302.362413690265,11816.946911674477,0.05990548293375561
186.85999999997503,booster,11796.334790611118,53295.990352173256,-187.38231922110904,-58.45848976301142,196.28940007563762,0.407336221345171,-0.16050636108115793,7640.764994957666,3640.764994957666,0.0,0.0,44.650136028712105,53295.990352173256,11796.334790611118,0.05990548293375561
186.96999999997493,booster,11775.722796894894,53289.50155592648,-187.3812192210363,-59.519586340685734,196.6069746344936,0.39163444216518617,-0.1287442143669705,7640.764994957666,3640.764994957666,0.0,0.0,44.82893968210172,53289.50155592648,11775.722796894894,0.05990548293375561
187.07999999997483,booster,11755.110919528888,53282.896049997704,-187.38019758040434,-60.58049611300857,196.92977163082685,0.37912573799761057,-0.10187171062982045,7640.764994957666,3640.764994957666,0.0,0.0,45.011229790994086,53282.896049997704,11755.110919528888,0.05990548293375561
187.18999999997473,booster,11734.499151673866,53276.17385134604,-187.37922410403627,-61.64128079689266,197.25775301394876,0.3693183300518078,-0.07913968982666048,7640.764994957666,3640.764994957666,0.0,0.0,45.19701448334373,53276.17385134604,11734.499151673866,0.05990548293375561
187.29999999997463,booster,11713.887489185987,53269.334971201075,-187.37827921644495,-62.70198380532451,197.59088616441596,0.3617957798472819,-0.059913881913493984,7640.764994957666,3640.764994957666,0.0,0.0,45.38630473818839,53269.334971201075,11713.887489185987,0.05990548293375561
187.40999999997453,booster,11693.275929668232,53262.37941678756,-187.37735023943708,-63.76263526221172,197.92914145808473,0.35620543648536435,-0.04365726659238542,7640.764994957666,3640.764994957666,0.0,0.0,45.57911328300687,53262.37941678756,11693.275929668232,0.05990548293375561
187.51999999997443,booster,11672.664471853592,53255.30719257067,-187.37642898688367,-64.82325575193364,198.27249084569766,0.35224865741408223,-0.029915146513252982,7640.764994957666,3640.764994957666,0.0,0.0,45.77545394674172,53255.30719257067,11672.664471853592,0.05990548293375561
187.62999999997433,booster,11652.053115202776,53248.11830114562,-187.37551020634012,-65.88385908048402,198.62090703756076,0.34967252995154774,-0.018302515468876412,7640.764994957666,3640.764994957666,0.0,0.0,45.97534128540791,53248.11830114562,11652.053115202776,0.05990548293375561
187.73999999997423,booster,11631.441859641247,53240.81274386682,-187.37459056548335,-66.94445428533595,198.974363044951,0.34826286288563935,-0.008493367796559459,7640.764994957666,3640.764994957666,0.0,0.0,46.17879036912573,53240.81274386682,11631.441859641247,0.05990548293375561
187.84999999997413,booster,11610.830705386961,53233.3905212883,-187.3736679900402,-68.00504708449911,199.3328319294309,0.34783825301764126,-0.00021164991899733307,7640.764994957666,3640.764994957666,0.0,0.0,46.385816663722046,53233.3905212883,11610.830705386961,0.05990548293375561
187.95999999997403,booster,11590.21965282476,53225.85163350387,-187.37274165606064,-69.06563973660072,199.69628666536283,0.3482450613383628,0.006776391761146872,7640.764994957666,3640.764994957666,0.0,0.0,46.59643596389092,53225.85163350387,11590.21965282476,0.05990548293375561
188.06999999997393,booster,11569.608702331132,53218.19608063474,-187.37181234811942,-70.12623001527389,200.0647000316997,0.3493531576350944,0.012668679719636568,7640.764994957666,3640.764994957666,0.0,0.0,46.81066433820199,53218.19608063474,11569.608702331132,0.05990548293375561
188.17999999997383,booster,11548.997854190864,53210.42386306325,-187.37088077521852,-71.18681588297525,200.43804458744296,0.35105231864214076,0.017632827802880856,7640.764994957666,3640.764994957666,0.0,0.0,47.02851811387886,53210.42386306325,11548.997854190864,0.05990548293375561
188.28999999997373,booster,11528.387108628462,53202.53498134701,-187.36994734467092,-72.24739613682824,200.81629270678349,0.3532491803404854,0.02181079024505231,7640.764994957666,3640.764994957666,0.0,0.0,47.25001389119785,53202.53498134701,11528.387108628462,0.05990548293375561
188.39999999997363,booster,11507.776465835415,53194.52943614297,-187.3690122632032,-73.30797013503181,201.19941660404263,0.35586465700090075,0.025322789664484327,7640.764994957666,3640.764994957666,0.0,0.0,47.47516855329322,53194.52943614297,11507.776465835415,0.05990548293375561
188.50999999997353,booster,11487.165925988245,53186.40722815693,-187.36807560564606,-74.36853760538888,201.58738834988472,0.3588317553425012,0.028270644071694804,7640.764994957666,3640.764994957666,0.0,0.0,47.70399927189473,53186.40722815693,11487.165925988245,0.05990548293375561
188.61999999997343,booster,11466.555489260281,53178.16835811061,-187.36713736162628,-75.42909851237799,201.98017988278096,0.36209372334777207,0.030740584750996544,7640.764994957666,3640.764994957666,0.0,0.0,47.93652351085136,53178.16835811061,11466.555489260281,0.05990548293375561
188.72999999997333,booster,11445.945155829164,53169.81282672093,-187.36619746725393,-76.48965296576647,202.37776301797928,0.3656024825179419,0.03280564286124626,7640.764994957666,3640.764994957666,0.0,0.0,48.17275902850206,53169.81282672093,11445.945155829164,0.05990548293375561
188.83999999997323,booster,11425.334925881494,53161.34063468773,-187.36525582653536,-77.55020115855044,202.78010945522905,0.36931730018470005,0.03452767071682744,7640.764994957666,3640.764994957666,0.0,0.0,48.41272387948848,53161.34063468773,11425.334925881494,0.05990548293375561
188.94999999997313,booster,11404.72479961552,53152.751782687,-187.36431232573108,-78.61074332548073,203.18719078593196,0.37320366513035597,0.035959053634846395,7640.764994957666,3640.764994957666,0.0,0.0,48.65643641633673,53152.751782687,11404.72479961552,0.05990548293375561
189.05999999997303,booster,11384.114777242508,53144.046271367915,-187.36336684286437,-79.67127971594226,203.5989785000644,0.37723233539078294,0.03714415969464998,7640.764994957666,3640.764994957666,0.0,0.0,48.90391529097977,53144.046271367915,11384.114777242508,0.05990548293375561
189.16999999997293,booster,11363.504858987313,53135.22410135223,-187.36241925389822,-80.73181057675899,204.01544399303506,0.38137853187843046,0.0381205675181994,7640.764994957666,3640.764994957666,0.0,0.0,49.15517945630715,53135.22410135223,11363.504858987313,0.05990548293375561
189.27999999997283,booster,11342.89504508836,53126.285273235175,-187.36146943662945,-81.79233614179391,204.43655857254404,0.38562125549741616,0.03892010604675739,7640.764994957666,3640.764994957666,0.0,0.0,49.410248167779805,53126.285273235175,11342.89504508836,0.05990548293375561
189.38999999997273,booster,11322.285335797296,53117.22978758729,-187.36051727302734,-82.85285662613987,204.86229346545954,0.3899427088403982,0.03956973509269819,7640.764994957666,3640.764994957666,0.0,0.0,49.66914098512358,53117.22978758729,11322.285335797296,0.05990548293375561
189.49999999997263,booster,11301.67573137846,53108.057644956585,-187.3595626505219,-83.91337222335912,205.29261982470499,0.394327806451795,0.040092291042438374,7640.764994957666,3640.764994957666,0.0,0.0,49.93187777410335,53108.057644956585,11301.67573137846,0.05990548293375561
189.60999999997253,booster,11281.066232108253,53098.76884587103,-187.3586054625915,-84.97388310469903,205.72750873613882,0.3987637600938723,0.0405071183565757,7640.764994957666,3640.764994957666,0.0,0.0,50.19847870837156,53098.76884587103,11281.066232108253,0.05990548293375561
189.71999999997243,booster,11260.456838274444,53089.363390840976,-187.35764560889393,-86.03438941954585,206.1669312254076,0.40323972752894155,0.04083060435359738,7640.764994957666,3640.764994957666,0.0,0.0,50.46896427138649,53089.363390840976,11260.456838274444,0.05990548293375561
189.82999999997233,booster,11239.847550175507,53079.841280361434,-187.35668299510786,-87.09489129661252,206.61085826475357,0.40774651508979026,0.041076632087030884,7640.764994957666,3640.764994957666,0.0,0.0,50.74335525839263,53079.841280361434,11239.847550175507,0.05990548293375561
189.93999999997223,booster,11219.238368119979,53070.202514914396,-187.35571753259975,-88.15538884552183,207.0592607797595,0.41227632580010926,0.041256963858800406,7640.764994957666,3640.764994957666,0.0,0.0,51.0216727784571,53070.202514914396,11219.238368119979,0.05990548293375561
190.04999999997213,booster,11198.629292425852,53060.44709497071,-187.354749137995,-89.21588215856198,207.5121096560185,0.41682254606827424,0.041381565991318696,7640.764994957666,3640.764994957666,0.0,0.0,51.303938256558126,53060.44709497071,11198.629292425852,0.05990548293375561
190.15999999997203,booster,11178.02032342002,53050.57502099199,-187.35377773270494,-90.27637131247086,207.96937574571626,0.42137956504628343,0.0414588838544402,7640.764994957666,3640.764994957666,0.0,0.0,51.5901734357203,53050.57502099199,11178.02032342002,0.05990548293375561
190.26999999997193,booster,11157.41146143778,53040.58629343216,-187.35280324244513,-91.33685637016043,208.43102987411848,0.4259426216504999,0.04149607476592922,7640.764994957666,3640.764994957666,0.0,0.0,51.880400379195365,53040.58629343216,11157.41146143778,0.05990548293375561
190.37999999997183,booster,11136.802706822386,53030.480912738894,-187.351825596765,-92.39733738232998,208.897042845955,0.4305076750071396,0.041499205217463545,7640.764994957666,3640.764994957666,0.0,0.0,52.17464147268431,53030.480912738894,11136.802706822386,0.05990548293375561
190.48999999997173,booster,11116.194059924655,53020.25887935491,-187.35084472860396,-93.4578143889418,209.36738545169675,0.43507129473440054,0.041473417890144866,7640.764994957666,3640.764994957666,0.0,0.0,52.472919426599766,53020.25887935491,11116.194059924655,0.05990548293375561
190.59999999997163,booster,11095.585521102605,53009.92019371906,-187.3498605738802,-94.5182874205489,209.84202847372077,0.43963056802269096,0.041423073086738676,7640.764994957666,3640.764994957666,0.0,0.0,52.77525727836861,53009.92019371906,11095.585521102605,0.05990548293375561
190.70999999997153,booster,11074.977090721166,52999.46485626731,-187.3488730711154,-95.57875649947536,210.32094269235984,0.44418302093982454,0.041351868499187185,7640.764994957666,3640.764994957666,0.0,0.0,53.08167839477201,52999.46485626731,11074.977090721166,0.05990548293375561
190.81999999997143,booster,11054.368769151899,52988.89286743354,-187.34788216109658,-96.6392216408554,210.80409889183488,0.4487265517821758,0.0412629406298287,7640.764994957666,3640.764994957666,0.0,0.0,53.39220647432418,52988.89286743354,11054.368769151899,0.05990548293375561
190.92999999997133,booster,11033.760556772762,52978.20422765035,-187.34688778657397,-97.69968285354165,211.29146786606827,0.4532593746265551,0.041158950676485624,7640.764994957666,3640.764994957666,0.0,0.0,53.70686554968762,52978.20422765035,11033.760556772762,0.05990548293375561
191.03999999997123,booster,11013.152453967925,52967.398937349666,-187.3458898919927,-98.76014014089407,211.78302042437608,0.4577799715202043,0.04104215726119483,7640.764994957666,3640.764994957666,0.0,0.0,54.02567999012664,52967.398937349666,11013.152453967925,0.05990548293375561
191.14999999997113,booster,10992.54446112758,52956.476996963305,-187.3448884232562,-99.82059350146218,212.27872739703918,0.46228705198567327,0.04091447801785405,7640.764994957666,3640.764994957666,0.0,0.0,54.34867450399816,52956.476996963305,10992.54446112758,0.05990548293375561
191.25999999997103,booster,10971.936578647803,52945.438406923524,-187.3438833275181,-100.88104292957236,212.77855964075172,0.46677951872002915,0.04077754174537063,7640.764994957666,3640.764994957666,0.0,0.0,54.67587414127872,52945.438406923524,10971.936578647803,0.05990548293375561
191.36999999997093,booster,10951.32880693042,52934.283167663336,-187.34287455300029,-101.94148841583207,213.2824880439471,0.47125643853949595,0.04063273257152958,7640.764994957666,3640.764994957666,0.0,0.0,55.00730429613121,52934.283167663336,10951.32880693042,0.05990548293375561
191.47999999997083,booster,10930.721146382899,52923.01127961703,-187.3418620488335,-103.00192994756145,213.79048353200037,0.4757170177659811,0.04048122735140093,7640.764994957666,3640.764994957666,0.0,0.0,55.34299070950654,52923.01127961703,10930.721146382899,0.05990548293375561
191.58999999997073,booster,10910.113597418269,52911.62274322043,-187.34084576491932,-104.06236750916166,214.3025170723086,0.480160581375036,0.0403240273366734,7640.764994957666,3640.764994957666,0.0,0.0,55.682959471785516,52911.62274322043,10910.113597418269,0.05990548293375561
191.69999999997063,booster,10889.506160455023,52900.11755891124,-187.33982565180943,-105.12280108242894,214.8185596792472,0.48458655532903333,0.04016198499355091,7640.764994957666,3640.764994957666,0.0,0.0,56.02723702545774,52900.11755891124,10889.506160455023,0.05990548293375561
191.80999999997053,booster,10868.898835917069,52888.495727129266,-187.33880166060115,-106.18323064682167,215.338582419004,0.4889944516076181,0.03999582671239951,7640.764994957666,3640.764994957666,0.0,0.0,56.37585016783927,52888.495727129266,10868.898835917069,0.05990548293375561
191.91999999997043,booster,10848.291624233663,52876.757248316746,-187.33777374284668,-107.24365617968698,215.86255641429094,0.4933838555222355,0.03982617203850487,7640.764994957666,3640.764994957666,0.0,0.0,56.72882605382849,52876.757248316746,10848.291624233663,0.05990548293375561
192.02999999997033,booster,10827.684525839375,52864.90212291845,-187.3367418504745,-108.30407765645322,216.39045284893317,0.49775441496484,0.03965354995690705,7640.764994957666,3640.764994957666,0.0,0.0,57.08619219870229,52864.90212291845,10827.684525839375,0.05990548293375561
192.13999999997023,booster,10807.077541174043,52852.930351382,-187.33570593572134,-109.36449505079246,216.92224297233759,0.5021058312944922,0.03947841268261331,7640.764994957666,3640.764994957666,0.0,0.0,57.447976480950295,52852.930351382,10807.077541174043,0.05990548293375561
192.24999999997013,booster,10786.470670682744,52840.84193415797,-187.33466595107288,-110.42490833475816,217.4578981038394,0.5064378516109472,0.039301147338378216,7640.764994957666,3640.764994957666,0.0,0.0,57.81420714514925,52840.84193415797,10786.470670682744,0.05990548293375561
192.35999999997003,booster,10765.863914815773,52828.63687170013,-187.333621849213,-111.48531747890127,217.99738963692968,0.5107502622027684,0.039122085843689924,7640.764994957666,3640.764994957666,0.0,0.0,58.184912804878046,52828.63687170013,10765.863914815773,0.05990548293375561
192.46999999996993,booster,10745.257274028612,52816.31516446554,-187.33257358297908,-112.54572245236791,218.5406890433626,0.5150428829900608,0.03894151328902613,7640.764994957666,3640.764994957666,0.0,0.0,58.56012244567243,52816.31516446554,10745.257274028612,0.05990548293375561
192.57999999996983,booster,10724.650748781933,52803.87681291473,-187.33152110532376,-113.60612322298182,219.0877678771448,0.519315562809477,0.03875967502746364,7640.764994957666,3640.764994957666,0.0,0.0,58.93986542802088,52803.87681291473,10724.650748781933,0.05990548293375561
192.68999999996973,booster,10704.044339541579,52791.321817511816,-187.33046436928137,-114.66651975731328,219.63859777840713,0.5235681754124928,0.038576782680158066,7640.764994957666,3640.764994957666,0.0,0.0,59.32417149040201,52791.321817511816,10704.044339541579,0.05990548293375561
192.79999999996963,booster,10683.438046778552,52778.6501787247,-187.32940332793885,-115.72691202073695,220.19315047715943,0.5278006160677157,0.03839301922213171,7640.764994957666,3640.764994957666,0.0,0.0,59.7130707523625,52778.6501787247,10683.438046778552,0.05990548293375561
192.90999999996953,booster,10662.831870969012,52765.86189702515,-187.3283379344105,-116.78729997748006,220.75139779693043,0.5320127986747278,0.03820854328928961,7640.764994957666,3640.764994957666,0.0,0.0,60.10659371763801,52765.86189702515,10662.831870969012,0.05990548293375561
193.01999999996943,booster,10642.225812594279,52752.95697288891,-187.32726814181578,-117.84768359066273,221.31331165829295,0.5362046533111398,0.03802349282600635,7640.764994957666,3640.764994957666,0.0,0.0,60.50477127731622,52752.95697288891,10642.225812594279,0.05990548293375561
193.12999999996933,booster,10621.61987214083,52739.935406795856,-187.32619390325976,-118.9080628223311,221.878864082276,0.5403761241465327,0.037837988174336964,7640.764994957666,3640.764994957666,0.0,0.0,60.90763471304252,52739.935406795856,10621.61987214083,0.05990548293375561
193.23999999996923,booster,10601.0140501003,52726.79719923007,-187.32511517181635,-119.96843763348484,222.44802719366518,0.5445271676671318,0.0376521346904271,7640.764994957666,3640.764994957666,0.0,0.0,61.315215700268865,52726.79719923007,10601.0140501003,0.05990548293375561
193.34999999996913,booster,10580.408346969492,52713.54235068003,-187.324031900513,-121.02880798409957,223.02077322419197,0.548657751163661,0.03746602496060141,7640.764994957666,3640.764994957666,0.0,0.0,61.72754631154605,52713.54235068003,10580.408346969492,0.05990548293375561
193.45999999996903,booster,10559.802763250373,52700.17086163861,-187.32294404231754,-122.08917383314513,223.59707451561425,0.5527678514421167,0.037279740678463534,7640.764994957666,3640.764994957666,0.0,0.0,62.144659019860526,52700.17086163861,10559.802763250373,0.05990548293375561
193.56999999996893,booster,10539.197299450092,52686.68273260332,-187.32185155012613,-123.14953513860023,224.17690352268858,0.5568574537233691,0.037093354235006384,7640.764994957666,3640.764994957666,0.0,0.0,62.566586702015094,52686.68273260332,10539.197299450092,0.05990548293375561
193.67999999996883,booster,10518.591956080987,52673.077964076285,-187.32075437675292,-124.20989185746406,224.76023281603602,0.5609265507027279,0.036906930065700116,7640.764994957666,3640.764994957666,0.0,0.0,62.993362642055416,52673.077964076285,10518.591956080987,0.05990548293375561
193.78999999996873,booster,10497.986733660586,52659.35655656445,-187.31965247492013,-125.27024394576524,225.34703508490273,0.56497514174503,0.0367205257918364,7640.764994957666,3640.764994957666,0.0,0.0,63.42502053474004,52659.35655656445,10497.986733660586,0.05990548293375561
193.89999999996863,booster,10477.381632711616,52645.51851057965,-187.31854579724987,-126.33059135856868,225.9372831398175,0.5690032321945631,0.036534193187674285,7640.764994957666,3640.764994957666,0.0,0.0,63.86159448905869,52645.51851057965,10477.381632711616,0.05990548293375561
194.00999999996853,booster,10456.776653762041,52631.56382663868,-187.31743429625595,-127.39093404998032,226.53094991514646,0.5730108327823011,0.0363479790000941,7640.764994957666,3640.764994957666,0.0,0.0,64.30311903179467,52631.56382663868,10456.776653762041,0.05990548293375561
194.11999999996843,booster,10436.17179734504,52617.492505263486,-187.3163179243367,-128.45127197315054,227.12800847154773,0.5769979591156227,0.03616192564339327,7640.764994957666,3640.764994957666,0.0,0.0,64.74962911113495,52617.492505263486,10436.17179734504,0.05990548293375561
194.22999999996833,booster,10415.567063999039,52603.30454698117,-187.3151966337683,-129.51160508027598,227.728431998327,0.5809646312379524,0.03597607178837055,7640.764994957666,3640.764994957666,0.0,0.0,65.20116010032774,52603.30454698117,10415.567063999039,0.05990548293375561
194.33999999996823,booster,10394.962454267717,52588.999952324186,-187.31407037669885,-130.57193332260022,228.33219381569575,0.5849108732476986,0.035790452861918357,7640.764994957666,3640.764994957666,0.0,0.0,65.65774780138645,52588.999952324186,10394.962454267717,0.05990548293375561
194.44999999996813,booster,10374.357968700033,52574.57872183039,-187.31293910514228,-131.6322566504134,228.9392673769335,0.588836712967485,0.035605101470858734,7640.764994957666,3640.764994957666,0.0,0.0,66.11942844884337,52574.57872183039,10374.357968700033,0.05990548293375561
194.55999999996803,booster,10353.753607850218,52560.040856043146,-187.31180277097292,-132.692575013051,229.549626270456,0.5927421816560616,0.035420047761644285,7640.764994957666,3640.764994957666,0.0,0.0,66.58623871355078,52560.040856043146,10353.753607850218,0.05990548293375561
194.66999999996793,booster,10333.14937227782,52545.386355511466,-187.31066132592028,-133.7528883588918,230.16324422179093,0.5966273137564404,0.0352353197257809,7640.764994957666,3640.764994957666,0.0,0.0,67.0582157065316,52545.386355511466,10333.14937227782,0.05990548293375561
194.77999999996783,booster,10312.545262547692,52530.61522079007,-187.30951472156434,-134.81319663535527,230.78009509546288,0.6004921466748028,0.03505094345928938,7640.764994957666,3640.764994957666,0.0,0.0,67.5353969828801,52530.61522079007,10312.545262547692,0.05990548293375561
194.88999999996773,booster,10291.94127923003,52515.72745243952,-187.3083629093305,-135.87349978889822,231.40015289678868,0.604336720585555,0.03486694338328247,7640.764994957666,3640.764994957666,0.0,0.0,68.01782054571173,52515.72745243952,10291.94127923003,0.05990548293375561
194.99999999996763,booster,10271.337422900378,52500.72305102635,-187.30720584048498,-136.9337977650111,232.02339177358556,0.6081610782586232,0.034683342431619725,7640.764994957666,3640.764994957666,0.0,0.0,68.50552485016432,52500.72305102635,10271.337422900378,0.05990548293375561
195.10999999996753,booster,10250.733694139653,52485.60201712309,-187.3060434661306,-137.9940905082137,232.64978601779345,0.6119652649056735,0.03450016221069942,7640.764994957666,3640.764994957666,0.0,0.0,68.99854880745089,52485.60201712309,10250.733694139653,0.05990548293375561
195.21999999996743,booster,10230.130093534159,52470.36435130848,-187.30487573720214,-139.0543779620505,233.27931006701286,0.6157493280424617,0.034317423135676865,7640.764994957666,3640.764994957666,0.0,0.0,69.49693178896267,52470.36435130848,10230.130093534159,0.05990548293375561
195.32999999996733,booster,10209.52662167561,52455.0100541675,-187.30370260446207,-140.11466006908563,233.9119385059604,0.6195133173649399,0.03413514454672212,7640.764994957666,3640.764994957666,0.0,0.0,70.00071363042615,52455.0100541675,10209.52662167561,0.05990548293375561
195.43999999996723,booster,10188.923279161134,52439.539126291485,-187.3025240184965,-141.17493677089772,234.5476460678436,0.6232572846371095,0.03395334480839922,7640.764994957666,3640.764994957666,0.0,0.0,70.50993463611148,52439.539126291485,10188.923279161134,0.05990548293375561
195.54999999996713,booster,10168.320066593313,52423.95156827827,-187.30133992971085,-142.2352080080738,235.18640763565637,0.6269812835889301,0.03377204139474705,7640.764994957666,3640.764994957666,0.0,0.0,71.0246355830952,52423.95156827827,10168.320066593313,0.05990548293375561
195.65999999996703,booster,10147.716984580193,52408.24738073229,-187.30015028832574,-143.29547372020403,235.82819824339728,0.6306853698228418,0.03359125096228185,7640.764994957666,3640.764994957666,0.0,0.0,71.54485772557612,52408.24738073229,10147.716984580193,0.05990548293375561
195.76999999996693,booster,10127.114033735308,52392.42656426466,-187.29895504437297,-144.35573384587488,236.47299307721192,0.6343696007276886,0.03341098941275732,7640.764994957666,3640.764994957666,0.0,0.0,72.07064279924629,52392.42656426466,10127.114033735308,0.05990548293375561
195.87999999996683,booster,10106.511214677696,52376.48911949333,-187.29775414769134,-145.41598832266317,237.1207674764611,0.6380340353990138,0.033231271947276445,7640.764994957666,3640.764994957666,0.0,0.0,72.60203302571645,52376.48911949333,10106.511214677696,0.05990548293375561
195.98999999996673,booster,10085.908528031927,52360.43504704313,-187.29654754792267,-146.47623708712933,237.7714969347171,0.6416787345648572,0.033052113113072434,7640.764994957666,3640.764994957666,0.0,0.0,73.13907111699831,52360.43504704313,10085.908528031927,0.05990548293375561
196.09999999996663,booster,10065.305974428118,52344.26434754597,-187.29533519450763,-147.53648007481044,238.42515710068832,0.6453037605163148,0.03287352684409805,7640.764994957666,3640.764994957666,0.0,0.0,73.68180028004082,52344.26434754597,10065.305974428118,0.05990548293375561
196.20999999996653,booster,10044.703554501964,52327.97702164089,-187.29411703668188,-148.59671722021338,239.0817237790759,0.6489091770422427,0.032695526496368525,7640.764994957666,3640.764994957666,0.0,0.0,74.23026422132564,52327.97702164089,10044.703554501964,0.05990548293375561
196.31999999996643,booster,10024.101268894747,52311.57306997418,-187.29289302347152,-149.65694845680753,239.74117293136172,0.6524950493675766,0.03251812487886267,7640.764994957666,3640.764994957666,0.0,0.0,74.78450715151861,52311.57306997418,10024.101268894747,0.05990548293375561
196.42999999996633,booster,10003.499118253374,52295.05249319952,-187.2916631036897,-150.7171737170173,240.40348067653173,0.6560614440948156,0.03234133428067501,7640.764994957666,3640.764994957666,0.0,0.0,75.34457379018001,52295.05249319952,10003.499118253374,0.05990548293375561
196.53999999996623,booster,9982.897103230394,52278.41529197808,-187.29042722593195,-151.77739293221464,241.06862329173407,0.6596084291483018,0.03216516649498119,7640.764994957666,3640.764994957666,0.0,0.0,75.91050937053247,52278.41529197808,9982.897103230394,0.05990548293375561
196.64999999996613,booster,9962.29522448402,52261.66146697864,-187.2891853385723,-152.83760603271142,241.73657721287526,0.6631360737209671,0.03198963284031885,7640.764994957666,3640.764994957666,0.0,0.0,76.48235964428963,52261.66146697864,9962.29522448402,0.05990548293375561
196.75999999996603,booster,9941.693482678163,52244.791018877695,-187.28793738975918,-153.89781294775113,242.40731903515484,0.6666444482232824,0.03181474417957905,7640.764994957666,3640.764994957666,0.0,0.0,77.06017088654369,52244.791018877695,9941.693482678163,0.05990548293375561
196.86999999996593,booster,9921.091878482439,52227.80394835957,-187.28668332741128,-154.95801360550126,243.08082551354138,0.6701336242341761,0.031640510937075136,7640.764994957666,3640.764994957666,0.0,0.0,77.64398990071389,52227.80394835957,9921.091878482439,0.05990548293375561
196.97999999996583,booster,9900.490412572211,52210.70025611659,-187.2854230992132,-156.01820793304464,243.75707356318927,0.6736036744537299,0.031466943113968436,7640.764994957666,3640.764994957666,0.0,0.0,78.23386402355578,52210.70025611659,9900.490412572211,0.05990548293375561
197.08999999996573,booster,9879.889085628618,52193.479942849124,-187.28415665261156,-157.0783958563714,244.4360402598006,0.677054672657486,0.03129405030230224,7640.764994957666,3640.764994957666,0.0,0.0,78.82984113023345,52193.479942849124,9879.889085628618,0.05990548293375561
197.19999999996563,booster,9859.287898338582,52176.143009265754,-187.28288393481046,-158.13857730037014,245.1177028399312,0.6804866936522252,0.03112184169786287,7640.764994957666,3640.764994957666,0.0,0.0,79.43196963945371,52176.143009265754,9859.287898338582,0.05990548293375561
197.30999999996553,booster,9838.686851394847,52158.6894560834,-187.28160489276746,-159.19875218881933,245.80203870124384,0.6838998132330987,0.0309503261120281,7640.764994957666,3640.764994957666,0.0,0.0,80.04029851866275,52158.6894560834,9838.686851394847,0.05990548293375561
197.41999999996543,booster,9818.085945496014,52141.119284027416,-187.28031947318934,-160.25892044437848,246.48902540270936,0.6872941081420101,0.030779511982771034,7640.764994957666,3640.764994957666,0.0,0.0,80.65487728930843,52141.119284027416,9818.085945496014,0.05990548293375561
197.52999999996533,booster,9797.485181346554,52123.432493831715,-187.27902762252765,-161.319081988579,247.17864066475758,0.6906696560271619,0.030609407384926523,7640.764994957666,3640.764994957666,0.0,0.0,81.27575603216626,52123.432493831715,9797.485181346554,0.05990548293375561
197.63999999996523,booster,9776.884559656839,52105.62908623893,-187.27772928697433,-162.37923674181505,247.8708623693791,0.6940265354036973,0.030440020039841417,7640.764994957666,3640.764994957666,0.0,0.0,81.90298539273034,52105.62908623893,9776.884559656839,0.05990548293375561
197.74999999996513,booster,9756.284081143178,52087.70906200049,-187.27642441245777,-163.43938462333423,248.56566856017986,0.697364825615365,0.03027135732448859,7640.764994957666,3640.764994957666,0.0,0.0,82.53661658667166,52087.70906200049,9756.284081143178,0.05990548293375561
197.85999999996503,booster,9735.68374652785,52069.67242187678,-187.27511294463798,-164.49952555122815,249.2630374423895,0.700684606797163,0.030103426280126667,7640.764994957666,3640.764994957666,0.0,0.0,83.17670140536194,52069.67242187678,9735.68374652785,0.05990548293375561
197.96999999996493,booster,9715.083556539113,52051.51916663724,-187.2737948289025,-165.55965944242254,249.96294738282472,0.7039859598389084,0.029936233620555402,7640.764994957666,3640.764994957666,0.0,0.0,83.82329222146615,52051.51916663724,9715.083556539113,0.05990548293375561
198.07999999996483,booster,9694.48351191126,52033.24929706055,-187.2724700103618,-166.61978621266775,250.6653769098097,0.7072689663496956,0.029769785740039988,7640.764994957666,3640.764994957666,0.0,0.0,84.47644199460217,52033.24929706055,9694.48351191126,0.05990548293375561
198.18999999996473,booster,9673.883613384629,52014.86281393469,-187.27113843384475,-167.6799057765285,251.37030471305422,0.7105337086232062,0.029604088720930965,7640.764994957666,3640.764994957666,0.0,0.0,85.13620427707077,52014.86281393469,9673.883613384629,0.05990548293375561
198.29999999996463,booster,9653.283861705644,51996.35971805714,-187.26980004389452,-168.74001804737398,252.07770964349135,0.7137802696038433,0.02943914834102497,7640.764994957666,3640.764994957666,0.0,0.0,85.80263321965414,51996.35971805714,9653.283861705644,0.05990548293375561
198.40999999996453,booster,9632.684257626845,51977.74001023492,-187.2684547847636,-169.80012293736752,252.78757071307555,0.7170087328536603,0.029274970080697047,7640.764994957666,3640.764994957666,0.0,0.0,86.47578357748687,51977.74001023492,9632.684257626845,0.05990548293375561
198.51999999996443,booster,9612.084801906922,51959.00369128482,-187.26710260040952,-170.86022035745594,253.49986709454248,0.7202191825200613,0.029111559129830406,7640.764994957666,3640.764994957666,0.0,0.0,87.155710715996,51959.00369128482,9612.084801906922,0.05990548293375561
198.62999999996433,booster,9591.485495310746,51940.15076203348,-187.26574343449016,-171.92031021735934,254.21457812113246,0.7234117033042551,0.028948920394561702,7640.764994957666,3640.764994957666,0.0,0.0,87.84247061691511,51940.15076203348,9591.485495310746,0.05990548293375561
198.73999999996423,booster,9570.886338609402,51921.181223317566,-187.2643772303592,-172.98039242556004,254.93168328627775,0.726586380430437,0.028787058503872424,7640.764994957666,3640.764994957666,0.0,0.0,88.53611988437063,51921.181223317566,9570.886338609402,0.05990548293375561
198.84999999996413,booster,9550.287332580223,51902.09507598383,-187.26300393106172,-174.04046688929174,255.65116224325578,0.7297432996156918,0.028625977816013077,7640.764994957666,3640.764994957666,0.0,0.0,89.23671575104242,51902.09507598383,9550.287332580223,0.05990548293375561
198.95999999996403,booster,9529.688478006827,51882.89232088933,-187.26162347932902,-175.10053351452837,256.3729948048087,0.7328825470405915,0.028465682424818124,7640.764994957666,3640.764994957666,0.0,0.0,89.94431608439848,51882.89232088933,9529.688478006827,0.05990548293375561
199.06999999996393,booster,9509.089775679136,51863.572958901554,-187.26023581757426,-176.16059220597313,257.0971609427313,0.7360042093204807,0.028306176165875063,7640.764994957666,3640.764994957666,0.0,0.0,90.65897939300542,51863.572958901554,9509.089775679136,0.05990548293375561
199.17999999996383,booster,9488.491226393444,51844.13699089848,-187.25884088788777,-177.2206428670467,257.82364078742773,0.7391083734774346,0.028147462622586883,7640.764994957666,3640.764994957666,0.0,0.0,91.38076483291596,51844.13699089848,9488.491226393444,0.05990548293375561
199.28999999996373,booster,9467.892830952425,51824.584417768834,-187.25743863203226,-178.28068539987598,258.5524146274385,0.742195126912878,0.027989545132120666,7640.764994957666,3640.764994957666,0.0,0.0,92.10973221413214,51824.584417768834,9467.892830952425,0.05990548293375561
199.39999999996363,booster,9447.294590165173,51804.91524041218,-187.25602899143792,-179.34071970528217,259.28346290893836,0.745264557380849,0.0278324267912602,7640.764994957666,3640.764994957666,0.0,0.0,92.84594200714805,51804.91524041218,9447.294590165173,0.05990548293375561
199.50999999996353,booster,9426.696504847243,51785.12945973902,-187.25461190719764,-180.40074568276887,260.01676623520694,0.7483167529619035,0.02767611046215075,7640.764994957666,3640.764994957666,0.0,0.0,93.58945534957112,51785.12945973902,9426.696504847243,0.05990548293375561
199.61999999996343,booster,9406.098575820695,51765.22707667106,-187.25318732006235,-181.46076323051014,260.7523053660727,0.751351802037646,0.02752059877795716,7640.764994957666,3640.764994957666,0.0,0.0,94.34033405282256,51765.22707667106,9406.098575820695,0.05990548293375561
199.72999999996333,booster,9385.500803914121,51745.20809214119,-187.25175517043584,-182.52077224533815,261.4900612173309,0.7543697932658752,0.027365894148427432,7640.764994957666,3640.764994957666,0.0,0.0,95.09864060892032,51745.20809214119,9385.500803914121,0.05990548293375561
199.83999999996323,booster,9364.903189962684,51725.072507093784,-187.25031539837022,-183.5807726227308,262.23001486013743,0.7573708155563383,0.027211998765364325,7640.764994957666,3640.764994957666,0.0,0.0,95.86443819734157,51725.072507093784,9364.903189962684,0.05990548293375561
199.94999999996313,booster,9344.305734808175,51704.820322484775,-187.24886794356058,-184.64076425679906,262.97214752037877,0.7603549580470809,0.027058914608020384,7640.764994957666,3640.764994957666,0.0,0.0,96.63779069196951,51704.820322484775,9344.305734808175,0.05990548293375561
200.05999999996303,booster,9323.708439299024,51684.45153928182,-187.24741274534037,-185.70074704027425,263.71644057801893,0.7633223100813853,0.02690664344839502,7640.764994957666,3640.764994957666,0.0,0.0,97.41876266812294,51684.45153928182,9323.708439299024,0.05990548293375561
200.16999999996293,booster,9303.111304290358,51663.966158464435,-187.24594974267626,-186.76072086449537,264.4628755664258,0.7662729611852863,0.02675518685646167,7640.764994957666,3640.764994957666,0.0,0.0,98.20741940967106,51663.966158464435,9303.111304290358,0.05990548293375561
200.27999999996283,booster,9282.514330644048,51643.36418102418,-187.24447887416304,-187.82068561939562,265.2114341716751,0.7692070010456583,0.026604546205305012,7640.764994957666,3640.764994957666,0.0,0.0,99.00382691623292,51643.36418102418,9282.514330644048,0.05990548293375561
200.38999999996273,booster,9261.917519228724,51622.6456079648,-187.24300007801864,-188.88064119348928,265.9620982318355,0.7721245194888617,0.026454722676173603,7640.764994957666,3640.764994957666,0.0,0.0,99.80805191046392,51622.6456079648,9261.917519228724,0.05990548293375561
200.49999999996263,booster,9241.320870919844,51601.810440302375,-187.24151329207908,-189.9405874738582,266.7148497362346,0.7750256064599396,0.02630571726346519,7640.764994957666,3640.764994957666,0.0,0.0,100.6201618454297,51601.810440302375,9241.320870919844,0.05990548293375561
200.60999999996253,booster,9220.72438659972,51580.8586790655,-187.24001845379325,-191.0005243461383,267.46967082470604,0.7779103520023593,0.026157530779618833,7640.764994957666,3640.764994957666,0.0,0.0,101.44022491206823,51580.8586790655,9220.72438659972,0.05990548293375561
200.71999999996243,booster,9200.128067157575,51559.79032529542,-187.2385155002178,-192.06045169450536,268.2265437868198,0.7807788462382869,0.026010163859933686,7640.764994957666,3640.764994957666,0.0,0.0,102.2683100467422,51559.79032529542,9200.128067157575,0.05990548293375561
200.82999999996233,booster,9179.53191348956,51538.6053800462,-187.2370043680119,-193.1203694016617,268.98545106109583,0.7836311793493862,0.025863616967315206,7640.764994957666,3640.764994957666,0.0,0.0,103.104486938881,51538.6053800462,9179.53191348956,0.05990548293375561
200.93999999996223,booster,9158.935926498832,51517.303844384915,-187.23548499343207,-194.1802773488213,269.746375234202,0.7864674415581365,0.025717890396929437,7640.764994957666,3640.764994957666,0.0,0.0,103.94882603871483,51517.303844384915,9158.935926498832,0.05990548293375561
201.04999999996213,booster,9138.340107095579,51495.88571939175,-187.23395731232688,-195.2401754156959,270.5092990401364,0.7892877231096571,0.02557298428079199,7640.764994957666,3640.764994957666,0.0,0.0,104.80139856510151,51495.88571939175,9138.340107095579,0.05990548293375561
201.15999999996203,booster,9117.744456197064,51474.35100616022,-187.23242126013167,-196.30006348048008,271.27420535939626,0.7920921142540319,0.025428898592272448,7640.764994957666,3640.764994957666,0.0,0.0,105.66227651344697,51474.35100616022,9117.744456197064,0.05990548293375561
201.26999999996193,booster,9097.148974727674,51452.69970579731,-187.23087677186325,-197.35994141983684,272.0410772181327,0.7948807052291236,0.025285633150526142,7640.764994957666,3640.764994957666,0.0,0.0,106.5315326637203,51452.69970579731,9097.148974727674,0.05990548293375561
201.37999999996183,booster,9076.553663618974,51430.9318194237,-187.22932378211445,-198.4198091088825,272.8098977872929,0.797653586243874,0.02514318762484534,7640.764994957666,3640.764994957666,0.0,0.0,107.40924058856444,51430.9318194237,9076.553663618974,0.05990548293375561
201.48999999996173,booster,9055.95852380974,51409.047348173845,-187.22776222504882,-199.47966642117152,273.58065038174993,0.8004108474620754,0.025001561538938486,7640.764994957666,3640.764994957666,0.0,0.0,108.2954746615048,51409.047348173845,9055.95852380974,0.05990548293375561
201.59999999996163,booster,9035.36355624603,51387.04629319622,-187.22619203439513,-200.5395132286813,274.3533184594213,0.8031525789866089,0.02486075427512752,7640.764994957666,3640.764994957666,0.0,0.0,109.19031006525556,51387.04629319622,9035.36355624603,0.05990548293375561
201.70999999996152,booster,9014.76876188119,51364.92865565346,-187.22461314344199,-201.59934940179664,275.1278856203769,0.8058788708441404,0.024720765078477876,7640.764994957666,3640.764994957666,0.0,0.0,110.09382280012545,51364.92865565346,9014.76876188119,0.05990548293375561
201.81999999996142,booster,8994.174141675945,51342.694436722566,-187.2230254850321,-202.65917480929392,275.90433560593596,0.8085898129702663,0.024581593060847267,7640.764994957666,3640.764994957666,0.0,0.0,111.00608969252261,51342.694436722566,8994.174141675945,0.05990548293375561
201.92999999996132,booster,8973.57969659843,51320.343637595026,-187.22142899155705,-203.71898931832538,276.6826522977554,0.8112854951951001,0.024443237204859823,7640.764994957666,3640.764994957666,0.0,0.0,111.92718840356422,51320.343637595026,8973.57969659843,0.05990548293375561
202.03999999996122,booster,8952.985427624248,51297.876259477074,-187.2198235949514,-204.7787927944028,277.46281971690854,0.8139660072292902,0.024305696367810978,7640.764994957666,3640.764994957666,0.0,0.0,112.85719743778502,51297.876259477074,8952.985427624248,0.05990548293375561
202.14999999996112,booster,8932.391335736504,51275.29230358979,-187.21820922668738,-205.83858510138137,278.24482202295576,0.8166314386504655,0.024168969285493055,7640.764994957666,3640.764994957666,0.0,0.0,113.79619615195327,51275.29230358979,8932.391335736504,0.05990548293375561
202.25999999996102,booster,8911.797421925867,51252.591771169355,-187.21658581776907,-206.8983661014431,279.02864351300724,0.8192818788900958,0.024033054575950934,7640.764994957666,3640.764994957666,0.0,0.0,114.74426476398972,51252.591771169355,8911.797421925867,0.05990548293375561
202.36999999996092,booster,8891.20368719063,51229.77466346718,-187.2149532987265,-207.95813565508004,279.8142686207782,0.8219174172207608,0.023897950743167112,7640.764994957666,3640.764994957666,0.0,0.0,115.7014843619938,51229.77466346718,8891.20368719063,0.05990548293375561
202.47999999996082,booster,8870.61013253675,51206.84098175011,-187.21331159961036,-209.01789362107746,280.601681915638,0.8245381427438208,0.023763656180667468,7640.764994957666,3640.764994957666,0.0,0.0,116.66793691337837,51206.84098175011,8870.61013253675,0.05990548293375561
202.58999999996072,booster,8850.016758977903,51183.79072730065,-187.21166064998587,-210.0776398564967,281.39086810165213,0.8271441443774784,0.02363016917506509,7640.764994957666,3640.764994957666,0.0,0.0,117.64370527411131,51183.79072730065,8850.016758977903,0.05990548293375561
202.69999999996062,booster,8829.423567535538,51160.623901417086,-187.21000037892708,-211.13737421665775,282.18181201661963,0.82973551084523,0.023497487909522857,7640.764994957666,3640.764994957666,0.0,0.0,118.62887319806994,51160.623901417086,8829.423567535538,0.05990548293375561
202.80999999996052,booster,8808.83055923894,51137.34050541377,-187.20833071501102,-212.19709655512182,282.9744986311039,0.8323123306646866,0.023365610467159348,7640.764994957666,3640.764994957666,0.0,0.0,119.62352534650466,51137.34050541377,8808.83055923894,0.05990548293375561
202.91999999996042,booster,8788.237735125273,51113.94054062119,-187.20665158631186,-213.2568067236734,283.76891304746005,0.834874692136772,0.02323453483437088,7640.764994957666,3640.764994957666,0.0,0.0,120.62774729761779,51113.94054062119,8788.237735125273,0.05990548293375561
203.02999999996032,booster,8767.645096239643,51090.42400838628,-187.20496292039476,-214.3165045723025,284.565040498857,0.8374226833352792,0.02310425890409486,7640.764994957666,3640.764994957666,0.0,0.0,121.64162555625462,51090.42400838628,8767.645096239643,0.05990548293375561
203.13999999996022,booster,8747.052643635156,51066.790910072574,-187.20326464431017,-215.3761899491861,285.3628663482961,0.8399563920967819,0.022974780478999264,7640.764994957666,3640.764994957666,0.0,0.0,122.66524756371042,51066.790910072574,8747.052643635156,0.05990548293375561
203.24999999996012,booster,8726.46037837296,51043.04124706039,-187.2015566845876,-216.43586270067013,286.1623760876265,0.8424759060108927,0.02284609727460878,7640.764994957666,3640.764994957666,0.0,0.0,123.69870170765587,51043.04124706039,8726.46037837296,0.05990548293375561
203.35999999996002,booster,8705.868301522323,51019.17502074706,-187.19983896722962,-217.4955226712506,286.96355533655696,0.8449813124108614,0.022718206922364356,7640.764994957666,3640.764994957666,0.0,0.0,124.74207733217855,51019.17502074706,8705.868301522323,0.05990548293375561
203.46999999995992,booster,8685.276414160679,50995.19223254712,-187.1981114177058,-218.5551697035546,287.7663898416654,0.8474726983645061,0.02259110697261282,7640.764994957666,3640.764994957666,0.0,0.0,125.7954647479463,50995.19223254712,8685.276414160679,0.05990548293375561
203.57999999995982,booster,8664.68471737369,50971.09288389252,-187.19637396094637,-219.61480363832158,288.57086547540626,0.8499501506654698,0.02246479489753452,7640.764994957666,3640.764994957666,0.0,0.0,126.85895524248959,50971.09288389252,8664.68471737369,0.05990548293375561
203.68999999995972,booster,8644.093212255306,50946.87697623284,-187.19462652133626,-220.67442431438351,289.37696823511567,0.852413755824793,0.022339268094007037,7640.764994957666,3640.764994957666,0.0,0.0,127.93264109060817,50946.87697623284,8644.093212255306,0.05990548293375561
203.79999999995962,booster,8623.501899907827,50922.544511035485,-187.19286902270872,-221.73403156864592,290.1846842420155,0.8548636000628002,0.022214523886404942,7640.764994957666,3640.764994957666,0.0,0.0,129.01661556490134,50922.544511035485,8623.501899907827,0.05990548293375561
203.90999999995952,booster,8602.910781441957,50898.09548978591,-187.19110138833892,-222.79362523606747,290.9939997402157,0.8572997693012889,0.02209055952933627,7640.764994957666,3640.764994957666,0.0,0.0,130.11097294642238,50898.09548978591,8602.910781441957,0.05990548293375561
204.01999999995942,booster,8582.319857976872,50873.529913987855,-187.18932354093803,-223.85320514964044,291.8049010957167,0.859722349156016,0.021967372210317703,7640.764994957666,3640.764994957666,0.0,0.0,131.21580853546217,50873.529913987855,8582.319857976872,0.05990548293375561
204.12999999995932,booster,8561.72913064028,50848.8477851635,-187.1875354026461,-224.91277114037018,292.61737479540994,0.8621314249294763,0.02184495905239049,7640.764994957666,3640.764994957666,0.0,0.0,132.33121866245963,50848.8477851635,8561.72913064028,0.05990548293375561
204.23999999995922,booster,8541.138600568494,50824.04910485375,-187.18573689502637,-225.9723230372547,293.43140744608,0.8645270816039627,0.021723317116671047,7640.764994957666,3640.764994957666,0.0,0.0,133.4573006990426,50824.04910485375,8541.138600568494,0.05990548293375561
204.34999999995912,booster,8520.548268906477,50799.13387461842,-187.18392793905838,-227.03186066726389,294.2469857734052,0.8669094038349057,0.021602443404851644,7640.764994957666,3640.764994957666,0.0,0.0,134.59415306920107,50799.13387461842,8520.548268906477,0.05990548293375561
204.45999999995902,booster,8499.958136807925,50774.102096036484,-187.18210845513147,-228.0913838553185,295.06409662095933,0.8692784759444833,0.021482334861632438,7640.764994957666,3640.764994957666,0.0,0.0,135.74187526059143,50774.102096036484,8499.958136807925,0.05990548293375561
204.56999999995892,booster,8479.368205435314,50748.953770706285,-187.1802783630383,-229.15089242426885,295.8827269492144,0.8716343819154944,0.02136298837710424,7640.764994957666,3640.764994957666,0.0,0.0,136.9005678359786,50748.953770706285,8479.368205435314,0.05990548293375561
204.67999999995882,booster,8458.778475959982,50723.688900245754,-187.17843758196813,-230.21038619487354,296.70286383454334,0.8739772053854932,0.021244400789067978,7640.764994957666,3640.764994957666,0.0,0.0,138.07033244481167,50723.688900245754,8458.778475959982,0.05990548293375561
204.78999999995872,booster,8438.18894956219,50698.307486292666,-187.17658603050003,-231.26986498577745,297.5244944682251,0.8763070296411717,0.021126568885306892,7640.764994957666,3640.764994957666,0.0,0.0,139.2512718349391,50698.307486292666,8438.18894956219,0.05990548293375561
204.89999999995862,booster,8417.599627431191,50672.80953050487,-187.17472362659637,-232.3293286134899,298.34760615545036,0.8786239376129935,0.02100948940579408,7640.764994957666,3640.764994957666,0.0,0.0,140.4434898644624,50672.80953050487,8417.599627431191,0.05990548293375561
205.00999999995852,booster,8397.01051076529,50647.19503456049,-187.172850287596,-233.38877689236233,299.1721863143292,0.8809280118700636,0.020893159044853452,7640.764994957666,3640.764994957666,0.0,0.0,141.64709151373324,50647.19503456049,8397.01051076529,0.05990548293375561
205.11999999995842,booster,8376.421600771926,50621.464000158216,-187.1709659302071,-234.44820963456561,299.9982224749006,0.8832193346152326,0.020777574453265352,7640.764994957666,3640.764994957666,0.0,0.0,142.86218289749033,50621.464000158216,8376.421600771926,0.05990548293375561
205.22999999995832,booster,8355.832898667732,50595.61642901753,-187.16907047050069,-235.50762665006766,300.82570227814466,0.8854979876804324,0.02066273224031827,7640.764994957666,3640.764994957666,0.0,0.0,144.08887127714308,50595.61642901753,8355.832898667732,0.05990548293375561
205.33999999995822,booster,8335.2444056786,50569.65232287889,-187.1671638239033,-236.56702774660994,301.65461347499587,0.8877640525222319,0.020548628975813204,7640.764994957666,3640.764994957666,0.0,0.0,145.32726507320297,50569.65232287889,8335.2444056786,0.05990548293375561
205.44999999995812,booster,8314.65612303978,50543.571683504095,-187.1652459051902,-237.6264127296844,302.48494392536077,0.8900176102176114,0.02043526119201347,7640.764994957666,3640.764994957666,0.0,0.0,146.5774738778587,50543.571683504095,8314.65612303978,0.05990548293375561
205.55999999995802,booster,8294.06805199592,50517.3745126764,-187.16331662847833,-238.6857814025099,303.3166815971366,0.8922587414599468,0.020322625385548476,7640.764994957666,3640.764994957666,0.0,0.0,147.83960846770688,50517.3745126764,8294.06805199592,0.05990548293375561
205.66999999995792,booster,8273.480193801151,50491.06081220087,-187.16137590721883,-239.745133566008,304.1498145652341,0.8944875265552037,0.02021071801926558,7640.764994957666,3640.764994957666,0.0,0.0,149.1137808166296,50491.06081220087,8273.480193801151,0.05990548293375561
205.77999999995782,booster,8252.892549719165,50464.63058390458,-187.15942365419045,-240.80446901877932,304.9843310106029,0.896704045418328,0.02009953552403731,7640.764994957666,3640.764994957666,0.0,0.0,150.4001041088288,50464.63058390458,8252.892549719165,0.05990548293375561
205.88999999995772,booster,8232.305121023282,50438.08382963692,-187.15745978149158,-241.86378755707867,305.82021921926014,0.898908377569836,0.019989074300519948,7640.764994957666,3640.764994957666,0.0,0.0,151.69869275201407,50438.08382963692,8232.305121023282,0.05990548293375561
205.99999999995762,booster,8211.717908996538,50411.42055126978,-187.15548420053364,-242.92308897479063,306.65746758132315,0.9011006021325935,0.01987933072086683,7640.764994957666,3640.764994957666,0.0,0.0,153.00966239074978,50411.42055126978,8211.717908996538,0.05990548293375561
206.10999999995752,booster,8191.130914931739,50384.64075069786,-187.15349682203322,-243.98237306340428,307.49606459004474,0.9032807978287809,0.019770301130393658,7640.764994957666,3640.764994957666,0.0,0.0,154.3331299199602,50384.64075069786,8191.130914931739,0.05990548293375561
206.21999999995742,booster,8170.544140131564,50357.74442983896,-187.15149755600487,-245.04163961198805,308.3359988408534,0.9054490429770384,0.019661981849206558,7640.764994957666,3640.764994957666,0.0,0.0,155.6692134985944,50357.74442983896,8170.544140131564,0.05990548293375561
206.32999999995732,booster,8149.957585908619,50330.731590634176,-187.1494863117536,-246.10088840716426,309.1772590303963,0.9076054154897893,0.01955436917377678,7640.764994957666,3640.764994957666,0.0,0.0,157.0180325634578,50330.731590634176,8149.957585908619,0.05990548293375561
206.43999999995722,booster,8129.371253585531,50303.60223504826,-187.1474629978672,-247.1601192330831,310.01983395558733,0.9097499928707322,0.019447459378483488,7640.764994957666,3640.764994957666,0.0,0.0,158.37970784320453,50303.60223504826,8129.371253585531,0.05990548293375561
206.54999999995712,booster,8108.785144495018,50276.35636506979,-187.14542752220882,-248.21933187139624,310.86371251265825,0.9118828522125004,0.019341248717103212,7640.764994957666,3640.764994957666,0.0,0.0,159.75436137250136,50276.35636506979,8108.785144495018,0.05990548293375561
206.65999999995702,booster,8088.199259979979,50248.993982711545,-187.1433797919091,-249.27852610123074,311.7088836962153,0.9140040701944838,0.019235733424269357,7640.764994957666,3640.764994957666,0.0,0.0,161.14211650635625,50248.993982711545,8088.199259979979,0.05990548293375561
206.76999999995692,booster,8067.613601393566,50221.515090010704,-187.14131971335837,-250.33770169916193,312.555336598299,0.916113723080809,0.019130909716885056,7640.764994957666,3640.764994957666,0.0,0.0,162.5430979346214,50221.515090010704,8067.613601393566,0.05990548293375561
206.87999999995682,booster,8047.028170099269,50193.919689029186,-187.1392471921991,-251.39685843918662,313.40306040744946,0.9182118867184705,0.019026773795498074,7640.764994957666,3640.764994957666,0.0,0.0,163.95743169666738,50193.919689029186,8047.028170099269,0.05990548293375561
206.98999999995672,booster,8026.442967470998,50166.207781853926,-187.13716213331787,-252.45599609269541,314.2520444077759,0.9202986365356146,0.018923321845633733,7640.764994957666,3640.764994957666,0.0,0.0,165.38524519623363,50166.207781853926,8026.442967470998,0.05990548293375561
207.09999999995662,booster,8005.85799489317,50138.379370597126,-187.13506444083725,-253.51511442844506,315.1022779780304,0.9223740475399619,0.018820550039100527,7640.764994957666,3640.764994957666,0.0,0.0,166.82666721645634,50138.379370597126,8005.85799489317,0.05990548293375561
207.20999999995652,booster,7985.273253760789,50110.434457396565,-187.13295401810817,-254.57421321253028,315.95375059068726,0.9244381943173765,0.018718454535247123,7640.764994957666,3640.764994957666,0.0,0.0,168.28182793507526,50110.434457396565,7985.273253760789,0.05990548293375561
207.31999999995642,booster,7964.688745479534,50082.37304441593,-187.13083076770138,-255.63329220835578,316.8064518110272,0.9264911510305692,0.018617031482186696,7640.764994957666,3640.764994957666,0.0,0.0,169.75085893982268,50082.37304441593,7964.688745479534,0.05990548293375561
207.42999999995632,booster,7944.104471465844,50054.19513384507,-187.1286945913997,-256.692351176607,317.66037129622555,0.9285329914179329,0.018516277017991977,7640.764994957666,3640.764994957666,0.0,0.0,171.23389324399605,50054.19513384507,7944.104471465844,0.05990548293375561
207.53999999995622,booster,7923.520433147007,50025.90072790029,-187.12654539018934,-257.7513898752215,318.51549879444644,0.9305637887925083,0.018416187271844995,7640.764994957666,3640.764994957666,0.0,0.0,172.73106530221776,50025.90072790029,7923.520433147007,0.05990548293375561
207.64999999995612,booster,7902.936631961243,49997.48982882471,-187.12438306425204,-258.8104080593596,319.3718241439422,0.9325836160410734,0.018316758365160172,7640.764994957666,3640.764994957666,0.0,0.0,174.24251102638172,49997.48982882471,7902.936631961243,0.05990548293375561
207.75999999995602,booster,7882.353069357799,49968.96243888851,-187.12220751295644,-259.8694054813741,320.2293372721568,0.934592545623354,0.018217986412674768,7640.764994957666,3640.764994957666,0.0,0.0,175.76836780179215,49968.96243888851,7882.353069357799,0.05990548293375561
207.86999999995592,booster,7861.769746797039,49940.31856038928,-187.12001863484954,-260.92838189078094,321.0880281948358,0.9365906495713533,0.018119867523501393,7640.764994957666,3640.764994957666,0.0,0.0,177.30877450349465,49940.31856038928,7861.769746797039,0.05990548293375561
207.97999999995582,booster,7841.186665750531,49911.55819565229,-187.1178163276485,-261.98733703422846,321.947887015141,0.9385779994887956,0.018022397802151157,7640.764994957666,3640.764994957666,0.0,0.0,178.86387151280306,49911.55819565229,7841.186665750531,0.05990548293375561
208.08999999995572,booster,7820.603827701137,49882.681347030884,-187.11560048823173,-263.0462706554666,322.8089039227706,0.940554666550679,0.017925573349529555,7640.764994957666,3640.764994957666,0.0,0.0,180.43380073402307,49882.681347030884,7820.603827701137,0.05990548293375561
208.19999999995562,booster,7800.0212341431115,49853.68801690672,-187.11337101263013,-264.10518249531606,323.67106919308435,0.9425207215029372,0.017829390263896343,7640.764994957666,3640.764994957666,0.0,0.0,182.018705611378,49853.68801690672,7800.0212341431115,0.05990548293375561
208.30999999995552,booster,7779.438886582194,49824.57820769017,-187.11112779601876,-265.16407229163633,324.53437318623463,0.944476234662205,0.017733844641796805,7640.764994957666,3640.764994957666,0.0,0.0,183.61873114613485,49824.57820769017,7779.438886582194,0.05990548293375561
208.41999999995542,booster,7758.856786535699,49795.35192182054,-187.1088707327075,-266.2229397792947,325.39880634630333,0.9464212759156833,0.017638932578969677,7640.764994957666,3640.764994957666,0.0,0.0,185.2340239139386,49795.35192182054,7758.856786535699,0.05990548293375561
208.52999999995532,booster,7738.274935532617,49766.00916176654,-187.10659971613242,-267.2817846901332,326.26435920044304,0.9483559147211039,0.017544650171215783,7640.764994957666,3640.764994957666,0.0,0.0,186.86473208234932,49766.00916176654,7738.274935532617,0.05990548293375561
208.63999999995522,booster,7717.693335113708,49736.54993002647,-187.10431463884672,-268.34060675293637,327.1310223580249,0.9502802201067879,0.017450993515250677,7640.764994957666,3640.764994957666,0.0,0.0,188.5110054285957,49736.54993002647,7717.693335113708,0.05990548293375561
208.74999999995512,booster,7697.111986831601,49706.9742291287,-187.10201539251162,-269.3994056933985,327.9987865097917,0.9521942606717946,0.01735795870951933,7640.764994957666,3640.764994957666,0.0,0.0,190.17299535753438,49706.9742291287,7697.111986831601,0.05990548293375561
208.85999999995502,booster,7676.53089225089,49677.2820616319,-187.09970186788715,-270.45818123409003,328.8676424270168,0.95409810458616,0.01726554185499547,7640.764994957666,3640.764994957666,0.0,0.0,191.85085491983102,49677.2820616319,7676.53089225089,0.05990548293375561
208.96999999995492,booster,7655.950052948238,49647.47343012547,-187.09737395482279,-271.5169330944242,329.7375809606676,0.9559918195912224,0.01717373905594565,7640.764994957666,3640.764994957666,0.0,0.0,193.54473883035396,49647.47343012547,7655.950052948238,0.05990548293375561
209.07999999995482,booster,7635.369470512476,49617.5483372298,-187.09503154224842,-272.5756609906227,330.6085930405769,0.9578754730000276,0.017082546420672636,7640.764994957666,3640.764994957666,0.0,0.0,195.2548034867942,49617.5483372298,7635.369470512476,0.05990548293375561
209.18999999995472,booster,7614.7891465447,49587.50678559671,-187.09267451816473,-273.6343646356809,331.4806696746172,0.9597491316978175,0.016991960062231488,7640.764994957666,3640.764994957666,0.0,0.0,196.98120698850062,49587.50678559671,7614.7891465447,0.05990548293375561
209.29999999995462,booster,7594.209082658376,49557.34877790979,-187.09030276963344,-274.69304373933403,332.35380194788326,0.9616128621425946,0.016901976099127015,7640.764994957666,3640.764994957666,0.0,0.0,198.7241091555504,49557.34877790979,7594.209082658376,0.05990548293375561
209.40999999995452,booster,7573.62928047945,49527.07431688468,-187.08791618276817,-275.75169800802036,333.2279810218778,0.9634667303657608,0.016812590655979228,7640.764994957666,3640.764994957666,0.0,0.0,200.4836715480418,49527.07431688468,7573.62928047945,0.05990548293375561
209.51999999995442,booster,7553.049741646447,49496.68340526952,-187.08551464272438,-276.81032714484684,334.10319813370563,0.9653108019728308,0.016723799864174136,7640.764994957666,3640.764994957666,0.0,0.0,202.2600574856216,49496.68340526952,7553.049741646447,0.05990548293375561
209.62999999995432,booster,7532.470467810578,49466.17604584532,-187.08309803368982,-277.86893084955227,334.97944459527133,0.9671451421442131,0.01663559986248793,7640.764994957666,3640.764994957666,0.0,0.0,204.05343206724388,49466.17604584532,7532.470467810578,0.05990548293375561
209.73999999995422,booster,7511.891460635847,49435.552241426274,-187.0806662388744,-278.9275088184711,335.85671179248357,0.9689698156360592,0.016547986797687143,7640.764994957666,3640.764994957666,0.0,0.0,205.863962191171,49435.552241426274,7511.891460635847,0.05990548293375561
209.84999999995412,booster,7491.312721799157,49404.81199486016,-187.07821914050032,-279.9860607444967,336.73499118446546,0.9707848867811777,0.016460956825115523,7640.764994957666,3640.764994957666,0.0,0.0,207.69181657521142,49404.81199486016,7491.312721799157,0.05990548293375561
209.95999999995402,booster,7470.734252990422,49373.95530902877,-187.075756619792,-281.04458631704296,337.61427430276916,0.972590419490013,0.01637450610924824,7640.764994957666,3640.764994957666,0.0,0.0,209.53716577719877,49373.95530902877,7470.734252990422,0.05990548293375561
210.06999999995392,booster,7450.156055912677,49342.9821868482,-187.07327855696602,-282.10308522200796,338.4945527505985,0.9743864772516804,0.01628863082424011,7640.764994957666,3640.764994957666,0.0,0.0,211.4001822157238,49342.9821868482,7450.156055912677,0.05990548293375561
210.17999999995382,booster,7429.578132282194,49311.892631269366,-187.07078483122072,-283.1615571417348,339.3758182020352,0.9761731231350633,0.01620332715443985,7640.764994957666,3640.764994957666,0.0,0.0,213.2810401911075,49311.892631269366,7429.578132282194,0.05990548293375561
210.28999999995372,booster,7409.000483828582,49280.68664527826,-187.0682753207258,-284.2200017549731,340.25806240127184,0.9779504197899653,0.016118591294895,7640.764994957666,3640.764994957666,0.0,0.0,215.17991590663328,49280.68664527826,7409.000483828582,0.05990548293375561
210.39999999995362,booster,7388.423112294913,49249.364231896434,-187.06574990261194,-285.2784187368399,341.14127716185027,0.9797184294483151,0.016034419451834186,7640.764994957666,3640.764994957666,0.0,0.0,217.09698749003041,49249.364231896434,7388.423112294913,0.05990548293375561
210.50999999995352,booster,7367.8460194378285,49217.92539418136,-187.06320845296028,-286.3368077587803,342.0254543659059,0.981477213925426,0.015950807843130754,7640.764994957666,3640.764994957666,0.0,0.0,219.0324350152174,49217.92539418136,7367.8460194378285,0.05990548293375561
210.61999999995342,booster,7347.269207027664,49186.37013522688,-187.0606508467916,-287.3951684885272,342.9105859634173,0.983226834621302,0.015867752698751743,7640.764994957666,3640.764994957666,0.0,0.0,220.9864405243063,49186.37013522688,7347.269207027664,0.05990548293375561
210.72999999995332,booster,7326.69267684856,49154.698458163584,-187.05807695805564,-288.4535005900608,343.79666397146156,0.9849673525219955,0.01578525026118552,7640.764994957666,3640.764994957666,0.0,0.0,222.95918804987284,49154.698458163584,7326.69267684856,0.05990548293375561
210.83999999995322,booster,7306.116430698581,49122.91036615923,-187.05548665962024,-289.51180372356805,344.6836804734758,0.9866988282010085,0.015703296785853454,7640.764994957666,3640.764994957666,0.0,0.0,224.95086363749462,49122.91036615923,7306.116430698581,0.05990548293375561
210.94999999995312,booster,7285.540470389835,49091.005862419166,-187.05287982326035,-290.57007754540064,345.5716276185231,0.9884213218207407,0.015621888541506928,7640.764994957666,3640.764994957666,0.0,0.0,226.96165536855946,49091.005862419166,7285.540470389835,0.05990548293375561
211.05999999995302,booster,7264.964797748596,49058.984950186736,-187.05025631964693,-291.6283217080335,346.46049762056555,0.9901348931339774,0.015541021810607025,7640.764994957666,3640.764994957666,0.0,0.0,228.99175338335124,49058.984950186736,7264.964797748596,0.05990548293375561
211.16999999995292,booster,7244.389414615426,49026.84763274377,-187.0476160183357,-292.68653586002233,347.35028275774135,0.9918396014854196,0.015460692889689558,7640.764994957666,3640.764994957666,0.0,0.0,231.04134990440966,49026.84763274377,7244.389414615426,0.05990548293375561
211.27999999995282,booster,7223.8143228453,48994.593913410936,-187.04495878775597,-293.7447196459606,348.2409753716488,0.9935355058132542,0.015380898089712127,7640.764994957666,3640.764994957666,0.0,0.0,233.1106392601763,48994.593913410936,7223.8143228453,0.05990548293375561
211.38999999995272,booster,7203.2395243077235,48962.22379554825,-187.04228449519903,-294.8028727064363,349.13256786663464,0.9952226646507599,0.015301633736391835,7640.764994957666,3640.764994957666,0.0,0.0,235.199817908923,48962.22379554825,7203.2395243077235,0.05990548293375561
211.49999999995262,booster,7182.665020886868,48929.737282555456,-187.03959300680685,-295.8609946779881,350.0250527090889,0.9969011361279504,0.015222896170518372,7640.764994957666,3640.764994957666,0.0,0.0,237.30908446296917,48929.737282555456,7182.665020886868,0.05990548293375561
211.60999999995252,booster,7162.0908144816885,48897.134377872506,-187.0368841875602,-296.9190851930609,350.91842242674426,0.9985709779732511,0.01514468174826708,7640.764994957666,3640.764994957666,0.0,0.0,239.4386397131921,48897.134377872506,7162.0908144816885,0.05990548293375561
211.71999999995242,booster,7141.51690700606,48864.41508498001,-187.03415790126704,-297.9771438799608,351.8126696079818,1.0002322475152088,0.015066986841487393,7640.764994957666,3640.764994957666,0.0,0.0,241.5886866538326,48864.41508498001,7141.51690700606,0.05990548293375561
211.82999999995232,booster,7120.943300388902,48831.579407399724,-187.03141401055066,-299.0351703628101,352.7077869011413,1.0018850016842327,0.014989807837981931,7640.764994957666,3640.764994957666,0.0,0.0,243.75943050759847,48831.579407399724,7120.943300388902,0.05990548293375561
211.93999999995222,booster,7100.369996574312,48798.62734869495,-187.02865237683758,-300.093164261501,353.60376701383734,1.0035292970143657,0.014913141141772956,7640.764994957666,3640.764994957666,0.0,0.0,245.9510787510745,48798.62734869495,7100.369996574312,0.05990548293375561
212.04999999995212,booster,7079.7969975216965,48765.558912471046,-187.02587286034554,-301.1511251916489,354.50060271228074,1.0051651896450837,0.014836983173354152,7640.764994957666,3640.764994957666,0.0,0.0,248.1638411404363,48765.558912471046,7079.7969975216965,0.05990548293375561
212.15999999995202,booster,7059.224305205906,48732.37410237588,-187.02307532007114,-302.20905276454613,355.3982868206053,1.0067927353231225,0.014761330369933766,7640.764994957666,3640.764994957666,0.0,0.0,250.39792973747674,48732.37410237588,7059.224305205906,0.05990548293375561
212.26999999995192,booster,7038.6519216173665,48699.072922100335,-187.0202596137777,-303.26694658711386,356.2968122201996,1.0084119894043293,0.014686179185661744,7640.764994957666,3640.764994957666,0.0,0.0,252.65355893594463,48699.072922100335,7038.6519216173665,0.05990548293375561
212.37999999995182,booster,7018.079848762221,48665.655375378774,-187.01742559798257,-304.3248062618542,357.19617184904433,1.0100230068555407,0.014611526091849555,7640.764994957666,3640.764994957666,0.0,0.0,254.9309454882047,48665.655375378774,7018.079848762221,0.05990548293375561
212.48999999995172,booster,6997.508088662466,48632.121465989534,-187.0145731279447,-305.382631386801,358.09635870105427,1.011625842256482,0.014537367577174684,7640.764994957666,3640.764994957666,0.0,0.0,257.23030853221695,48632.121465989534,6997.508088662466,0.05990548293375561
212.59999999995162,booster,6976.936643356083,48598.471197755396,-187.01170205765166,-306.44042155547163,358.9973658254264,1.0132205498016902,0.0144637001478758,7640.764994957666,3640.764994957666,0.0,0.0,259.55186961884505,48598.471197755396,6976.936643356083,0.05990548293375561
212.70999999995152,booster,6956.365514897192,48564.704574544136,-187.00881223980707,-307.4981763568163,359.89918632599205,1.0148071833024557,0.014390520327941265,7640.764994957666,3640.764994957666,0.0,0.0,261.89585273949257,48564.704574544136,6956.365514897192,0.05990548293375561
212.81999999995142,booster,6935.794705356183,48530.821600268944,-187.00590352581753,-308.5558953751681,360.80181336057484,1.0163857961887868,0.014317824659278326,7640.764994957666,3640.764994957666,0.0,0.0,264.26248435407655,48530.821600268944,6935.794705356183,0.05990548293375561
212.92999999995132,booster,6915.224216819866,48496.82227888905,-187.00297576577935,-309.6135781901919,361.7052401403534,1.0179564415113902,0.0142456097018823,7640.764994957666,3640.764994957666,0.0,0.0,266.65199341933516,48496.82227888905,6915.224216819866,0.05990548293375561
213.03999999995122,booster,6894.654051391612,48462.70661441014,-187.00002880846543,-310.67122437683275,362.6094599292292,1.0195191719436694,0.01417387203398912,7640.764994957666,3640.764994957666,0.0,0.0,269.0646114174836,48462.70661441014,6894.654051391612,0.05990548293375561
213.14999999995112,booster,6874.084211191497,48428.474610884936,-186.99706250131194,-311.7288335052641,363.5144660431992,1.0210740397837412,0.014102608252220532,7640.764994957666,3640.764994957666,0.0,0.0,271.5005723852119,48428.474610884936,6874.084211191497,0.05990548293375561
213.25999999995102,booster,6853.514698356459,48394.12627241371,-186.99407669040463,-312.78640514083435,364.42025184973335,1.022621096956466,0.014031814971721986,7640.764994957666,3640.764994957666,0.0,0.0,273.96011294303736,48394.12627241371,6853.514698356459,0.05990548293375561
213.36999999995092,booster,6832.945515040439,48359.66160314481,-186.99107122046536,-313.84393884401413,365.3268107671574,1.0241603950154932,0.013961488826285862,7640.764994957666,3640.764994957666,0.0,0.0,276.44347232501246,48359.66160314481,6832.945515040439,0.05990548293375561
213.47999999995082,booster,6812.376663414532,48325.08060727517,-186.98804593483817,-314.90143417034204,366.23413626404,1.025691985145319,0.013891626468478687,7640.764994957666,3640.764994957666,0.0,0.0,278.95089240879065,48325.08060727517,6812.376663414532,0.05990548293375561
213.58999999995072,booster,6791.808145667143,48290.38328905096,-186.98500067547542,-315.95889067036995,367.14222185858483,1.0272159181633593,0.01382222456974105,7640.764994957666,3640.764994957666,0.0,0.0,281.48261774605794,48290.38328905096,6791.808145667143,0.05990548293375561
213.69999999995062,booster,6771.239964004142,48255.56965276799,-186.9819352829236,-317.0163078896078,368.0510611180275,1.0287322445220315,0.013753279820497512,7640.764994957666,3640.764994957666,0.0,0.0,284.0388955933339,48255.56965276799,6771.239964004142,0.05990548293375561
213.80999999995052,booster,6750.672120649015,48220.639702772394,-186.97884959630923,-318.07368536846775,368.96064765803715,1.030241014310848,0.01368478893024918,7640.764994957666,3640.764994957666,0.0,0.0,286.6199759431463,48220.639702772394,6750.672120649015,0.05990548293375561
213.91999999995042,booster,6730.104617843021,48185.59344346112,-186.9757434533246,-319.1310226422075,369.8709751421225,1.0317422772585216,0.0136167486276563,7640.764994957666,3640.764994957666,0.0,0.0,289.22611155558303,48185.59344346112,6730.104617843021,0.05990548293375561
214.02999999995032,booster,6709.537457845353,48150.43087928253,-186.97261669021287,-320.1883192408731,370.7820372810427,1.0332360827350762,0.01354915566062419,7640.764994957666,3640.764994957666,0.0,0.0,291.8575579902268,48150.43087928253,6709.537457845353,0.05990548293375561
214.13999999995022,booster,6688.9706429333,48115.152014736974,-186.96946914175385,-321.24557468924144,371.693827832223,1.034722479753969,0.013482006796368498,7640.764994957666,3640.764994957666,0.0,0.0,294.51457363848,48115.152014736974,6688.9706429333,0.05990548293375561
214.24999999995012,booster,6668.404175402406,48079.75685437736,-186.96630064124895,-322.3027885067612,372.60634059917436,1.036201516974218,0.01341529882148915,7640.764994957666,3640.764994957666,0.0,0.0,297.19741975627846,48079.75685437736,6668.404175402406,0.05990548293375561
214.35999999995002,booster,6647.838057566632,48044.24540280977,-186.96311102050612,-323.3599602074937,373.5195694309175,1.0376732427025397,0.013349028542018951,7640.764994957666,3640.764994957666,0.0,0.0,299.9063604972043,48044.24540280977,6647.838057566632,0.05990548293375561
214.46999999994992,booster,6627.272291758525,48008.617664694015,-186.95990010982504,-324.41708930005314,374.43350822141224,1.0391377048954873,0.013283192783480878,7640.764994957666,3640.764994957666,0.0,0.0,302.6416629460025,48008.617664694015,6627.272291758525,0.05990548293375561
214.57999999994982,booster,6606.70688032938,47972.873644744286,-186.95666773798158,-325.47417528754585,375.3481509089903,1.0405949511615988,0.013217788390936024,7640.764994957666,3640.764994957666,0.0,0.0,305.40359715250173,47972.873644744286,6606.70688032938,0.05990548293375561
214.68999999994972,booster,6586.141825649412,47937.013347729706,-186.95341373221245,-326.53121766750866,376.2634914757924,1.0420450287635499,0.013152812229015567,7640.764994957666,3640.764994957666,0.0,0.0,308.1924361659496,47937.013347729706,6586.141825649412,0.05990548293375561
214.79999999994962,booster,6565.577130107928,47901.03677847502,-186.9501379181998,-327.5882159318476,377.17952394721107,1.0434879846203062,0.013088261181961394,7640.764994957666,3640.764994957666,0.0,0.0,311.0084560697653,47901.03677847502,6565.577130107928,0.05990548293375561
214.90999999994952,booster,6545.012796113491,47864.943941861115,-186.9468401200551,-328.6451695667745,378.09624239133535,1.0449238653092845,0.013024132153649406,7640.764994957666,3640.764994957666,0.0,0.0,313.851936016714,47864.943941861115,6545.012796113491,0.05990548293375561
215.01999999994942,booster,6524.448826094104,47828.73484282578,-186.94352016030345,-329.7020780527436,379.0136409184018,1.046352717068512,0.012960422067616155,7640.764994957666,3640.764994957666,0.0,0.0,316.72315826450836,47828.73484282578,6524.448826094104,0.05990548293375561
215.12999999994932,booster,6503.88522249738,47792.40948636424,-186.94017785986756,-330.7589408643872,379.93171368024827,1.0477745857987926,0.012897127867069489,7640.764994957666,3640.764994957666,0.0,0.0,319.62240821184565,47792.40948636424,6503.88522249738,0.05990548293375561
215.23999999994922,booster,6483.321987790715,47755.96787752982,-186.93681303805138,-331.8157574704508,380.85045486977225,1.0491895170658683,0.012834246514904534,7640.764994957666,3640.764994957666,0.0,0.0,322.5499744348815,47755.96787752982,6483.321987790715,0.05990548293375561
215.34999999994912,booster,6462.759124461477,47719.41002143464,-186.93342551252368,-332.8725273337275,381.76985872039376,1.0505975561025878,0.012771774993713007,7640.764994957666,3640.764994957666,0.0,0.0,325.5061487241488,47719.41002143464,6462.759124461477,0.05990548293375561
215.45999999994902,booster,6442.196635017174,47682.73592325022,-186.93001509930147,-333.92924991099073,382.6899195055208,1.0519987478110728,0.012709710305775883,7640.764994957666,3640.764994957666,0.0,0.0,328.49122612192434,47682.73592325022,6442.196635017174,0.05990548293375561
215.56999999994892,booster,6421.634521985651,47645.945588208175,-186.92658161273337,-334.9859246529278,383.61063153802047,1.0533931367648828,0.012648049473071368,7640.764994957666,3640.764994957666,0.0,0.0,331.5055049600531,47645.945588208175,6421.634521985651,0.05990548293375561
215.67999999994882,booster,6401.072787915265,47609.0390216009,-186.92312486548252,-336.0425510040712,384.53198916969257,1.054780767211183,0.012586789537257583,7640.764994957666,3640.764994957666,0.0,0.0,334.5492868982304,47609.0390216009,6401.072787915265,0.05990548293375561
215.78999999994872,booster,6380.511435375067,47572.016228782195,-186.91964466850953,-337.0991284027298,385.4539867907478,1.0561616830729073,0.012525927559667882,7640.764994957666,3640.764994957666,0.0,0.0,337.6228769627534,47572.016228782195,6380.511435375067,0.05990548293375561
215.89999999994862,booster,6359.950466955008,47534.877215168046,-186.91614083105523,-338.15565628091935,386.3766188292896,1.0575359279509218,0.012465460621291526,7640.764994957666,3640.764994957666,0.0,0.0,340.7265835857424,47534.877215168046,6359.950466955008,0.05990548293375561
216.00999999994852,booster,6339.389885266109,47497.621986237195,-186.9126131606231,-339.2121340642916,387.2998797507994,1.058903545126186,0.012405385822754357,7640.764994957666,3640.764994957666,0.0,0.0,343.8607186448432,47497.621986237195,6339.389885266109,0.05990548293375561
216.11999999994842,booster,6318.829692940667,47460.250547532,-186.90906146296163,-340.268561172063,388.2237640576259,1.0602645775619115,0.012345700284293468,7640.764994957666,3640.764994957666,0.0,0.0,347.0255975034084,47460.250547532,6318.829692940667,0.05990548293375561
216.22999999994832,booster,6298.269892632441,47422.76290465898,-186.90548554204682,-341.3249370169427,389.148266288478,1.0616190679057182,0.012286401145731887,7640.764994957666,3640.764994957666,0.0,0.0,350.2215390511759,47422.76290465898,6298.269892632441,0.05990548293375561
216.33999999994822,booster,6277.710487016852,47385.15906328967,-186.90188520006353,-342.3812610050591,390.07338101792095,1.0629670584917859,0.01222748556644459,7640.764994957666,3640.764994957666,0.0,0.0,353.4488657454361,47385.15906328967,6277.710487016852,0.05990548293375561
216.44999999994812,booster,6257.151478791182,47347.43902916129,-186.89826023738777,-343.4375325358865,390.99910285587663,1.064308591343003,0.012168950725325181,7640.764994957666,3640.764994957666,0.0,0.0,356.7079036527086,47347.43902916129,6257.151478791182,0.05990548293375561
216.55999999994802,booster,6236.59287067477,47309.60280807747,-186.894610452568,-344.4937510021693,391.92542644712626,1.065643708173114,0.012110793820743917,7640.764994957666,3640.764994957666,0.0,0.0,359.99898249092024,47309.60280807747,6236.59287067477,0.05990548293375561
216.66999999994792,booster,6216.0346654092145,47271.650405909015,-186.8909356423069,-345.54991578984755,392.852346470818,1.0669724503888542,0.012053012070511729,7640.764994957666,3640.764994957666,0.0,0.0,363.3224356721054,47271.650405909015,6216.0346654092145,0.05990548293375561
216.77999999994782,booster,6195.476865758582,47233.581828594666,-186.88723560144214,-346.60602627797965,393.7798576399769,1.0682948590920918,0.011995602711830908,7640.764994957666,3640.764994957666,0.0,0.0,366.6786003456214,47233.581828594666,6195.476865758582,0.05990548293375561
216.88999999994772,booster,6174.919474509609,47195.39708214185,-186.88351012292756,-347.6620818386648,394.70795470101797,1.069610975081953,0.011938563001248476,7640.764994957666,3640.764994957666,0.0,0.0,370.067817441895,47195.39708214185,6174.919474509609,0.05990548293375561
216.99999999994762,booster,6154.362494471911,47157.096172627425,-186.8797589978142,-348.7180818369648,395.63663243326346,1.0709208388569502,0.011881890214602871,7640.764994957666,3640.764994957666,0.0,0.0,373.49043171670166,47157.096172627425,6154.362494471911,0.05990548293375561
217.10999999994752,booster,6133.805928478195,47118.67910619852,-186.8759820152305,-349.7740256308252,396.56588564846305,1.0722244906170995,0.011825581646977317,7640.764994957666,3640.764994957666,0.0,0.0,376.9467917959886,47118.67910619852,6133.805928478195,0.05990548293375561
217.21999999994742,booster,6113.249779384469,47080.145889073276,-186.87217896236294,-350.82991257099394,397.4957091903165,1.0735219702660344,0.011769634612634526,7640.764994957666,3640.764994957666,0.0,0.0,380.43725022124045,47080.145889073276,6113.249779384469,0.05990548293375561
217.32999999994732,booster,6092.6940500702585,47041.49652754162,-186.86834962443632,-351.88574200094115,398.42609793400015,1.074813317413112,0.011714046444964727,7640.764994957666,3640.764994957666,0.0,0.0,383.96216349540543,47041.49652754162,6092.6940500702585,0.05990548293375561
217.43999999994722,booster,6072.138743438823,47002.731027966096,-186.8644937846935,-352.94151325677666,399.35704678569675,1.076098571375514,0.011658814496419043,7640.764994957666,3640.764994957666,0.0,0.0,387.5218921293793,47002.731027966096,6072.138743438823,0.05990548293375561
217.54999999994712,booster,6051.583862417377,46963.849396782774,-186.86061122437533,-353.9972256671668,400.2885506821275,1.0773777711803405,0.011603936138447528,7640.764994957666,3640.764994957666,0.0,0.0,391.1168006890534,46963.849396782774,6051.583862417377,0.05990548293375561
217.65999999994702,booster,6031.0294099573075,46924.85164050188,-186.85670172270028,-355.0528785532502,401.22060459008736,1.0786509555666932,0.011549408761436538,7640.764994957666,3640.764994957666,0.0,0.0,394.7472578429502,46924.85164050188,6031.0294099573075,0.05990548293375561
217.76999999994692,booster,6010.4753890344,46885.73776570878,-186.8527650568434,-356.10847122855296,402.1532035059836,1.0799181629877568,0.011495229774633445,7640.764994957666,3640.764994957666,0.0,0.0,398.4136364104299,46885.73776570878,6010.4753890344,0.05990548293375561
217.87999999994682,booster,5989.921802649065,46846.50777906478,-186.848801001916,-357.1640029989024,403.0863424553771,1.0811794316128687,0.011441396606084007,7640.764994957666,3640.764994957666,0.0,0.0,402.1163134104912,46846.50777906478,5989.921802649065,0.05990548293375561
217.98999999994672,booster,5969.3686538265665,46807.16168730795,-186.84480933094403,-358.2194731623398,404.02001649252617,1.0824347993295826,0.011387906702551092,7640.764994957666,3640.764994957666,0.0,0.0,405.8556701111695,46807.16168730795,5969.3686538265665,0.05990548293375561
218.09999999994662,booster,5948.815945617244,46767.69949725401,-186.84078981484706,-359.2748810090324,404.9542206999333,1.0836843037457242,0.011334757529448044,7640.764994957666,3640.764994957666,0.0,0.0,409.63209207953946,46767.69949725401,5948.815945617244,0.05990548293375561
218.20999999994652,booster,5928.263681096762,46728.12121579721,-186.83674222241672,-360.33022582118423,405.8889501878949,1.0849279821914355,0.011281946570758076,7640.764994957666,3640.764994957666,0.0,0.0,413.4459692323303,46728.12121579721,5928.263681096762,0.05990548293375561
218.31999999994642,booster,5907.711863366331,46688.42684991122,-186.83266632029478,-361.3855068729458,406.82420009405365,1.086165871721215,0.011229471328958978,7640.764994957666,3640.764994957666,0.0,0.0,417.29769588715374,46688.42684991122,5907.711863366331,0.05990548293375561
218.42999999994632,booster,5887.160495552954,46648.61640664996,-186.8285618729512,-362.4407234303225,407.7599655829526,1.0873980091159476,0.011177329324939174,7640.764994957666,3640.764994957666,0.0,0.0,421.18767081437323,46648.61640664996,5887.160495552954,0.05990548293375561
218.53999999994622,booster,5866.609580809655,46608.689893148556,-186.82442864266184,-363.49587475108257,408.69624184559336,1.088624430884924,0.011125518097921767,7640.764994957666,3640.764994957666,0.0,0.0,425.11629728959645,46608.689893148556,5866.609580809655,0.05990548293375561
218.64999999994612,booster,5846.059122315738,46568.64731662424,-186.82026638948608,-364.55096008466313,409.63302409899546,1.0898451732678527,0.01107403520537727,7640.764994957666,3640.764994957666,0.0,0.0,429.08398314681136,46568.64731662424,5846.059122315738,0.05990548293375561
218.75999999994602,booster,5825.509123277018,46528.48868437728,-186.816074871244,-365.6059786720762,410.57030758575917,1.0910602722368627,0.011022878222941642,7640.764994957666,3640.764994957666,0.0,0.0,433.09114083218253,46528.48868437728,5825.509123277018,0.05990548293375561
218.86999999994592,booster,5804.959586926077,46488.21400379187,-186.81185384349345,-366.6609297458124,411.50808757362995,1.0922697634984961,0.010972044744330361,7640.764994957666,3640.764994957666,0.0,0.0,437.1381874584942,46488.21400379187,5804.959586926077,0.05990548293375561
218.97999999994582,booster,5784.41051652251,46447.82328233715,-186.80760305950685,-367.7158125297441,412.4463593550659,1.093473682495693,0.010921532381250468,7640.764994957666,3640.764994957666,0.0,0.0,441.2255448602711,46447.82328233715,5784.41051652251,0.05990548293375561
219.08999999994572,booster,5763.861915353177,46407.31652756805,-186.80332227024763,-368.7706262390276,413.38511824680694,1.0946720644097638,0.010871338763311963,7640.764994957666,3640.764994957666,0.0,0.0,445.3536396495683,46407.31652756805,5763.861915353177,0.05990548293375561
219.19999999994562,booster,5743.313786732462,46366.69374712639,-186.7990112243466,-369.82537008000395,414.32435958944706,1.0958649441623536,0.01082146153794186,7640.764994957666,3640.764994957666,0.0,0.0,449.5229032724462,46366.69374712639,5743.313786732462,0.05990548293375561
219.30999999994552,booster,5722.76613400253,46325.95494874171,-186.79466966807797,-370.8800432500984,415.264078747008,1.097052356417397,0.010771898370290241,7640.764994957666,3640.764994957666,0.0,0.0,453.7337720661398,46325.95494874171,5722.76613400253,0.05990548293375561
219.41999999994542,booster,5702.218960533586,46285.10014023239,-186.79029734533515,-371.9346449377187,416.2042711065152,1.0982343355830628,0.010722646943136328,7640.764994957666,3640.764994957666,0.0,0.0,457.9866873169258,46285.10014023239,5702.218960533586,0.05990548293375561
219.52999999994532,booster,5681.672269724139,46244.12932950652,-186.7858939976062,-372.9891743221527,417.1449320775768,1.099410915813687,0.010673704956802525,7640.764994957666,3640.764994957666,0.0,0.0,462.28209531870476,46244.12932950652,5681.672269724139,0.05990548293375561
219.63999999994522,booster,5661.126065001263,46203.04252456305,-186.78145936394912,-374.04363057346364,418.0860570919632,1.1005821310116974,0.010625070129056492,7640.764994957666,3640.764994957666,0.0,0.0,466.62044743229006,46203.04252456305,5661.126065001263,0.05990548293375561
219.74999999994512,booster,5640.580349820876,46161.83973349268,-186.77699318096683,-375.09801285238603,419.0276416031903,1.1017480148295251,0.010576740195017196,7640.764994957666,3640.764994957666,0.0,0.0,471.0022001454406,46161.83973349268,5640.580349820876,0.05990548293375561
219.85999999994502,booster,5620.035127668004,46120.52096447895,-186.7724951827818,-376.152320310218,419.96968108610304,1.1029086006715119,0.010528712907058986,7640.764994957666,3640.764994957666,0.0,0.0,475.4278151336168,46120.52096447895,5620.035127668004,0.05990548293375561
219.96999999994492,booster,5599.490402057058,46079.086225799314,-186.7679651010108,-377.2065520887142,420.9121710364625,1.1040639216957977,0.010480986034716968,7640.764994957666,3640.764994957666,0.0,0.0,479.8977593214845,46079.086225799314,5599.490402057058,0.05990548293375561
220.07999999994482,booster,5578.946176532109,46037.53552582615,-186.7634026647386,-378.26070731997635,421.8551069705333,1.1052140108162065,0.010433557364590416,7640.764994957666,3640.764994957666,0.0,0.0,484.4125049451777,46037.53552582615,5578.946176532109,0.05990548293375561
220.18999999994472,booster,5558.402454667172,45995.86887302783,-186.75880760049225,-379.3147851263434,422.7984844246745,1.1063589007041144,0.010386424700244831,7640.764994957666,3640.764994957666,0.0,0.0,488.9725296153216,45995.86887302783,5558.402454667172,0.05990548293375561
220.29999999994462,booster,5537.859240066481,45954.0862759698,-186.7541796322144,-380.36878462027903,423.74229895493045,1.1074986237903128,0.010339585862111998,7640.764994957666,3640.764994957666,0.0,0.0,493.5783163808322,45954.0862759698,5537.859240066481,0.05990548293375561
220.40999999994452,booster,5517.316536364781,45912.18774331571,-186.7495184812371,-381.42270490425926,424.6865461366248,1.1086332122668558,0.010293038687392725,7640.764994957666,3640.764994957666,0.0,0.0,498.2303537934905,45912.18774331571,5517.316536364781,0.05990548293375561
220.51999999994442,booster,5496.774347227619,45870.1732838285,-186.7448238662541,-382.47654507065823,425.63122156395616,1.1097626980889015,0.010246781029958898,7640.764994957666,3640.764994957666,0.0,0.0,502.92913597332307,45870.1732838285,5496.774347227619,0.05990548293375561
220.62999999994432,booster,5476.2326763516285,45828.04290637146,-186.7400955032943,-383.5303042016318,426.5763208495939,1.1108871129765363,0.010200810760252881,7640.764994957666,3640.764994957666,0.0,0.0,507.67516267477265,45828.04290637146,5476.2326763516285,0.05990548293375561
220.73999999994422,booster,5455.691527464829,45785.796619909466,-186.7353331056938,-384.5839813690009,427.5218396242775,1.112006488416595,0.010155125765184916,7640.764994957666,3640.764994957666,0.0,0.0,512.4689393536851,45785.796619909466,5455.691527464829,0.05990548293375561
220.84999999994412,booster,5435.150904326922,45743.434433510025,-186.73053638406816,-385.63757563413304,428.467773536416,1.1131208556644638,0.010109723948037183,7640.764994957666,3640.764994957666,0.0,0.0,517.310977235123,45743.434433510025,5435.150904326922,0.05990548293375561
220.95999999994402,booster,5414.61081072959,45700.9563563445,-186.72570504628433,-386.6910860478223,429.41411825168984,1.1142302457458784,0.010064603228357198,7640.764994957666,3640.764994957666,0.0,0.0,522.2017933820055,45700.9563563445,5414.61081072959,0.05990548293375561
221.06999999994392,booster,5394.071250496809,45658.36239768923,-186.72083879743215,-387.74451165016757,430.36086945265316,1.1153346894587033,0.010019761541861879,7640.764994957666,3640.764994957666,0.0,0.0,527.1419107645928,45658.36239768923,5394.071250496809,0.05990548293375561
221.17999999994382,booster,5373.532227485141,45615.65256692678,-186.71593733979543,-388.7978514704504,431.3080228383386,1.1164342173747075,0.009975196840332276,7640.764994957666,3640.764994957666,0.0,0.0,532.1318583308238,45615.65256692678,5373.532227485141,0.05990548293375561
221.28999999994372,booster,5352.993745584061,45572.82687354705,-186.71100037282312,-389.85110452701025,432.2555741238628,1.1175288598413244,0.009930907091513634,7640.764994957666,3640.764994957666,0.0,0.0,537.1721710775226,45572.82687354705,5352.993745584061,0.05990548293375561
221.39999999994362,booster,5332.455808716252,45529.88532714856,-186.70602759309992,-390.904269827119,433.20351904003326,1.1186186469834019,0.009886890279012793,7640.764994957666,3640.764994957666,0.0,0.0,542.2633901224689,45529.88532714856,5332.455808716252,0.05990548293375561
221.50999999994352,booster,5311.91842083794,45486.82793743963,-186.7010186943163,-391.95734636685336,434.1518533329564,1.1197036087049408,0.009843144402192916,7640.764994957666,3640.764994957666,0.0,0.0,547.4060627773613,45486.82793743963,5311.91842083794,0.05990548293375561
221.61999999994342,booster,5291.3815859392025,45443.654714239616,-186.6959733672389,-393.01033313096616,435.1005727636471,1.1207837746908225,0.009799667476077554,7640.764994957666,3640.764994957666,0.0,0.0,552.6007426216777,45443.654714239616,5291.3815859392025,0.05990548293375561
221.72999999994332,booster,5270.845308044295,45400.36566748022,-186.69089129967972,-394.0632290927562,436.0496731076391,1.121859174408525,0.009756457531242713,7640.764994957666,3640.764994957666,0.0,0.0,557.8479895774313,45400.36566748022,5270.845308044295,0.05990548293375561
221.83999999994322,booster,5250.309591211977,45356.96080720669,-186.68577217646586,-395.1160332139362,436.9991501545966,1.122929837109828,0.009713512613714247,7640.764994957666,3640.764994957666,0.0,0.0,563.1483699848602,45356.96080720669,5250.309591211977,0.05990548293375561
221.94999999994312,booster,5229.774439535843,45313.44014357912,-186.68061567940822,-396.16874444449917,437.948999707927,1.1239957918325068,0.009670830784869924,7640.764994957666,3640.764994957666,0.0,0.0,568.5024566790372,45313.44014357912,5229.774439535843,0.05990548293375561
222.05999999994302,booster,5209.239857144658,45269.8036868738,-186.6754214872702,-397.2213617225836,438.8992175843944,1.1250570674020144,0.00962841012132949,7640.764994957666,3640.764994957666,0.0,0.0,573.9108290674176,45269.8036868738,5209.239857144658,0.05990548293375561
222.16999999994292,booster,5188.705848202685,45226.05144748444,-186.6701892757363,-398.27388397433623,439.8497996137343,1.1261136924331514,0.009586248714856733,7640.764994957666,3640.764994957666,0.0,0.0,579.37407320835,45226.05144748444,5188.705848202685,0.05990548293375561
222.27999999994282,booster,5168.172416910043,45182.18343592355,-186.66491871737972,-399.3263101137742,440.8007416382692,1.1271656953317268,0.009544344672256209,7640.764994957666,3640.764994957666,0.0,0.0,584.8927818905413,45182.18343592355,5168.172416910043,0.05990548293375561
222.38999999994272,booster,5147.63956750303,45138.199662823776,-186.65960948163,-400.37863904264503,441.7520395125248,1.1282131042962058,0.00950269611526931,7640.764994957666,3640.764994957666,0.0,0.0,590.4675547135032,45138.199662823776,5147.63956750303,0.05990548293375561
222.49999999994262,booster,5127.1073042544895,45094.100138939255,-186.65426123474057,-401.43086965028436,442.7036891028472,1.129255947319347,0.009461301180472321,7640.764994957666,3640.764994957666,0.0,0.0,596.098998168982,45094.100138939255,5127.1073042544895,0.05990548293375561
222.60999999994252,booster,5106.575631474147,45049.884875146985,-186.6488736397554,-402.4830008134732,443.65568628702107,1.130294252189829,0.009420158019172493,7640.764994957666,3640.764994957666,0.0,0.0,601.7877257233945,45049.884875146985,5106.575631474147,0.05990548293375561
222.71999999994242,booster,5086.044553508976,45005.553882448214,-186.64344635647572,-403.53503139629214,444.6080269538879,1.131328046493863,0.009379264797306093,7640.764994957666,3640.764994957666,0.0,0.0,607.5343579012691,45005.553882448214,5086.044553508976,0.05990548293375561
222.82999999994232,booster,5065.514074743551,44961.10717196985,-186.63797904142612,-404.58696024997505,445.5607070029658,1.1323573576167982,0.009338619695335138,7640.764994957666,3640.764994957666,0.0,0.0,613.3395223697165,44961.10717196985,5065.514074743551,0.05990548293375561
222.93999999994222,booster,5044.984199600406,44916.544754965864,-186.63247134782034,-405.6387862127601,446.513722344069,1.1333822127447108,0.009298220908150127,7640.764994957666,3640.764994957666,0.0,0.0,619.2038540239375,44916.544754965864,5044.984199600406,0.05990548293375561
223.04999999994212,booster,5024.45493254041,44871.86664281877,-186.6269229255268,-406.69050810973965,447.4670688969287,1.1344026388659876,0.009258066644961427,7640.764994957666,3640.764994957666,0.0,0.0,625.1279950737746,44871.86664281877,5024.45493254041,0.05990548293375561
223.15999999994202,booster,5003.926278063131,44827.07284704104,-186.62133342103368,-407.74212475270747,448.420742590814,1.1354186627728942,0.009218155129198009,7640.764994957666,3640.764994957666,0.0,0.0,631.1125951313359,44827.07284704104,5003.926278063131,0.05990548293375561
223.26999999994192,booster,4983.398240707212,44782.16337927656,-186.6157024774135,-408.79363494000506,449.3747393641532,1.1364303110631324,0.0091784845984115,7640.764994957666,3640.764994957666,0.0,0.0,637.158311299687,44782.16337927656,4983.398240707212,0.05990548293375561
223.37999999994182,booster,4962.870825050744,44737.13825130217,-186.6100297342875,-409.84503745636556,450.3290551641559,1.1374376101413894,0.00913905330416892,7640.764994957666,3640.764994957666,0.0,0.0,643.2658082626313,44737.13825130217,4962.870825050744,0.05990548293375561
223.48999999994172,booster,4942.344035711654,44691.997475029144,-186.60431482778964,-410.8963310727562,451.28368594643536,1.1384405862208713,0.009099859511954066,7640.764994957666,3640.764994957666,0.0,0.0,649.4357583755985,44691.997475029144,4942.344035711654,0.05990548293375561
223.59999999994162,booster,4921.817877348088,44646.74106250472,-186.59855739052995,-411.9475145462179,452.2386276746308,1.1394392653248309,0.009060901501062908,7640.764994957666,3640.764994957666,0.0,0.0,655.6688417576426,44646.74106250472,4921.817877348088,0.05990548293375561
223.70999999994152,booster,4901.292354658797,44601.36902591363,-186.5927570515577,-412.9985866197047,453.1938763200308,1.140433673288078,0.009022177564511649,7640.764994957666,3640.764994957666,0.0,0.0,661.9657463845712,44601.36902591363,4901.292354658797,0.05990548293375561
223.81999999994142,booster,4880.767472383538,44555.881377579644,-186.5869134363243,-414.0495460219192,454.1494278611961,1.1414238357584843,0.008983686008924114,7640.764994957666,3640.764994957666,0.0,0.0,668.3271681832194,44555.881377579644,4880.767472383538,0.05990548293375561
223.92999999994132,booster,4860.2432353034665,44510.278129967206,-186.5810261666453,-415.1003914671474,455.10527828358283,1.1424097781984754,0.008945425154441812,7640.764994957666,3640.764994957666,0.0,0.0,674.7538111268752,44510.278129967206,4860.2432353034665,0.05990548293375561
224.03999999994122,booster,4839.7196482415375,44464.55929568295,-186.57509486066272,-416.1511216550914,456.06142357916656,1.1433915258865097,0.008907393334619986,7640.764994957666,3640.764994957666,0.0,0.0,681.2463873318816,44464.55929568295,4839.7196482415375,0.05990548293375561
224.14999999994112,booster,4819.196716062917,44418.72488747737,-186.56911913280607,-417.20173527069915,457.01785974606474,1.144369103918549,0.008869588896329007,7640.764994957666,3640.764994957666,0.0,0.0,687.8056171554176,44418.72488747737,4819.196716062917,0.05990548293375561
224.25999999994102,booster,4798.6744436753925,44372.774918246454,-186.56309859375372,-418.2522309839935,457.9745827881614,1.1453425372095172,0.008832010199653103,7640.764994957666,3640.764994957666,0.0,0.0,694.4322292944812,44372.774918246454,4798.6744436753925,0.05990548293375561
224.36999999994092,booster,4778.152836029778,44326.70940103329,-186.55703285039348,-419.302607449898,458.93158871472997,1.1463118504947494,0.008794655617794404,7640.764994957666,3640.764994957666,0.0,0.0,701.1269608860898,44326.70940103329,4778.152836029778,0.05990548293375561
224.47999999994082,booster,4757.631898120347,44280.52834902975,-186.55092150578278,-420.35286330806144,459.88887354005703,1.1472770683314268,0.008757523536973007,7640.764994957666,3640.764994957666,0.0,0.0,707.8905576087031,44280.52834902975,4757.631898120347,0.05990548293375561
224.58999999994072,booster,4737.111634985243,44234.23177557822,-186.54476415910847,-421.40299718267966,460.8464332830655,1.1482382151000041,0.00872061235633102,7640.764994957666,3640.764994957666,0.0,0.0,714.7237737848902,44234.23177557822,4737.111634985243,0.05990548293375561
224.69999999994062,booster,4716.59205170692,44187.81969417329,-186.53856040564608,-422.453007682316,461.8042639669385,1.1491953150056256,0.008683920487832626,7640.764994957666,3640.764994957666,0.0,0.0,721.6273724852566,44187.81969417329,4716.59205170692,0.05990548293375561
224.80999999994052,booster,4696.0731534125625,44141.29211846345,-186.53230983671884,-423.50289339971835,462.7623616187415,1.1501483920795288,0.008647446356167467,7640.764994957666,3640.764994957666,0.0,0.0,728.6021256336488,44141.29211846345,4696.0731534125625,0.05990548293375561
224.91999999994042,booster,4675.554945274535,44094.64906225286,-186.52601203965608,-424.5526529116353,463.72072226904567,1.15109747018044,0.008611188398654027,7640.764994957666,3640.764994957666,0.0,0.0,735.6488141136379,44094.64906225286,4675.554945274535,0.05990548293375561
225.02999999994032,booster,4655.037432510811,44047.89053950316,-186.51966659775124,-425.6022847786292,464.67934195155016,1.1520425729959558,0.008575145065145017,7640.764994957666,3640.764994957666,0.0,0.0,742.7682278763151,44047.89053950316,4655.037432510811,0.05990548293375561
225.13999999994022,booster,4634.520620385429,44001.01656433523,-186.51327309021926,-426.65178754488716,465.6382167027039,1.1529837240439187,0.008539314817928767,7640.764994957666,3640.764994957666,0.0,0.0,749.9611660494044,44001.01656433523,4634.520620385429,0.05990548293375561
225.24999999994012,booster,4614.004514208941,43954.027151030954,-186.50683109215382,-427.7011597380299,466.59734256132765,1.1539209466737772,0.008503696131634606,7640.764994957666,3640.764994957666,0.0,0.0,757.2284370477144,43954.027151030954,4614.004514208941,0.05990548293375561
225.35999999994002,booster,4593.489119338867,43906.922314035124,-186.50034017448377,-428.75039986891846,467.5567155682353,1.1548542640679393,0.008468287493139576,7640.764994957666,3640.764994957666,0.0,0.0,764.5708586849387,43906.922314035124,4593.489119338867,0.05990548293375561
225.46999999993992,booster,4572.974441180155,43859.70206795727,-186.49379990392944,-429.79950643145816,468.51633176585415,1.1557836992431132,0.008433087401472488,7640.764994957666,3640.764994957666,0.0,0.0,771.989258286824,43859.70206795727,4572.974441180155,0.05990548293375561
225.57999999993982,booster,4552.460485185645,43812.36642757353,-186.4872098429581,-430.84847790240025,469.4761871978456,1.1567092750516388,0.008398094367719298,7640.764994957666,3640.764994957666,0.0,0.0,779.4844728057242,43812.36642757353,4552.460485185645,0.05990548293375561
225.68999999993972,booster,4531.947256856546,43764.91540782855,-186.48056954973924,-431.8973127411412,470.43627790872404,1.1576310141828092,0.008363306914928497,7640.764994957666,3640.764994957666,0.0,0.0,787.0573489365595,43764.91540782855,4531.947256856546,0.05990548293375561
225.79999999993962,booster,4511.434761742905,43717.349023837414,-186.47387857809923,-432.9460093895203,471.3965999434768,1.15854893916418,0.00832872357802448,7640.764994957666,3640.764994957666,0.0,0.0,794.7087432341849,43717.349023837414,4511.434761742905,0.05990548293375561
225.90999999993952,booster,4490.923005444088,43669.66729088759,-186.46713647747524,-433.99456627161334,472.3571493471811,1.15946307236287,0.008294342903705612,7640.764994957666,3640.764994957666,0.0,0.0,802.4395222322001,43669.66729088759,4490.923005444088,0.05990548293375561
226.01999999993942,booster,4470.4119936092675,43621.87022444085,-186.4603427928693,-435.042981793525,473.3179221646225,1.1603734359868534,0.008260163450358916,7640.764994957666,3640.764994957666,0.0,0.0,810.2505625632139,43621.87022444085,4470.4119936092675,0.05990548293375561
226.12999999993932,booster,4449.901731937913,43573.957840135314,-186.45349706480118,-436.09125434317826,474.27891443991103,1.1612800520862379,0.008226183787966142,7640.764994957666,3640.764994957666,0.0,0.0,818.1427510805693,43573.957840135314,4449.901731937913,0.05990548293375561
226.23999999993922,booster,4429.392226180281,43525.93015378743,-186.44659882926103,-437.1393822901015,475.24012221609706,1.1621829425545347,0.008192402498010464,7640.764994957666,3640.764994957666,0.0,0.0,826.1169849815597,43525.93015378743,4429.392226180281,0.05990548293375561
226.34999999993912,booster,4408.883482137926,43477.78718139403,-186.43964761766162,-438.18736398521247,476.20154153478643,1.1630821291299192,0.008158818173393199,7640.764994957666,3640.764994957666,0.0,0.0,834.1741719321516,43477.78718139403,4408.883482137926,0.05990548293375561
226.45999999993901,booster,4388.375505664197,43429.528939134376,-186.43264295678992,-439.2351977606005,477.16316843575396,1.1639776333964824,0.008125429418332513,7640.764994957666,3640.764994957666,0.0,0.0,842.3152301932287,43429.528939134376,4388.375505664197,0.05990548293375561
226.56999999993891,booster,4367.868302664755,43381.155443372256,-186.4255843687581,-440.2828819293051,478.12499895655674,1.1648694767854688,0.008092234848285463,7640.764994957666,3640.764994957666,0.0,0.0,850.541088748371,43381.155443372256,4367.868302664755,0.05990548293375561
226.67999999993881,booster,4347.361879098088,43332.66671065805,-186.41847137095417,-441.3304147850929,479.0870291321457,1.1657576805765086,0.008059233089850047,7640.764994957666,3640.764994957666,0.0,0.0,858.8526874332064,43332.66671065805,4347.361879098088,0.05990548293375561
226.78999999993871,booster,4326.8562409760325,43284.06275773093,-186.4113034759917,-442.3777946022307,480.04925499447626,1.1666422658988385,0.0080264227806819,7640.764994957666,3640.764994957666,0.0,0.0,867.2509770663169,43284.06275773093,4326.8562409760325,0.05990548293375561
226.89999999993861,booster,4306.351394364304,43235.34360152095,-186.40408019165972,-443.4250196352573,481.0116725721186,1.1675232537325115,0.007993802569404343,7640.764994957666,3640.764994957666,0.0,0.0,875.7369195817666,43235.34360152095,4306.351394364304,0.05990548293375561
227.00999999993851,booster,4285.847345383029,43186.5092591513,-186.39680102087107,-444.47208811875083,481.974277889865,1.1684006649095993,0.007961371115521091,7640.764994957666,3640.764994957666,0.0,0.0,884.3114881632225,43186.5092591513,4285.847345383029,0.05990548293375561
227.11999999993841,booster,4265.344100207284,43137.55974794043,-186.38946546161122,-445.5189982670946,482.9370669683376,1.169274520115384,0.007929127089327621,7640.764994957666,3640.764994957666,0.0,0.0,892.9756673797231,43137.55974794043,4265.344100207284,0.05990548293375561
227.22999999993831,booster,4244.841665067637,43088.49508540435,-186.3820730068857,-446.5657482742397,483.9000358235941,1.1701448398895395,0.007897069171831876,7640.764994957666,3640.764994957666,0.0,0.0,901.7304533230924,43088.49508540435,4244.841665067637,0.05990548293375561
227.33999999993821,booster,4224.340046250705,43039.3152892589,-186.37462314466737,-447.6123363134642,484.8631804667318,1.1710116446273062,0.007865196054656309,7640.764994957666,3640.764994957666,0.0,0.0,910.5768537470216,43039.3152892589,4224.340046250705,0.05990548293375561
227.44999999993811,booster,4203.839250099706,42990.02037742193,-186.36711535784312,-448.65876053713066,485.8264969034912,1.1718749545806513,0.007833506439965913,7640.764994957666,3640.764994957666,0.0,0.0,919.5158882078665,42990.02037742193,4203.839250099706,0.05990548293375561
227.55999999993801,booster,4183.339283015024,42940.61036801579,-186.35954912415966,-449.70501907643904,486.78998113385666,1.1727347898594274,0.007801999040372928,7640.764994957666,3640.764994957666,0.0,0.0,928.5485882071187,42940.61036801579,4183.339283015024,0.05990548293375561
227.66999999993791,booster,4162.840151454775,42891.08527936951,-186.35192391616926,-450.75111004117815,487.7536291516569,1.173591170432512,0.007770672578860207,7640.764994957666,3640.764994957666,0.0,0.0,937.6759973356399,42891.08527936951,4162.840151454775,0.05990548293375561
227.77999999993781,booster,4142.341861935383,42841.44513002123,-186.34423920117445,-451.7970315194732,488.71743694416347,1.1744441161289476,0.007739525788689925,7640.764994957666,3640.764994957666,0.0,0.0,946.899171419637,42841.44513002123,4142.341861935383,0.05990548293375561
227.88999999993771,booster,4121.84442103216,42791.68993872062,-186.33649444117208,-452.8427815775304,489.6814004916869,1.1752936466390653,0.0077085574133309315,7640.764994957666,3640.764994957666,0.0,0.0,956.2191786684067,42791.68993872062,4121.84442103216,0.05990548293375561
227.99999999993761,booster,4101.347835379893,42741.819724431276,-186.3286890927972,-453.8883582593791,490.6455157671726,1.1761397815156025,0.007677766206366132,7640.764994957666,3640.764994957666,0.0,0.0,965.6370998238763,42741.819724431276,4101.347835379893,0.05990548293375561
228.10999999993751,booster,4080.8521116734337,42691.83450633321,-186.32082260726588,-454.9337595866097,491.6097787357931,1.1769825401748133,0.007647150931415843,7640.764994957666,3640.764994957666,0.0,0.0,975.154028311952,42691.83450633321,4080.8521116734337,0.05990548293375561
228.21999999993741,booster,4060.3572566683056,42641.734303825244,-186.31289443031767,-455.97898355810923,492.5741853545404,1.1778219418975646,0.007616710362054498,7640.764994957666,3640.764994957666,0.0,0.0,984.7710703957182,42641.734303825244,4060.3572566683056,0.05990548293375561
228.32999999993731,booster,4039.863277181302,42591.51913652763,-186.3049040021573,-457.02402814979337,493.5387315718151,1.1786580058304288,0.007586443281732004,7640.764994957666,3640.764994957666,0.0,0.0,994.4893453304728,42591.51913652763,4039.863277181302,0.05990548293375561
228.4399999999372,booster,4019.370180091099,42541.18902428457,-186.2968507573957,-458.0688913143357,494.5034133270144,1.1794907509867645,0.007556348483692442,7640.764994957666,3640.764994957666,0.0,0.0,1004.309985520647,42541.18902428457,4019.370180091099,0.05990548293375561
228.5499999999371,booster,3998.87797233888,42490.74398716672,-186.28873412499073,-459.11357098089275,495.46822655011766,1.1803201962477894,0.007526424770892098,7640.764994957666,3640.764994957666,0.0,0.0,1014.2341366786321,42490.74398716672,3998.87797233888,0.05990548293375561
228.659999999937,booster,3978.386660928955,42440.18404547383,-186.28055352818663,-460.1580650548266,496.43316716127015,1.1811463603636434,0.007496670955923487,7640.764994957666,3640.764994957666,0.0,0.0,1024.2629579855238,42440.18404547383,3978.386660928955,0.05990548293375561
228.7699999999369,booster,3957.896252929392,42389.509219737374,-186.27230838445357,-461.2023714174235,497.3982310703648,1.181969261954445,0.007467085860936047,7640.764994957666,3640.764994957666,0.0,0.0,1034.397622253797,42389.509219737374,3957.896252929392,0.05990548293375561
228.8799999999368,booster,3937.406755472661,42338.719530723276,-186.26399810542566,-462.2464879256097,498.3634141766215,1.1827889195113388,0.007437668317557505,7640.764994957666,3640.764994957666,0.0,0.0,1044.6393160919547,42338.719530723276,3937.406755472661,0.05990548293375561
228.9899999999367,booster,3916.918175756274,42287.81499943451,-186.25562209683915,-463.29041241166317,499.3287123681648,1.1836053513975309,0.0074084171668138965,7640.764994957666,3640.764994957666,0.0,0.0,1054.9892400711733,42287.81499943451,3916.918175756274,0.05990548293375561
229.0999999999366,booster,3896.4305210434413,42236.79564711388,-186.2471797584693,-464.3341426829221,500.29412152159836,1.1844185758493209,0.007379331259060255,7640.764994957666,3640.764994957666,0.0,0.0,1065.4486088939395,42236.79564711388,3896.4305210434413,0.05990548293375561
229.2099999999365,booster,3875.943798663725,42185.661495246764,-186.23867048406694,-465.37767652149034,501.25963750157837,1.1852286109771228,0.007350409453895314,7640.764994957666,3640.764994957666,0.0,0.0,1076.0186515647426,42185.661495246764,3875.943798663725,0.05990548293375561
229.3199999999364,booster,3855.458016013713,42134.4125655639,-186.23009366129432,-466.42101168393816,502.2252561603835,1.1860354747664772,0.007321650620092849,7640.764994957666,3640.764994957666,0.0,0.0,1086.7006115628,42134.4125655639,3855.458016013713,0.05990548293375561
229.4299999999363,booster,3834.973180557685,42083.04888004425,-186.2214486716598,-467.46414590100056,503.19097333748306,1.1868391850790565,0.007293053635521045,7640.764994957666,3640.764994957666,0.0,0.0,1097.4957470168765,42083.04888004425,3834.973180557685,0.05990548293375561
229.5399999999362,booster,3814.4892998282976,42031.57046091779,-186.2127348904526,-468.507076877271,504.15678485910223,1.1876397596536612,0.00726461738707118,7640.764994957666,3640.764994957666,0.0,0.0,1108.4053308822045,42031.57046091779,3814.4892998282976,0.05990548293375561
229.6499999999361,booster,3794.0063814272708,41979.9773306685,-186.20395168667602,-469.54980229089233,505.1226865377856,1.1884372161072085,0.007236340770580978,7640.764994957666,3640.764994957666,0.0,0.0,1119.4306511195264,41979.9773306685,3794.0063814272708,0.05990548293375561
229.759999999936,booster,3773.524433026084,41928.269512037186,-186.19509842298055,-470.59231979324306,506.0886741719571,1.18923157193571,0.007208222690767294,7640.764994957666,3640.764994957666,0.0,0.0,1130.5730108762975,41928.269512037186,3773.524433026084,0.05990548293375561
229.8699999999359,booster,3753.0434623666756,41876.44702802449,-186.18617445559605,-471.63462700862016,507.0547435454775,1.1900228445152476,0.007180262061144808,7640.764994957666,3640.764994957666,0.0,0.0,1141.8337286700541,41876.44702802449,3753.0434623666756,0.05990548293375561
229.9799999999358,booster,3732.5634772621556,41824.509901893885,-186.17717913426304,-472.67672153391845,508.0208904271998,1.1908110511029346,0.007152457803956033,7640.764994957666,3640.764994957666,0.0,0.0,1153.2141385739837,41824.509901893885,3732.5634772621556,0.05990548293375561
230.0899999999357,booster,3712.0844855975242,41772.458157174755,-186.16811180216337,-473.71860093830526,508.98711057052134,1.1915962088378727,0.007124808850106004,7640.764994957666,3640.764994957666,0.0,0.0,1164.715590404713,41772.458157174755,3712.0844855975242,0.05990548293375561
230.1999999999356,booster,3691.6064953303926,41720.291817665355,-186.15897179585014,-474.76026276289207,509.95339971293305,1.1923783347421009,0.007097314139079629,7640.764994957666,3640.764994957666,0.0,0.0,1176.339449912368,41720.291817665355,3691.6064953303926,0.05990548293375561
230.3099999999355,booster,3671.1295144917217,41668.01090743601,-186.1497584451768,-475.8017045204015,510.919753575566,1.1931574457215341,0.007069972618881702,7640.764994957666,3640.764994957666,0.0,0.0,1188.087098972875,41668.01090743601,3671.1295144917217,0.05990548293375561
230.4199999999354,booster,3650.6535511865586,41615.615450832214,-186.14047107322557,-476.8429236948303,511.88616786273496,1.1939335585668978,0.007042783245959584,7640.764994957666,3640.764994957666,0.0,0.0,1199.9599357825814,41615.615450832214,3650.6535511865586,0.05990548293375561
230.5299999999353,booster,3630.1786135947877,41563.10547247781,-186.1311089962351,-477.8839177411091,512.852638261479,1.1947066899546515,0.007015744985137884,7640.764994957666,3640.764994957666,0.0,0.0,1211.9593750552058,41563.10547247781,3630.1786135947877,0.05990548293375561
230.6399999999352,booster,3609.704709971888,41510.480997278224,-186.12167152352706,-478.9246840847562,513.8191604410985,1.1954768564479081,0.006988856809545139,7640.764994957666,3640.764994957666,0.0,0.0,1224.0868482211072,41510.480997278224,3609.704709971888,0.05990548293375561
230.7499999999351,booster,3589.2318486496947,41457.74205042372,-186.11215795743217,-479.96522012152974,514.7857300526897,1.1962440744973417,0.006962117700547164,7640.764994957666,3640.764994957666,0.0,0.0,1236.3438036289697,41457.74205042372,3589.2318486496947,0.05990548293375561
230.859999999935,booster,3568.7600380371755,41404.88865739265,-186.10256759321555,-481.005523217073,515.7523427286759,1.19700836044209,0.006935526647683052,7640.764994957666,3640.764994957666,0.0,0.0,1248.731706749865,41404.88865739265,3568.7600380371755,0.05990548293375561
230.9699999999349,booster,3548.2892866212114,41351.920843954824,-186.09289971900083,-482.04559070655773,516.7189940823351,1.1977697305106503,0.006909082648589863,7640.764994957666,3640.764994957666,0.0,0.0,1261.252040383744,41351.920843954824,3548.2892866212114,0.05990548293375561
231.0799999999348,booster,3527.819602967386,41298.8386361749,-186.08315361569396,-483.08541989432103,517.6856797073243,1.1985282008217657,0.006882784708943288,7640.764994957666,3640.764994957666,0.0,0.0,1273.9063048683881,41298.8386361749,3527.819602967386,0.05990548293375561
231.1899999999347,booster,3507.3509957207834,41245.642060415754,-186.0733285569057,-484.1250080534998,518.6523951772009,1.1992837873853068,0.006856631842384338,7640.764994957666,3640.764994957666,0.0,0.0,1286.696018290844,41245.642060415754,3507.3509957207834,0.05990548293375561
231.2999999999346,booster,3486.8834736067965,41192.33114334195,-186.0634238088736,-485.16435242565944,519.6191360449401,1.2000365061031426,0.0068306230704586746,7640.764994957666,3640.764994957666,0.0,0.0,1299.6227167013647,41192.33114334195,3486.8834736067965,0.05990548293375561
231.4099999999345,booster,3466.417045431939,41138.90591192324,-186.0534386303832,-486.2034502204184,520.585897842449,1.2007863727700079,0.006804757422549952,7640.764994957666,3640.764994957666,0.0,0.0,1312.687954329876,41138.90591192324,3466.417045431939,0.05990548293375561
231.5199999999344,booster,3445.951720084674,41085.36639343809,-186.04337227268766,-487.24229861506853,521.5526760800767,1.20153340307436,0.006779033935812493,7640.764994957666,3640.764994957666,0.0,0.0,1325.8933038050213,41085.36639343809,3445.951720084674,0.05990548293375561
231.6299999999343,booster,3425.487506536242,41031.71261547725,-186.0332239794276,-488.2808947541903,522.5194662461223,1.2022776125992318,0.0067534516551112905,7640.764994957666,3640.764994957666,0.0,0.0,1339.2403563757866,41031.71261547725,3425.487506536242,0.05990548293375561
231.7399999999342,booster,3405.0244138415087,40977.94460594739,-186.0229929865492,-489.31923574926384,523.4862638063365,1.2030190168230757,0.006728009632954678,7640.764994957666,3640.764994957666,0.0,0.0,1352.7307221357453,40977.94460594739,3405.0244138415087,0.05990548293375561
231.8499999999341,booster,3384.562451139811,40924.06239307478,-186.01267852222185,-490.35731867827496,524.4530642034221,1.2037576311205995,0.006702706929431005,7640.764994957666,3640.764994957666,0.0,0.0,1366.3660302499447,40924.06239307478,3384.562451139811,0.05990548293375561
231.959999999934,booster,3364.1016276558184,40870.06600540894,-186.0022798067548,-491.3951405853166,525.4198628565287,1.2044934707635986,0.006677542612150631,7640.764994957666,3640.764994957666,0.0,0.0,1380.1479291844767,40870.06600540894,3364.1016276558184,0.05990548293375561
232.0699999999339,booster,3343.641952700403,40815.95547182641,-185.9917960525128,-492.43269848018525,526.3866551607445,1.2052265509217785,0.006652515756177264,7640.764994957666,3640.764994957666,0.0,0.0,1394.07808693874,40815.95547182641,3343.641952700403,0.05990548293375561
232.1799999999338,booster,3323.1834356715194,40761.730821534606,-185.9812264638309,-493.4699893379729,527.3534364865842,1.2059568866635728,0.006627625443969966,7640.764994957666,3640.764994957666,0.0,0.0,1408.158191280432,40761.730821534606,3323.1834356715194,0.05990548293375561
232.2899999999337,booster,3302.7260860550855,40707.392084075575,-185.97057023692852,-494.5070100986532,528.3202021794717,1.2066844929569522,0.006602870765321143,7640.764994957666,3640.764994957666,0.0,0.0,1422.3899499833071,40707.392084075575,3302.7260860550855,0.05990548293375561
232.3999999999336,booster,3282.2699134258914,40652.93928932992,-185.9598265598222,-495.543757666664,529.28694755922,1.207409384670227,0.00657825081729788,7640.764994957666,3640.764994957666,0.0,0.0,1436.775091067721,40652.93928932992,3282.2699134258914,0.05990548293375561
232.5099999999335,booster,3261.8149274484977,40598.372467520756,-185.9489946122378,-496.58022891048336,530.2536679195064,1.2081315765728455,0.006553764704176615,7640.764994957666,3640.764994957666,0.0,0.0,1451.3153630439867,40598.372467520756,3261.8149274484977,0.05990548293375561
232.6199999999334,booster,3241.3611378781566,40543.69164921762,-185.93807356552142,-497.61642066220156,531.2203585273426,1.2088510833361832,0.006529411537390451,7640.764994957666,3640.764994957666,0.0,0.0,1466.0125351585805,40543.69164921762,3241.3611378781566,0.05990548293375561
232.7299999999333,booster,3220.908554561736,40488.89686534056,-185.92706258254947,-498.6523297170872,532.1870146225422,1.209567919534326,0.006505190435463169,7640.764994957666,3640.764994957666,0.0,0.0,1480.8683976432192,40488.89686534056,3220.908554561736,0.05990548293375561
232.8399999999332,booster,3200.4571874386565,40433.98814716423,-185.91596081763805,-499.687952833149,533.1536314171825,1.210282099644849,0.00648110052395588,7640.764994957666,3640.764994957666,0.0,0.0,1495.8847619668463,40433.98814716423,3200.4571874386565,0.05990548293375561
232.9499999999331,booster,3180.0070465418416,40378.965526321896,-185.90476741645074,-500.7232867306911,534.1202040950618,1.2109936380495845,0.006457140935405687,7640.764994957666,3640.764994957666,0.0,0.0,1511.0634610905618,40378.965526321896,3180.0070465418416,0.05990548293375561
233.059999999933,booster,3159.5581419986706,40323.82903480975,-185.8934815159062,-501.7583280918635,535.0867278111527,1.2117025490353883,0.006433310809268348,7640.764994957666,3640.764994957666,0.0,0.0,1526.4063497254842,40323.82903480975,3159.5581419986706,0.05990548293375561
233.1699999999329,booster,3139.110484031946,40268.57870499103,-185.88210224408377,-502.79307356020814,536.0531976910509,1.2124088467948968,0.006409609291864263,7640.764994957666,3640.764994957666,0.0,0.0,1541.915304593652,40268.57870499103,3139.110484031946,0.05990548293375561
233.2799999999328,booster,3118.6640829608727,40213.21456960036,-185.87062872012916,-503.8275197401975,537.0196088304181,1.213112545427279,0.006386035536317137,7640.764994957666,3640.764994957666,0.0,0.0,1557.5922246919106,40213.21456960036,3118.6640829608727,0.05990548293375561
233.3899999999327,booster,3098.218949202047,40157.736661748,-185.85906005415828,-504.86166319676914,537.9859562944215,1.2138136589389823,0.006362588702501301,7640.764994957666,3640.764994957666,0.0,0.0,1573.4390315588766,40157.736661748,3098.218949202047,0.05990548293375561
233.4999999999326,booster,3077.7750932704516,40102.14501492431,-185.84739534716036,-505.8955004548544,538.9522351171682,1.2145122012444711,0.0063392679569830345,7640.764994957666,3640.764994957666,0.0,0.0,1589.4576695449832,40102.14501492431,3077.7750932704516,0.05990548293375561
233.6099999999325,booster,3057.3325257804668,40046.43966300408,-185.83563369090007,-506.9290279989012,539.918440301134,1.215208186166961,0.006316072472969221,7640.764994957666,3640.764994957666,0.0,0.0,1605.650106085636,40046.43966300408,3057.3325257804668,0.05990548293375561
233.7199999999324,booster,3036.8912574468923,39990.62064025108,-185.82377416781839,-507.9622422723906,540.8845668165873,1.2159016274391459,0.0062930014302480025,7640.764994957666,3640.764994957666,0.0,0.0,1622.0183319775226,39990.62064025108,3036.8912574468923,0.05990548293375561
233.8299999999323,booster,3016.492819142096,39934.8132652647,-185.03198910144658,-506.72549366119756,539.4511682414102,1.2158056717895387,-0.0035520258127279968,7634.135634234997,3634.1356342349977,166666.66666666666,1.0,1624.0606617737617,39934.8132652647,3016.492819142096,-0.006094517066244379
233.9399999999322,booster,2996.1875850294236,39879.139883597396,-184.15383345766304,-505.51752384326494,538.0154284867476,1.2157250791229817,0.0021046880215612935,7627.506273512329,3627.5062735123292,166666.66666666666,1.0,1626.0428165293085,39879.139883597396,2996.1875850294236,-0.013635887758726295
234.0499999999321,booster,2975.9789320718105,39823.59951112812,-183.2765367070916,-504.30692510352947,536.5778262421237,1.2162591752861995,0.007562361828898768,7620.876912789661,3620.8769127896608,166666.66666666666,1.0,1627.9674265046413,39823.59951112812,2975.9789320718105,-0.012983430468678312
234.159999999932,booster,2955.8666519893636,39768.19248091689,-182.4018217150635,-503.0930340422344,535.138323676033,1.2173790315435788,0.012754794573798191,7614.247552066992,3614.2475520669923,166666.66666666666,1.0,1629.8337718481498,39768.19248091689,2955.8666519893636,-0.012326827853449126
234.2699999999319,booster,2935.8503885389996,39712.919182633195,-181.53099200005465,-501.8753556124551,533.6968930279173,1.2190554565335803,0.017681817835609168,7607.618191344323,3607.618191344324,166666.66666666666,1.0,1631.641182699724,39712.919182633195,2935.8503885389996,-0.01166774319177371
234.3799999999318,booster,2915.9296453405905,39657.78005867811,-180.6652927706608,-500.65342613028366,532.253512067229,1.221259273614292,0.02234386269952464,7600.988830621655,3600.9888306216553,166666.66666666666,1.0,1633.389013300075,39657.78005867811,2915.9296453405905,-0.011007763479458353
234.4899999999317,booster,2896.1037920451345,39602.77560072848,-179.80591529044096,-499.426813362094,530.8081659869684,1.2239613851607059,0.026741929823759406,7594.359469898987,3594.359469898987,166666.66666666666,1.0,1635.076655032434,39602.77560072848,2896.1037920451345,-0.01034840036257165
234.5999999999316,booster,2876.3720700698595,39547.906346272786,-178.95399962016455,-498.19511686991774,529.3608489991349,1.2271328335884608,0.030877560208872973,7587.730109176318,3587.7301091763184,166666.66666666666,1.0,1636.7035478886767,39547.906346272786,2876.3720700698595,-0.009691097122707194
234.7099999999315,booster,2856.733599282251,39493.17287467998,-178.11060653827556,-496.9579790081306,527.9115655687779,1.2307448599502462,0.03475282664759706,7581.100748453649,3581.10074845365,166666.66666666666,1.0,1638.269190003397,39493.17287467998,2856.733599282251,-0.00903731573347829
234.8199999999314,booster,2837.1873886186963,39438.575801799045,-177.27669592436442,-495.71509276274975,526.4603309943126,1.2347689625420593,0.038370327001975006,7574.471387730981,3574.4713877309814,166666.66666666666,1.0,1639.7731435670717,39438.575801799045,2837.1873886186963,-0.00838843311376593
234.9299999999313,booster,2817.732345961154,39384.11577484752,-176.45314611546033,-494.46619441845763,525.0071715669377,1.2391769523232157,0.04173314290770608,7567.842027008313,3567.842027008313,166666.66666666666,1.0,1641.2150381287738,39384.11577484752,2817.732345961154,-0.0077457406671610895
235.0399999999312,booster,2798.367287011186,39329.79346771679,-175.6407547321727,-493.2110625867365,523.5521244163039,1.2439410045647197,0.04484481225207772,7561.212666285644,3561.2126662856444,166666.66666666666,1.0,1642.5945718663113,39329.79346771679,2798.367287011186,-0.007110462925942424
235.1499999999311,booster,2779.0909441761173,39275.6095763665,-174.840238625763,-491.94951720930834,522.0952370259523,1.249033707593857,0.04770930290687835,7554.5833055629755,3554.583305562976,166666.66666666666,1.0,1643.9115107314826,39275.6095763665,2779.0909441761173,-0.00648375702475628
235.259999999931,booster,2759.901975434781,39221.564814354344,-174.05223429851188,-490.6814181022771,520.6365664599115,1.2544281086409323,0.05033098631894533,7547.9539448403075,3547.9539448403075,166666.66666666666,1.0,1645.1656856698635,39221.564814354344,2759.901975434781,-0.005866712345801186
235.3699999999309,booster,2740.798973131959,39167.65990854842,-173.27729877630637,-489.40666310413053,519.1761783459766,1.2600977567763685,0.052714611028691585,7541.3245841176395,3541.324584117639,166666.66666666666,1.0,1646.3569881487872,39167.65990854842,2740.798973131959,-0.005260350334452438
235.4799999999308,booster,2721.7804726530053,39113.89559506212,-172.51591091052003,-488.1251858917994,517.7141456626332,1.2660167429341045,0.05486527618665166,7534.6952233949705,3534.6952233949705,166666.66666666666,1.0,1647.4853642468065,39113.89559506212,2721.7804726530053,-0.004665624484328491
235.5899999999307,booster,2702.844960932794,39060.27261544464,-171.76847308409756,-486.83695352877254,516.2505473767737,1.2721597370248896,0.056788405137541874,7528.065862672302,3528.065862672302,166666.66666666666,1.0,1648.550807569417,39060.27261544464,2702.844960932794,-0.004083420490531114
235.6999999999306,booster,2683.9908847560046,39006.791713152954,-171.03531329441233,-485.54196380793314,514.7854669784123,1.278502022150704,0.058489719140551545,7521.436501949634,3521.4365019496336,166666.66666666666,1.0,1649.5533512603092,39006.791713152954,2683.9908847560046,-0.0035145565696955237
235.8099999999305,booster,2665.216658808937,38953.453630324635,-170.31668758309266,-484.2402424494431,513.3189909566684,1.2850195259390138,0.059975211293534114,7514.8071412269655,3514.807141226965,166666.66666666666,1.0,1650.4930593748327,38953.453630324635,2665.216658808937,-0.0029597839449888685
235.9199999999304,booster,2646.5206734464136,38900.259104864264,-169.61278278073277,-482.9318402107789,511.8512072585092,1.291688849022955,0.06125112072745025,7508.177780504297,3508.1777805042966,166666.66666666666,1.0,1651.3700178739996,38900.259104864264,2646.5206734464136,-0.0024197874935764584
236.0299999999303,booster,2627.9013021410087,38847.20886785008,-168.92371953234442,-481.61682996205286,510.38220376825353,1.2984872907007503,0.06232390713578921,7501.548419781628,3501.548419781628,166666.66666666666,1.0,1652.1843254835026,38847.20886785008,2627.9013021410087,-0.0018951865537658863
236.1399999999302,booster,2609.356908585665,38794.30364126206,-168.24955556766628,-480.29530377517375,508.91206684181077,1.3053928718146768,0.06320022570174018,7494.91905905896,3494.9190590589596,166666.66666666666,1.0,1652.9360846439338,38794.30364126206,2609.356908585665,-0.0013865358876786827
236.2499999999301,booster,2590.8858534248216,38741.54413602729,-167.59028917911428,-478.9673700703549,507.44087992519036,1.3123843548966898,0.06388690248362516,7488.289698336292,3488.289698336291,166666.66666666666,1.0,1653.6253927565128,38741.54413602729,2590.8858534248216,-0.0008943267952884581
236.35999999993,booster,2572.486500593281,38688.931050374515,-166.94586286929433,-477.6331508580982,505.96872228212686,1.31944126163432,0.06439091031647798,7481.660337613623,3481.6603376136227,166666.66666666666,1.0,1654.252333903839,38688.931050374515,2572.486500593281,-0.00041898837392422505
236.4699999999299,booster,2554.1572232462922,38636.46506848498,-166.31616712964575,-476.2927791092161,504.4956678508516,1.3265438877166695,0.06471934528470935,7475.030976890954,3475.030976890954,166666.66666666666,1.0,1654.816971198645,38636.46506848498,2554.1572232462922,3.911108285789444e-05
236.5799999999298,booster,2535.8964092685205,38584.1468594246,-165.70104431196677,-474.9463962798163,503.02178424523595,1.3336733151261961,0.06487940381752788,7468.401616168286,3468.4016161682857,166666.66666666666,1.0,1655.3193398856401,38584.1468594246,2535.8964092685205,0.0004796625545037039
236.6899999999297,booster,2517.702466353768,38531.97707633867,-165.10029255528616,-473.59415001259975,501.54713191084835,1.3408114219474747,0.06487836045520282,7461.772255445618,3461.7722554456172,166666.66666666666,1.0,1655.759441293615,38531.97707633867,2517.702466353768,0.0009024146389241286
236.7999999999296,booster,2499.573826651369,38479.95635588894,-164.5136697317733,-472.23619203040965,500.0717634420053,1.3479408897691914,0.06472354633040768,7455.142894722949,3455.1428947229488,166666.66666666666,1.0,1656.137237707238,38479.95635588894,2499.573826651369,0.0013071717830411603
236.9099999999295,booster,2481.5089509790755,38428.08531791144,-163.94089737708546,-470.8726762328219,498.59572306174465,1.3550452087602793,0.06442232840477828,7448.51353400028,3448.5135340002803,166666.66666666666,1.0,1656.4526482013046,38428.08531791144,2481.5089509790755,0.0016937924084224427
237.0199999999294,booster,2463.5063326059676,38376.364565272204,-163.3816645726886,-469.50375700175954,497.11904626287435,1.362108680505277,0.06398208949654162,7441.884173277612,3441.884173277612,166666.66666666666,1.0,1656.7055454552612,38376.364565272204,2463.5063326059676,0.0020621869419056747
237.1299999999293,booster,2445.564500612333,38324.79468389764,-162.83563175019444,-468.1295877177187,495.6417596049048,1.3691164186876978,0.06341020913060876,7435.254812554944,3435.2548125549433,166666.66666666666,1.0,1656.895753542757,38324.79468389764,2445.564500612333,0.0024123157623690858
237.2399999999292,booster,2427.682022836612,38273.37624295682,-162.3024343905704,-466.7503194842561,494.1638806587958,1.3760543477134028,0.06271404523798632,7428.625451832275,3428.625451832275,166666.66666666666,1.0,1657.0230466703879,38273.37624295682,2427.682022836612,0.002744187074624486
237.3499999999291,booster,2409.8575084223326,38222.10979517273,-161.78168659412063,-465.36610005494344,492.685418089054,1.3829091993686602,0.06190091672676492,7421.996091109606,3421.9960911096064,166666.66666666666,1.0,1657.0871488218982,38222.10979517273,2409.8575084223326,0.0030578547219498923
237.459999999929,booster,2392.089609980435,38170.995877240886,-161.2729845003399,-463.9770729540657,491.2063718608191,1.3896685076097848,0.06097808694234396,7415.366730386938,3415.366730386938,166666.66666666666,1.0,1657.0877342489337,38170.995877240886,2392.089609980435,0.003353415948639147
237.5699999999289,booster,2374.3770253844814,38120.03501033445,-160.77590954002983,-462.58337677992444,489.7267335581563,1.396320601582935,0.059952748030011375,7408.73736966427,3408.7373696642694,166666.66666666666,1.0,1657.024428737287,38120.03501033445,2374.3770253844814,0.0036310091241115367
237.6799999999288,booster,2356.718499218036,38069.22770067661,-160.29003150537244,-461.18514467770586,488.24648679881943,1.402854596973839,0.0588320062085613,7402.108008941601,3402.108008941601,166666.66666666666,1.0,1656.8968115680964,38069.22770067661,2356.718499218036,0.0038908114398208977
237.7899999999287,booster,2339.1128238948663,38018.57444016224,-159.81491142691172,-459.78250396745955,486.7656077302284,1.4092603857879489,0.057622867959336174,7395.478648218932,3395.4786482189324,166666.66666666666,1.0,1656.704418086977,38018.57444016224,2339.1128238948663,0.004133036589879834
237.8999999999286,booster,2321.558840473676,37968.07570701261,-159.35010424954686,-458.3755759117865,485.28406559128166,1.4155286246617682,0.0563322271309763,7388.849287496264,3388.849287496264,166666.66666666666,1.0,1656.4467427901125,37968.07570701261,2321.558840473676,0.0043579324459604215
238.0099999999285,booster,2304.0554391897667,37917.73196644876,-158.89516130263434,-456.96447560730644,483.8018233248514,1.421650721805921,0.054966852956266896,7382.219926773596,3382.2199267735955,166666.66666666666,1.0,1656.1232428347141,37917.73196644876,2304.0554391897667,0.004565778736664537
238.1199999999284,booster,2286.6015597264277,37867.54367137072,-158.44963256209496,-455.5493119838388,482.31883822634563,1.4276188226799194,0.05353337897384334,7375.590566050927,3375.590566050927,166666.66666666666,1.0,1655.7333418820183,37867.54367137072,2286.6015597264277,0.004756884740668978
238.2299999999283,booster,2269.196191248916,37817.5112630316,-158.01306870498823,-454.1301878954274,480.83506261451396,1.4334257944976143,0.052038292844142596,7368.961205328258,3368.9612053282585,166666.66666666666,1.0,1655.2764341835336,37817.5112630316,2269.196191248916,0.004931587002493688
238.3399999999282,booster,2251.838372223735,37767.6351716974,-157.58502295932828,-452.7072002878273,479.35044451166937,1.4390652096609722,0.050487927045898946,7362.33184460559,3362.33184460559,166666.66666666666,1.0,1654.7518888254492,37767.6351716974,2251.838372223735,0.005090247079237556
238.4499999999281,booster,2234.52719004548,37717.91581728475,-157.16505275395687,-451.2804404278022,477.86492832165993,1.4445313282181473,0.04888845043670783,7355.702483882922,3355.7024838829216,166666.66666666666,1.0,1654.15905405167,37717.91581728475,2234.52719004548,0.0052332493254668355
238.559999999928,booster,2217.2617804929037,37668.35360997075,-156.75272117504983,-449.849994180505,476.3784554951906,1.4498190794398838,0.04724586065867774,7349.073123160253,3349.073123160253,166666.66666666666,1.0,1653.4972615925612,37668.35360997075,2217.2617804929037,0.0053609987231095155
238.6699999999279,booster,2200.0413270350336,37618.9489507702,-156.3475982373147,-448.41594232228033,474.8909651734337,1.454924042606054,0.045565977368012454,7342.443762437584,3342.4437624375846,166666.66666666666,1.0,1652.7658309338278,37618.9489507702,2200.0413270350336,0.005473918762175477
238.7799999999278,booster,2182.8650600072365,37569.702232077034,-155.94926197914404,-446.97836087740603,473.40239480223624,1.4598424270917183,0.043854436265447966,7335.814401714916,3335.814401714916,166666.66666666666,1.0,1651.964073467862,37569.702232077034,2182.8650600072365,0.005572449377752345
238.8899999999277,booster,2165.732255676026,37520.61383816786,-155.55729939192926,-445.53732146852656,471.9126807105945,1.4645710518394506,0.04211668390286782,7329.185040992248,3329.1850409922477,166666.66666666666,1.0,1651.09129647802,37520.61383816786,2165.732255676026,0.005657044947521059
238.9999999999276,booster,2148.642235210274,37471.684145666615,-155.17130719443483,-444.09289167179685,470.42175864839413,1.4691073243018957,0.04035797324005038,7322.555680269579,3322.555680269579,166666.66666666666,1.0,1650.1468069145435,37471.684145666615,2148.642235210274,0.005728172353791106
239.1099999999275,booster,2131.594363575247,37422.9135239702,-154.79089246359032,-442.6451353690209,468.92956427968335,1.4734492189355812,0.038583359924417616,7315.92631954691,3315.9263195469107,166666.66666666666,1.0,1649.1299149288677,37422.9135239702,2131.594363575247,0.005786309113249394
239.2199999999274,booster,2114.5880483646115,37374.30233563597,-154.4156731333123,-441.1941130903043,467.43603362893856,1.477595255323986,0.036797699265779416,7309.296958824242,3309.296958824242,166666.66666666666,1.0,1648.0399371408787,37374.30233563597,2114.5880483646115,0.005831941576836894
239.3299999999273,booster,2097.622738584302,37325.85093673222,-154.04527837302723,-439.73988234192007,465.94110347887226,1.4815444760047425,0.03500564387742111,7302.667598101574,3302.6675981015737,166666.66666666666,1.0,1646.8761996210417,37325.85093673222,2097.622738584302,0.0058655632020371525
239.4399999999272,booster,2080.697923400829,37277.55967715355,-153.67934885746806,-438.28249791520517,464.4447117193253,1.4852964240726736,0.03321164195443753,7296.038237378905,3296.0382373789053,166666.66666666666,1.0,1645.638040576193,37277.55967715355,2080.697923400829,0.0058876728986743
239.5499999999271,booster,2063.8131308653756,37229.42890090362,-153.31753693907058,-436.8220121733346,462.94679764766073,1.488851120627146,0.03141993615992043,7289.408876656236,3289.4088766562368,166666.66666666666,1.0,1644.324812733967,37229.42890090362,2063.8131308653756,0.005898773449713735
239.659999999927,booster,2046.9679266237747,37181.45894634755,-152.95950673393546,-435.35847531376146,461.44730222183756,1.4922090421289802,0.029634563089517105,7282.779515933568,3282.7795159335683,166666.66666666666,1.0,1642.9358854265056,37181.45894634755,2046.9679266237747,0.005899370007130727
239.7699999999269,booster,2030.16191262131,37133.65014643685,-152.60493413186288,-433.8919356049525,459.94616826798597,1.4953710977289236,0.027859353284863903,7276.1501552109,3276.1501552109,166666.66666666666,1.0,1641.470646378969,37133.65014643685,2030.16191262131,0.005889968663554642
239.8799999999268,booster,2013.3947258101198,37086.00282890984,-152.25350674042954,-432.4224395967909,458.4433406448373,1.4983386066264361,0.026097931766576196,7269.520794488231,3269.5207944882313,166666.66666666666,1.0,1639.9285032125717,37086.00282890984,2013.3947258101198,0.005871075099074462
239.9899999999267,booster,1996.6660368659557,37038.51731647034,-151.9049237724882,-430.9500323046581,456.93876636778293,1.501113275514346,0.024353719057688895,7262.891433765562,3262.891433765563,166666.66666666666,1.0,1638.3088846754197,37038.51731647034,1996.6660368659557,0.005843193303180856
240.0999999999266,booster,1979.9755489200177,36991.193926947475,-151.5588958858352,-429.47475736774715,455.4323946956548,1.503697176161739,0.022629932668809506,7256.262073042894,3256.2620730428944,166666.66666666666,1.0,1636.6112416172941,36991.193926947475,1979.9755489200177,0.0058068243707768445
240.2099999999265,booster,1963.3229963106867,36944.032973439535,-151.2151449831357,-427.99665718260945,453.92417718354557,1.5060927231843002,0.020929589016634984,7249.632712320226,3249.632712320226,166666.66666666666,1.0,1634.835047726761,36944.032973439535,1963.3229963106867,0.005762465371596655
240.3199999999264,booster,1946.708143359108,36897.03476444436,-150.87340397952656,-426.51577301328854,452.4140677051195,1.5083026520482508,0.019255505747978553,7243.003351597557,3243.0033515975574,166666.66666666666,1.0,1632.9798000505455,36897.03476444436,1946.708143359108,0.005710608291759588
240.4299999999263,booster,1930.1307831717993,36850.199603978894,-150.53341654464876,-425.032145079674,450.9020224479302,1.5103299973509718,0.01761030444197645,7236.3739908748885,3236.373990874889,166666.66666666666,1.0,1631.0450193163244,36850.199603978894,1930.1307831717993,0.005651739046147464
240.5399999999262,booster,1913.5907364727668,36803.52779169013,-150.19493682520317,-423.545812625902,449.38799988524664,1.5121780714184399,0.015996413663724136,7229.74463015222,3229.7446301522205,166666.66666666666,1.0,1629.0302500805337,36803.52779169013,1913.5907364727668,0.0055863365602971
240.6499999999261,booster,1897.08785046695,36757.01962295944,-149.85772915347948,-422.05681397075966,447.8719607278246,1.5138504432566893,0.014416072343206972,7223.115269429552,3223.115269429552,166666.66666666666,1.0,1626.9350607230533,36757.01962295944,1897.08785046695,0.005514871920032295
240.759999999926,booster,1880.6219977362825,36710.675389002376,-149.52156774669388,-420.5651865421212,446.3538678589425,1.515350917891671,0.012871333454032373,7216.4859087068835,3216.4859087068835,166666.66666666666,1.0,1624.759043310246,36710.675389002376,1880.6219977362825,0.005437807587361959
240.8699999999259,booster,1864.1930751691295,36664.49537696549,-149.18623640137886,-419.07096689745896,444.83368625586263,1.5166835161291239,0.01136406796713814,7209.856547984215,3209.856547984215,166666.66666666666,1.0,1622.5018133474011,36664.49537696549,1864.1930751691295,0.005355596680775395
240.9799999999258,booster,1847.801002923446,36618.47987002137,-148.85152818651514,-417.574190732446,443.31138290068543,1.517852454763361,0.009895969055342964,7203.2271872615465,3203.2271872615465,166666.66666666666,1.0,1620.1630094406273,36618.47987002137,1847.801002923446,0.005268682318202053
241.0899999999257,booster,1831.4457234236108,36572.62914746353,-148.51724513856882,-416.0748928796015,441.7869266833522,1.5188621272612761,0.008468556525311135,7196.5978265388785,3196.597826538878,166666.66666666666,1.0,1617.7422928872168,36572.62914746353,1831.4457234236108,0.0051774970206423954
241.1999999999256,booster,1815.1272003905767,36526.94348480177,-148.18319796111632,-414.5731072988386,440.26028829931704,1.5197170849453292,0.007083181454209923,7189.96846581621,3189.9684658162096,166666.66666666666,1.0,1615.239347212217,36526.94348480177,1815.1272003905767,0.005082462174662574
241.3099999999255,booster,1798.8454179047053,36481.42315385902,-147.84920573128517,-413.06886706165267,438.7314401441606,1.5204220186968054,0.005741031009084515,7183.339105093541,3183.339105093541,166666.66666666666,1.0,1612.6538776675266,36481.42315385902,1798.8454179047053,0.004983987551750581
241.4199999999254,booster,1782.6003795004344,36436.06842287009,-147.51509561482874,-411.56220433055853,437.2003562071747,1.5209817411982802,0.004443133427690575,7176.709744370873,3176.7097443708726,166666.66666666666,1.0,1609.9856107083353,36436.06842287009,1782.6003795004344,0.004882470882512662
241.5299999999253,booster,1766.392107291743,36390.87955658303,-147.18070259127495,-410.05315033523283,435.6670119656874,1.521401169731908,0.0031903631402858145,7170.080383648205,3170.080383648204,166666.66666666666,1.0,1607.2342934601356,36390.87955658303,1766.392107291743,0.004778297483804009
241.6399999999252,booster,1750.2206411272468,36345.856816363055,-146.84586919024756,-408.5417353466701,434.13138428165723,1.5216853095479523,0.0019834460126144627,7163.451022925536,3163.4510229255357,166666.66666666666,1.0,1604.3996931879901,36345.856816363055,1750.2206411272468,0.0046718399366258625
241.7499999999251,booster,1734.0860377736426,36301.0004602996,-146.51044523975074,-407.02798865050056,432.5934513018222,1.5218392378158316,0.000822964691078497,7156.821662202867,3156.821662202867,166666.66666666666,1.0,1601.4815967781055,36301.0004602996,1734.0860377736426,0.004563457812970569
241.859999999925,booster,1717.9883701261617,36256.31074331603,-146.17428762693197,-405.5119385204643,431.0531923624576,1.5218680881679125,-0.0002906359681562517,7150.192301480199,3150.1923014801987,166666.66666666666,1.0,1598.4798102402863,36256.31074331603,1717.9883701261617,0.004453497449334327
241.9699999999249,booster,1701.927726444638,36211.787917282454,-145.83726007159245,-403.99361219288517,429.51058789958205,1.5217770358443172,-0.001357043403624412,7143.562940757531,3143.56294075753,166666.66666666666,1.0,1595.394158238236,36211.787917282454,1701.927726444638,0.004342291765094396
242.0799999999248,booster,1685.9042096137866,36167.432231131155,-145.49923291249934,-402.47303584284214,427.96561936524694,1.521571283445117,-0.0023760718033336704,7136.933580034862,3136.9335800348617,166666.66666666666,1.0,1592.2244836533391,36167.432231131155,1685.9042096137866,0.004230160123624826
242.1899999999247,booster,1669.9179364262882,36123.24393097448,-145.16008290636466,-400.9502345625997,426.41826915035705,1.5212560472944985,-0.003347656525836861,7130.304219312193,3130.3042193121933,166666.66666666666,1.0,1588.9706471861925,36123.24393097448,1669.9179364262882,0.0041174082341502525
242.2999999999246,booster,1653.9690368873032,36079.22326022511,-144.81969303919115,-399.4252323427309,424.8685205143,1.520836544419764,-0.004271848502839022,7123.674858589525,3123.674858589525,166666.66666666666,1.0,1585.6325269988201,36079.22326022511,1653.9690368873032,0.004004328092303497
242.4099999999245,booster,1638.0576535390758,36035.3704597181,-144.47795234954665,-397.89805205625436,423.31635752151084,1.520317980146388,-0.005148808637822559,7117.045497866857,3117.0454978668563,166666.66666666666,1.0,1582.210018399527,36035.3704597181,1638.0576535390758,0.003891197957553234
242.5199999999244,booster,1622.1839408043477,35991.68576783449,-144.1347557632101,-396.36871544599575,421.7617649849604,1.5197055363088134,-0.005978802214431082,7110.416137144188,3110.416137144188,166666.66666666666,1.0,1578.7030335711406,35991.68576783449,1622.1839408043477,0.00377828236534988
242.6299999999243,booster,1606.348064347367,35948.16942062623,-143.7900039385335,-394.83724311530074,420.20472841644056,1.5190043600751877,-0.006762193327609591,7103.786776421519,3103.7867764215193,166666.66666666666,1.0,1575.1115013425715,35948.16942062623,1606.348064347367,0.0036658321722441564
242.7399999999242,booster,1590.5502004513462,35904.82165194189,-143.44360312178733,-393.30365452213795,418.64523398341714,1.5182195533828526,-0.007499439349762063,7097.157415698851,3097.157415698851,166666.66666666666,1.0,1571.4353670027722,35904.82165194189,1590.5502004513462,0.0035540846318931857
242.8499999999241,booster,1574.790535411324,35861.64269355275,-143.09546501169345,-391.76796797656795,417.0832684721385,1.5173561629801022,-0.008191085443471533,7090.528054976183,3090.5280549761824,166666.66666666666,1.0,1567.6745921555212,35861.64269355275,1574.790535411324,0.003443263500252136
242.959999999924,booster,1559.0692649414607,35818.63277527911,-142.74550663230477,-390.2302006414941,415.51881925661814,1.5164191710684782,-0.008837759131597482,7083.898694253514,3083.898694253514,166666.66666666666,1.0,1563.8291546127823,35818.63277527911,1559.0692649414607,0.0033335791680260437
243.0699999999239,booster,1543.3865935958934,35775.792125116284,-142.39365021335996,-388.6903685365669,413.9518742730571,1.5154134865387303,-0.009440164934868477,7077.269333530845,3077.2693335308454,166666.66666666666,1.0,1559.8990483240405,35775.792125116284,1543.3865935958934,0.0032252288185610632
243.1799999999238,booster,1527.7427342023884,35733.12096936,-142.0398230772239,-387.14848654507585,412.38242199923104,1.5143439367924945,-0.009999079086394224,7070.639972808177,3070.639972808177,166666.66666666666,1.0,1555.8842833385108,35733.12096936,1527.7427342023884,0.0031183966094585104
243.2899999999237,booster,1512.1379073081046,35690.619532730896,-141.68395753151916,-385.60456842363755,410.81045143834046,1.5132152601407405,-0.010515344331834363,7064.010612085509,3064.0106120855085,166666.66666666666,1.0,1551.7848857969038,35690.619532730896,1512.1379073081046,0.003013253876229258
243.3999999999236,booster,1496.572340636895,35648.288038497776,-141.32599076655873,-384.0586268144692,409.2359521068075,1.5120320987691138,-0.010989864823302267,7057.38125136284,3057.38125136284,166666.66666666666,1.0,1547.6008979492385,35648.288038497776,1496.572340636895,0.002909959356196255
243.5099999999235,booster,1481.0462685576695,35606.12670859946,-140.96586475670733,-382.5106732600268,407.65891402549425,1.5107989922594511,-0.011423601114426252,7050.751890640171,3050.7518906401715,166666.66666666666,1.0,1543.3323781950241,35606.12670859946,1481.0462685576695,0.002808659431112401
243.6199999999234,booster,1465.5599315634295,35564.13576376483,-140.60352616482183,-380.9607182197825,406.07932771382764,1.509520371655959,-0.011817565263358962,7044.122529917503,3044.122529917503,166666.66666666666,1.0,1538.9794011421645,35564.13576376483,1465.5599315634295,0.002709488386887062
243.7299999999233,booster,1450.1135757606814,35522.315423630906,-140.23892624895404,-379.40877108891607,404.49718418631926,1.5082005540638392,-0.012172816049911989,7037.493169194835,3037.4931691948345,166666.66666666666,1.0,1534.5420576809106,35522.315423630906,1450.1135757606814,0.002612568688908754
243.8399999999232,booster,1434.7074523690246,35480.66590685888,-139.87202077053865,-377.8548402187031,402.91247495099435,1.5068437377674928,-0.012490454312390618,7030.863808472166,3030.863808472166,166666.66666666666,1.0,1530.0204550692492,35480.66590685888,1434.7074523690246,0.0025180112714082085
243.9499999999231,booster,1419.3418172307915,35439.18743124768,-139.50276990333452,-376.29893293838956,401.32519200926487,1.5054539978548567,-0.012771618409124065,7024.234447749497,3024.2344477494976,166666.66666666666,1.0,1525.4147170263516,35439.18743124768,1419.3418172307915,0.0024259158395218416
244.059999999923,booster,1404.0169303306948,35397.88021384524,-139.1311381424368,-374.7410555783571,399.7353278568097,1.504035282333908,-0.013017479809140128,7017.605087026829,3017.605087026829,166666.66666666666,1.0,1520.724983830728,35397.88021384524,1404.0169303306948,0.0023363711826618933
244.1699999999229,booster,1388.733055325506,35356.74447105692,-138.75709421273365,-373.18121349439576,398.14287548505905,1.5025914087269099,-0.013229238815876815,7010.975726304161,3010.9757263041606,166666.66666666666,1.0,1515.9514124200755,35356.74447105692,1388.733055325506,0.002249455497779758
244.2799999999228,booster,1373.4904590838637,35315.78041875142,-138.3806109762373,-371.61941109291956,396.5478283829141,1.501126061127572,-0.01340812042732195,7004.346365581492,3004.346365581492,166666.66666666666,1.0,1511.0941764899444,35315.78041875142,1373.4904590838637,0.0021652367213769886
244.3899999999227,booster,1358.2894112363579,35274.98827236376,-138.0016653377811,-370.0556518569736,394.9501805383694,1.4996427877059588,-0.013555370335467715,6997.717004858823,2997.7170048588237,166666.66666666666,1.0,1506.153466588651,35274.98827236376,1358.2894112363579,0.002083772868939166
244.4999999999226,booster,1343.130183736101,35234.3682469954,-137.62023814863485,-368.48993837290175,393.3499264397438,1.4981449986456832,-0.013672251067496213,6991.087644136155,2991.087644136155,166666.66666666666,1.0,1501.1294902061138,35234.3682469954,1343.130183736101,0.0020051123807335023
244.6099999999225,booster,1328.0130504300319,35193.92055751136,-137.2363141076558,-366.92227235755735,391.7470610762621,1.4966359644976819,-0.013760038270656279,6984.458283413487,2984.4582834134867,166666.66666666666,1.0,1496.022471854578,35193.92055751136,1328.0130504300319,0.00192929447275913
244.7199999999224,booster,1312.9382866412443,35153.64541863436,-136.84988165965285,-365.35265468595867,390.14157993776865,1.495118814934676,-0.013820017142357147,6977.828922690818,2977.828922690818,166666.66666666666,1.0,1490.8326531394302,35153.64541863436,1312.9382866412443,0.0018563494917465354
244.8299999999223,booster,1297.9061687626604,35113.54304503588,-136.4609328907091,-363.781085419303,388.5334790133906,1.4935965378902878,-0.01385347900660838,6971.199561968149,2971.1995619681497,166666.66666666666,1.0,1485.5602928186574,35113.54304503588,1297.9061687626604,0.0017862992734361093
244.9399999999222,booster,1282.9169738623955,35073.61365142417,-136.0694634202651,-362.2075638332687,386.9227547890021,1.4920719790666575,-0.01386171803752005,6964.570201245481,2964.5702012454813,166666.66666666666,1.0,1480.20566684966,35073.61365142417,1282.9169738623955,0.0017191575028593622
245.0499999999221,booster,1267.9709793011782,35033.857452629025,-135.67547228982943,-360.6320884465461,385.3094042433765,1.4905478417943743,-0.013846028130235982,6957.940840522813,2957.940840522813,166666.66666666666,1.0,1474.769068422541,35033.857452629025,1267.9709793011782,0.001654930075953915
245.159999999922,booster,1253.0684623622028,34994.2746636835,-135.2789618482402,-359.0546570495498,383.6934248429434,1.489026687228491,-0.013807699919301138,6951.311479800144,2951.3114798001443,166666.66666666666,1.0,1469.2508079790823,34994.2746636835,1253.0684623622028,0.0015936154614559605
245.2699999999219,booster,1238.2096998937902,34954.86549990245,-134.87993763345648,-357.47526673327314,382.0748145350985,1.4875109348644213,-0.013748017944150823,6944.682119077475,2944.682119077476,166666.66666666666,1.0,1463.6512132169712,34954.86549990245,1238.2096998937902,0.0015352050624740442
245.3799999999218,booster,1223.3949679652467,34915.63017695784,-134.47840825091436,-355.89391391825313,380.4535717400384,1.4860028633575724,-0.01366825796109025,6938.052758354807,2938.0527583548073,166666.66666666666,1.0,1457.9706290789993,34915.63017695784,1223.3949679652467,0.0014796835767415314
245.4899999999217,booster,1208.624541536284,34876.56891095096,-134.07438524852893,-354.31059438362183,378.8296953411207,1.484504611630641,-0.01356968440084689,6931.423397632139,2931.423397632139,166666.66666666666,1.0,1452.2094177271779,34876.56891095096,1208.624541536284,0.0014270293549674433
245.5999999999216,booster,1193.8986941403707,34837.68191848128,-133.6678829884722,-352.7253032962215,377.20318467376615,1.4830181802526272,-0.013453547970501379,6924.79403690947,2924.7940369094704,166666.66666666666,1.0,1446.3679585018906,34837.68191848128,1193.8986941403707,0.0013772147565632692
245.7099999999215,booster,1179.2176975823572,34798.96941671231,-133.25891851589986,-351.13803523976696,375.57403951294486,1.4815454330737583,-0.013321083398353303,6918.164676186801,2918.164676186802,166666.66666666666,1.0,1440.4466478663448,34798.96941671231,1179.2176975823572,0.0013302065020658316
245.8199999999214,booster,1164.5818216506973,34760.43162343406,-132.84751142483677,-349.5487842440385,373.94226005930045,1.4800880991006957,-0.013173507320033591,6911.535315464133,2911.5353154641334,166666.66666666666,1.0,1434.4458993367994,34760.43162343406,1164.5818216506973,0.0012859660217109043
245.9299999999213,booster,1149.9913338445704,34722.0687571224,-132.4336837214673,-347.9575438140892,372.3078469239823,1.4786477745965831,-0.013012016303957817,6904.905954741465,2904.905954741465,166666.66666666666,1.0,1428.3661433990408,34722.0687571224,1149.9913338445704,0.0012444497995461568
246.0399999999212,booster,1135.446499116171,34683.88103699516,-132.01745968510622,-346.36430695945126,370.67080111226676,1.4772259253907316,-0.012837785014007461,6898.2765940187965,2898.2765940187965,166666.66666666666,1.0,1422.2078274118362,34683.88103699516,1135.446499116171,0.0012056097125986893
246.1499999999211,booster,1120.9475796284028,34645.86868306504,-131.59886572715308,-344.769066223322,369.0311240060582,1.475823889382963,-0.012651964507133335,6891.6472332961275,2891.647233296128,166666.66666666666,1.0,1415.9714154980481,34645.86868306504,1120.9475796284028,0.001169393364448766
246.259999999921,booster,1106.4948345281878,34608.031916189306,-131.17793024835467,-343.17181371171245,367.3888173453684,1.4744428792279116,-0.012455680663406772,6885.0178725734595,2885.0178725734595,166666.66666666666,1.0,1409.65738842425,34608.031916189306,1106.4948345281878,0.0011357444131606582
246.3699999999209,booster,1092.0885197355515,34570.37095811627,-130.7546834947177,-341.5725411225338,365.7438832088772,1.473083985184857,-0.012250032745868495,6878.3885118507915,2878.388511850791,166666.66666666666,1.0,1403.2662434697029,34570.37095811627,1092.0885197355515,0.0011046028925229747
246.4799999999208,booster,1077.7288877486149,34532.886031528586,-130.32915741242962,-339.9712397745975,364.0963239936799,1.4717481781189596,-0.012036092087389398,6871.7591511281225,2871.7591511281225,166666.66666666666,1.0,1396.79849428558,34532.886031528586,1077.7288877486149,0.0010759055268225494
246.5899999999207,booster,1063.416187464587,34495.57736008336,-129.90138550215335,-338.3679006365011,362.4461423943316,1.4704363126400906,-0.011814900901614122,6865.129790405454,2865.129790405454,166666.66666666666,1.0,1390.2546707453737,34495.57736008336,1063.416187464587,0.0010495860383660498
246.6999999999206,booster,1049.1506640167968,34458.44516844911,-129.47140267307,-336.7625143553668,360.79334138129667,1.469149130365775,-0.011587471214935897,6858.500429682786,2858.5004296827856,166666.66666666666,1.0,1383.635318787426,34458.44516844911,1049.1506640167968,0.0010255754476167951
246.8099999999205,booster,1034.9325586277814,34421.48968233953,-129.03924509704555,-335.15507128539974,359.1379241789104,1.467887263295102,-0.011354783916340209,6851.871068960118,2851.871068960117,166666.66666666666,1.0,1376.9410002505035,34421.48968233953,1034.9325586277814,0.0010038023656340758
246.9199999999204,booster,1020.7621084783906,34384.71112854416,-128.60495006329722,-333.5455615162256,357.4798942429593,1.4666512372808223,-0.011117787921852718,6845.241708237449,2845.2417082374486,166666.66666666666,1.0,1370.1722927033713,34384.71112854416,1020.7621084783906,0.000984193278484882
247.0299999999203,booster,1006.6395465928312,34348.10973495594,-128.16855583393107,-331.93397490096976,355.8192552379833,1.4654414755872043,-0.010877399450235822,6838.61234751478,2838.61234751478,166666.66666666666,1.0,1363.3297892692347,34348.10973495594,1006.6395465928312,0.0009666728233392525
247.1399999999202,booster,992.565101739542,34311.685730595746,-127.73010150071686,-330.32030108403234,354.1560110143963,1.464258302521604,-0.010634501406504853,6831.982986792112,2831.9829867921117,166666.66666666666,1.0,1356.4140984459593,34311.685730595746,992.565101739542,0.0009511640562348972
247.2499999999201,booster,978.5389983477356,34275.43934563374,-127.28962684345602,-328.70452952851565,352.49016558552256,1.4631019471280764,-0.010389942869754878,6825.353626069444,2825.353626069443,166666.66666666666,1.0,1349.4258439229266,34275.43934563374,978.5389983477356,0.000937588711077811
247.35999999992,booster,964.5614564394174,34239.37081140787,-126.8471721902871,-327.0866495432566,350.82172310463545,1.4619725469317553,-0.01014453868173818,6818.724265346775,2818.7242653467747,166666.66666666666,1.0,1342.365664395305,34239.37081140787,964.5614564394174,0.00092586744980189
247.4699999999199,booster,950.6326915766493,34203.480360439404,-126.40277828025997,-325.4666503094163,349.1506878420841,1.4608701517231104,-0.009899069132579092,6812.094904624106,2812.094904624106,166666.66666666666,1.0,1335.2342133765226,34203.480360439404,950.6326915766493,0.0009159201036391293
247.5799999999198,booster,936.7529148237904,34167.7682264455,-125.95648612849335,-323.8445209065788,347.4770641625845,1.4597947273716045,-0.00965427973996596,6805.465543901438,2805.4655439014377,166666.66666666666,1.0,1328.032159009677,34167.7682264455,936.7529148237904,0.0009076659052018635
247.6899999999197,booster,922.9223327244159,34132.23464434896,-125.50833689421404,-322.2202503383107,345.80085650274947,1.4587461596586655,-0.009410881118138004,6798.83618317877,2798.8361831787693,166666.66666666666,1.0,1320.7601838785554,34132.23464434896,922.9223327244159,0.0009010237114121873
247.7999999999196,booster,909.1411472925786,34096.87985028526,-125.05837175195661,-320.593827557134,344.1220693489215,1.4577242581203005,-0.009169548932941245,6792.206822456101,2792.206822456101,166666.66666666666,1.0,1313.4189848188712,34096.87985028526,909.1411472925786,0.000895912217157
247.9099999999195,booster,895.4095560180531,34061.70408160673,-124.60663176618355,-318.96524148886385,342.4407072153696,1.456728759890094,-0.008930923939234637,6785.577461733432,2785.5774617334323,166666.66666666666,1.0,1306.0092727303493,34061.70408160673,895.4095560180531,0.0008922501595694875
248.0199999999194,booster,881.727751885174,34026.707576884306,-124.15315776956422,-317.33448105626877,340.75677462290565,1.4557593335337318,-0.008695612096892303,6778.948101010764,2778.948101010764,166666.66666666666,1.0,1298.531772390121,34026.707576884306,881.727751885174,0.0008899565129825669
248.1299999999193,booster,868.0959234048496,33991.89057590648,-123.69799024513064,-315.7015352020082,339.0702760779677,1.4548155828666154,-0.008464184761667628,6772.318740288096,2772.3187402880953,166666.66666666666,1.0,1290.9872222679921,33991.89057590648,868.0959234048496,0.000888950674475107
248.2399999999192,booster,854.5142546593192,33957.25331967596,-123.24116921250565,-314.06639291080626,337.3812160522135,1.453897050746534,-0.008237178947174111,6765.689379565427,2765.689379565427,166666.66666666666,1.0,1283.3763743439429,33957.25331967596,854.5142546593192,0.0008891526400754054
248.3499999999191,booster,840.9829253591904,33922.79605040385,-122.78273411837763,-312.42904323082576,335.68959896266284,1.4530032228337815,-0.008015097654255206,6759.060018842758,2759.0600188427584,166666.66666666666,1.0,1275.6999939283062,33922.79605040385,840.9829253591904,0.0008904831714687803
248.459999999919,booster,827.5021109122853,33888.51901150149,-122.32272373137346,-310.7894752942053,333.99542915242023,1.452133531311501,-0.007798410264039879,6752.43065812009,2752.43065812009,166666.66666666666,1.0,1267.9588594849367,33888.51901150149,827.5021109122853,0.000892863953605079
248.5699999999189,booster,814.0719825038021,33854.4224475702,-121.86117604146023,-309.1476783367303,332.29871087200775,1.4512873585594648,-0.007587552990988849,6745.801297397422,2745.8012973974214,166666.66666666666,1.0,1260.153762457681,33854.4224475702,814.0719825038021,0.0008962177428135563
248.6799999999188,booster,800.6927071872883,33820.50660438875,-121.39812816398383,-307.50364171660806,330.5994482613289,1.4504640407748879,-0.007382929392289527,6739.171936674753,2739.171936674753,166666.66666666666,1.0,1252.2855071004137,33820.50660438875,800.6927071872883,0.0009004685059003566
248.7899999999187,booster,787.3644479859114,33786.771728898995,-120.93361624843209,-305.85735493232585,328.8976453322854,1.4496628715342723,-0.007184910929969048,6732.542575952084,2732.5425759520845,166666.66666666666,1.0,1244.354910310848,33786.771728898995,787.3644479859114,0.0009055415499903081
248.8999999999186,booster,774.0873640035005,33753.21806918943,-120.46767539198945,-304.208807639569,327.1933059520595,1.4488831052906845,-0.006993837582163016,6725.913215229416,2725.913215229416,166666.66666666666,1.0,1236.3628014683277,33753.21806918943,774.0873640035005,0.0009113636435303361
249.0099999999185,booster,760.861610544834,33719.84587447707,-120.00033955792993,-302.55798966718584,325.4864338270758,1.4481239608012544,-0.006810018500000458,6719.283854506748,2719.2838545067475,166666.66666666666,1.0,1228.3100222757232,33719.84587447707,760.861610544834,0.0009178631282806158
249.1199999999184,booster,747.6873392446342,33686.65539508753,-119.53164149887658,-300.9048910321878,323.77703248765,1.4473846244800639,-0.006633732706635385,6712.654493784079,2712.654493784079,166666.66666666666,1.0,1220.1974266055875,33686.65539508753,747.6873392446342,0.0009249700225982133
249.2299999999183,booster,734.5646982047369,33653.646882433546,-119.06161268493692,-299.24950195377556,322.06510527332927,1.4466642536719847,-0.006465229835009946,6706.02513306141,2706.0251330614105,166666.66666666666,1.0,1212.025880350637,33653.646882433546,734.5646982047369,0.0009326161161753038
249.3399999999182,booster,721.4938321388968,33620.820588992035,-118.59028323670678,-297.59181286639057,320.35065531892883,1.4459619798433856,-0.006304730900988053,6699.395772338742,2699.395772338742,166666.66666666666,1.0,1203.796261278624,33620.820588992035,721.4938321388968,0.0009407350563051439
249.4499999999181,booster,708.4748825246961,33588.17676827973,-118.11768186311876,-295.93181443179026,318.633685541263,1.4452769116859985,-0.0061524291085705935,6692.766411616074,2692.7664116160736,166666.66666666666,1.0,1195.5094588916606,33588.17676827973,708.4748825246961,0.0009492624258096899
249.559999999918,booster,695.5079877620266,33555.715674827516,-117.6438358040955,-294.26949755015374,316.91419862656977,1.4446081381305969,-0.0060084906839813,6686.137050893405,2686.137050893405,166666.66666666666,1.0,1187.1663742899916,33555.715674827516,695.5079877620266,0.0009581358130086562
249.6699999999179,booster,682.5932833376153,33523.43756415373,-117.16877077795479,-292.60485337022556,315.1921970186256,1.4439547312674827,-0.005873055735471909,6679.507690170736,2679.5076901707366,166666.66666666666,1.0,1178.7679200402142,33523.43756415373,682.5932833376153,0.0009672948737255495
249.7799999999178,booster,669.7309019950793,33491.34269273623,-116.69251093349925,-290.93787329850966,313.4676829075439,1.4433157491711173,-0.005746239135784242,6672.878329448068,2672.878329448068,166666.66666666666,1.0,1170.3150200479502,33491.34269273623,669.7309019950793,0.0009766813855625871
249.8899999999177,booster,656.9209739099967,33459.4313179836,-116.2150788067117,-289.2685490075292,311.74065821925046,1.4426902386265756,-0.005628131424288379,6666.2489687254,2666.2489687253997,166666.66666666666,1.0,1161.8086094348944,33459.4313179836,656.9209739099967,0.000986239294838117
249.9999999999176,booster,644.1636268694897,33427.70369820546,-115.73649528196647,-287.5968724431713,310.0111246056283,1.4420772377558162,-0.005518799725893643,6659.619608002731,2659.619608002731,166666.66666666666,1.0,1153.2496344202257,33427.70369820546,644.1636268694897,0.0009959147561326236
250.1099999999175,booster,631.4589864558325,33396.160092582046,-115.25677955765586,-285.92283583113743,308.27908343532107,1.4414757785420778,-0.005418288683924286,6652.990247280062,2652.9902472800627,166666.66666666666,1.0,1144.6390522062813,33396.160092582046,631.4589864558325,0.001005656164869002
250.2199999999174,booster,618.8071762336027,33364.80076113314,-114.77594911612347,-284.24643168252464,306.5445357851859,1.4408848892510162,-0.005326621404239397,6646.360886557394,2646.360886557394,166666.66666666666,1.0,1135.977830868428,33364.80076113314,618.8071762336027,0.0010154141830881634
250.3299999999173,booster,606.2083179399074,33333.625964686384,-114.29401969778664,-282.56765279856506,304.80748243238463,1.440303596747493,-0.005243800407965541,6639.731525834726,2639.7315258347257,166666.66666666666,1.0,1127.2669492490686,33333.625964686384,606.2083179399074,0.0010251417586969941
250.4399999999172,booster,593.6625316772308,33302.63596484513,-113.81100527932394,-280.8864922745506,303.0679238470998,1.4397309287072024,-0.005169808590311016,6633.102165112057,2633.1021651120573,166666.66666666666,1.0,1118.5073968556399,33302.63596484513,593.6625316772308,0.0010347941383619845
250.5499999999171,booster,581.169936108465,33271.831023955936,-113.32691805579785,-279.20294350297627,301.32586018586534,1.4391659157226109,-0.0051046101830265105,6626.472804389388,2626.472804389389,166666.66666666666,1.0,1109.7001737625328,33271.831023955936,581.169936108465,0.001044328874417174
250.659999999917,booster,568.7306486536958,33241.21140507574,-112.84176842657646,-277.5170001759334,299.5812912854975,1.4386075933029319,-0.005048151718165279,6619.84344366672,2619.8434436667203,166666.66666666666,1.0,1100.8462905167944,33241.21140507574,568.7306486536958,0.0010537058259151284
250.7699999999169,booster,556.3447856883348,33210.77737193873,-112.35556498491496,-275.82865628678707,297.834216657613,1.4380550037681155,-0.005000362990909637,6613.214082944052,2613.214082944052,166666.66666666666,1.0,1091.946768047522,33210.77737193873,556.3447856883348,0.0010628871541515234
250.8799999999168,booster,544.0124627422039,33180.52918892328,-111.8683145110531,-274.1379061311737,296.08463548372123,1.4375071980370844,-0.004961158019323149,6606.584722221383,2606.5847222213833,166666.66666666666,1.0,1083.0026375787754,33180.52918892328,544.0124627422039,0.0010718373129085
250.9899999999167,booster,531.7337946991905,33150.46712101856,-111.38002196868248,-272.4447443073542,294.33254661087653,1.4369632373106545,-0.004930435998985628,6599.955361498714,2599.955361498715,166666.66666666666,1.0,1074.0149405459338,33150.46712101856,531.7337946991905,0.001080523033741286
251.0999999999166,booster,519.5088959971146,33120.59143379131,-110.89069050463539,-270.74916571596094,292.57794854787625,1.4364221946498168,-0.0049080822505740565,6593.326000776046,2593.3260007760464,166666.66666666666,1.0,1064.9847285153037,33120.59143379131,519.5088959971146,0.0010889133063687086
251.2099999999165,booster,507.3378808274583,33090.902393352604,-110.40032145164497,-269.05116555917454,290.82083946199054,1.4358831564502617,-0.004893969158558811,6586.696640053378,2586.696640053378,166666.66666666666,1.0,1055.9130631068833,33090.902393352604,507.3378808274583,0.0010969793547261403
251.3199999999164,booster,495.2208633346308,33061.400266324745,-109.90891433402655,-267.3507393393693,289.06121717620954,1.4353452238142128,-0.00488795709927441,6580.067279330709,2580.0672793307094,166666.66666666666,1.0,1046.8010159200983,33061.400266324745,495.2208633346308,0.0011046946086728732
251.4299999999163,booster,483.1579578144539,33032.08531980835,-109.41646687612845,-265.64788285726553,287.29907916699347,1.4348075138208325,-0.004889895356737166,6573.4379186080405,2573.437918608041,166666.66666666666,1.0,1037.6496684623903,33032.08531980835,483.1579578144539,0.0011120346718187706
251.5399999999162,booster,471.14927891157316,33002.95782134966,-108.92297501340164,-263.9425922096257,285.5344225625115,1.4342691606966338,-0.004899623024675495,6566.8085578853725,2566.8085578853725,166666.66666666666,1.0,1028.4601120804812,33002.95782134966,471.14927891157316,0.0011189772855571965
251.6499999999161,booster,459.1949418155139,32974.018038908085,-108.42843290593774,-262.23486378653223,283.76724414135356,1.433729316887492,-0.004916969893345479,6560.179197162704,2560.179197162704,166666.66666666666,1.0,1019.2334478941767,32974.018038908085,459.1949418155139,0.0011255022897425052
251.759999999916,booster,447.2950624551191,32945.26624082416,-107.932832954326,-260.524694268285,281.9975403317018,1.4331871540340082,-0.0049417573197988954,6553.5498364400355,2553.5498364400355,166666.66666666666,1.0,1009.9707867325324,32945.26624082416,447.2950624551191,0.0011315915800918193
251.8699999999159,booster,435.44975769112216,32916.70269578778,-107.43616581768138,-258.81208062195384,280.22530721094597,1.4326418638521035,-0.00497379908037067,6546.920475717367,2546.920475717367,166666.66666666666,1.0,1000.6732490722253,32916.70269578778,435.44975769112216,0.0011372290626950306
251.9799999999158,booster,423.65914550662467,32888.32767280684,-106.93842043369723,-257.0970200976242,278.45054050572855,1.4320926589208778,-0.005012902204255752,6540.291114994699,2540.2911149946985,166666.66666666666,1.0,991.3419649779877,32888.32767280684,423.65914550662467,0.0011424006058531723
252.0899999999157,booster,411.9233451952625,32860.141441176376,-106.439584040578,-255.37951022436786,276.67323559240293,1.431538773379859,-0.005058867787133073,6533.6617542720305,2533.66175427203,166666.66666666666,1.0,981.978074044877,32860.141441176376,411.9233451952625,0.001147093989419919
252.1999999999156,booster,400.24247754686314,32832.14427044806,-105.93964220071001,-253.65954880597678,274.8933874978919,1.4309794635378954,-0.0051114917838946915,6527.032393549362,2527.0323935493616,166666.66666666666,1.0,972.5827253422885,32832.14427044806,400.24247754686314,0.0011512988519502714
252.3099999999155,booster,388.61666503041005,32804.33643040024,-105.43857882593005,-251.93713391649086,273.1109909009297,1.4304140083960373,-0.0051705657796290464,6520.403032826693,2520.403032826693,166666.66666666666,1.0,963.1570773594722,32804.33643040024,388.61666503041005,0.0011550066359225458
252.4199999999154,booster,377.0460319741458,32776.71819100845,-104.93637620425449,-250.21226389555318,271.3260401336716,1.4298417100868428,-0.005235877738102153,6513.773672104025,2513.7736721040246,166666.66666666666,1.0,953.7022979524149,32776.71819100845,377.0460319741458,0.00115821053119288
252.5299999999153,booster,365.5307047426606,32749.2898224165,-104.43301502793442,-248.48493734362378,269.53852918365754,1.4292618942326138,-0.005307212727060098,6507.144311381357,2507.144311381356,166666.66666666666,1.0,944.2195642918866,32749.2898224165,365.5307047426606,0.0011609054169373005
252.6399999999152,booster,354.0708119108284,32722.05159490803,-103.92847442270445,-246.75515311708193,267.7484516961121,1.4286739102251598,-0.005384353619776073,6500.514950658688,2500.5149506586877,166666.66666666666,1.0,934.7100628124947,32722.05159490803,354.0708119108284,0.001163087802264522
252.7499999999151,booster,342.6664844344654,32695.003778878614,-103.4227319780965,-245.022910323246,265.95580097656574,1.4280771314297136,-0.005467081772341494,6493.885589936019,2493.885589936019,166666.66666666666,1.0,925.1749891625428,32695.003778878614,342.6664844344654,0.0011647557658481277
252.859999999915,booster,331.3178558176019,32668.146644808472,-102.91576377869187,-243.28820831533923,264.1605699937812,1.4274709553157028,-0.005555177676283863,6487.256229213351,2487.2562292133507,166666.66666666666,1.0,915.6155481545202,32668.146644808472,331.3178558176019,0.0011659088945828952
252.9699999999149,booster,320.0250622762698,32641.48046323565,-102.40754443618931,-241.55104668742686,262.36275138296895,1.4268548035171034,-0.0056484215861775725,6480.626868490683,2480.626868490682,166666.66666666666,1.0,906.0329537160366,32641.48046323565,320.0250622762698,0.0011665482215958924
253.0799999999148,booster,308.78824289872347,32615.005504729845,-101.89804712216791,-239.81142526935133,260.5623374492738,1.4262281218251465,-0.005746594121991074,6473.997507768014,2473.9975077680137,166666.66666666666,1.0,896.4284288410029,32615.005504729845,308.78824289872347,0.001166676163809806
253.1899999999147,booster,297.6075398020243,32588.72203986674,-101.38724360142848,-238.06934412168854,258.75932017151837,1.4255903801161631,-0.005849476845985331,6467.368147045345,2467.3681470453453,166666.66666666666,1.0,886.8032055408859,32588.72203986674,297.6075398020243,0.0011662964591493295
253.2999999999146,booster,286.4830982849301,32562.63033920289,-100.87510426579887,-236.32480353074888,256.9536912061838,1.4249410722173759,-0.005956852814056197,6460.738786322677,2460.738786322677,166666.66666666666,1.0,877.1585247958361,32562.63033920289,286.4830982849301,0.0011654141036918449
253.4099999999145,booster,275.4150669770469,32536.730673251157,-100.36159816829252,-234.5778040036448,255.1454418916125,1.42427971571345,-0.006068507101476997,6454.109425600009,2454.1094256000083,166666.66666666666,1.0,867.4956365054963,32536.730673251157,275.4150669770469,0.0011640352888059465
253.5199999999144,booster,264.40359798420775,32511.023312456724,-99.84669305751186,-232.82834626344476,253.33456325241434,1.4236058516966215,-0.00618422730307521,6447.48006487734,2447.48006487734,166666.66666666666,1.0,857.8157994393077,32511.023312456724,264.40359798420775,0.001162167338564892
253.6299999999143,booster,253.44884703005886,32485.50852717354,-99.33035541219174,-231.07643124443433,251.52104600405931,1.422919044463206,-0.006303804007928805,6440.850704154671,2440.8507041546713,166666.66666666666,1.0,848.1202811861209,32485.50852717354,253.44884703005886,0.0011598186475026812
253.7399999999142,booster,242.55097359384297,32460.186587641412,-98.81255047578104,-229.32206008750182,249.70488055763863,1.4222188811592875,-0.0064270312487395495,6434.221343432003,2434.221343432003,166666.66666666666,1.0,838.4103581029074,32460.186587641412,242.55097359384297,0.001156998618849566
253.8499999999141,booster,231.71014104438126,32435.05776396348,-98.29324229096265,-227.56523413566623,247.88605702477597,1.4215049713783567,-0.006553706926096724,6427.591982709335,2427.5919827093344,166666.66666666666,1.0,828.6873152624024,32435.05776396348,231.71014104438126,0.0011537176035533267
253.959999999914,booster,220.9265167702658,32410.12232608422,-97.77239373401662,-225.8059549297642,246.06456522267132,1.4207769467136537,-0.0066836332079008715,6420.962621986666,2420.962621986666,166666.66666666666,1.0,818.9524463994759,32410.12232608422,220.9265167702658,0.0011499868399368653
254.0699999999139,booster,210.20027230628497,32385.38054376795,-97.24996654893216,-224.04422420431064,244.24039467925823,1.4200344602679198,-0.006816616904270734,6414.333261263997,2414.3332612639974,166666.66666666666,1.0,809.2070538560387,32385.38054376795,210.20027230628497,0.0011458183944605537
254.1799999999138,booster,199.53158345611433,32360.83268657771,-96.72592138117896,-222.28004388354873,242.41353463845692,1.4192771861232454,-0.006952469818306926,6407.703900541329,2407.703900541329,166666.66666666666,1.0,799.4524485243195,32360.83268657771,199.53158345611433,0.00114122510331572
254.2899999999137,booster,188.9206304113159,32336.4790238546,-96.20021781104938,-220.51341607770186,240.5839740655038,1.4185048187736407,-0.007091009073141279,6401.074539818661,2401.0745398186605,166666.66666666666,1.0,789.6899497883056,32336.4790238546,188.9206304113159,0.0011362205153725693
254.3999999999136,booster,178.3675978666969,32312.319824697544,-95.67281438648699,-218.74434307944156,238.75170165233928,1.417717072522915,-0.007232057415736236,6394.445179095992,2394.445179095992,166666.66666666666,1.0,779.9208854631796,32312.319824697544,178.3675978666969,0.001130818836300457
254.5099999999135,booster,167.87267513208957,32288.35535794339,-95.14366865531957,-216.97282736058276,236.91670582303496,1.4169136808503928,-0.0073754434979495685,6387.815818373323,2387.8158183733235,166666.66666666666,1.0,770.1465917325743,32288.35535794339,167.87267513208957,0.0011250348740243464
254.6199999999134,booster,157.43605624062144,32264.585892147366,-94.61273719681658,-215.1988715690186,235.0789747392413,1.4160943957469372,-0.007521002135418737,6381.186457650655,2381.186457650655,166666.66666666666,1.0,760.3684130834685,32264.585892147366,157.43605624062144,0.001118883985697608
254.7299999999133,booster,147.05794005355557,32241.01169556388,-94.07997565249441,-213.42247852590592,233.23849630563714,1.4152589870236891,-0.0076685745448570874,6374.557096927987,2374.5570969279865,166666.66666666666,1.0,750.587702238561,32241.01169556388,147.05794005355557,0.0011123820261652948
254.8399999999132,booster,136.73853036178645,32217.633036127612,-93.54533875609577,-211.64365122311133,231.39525817536259,1.4144072415958648,-0.007818008560393525,6367.927736205318,2367.927736205318,166666.66666666666,1.0,740.8058200859512,32217.633036127612,136.73853036178645,0.0011055452980812386
254.9499999999131,booster,126.47803598408706,32194.45018143484,-93.00878036267078,-209.86239282092853,229.54924775541576,1.4135389627438746,-0.007969158829615217,6361.298375482649,2361.2983754826496,166666.66666666666,1.0,731.0241356059782,32194.45018143484,126.47803598408706,0.0010983905036797378
255.059999999913,booster,116.2766708622098,32171.463398725045,-92.47025347669145,-208.0787066460765,227.70045221199612,1.4126539693539648,-0.008121886990011531,6354.669014759981,2354.669014759981,166666.66666666666,1.0,721.2440257950589,32171.463398725045,116.2766708622098,0.0010909346983420903
255.1699999999129,booster,106.13465415295063,32148.672954862697,-91.92971027913265,-206.29259618998768,225.84885847577488,1.4117520951404936,-0.008276061826545262,6348.039654037313,2348.0396540373126,166666.66666666666,1.0,711.4668755863839,32148.672954862697,106.13465415295063,0.0010831952459819214
255.2799999999128,booster,96.05221031729447,32126.079116319215,-91.38710215345537,-204.50406510739555,223.99445324707477,1.410833187851878,-0.008431559411099116,6341.410293314644,2341.410293314644,166666.66666666666,1.0,701.6940777673316,32126.079116319215,96.05221031729447,0.0010751897762559485
255.3899999999127,booster,86.02956920676543,32103.682149155058,-90.84237971043103,-202.71311721523028,222.13722300094108,1.4098971084621634,-0.008588263224582691,6334.780932591975,2334.7809325919757,166666.66666666666,1.0,691.9270328934696,32103.682149155058,86.02956920676543,0.001066936143768058
255.4999999999126,booster,76.06696614711305,32081.482319001952,-90.29549281174711,-200.91975649183183,220.27715399208623,1.4089437303500767,-0.008746064262502504,6328.151571869307,2328.151571869307,166666.66666666666,1.0,682.1671491990218,32081.482319001952,76.06696614711305,0.00105845238923747
255.6099999999125,booster,66.16464201947123,32059.479891045154,-89.74639059233762,-199.12398707648845,218.41423225969035,1.407972938467342,-0.008904861124815871,6321.522211146639,2321.5222111466387,166666.66666666666,1.0,672.4158425036884,32059.479891045154,66.16464201947123,0.001049756702605517
255.7199999999124,booster,56.322843339133826,32037.675130005737,-89.19502148138328,-197.32581326930992,216.54844363204043,1.4069846284979333,-0.009064560090928068,6314.89285042397,2314.8928504239702,166666.66666666666,1.0,662.6745361157089,32037.675130005737,56.322843339133826,0.0010408673883588592
255.8299999999123,booster,46.5418223320956,32016.068300122923,-88.64133322192936,-195.52523953144444,214.67977373099183,1.405978706009858,-0.009225075180685237,6308.263489701301,2308.2634897013018,166666.66666666666,1.0,652.9446607310765,32016.068300122923,46.5418223320956,0.00103180283277066
255.9399999999122,booster,36.82183700951354,31994.659665136318,-88.08527288907078,-193.72227048564773,212.8082079762351,1.4049550856009605,-0.009386328202267244,6301.634128978633,2301.6341289786333,166666.66666666666,1.0,643.2276543288174,31994.659665136318,36.82183700951354,0.0010225814733490692
256.04999999991213,booster,27.16315124024894,31973.449488268096,-87.5267869066563,-191.91691091721358,210.93373158935228,1.4039136900401343,-0.00954824878787036,6295.004768255965,2295.004768255965,166666.66666666666,1.0,633.5249620622528,31973.449488268096,27.16315124024894,0.0010132217704682082
256.15999999991203,booster,17.566034821655492,31952.438032205064,-86.9658210624656,-190.10916577527567,209.05632959764705,1.4028544494052415,-0.009710774418112599,6288.375407533296,2288.3754075332963,166666.66666666666,1.0,623.8380361461855,31952.438032205064,17.566034821655492,0.0010037421810626605
256.26999999991193,booster,8.030763548783984,31931.62555908053,-86.40232052181553,-188.29904017448976,207.17598683773335,1.401777300218922,-0.009873850436095006,6281.746046810627,2281.746046810628,166666.66666666666,1.0,614.1683357399476,31931.62555908053,8.030763548783984,0.0009941611346425082
256.37999999991183,booster,-1.4423807178213637,31911.012330455982,-85.83622983955256,-186.48653939710687,205.2926879588681,1.4006821845833843,-0.010037430052076739,6275.116686087959,2275.1166860879594,166666.66666666666,1.0,604.5173268262712,31911.012330455982,-1.4423807178213637,0.0009844970114791997
256.48999999991173,booster,-10.85310998555513,31890.598607302545,-85.26749297039167,-184.67166889544745,203.4064174260133,1.399569049315151,-0.010201474339730489,6268.487325365291,2268.487325365291,166666.66666666666,1.0,594.886482085939,31890.598607302545,-10.85310998555513,0.0009747681229629225
256.59999999991163,booster,-20.201130064227435,31870.3846499821,-84.69605327756224,-182.85443429478804,201.5171595226139,1.3984378450806336,-0.010365952224974306,6261.857964642622,2261.8579646426224,166666.66666666666,1.0,585.2772807681966,31870.3846499821,-20.201130064227435,0.0009649926943462329
256.70999999991153,booster,-29.486140501396928,31850.37071822808,-84.12185353972416,-181.0348413966714,199.62489835307812,1.3972885255333019,-0.01053084046837243,6255.2286039199535,2255.228603919954,166666.66666666666,1.0,575.6912085569168,31850.37071822808,-29.486140501396928,0.0009551888496810253
256.81999999991143,booster,-38.70783451836778,31830.55707112589,-83.54483595611832,-179.2128961826528,197.72961784494757,1.3961210464530929,-0.010696123642134276,6248.599243197285,2248.5992431972854,166666.66666666666,1.0,566.1297574325037,31830.55707112589,-38.70783451836778,0.0009453745990692496
256.92999999991133,booster,-47.865898946654504,31810.943967092877,-82.9649421499168,-177.3886048184948,195.83130175074453,1.3949353648885996,-0.010861794102743858,6241.969882474617,2241.969882474617,166666.66666666666,1.0,556.5944255295599,31810.943967092877,-47.865898946654504,0.0009355678282578209
257.03999999991123,booster,-56.96001416471473,31791.531663857804,-82.3821131697397,-175.56197365882446,193.92993364948478,1.3937314383024642,-0.011027851960282409,6235.3405217519485,2235.3405217519485,166666.66666666666,1.0,547.0867169903258,31791.531663857804,-56.96001416471473,0.0009257862905658145
257.14999999991113,booster,-65.98985403474657,31772.320418439802,-81.79628948930639,-173.73300925226684,192.02549694784452,1.3925092237202756,-0.011194305045513948,6228.7111610292795,2228.71116102928,166666.66666666666,1.0,537.6081418139302,31772.320418439802,-65.98985403474657,0.0009160476011707287
257.25999999991103,booster,-74.9550858393436,31753.31048712674,-81.20741100518968,-171.90171834707067,190.1179748809707,1.3912686768831637,-0.011361168875840603,6222.0818003066115,2222.0818003066115,166666.66666666666,1.0,528.1602157014906,31753.31048712674,-74.9550858393436,0.0009063692338117777
257.36999999991093,booster,-83.85537021779692,31734.502125452906,-80.61541703264233,-170.06810789724128,188.20735051292374,1.3900097514041465,-0.011528466621248418,6215.4524395839435,2215.452439583943,166666.66666666666,1.0,518.7444598971197,31734.502125452906,-83.85537021779692,0.0008967685198654286
257.47999999991083,booster,-92.69036110183089,31715.89558817604,-80.02024629946568,-168.23218506919915,186.29360673674344,1.3887323979281716,-0.011696229071394643,6208.823078861275,2208.8230788612746,166666.66666666666,1.0,509.3624010249008,31715.89558817604,-92.69036110183089,0.0008872626499807605
257.58999999991073,booster,-101.45970565055522,31697.491129253573,-79.42183693789055,-166.39395724898134,184.37672627412795,1.3874365632956618,-0.011864494605018606,6202.193718138606,2202.193718138606,166666.66666666666,1.0,500.015570921908,31697.491129253573,-101.45970565055522,0.0008778686781685111
257.69999999991063,booster,-110.16304418441332,31679.289001818015,-78.82012647444019,-164.5534320500058,182.45669167471667,1.3861221897092413,-0.01203330916289178,6195.564357415938,2195.5643574159376,166666.66666666666,1.0,490.7055064673578,31679.289001818015,-110.16304418441332,0.0008686035284185902
257.80999999991053,booster,-118.80001011790323,31661.28945815153,-78.21505181774575,-162.71061732141857,180.533485314968,1.3847892139031865,-0.012202726225558394,6188.93499669327,2188.934996693269,166666.66666666666,1.0,481.4337494079828,31661.28945815153,-118.80001011790323,0.0008594840039665058
257.91999999991043,booster,-127.3702298908443,31643.4927496595,-77.60654924428333,-160.86552115704686,178.60708939662408,1.383437566315,-0.012372806797168926,6182.305635970601,2182.3056359706006,166666.66666666666,1.0,472.20184617974036,31643.4927496595,-127.3702298908443,0.0008505267992913444
258.02999999991033,booster,-135.87332289795899,31625.899126843105,-76.99455438200134,-159.0181519049803,176.67748594475287,1.3820671702583711,-0.012543619396745313,6175.676275247932,2175.676275247932,166666.66666666666,1.0,463.01134772596305,31625.899126843105,-135.87332289795899,0.0008417485147772037
258.13999999991023,booster,-144.30890141653637,31608.508839270766,-76.37900219180615,-157.16851817780665,174.7446568053612,1.3806779410966188,-0.01271524005828098,6169.046914525264,2169.0469145252637,166666.66666666666,1.0,453.8638093120865,31608.508839270766,-144.30890141653637,0.000833165674256591
258.24999999991013,booster,-152.67657053193986,31591.322135548482,-75.75982694687197,-155.31662886352782,172.80858364256918,1.3792697854155738,-0.012887752341141367,6162.417553802596,2162.417553802595,166666.66666666666,1.0,444.7607903370778,31591.322135548482,-152.67657053193986,0.000824794745560249
258.35999999991003,booster,-160.9759280607171,31574.339263288897,-75.1369622097397,-153.46249313718502,170.8692479353392,1.377842600194681,-0.013061247352295451,6155.788193079927,2155.7881930799267,166666.66666666666,1.0,435.70385414171307,31574.339263288897,-160.9759280607171,0.0008166521640641468
258.46999999990993,booster,-169.2065644710683,31557.560469079042,-74.51034080716721,-151.60612047322397,168.92663097375117,1.3763962719749296,-0.01323582378199335,6149.158832357258,2149.1588323572582,166666.66666666666,1.0,426.6945678138553,31557.560469079042,-169.2065644710683,0.0008087543595122628
258.57999999990983,booster,-177.36806280042194,31540.9859984467,-73.8798948026909,-149.74752065863257,166.98071385481697,1.3749306760220434,-0.013411587954595652,6142.52947163459,2142.5294716345898,166666.66666666666,1.0,417.73450199089325,31540.9859984467,-177.36806280042194,0.00080111778611421
258.68999999990973,booster,-185.4599985698647,31524.616095825262,-73.24555546685548,-147.88670380688615,165.03147747782506,1.3734456754831603,-0.01358865389636021,6135.900110911922,2135.9001109119213,166666.66666666666,1.0,408.825230659506,31524.616095825262,-185.4599985698647,0.0007937589562899026
258.79999999990963,booster,-193.4819396951664,31508.451004517003,-72.60725324506605,-146.0236803727379,163.07890253920854,1.3719411205350414,-0.013767143422119881,6129.270750189253,2129.270750189253,166666.66666666666,1.0,399.968330952935,31508.451004517003,-193.4819396951664,0.0007866944781582315
258.90999999990953,booster,-201.4334463941351,31492.49096665469,-71.9649177230111,-144.15846116789504,161.12296952692765,1.3704168475216056,-0.013947186242892944,6122.641389466584,2122.6413894665843,166666.66666666666,1.0,391.1653829459429,31492.49096665469,-201.4334463941351,0.000779941096912197
259.01999999990943,booster,-209.31407109003328,31476.73622316142,-71.3184775896027,-142.2910573776233,159.16365871435838,1.3688726780783806,-0.01412892009665255,6116.012028743916,2116.012028743916,166666.66666666666,1.0,382.41796944765116,31476.73622316142,-209.31407109003328,0.0007735157406277388
259.12999999990933,booster,-217.12335831077777,31461.187013708553,-70.6678605973732,-140.42148057832705,157.20095015367832,1.3673084182411825,-0.014312490904619295,6109.382668021248,2109.3826680212474,166666.66666666666,1.0,373.7276757924572,31461.187013708553,-217.12335831077777,0.0007674355704927502
259.23999999990923,booster,-224.86084458364067,31445.843576671683,-70.01299352026331,-138.5497427561547,155.2348236687409,1.3657238575360884,-0.014498052955658775,6102.753307298579,2102.753307298579,166666.66666666666,1.0,365.09608962923596,31445.843576671683,-224.86084458364067,0.0007617180361223972
259.34999999990913,booster,-232.52605832515994,31430.706149084508,-69.35380210872911,-136.67585632668326,153.26525884742742,1.364118768047444,-0.01468576912156687,6096.12394657591,2096.1239465759104,166666.66666666666,1.0,356.5248007090356,31430.706149084508,-232.52605832515994,0.000756380936065457
259.45999999990903,booster,-240.118519725961,31415.774966590434,-68.69021104208937,-134.79983415573972,151.29223503346662,1.3624929034603617,-0.014875811106291825,6089.494585853242,2089.494585853242,166666.66666666666,1.0,348.0154006714903,31415.774966590434,-240.118519725961,0.0007514424842237247
259.56999999990893,booster,-247.64029668862267,31401.03820421469,-68.19257299557574,-133.72566112309514,150.10922508149125,1.3638475799990752,0.18503722422512137,6084.673232600392,2084.673232600392,0.0,0.0,343.1886401767036,31401.03820421469,-247.64029668862267,0.0007477114980153703
259.67999999990883,booster,-255.13879717184474,31386.26957665445,-68.1420810568121,-134.79490861413726,151.03976495958528,1.3953277007577842,0.26723099996488126,6084.673232600392,2084.673232600392,0.0,0.0,348.0609655522296,31386.26957665445,-255.13879717184474,0.0007477114980153703
259.78999999990873,booster,-262.6311878666231,31371.383318088112,-68.08160028205349,-135.86433007567098,151.96782713415422,1.4222045035275492,0.22630371774320526,6084.673232600392,2084.673232600392,0.0,0.0,352.9690424129663,31371.383318088112,-262.6311878666231,0.0007477114980153703
259.89999999990863,booster,-270.1164118134282,31356.379432374768,-68.0119203190023,-136.9335282169576,152.89346766759735,1.4449647942379342,0.19164499016212055,6084.673232600392,2084.673232600392,0.0,0.0,357.9132455239021,31356.379432374768,-270.1164118134282,0.0007477114980153703
260.00999999990853,booster,-277.59350581410644,31341.257960368737,-67.93393571366238,-138.0022255034448,153.81688420148043,1.4642390691821692,0.1622947074867794,6084.673232600392,2084.673232600392,0.0,0.0,362.89462655424984,31341.257960368737,-277.59350581410644,0.0007477114980153703
260.11999999990843,booster,-285.06160671898516,31326.018967700657,-67.84856044161526,-139.07024530529284,154.7383607360303,1.480561256075469,0.13743981310141712,6084.673232600392,2084.673232600392,0.0,0.0,367.9146780029136,31326.018967700657,-285.06160671898516,0.0007477114980153703
260.22999999990833,booster,-292.5199506070552,31310.66253491343,-67.75667853250356,-140.13748941371728,155.65822633236172,1.494383504769088,0.11639178041305913,6084.673232600392,2084.673232600392,0.0,0.0,372.97515182130246,31310.66253491343,-292.5199506070552,0.0007477114980153703
260.33999999990823,booster,-299.96786780719685,31295.18875001224,-67.65911633110386,-141.20391713410305,156.57682535011523,1.5060887125766913,0.09856753948760662,6084.673232600392,2084.673232600392,0.0,0.0,378.0779246880058,31295.18875001224,-299.96786780719685,0.0007477114980153703
260.44999999990813,booster,-307.4047756995857,31279.59770313406,-67.55662883633462,-142.2695278055273,157.4944971792284,1.5160011311872077,0.08347332502620337,6084.673232600392,2084.673232600392,0.0,0.0,383.2249029096166,31279.59770313406,-307.4047756995857,0.0007477114980153703
260.55999999990803,booster,-314.8301705422662,31263.88948293189,-67.4498949348601,-143.33434708565548,158.41156328120374,1.5243953489939477,0.07069099823129105,6084.673232600392,2084.673232600392,0.0,0.0,388.41795864298814,31263.88948293189,-314.8301705422662,0.0007477114980153703
260.66999999990793,booster,-322.2436190972213,31248.064174274394,-67.33951805572838,-144.39841666589996,159.3283196032539,1.5315038976656168,0.059866463650562446,6084.673232600392,2084.673232600392,0.0,0.0,393.6588897330413,31248.064174274394,-322.2436190972213,0.0007477114980153703
260.77999999990783,booster,-329.6447505176564,31232.121856914164,-67.22602996140299,-145.46178684142228,160.2450327950006,1.5375236936739252,0.05069986012522594,6084.673232600392,2084.673232600392,0.0,0.0,398.9493967246491,31232.121856914164,-329.6447505176564,0.0007477114980153703
260.88999999990773,booster,-337.0332487542883,31216.062604844188,-67.10989619890036,-146.52451133102687,161.16193901980517,1.5426214932188662,0.042937254116160874,6084.673232600392,2084.673232600392,0.0,0.0,404.29107196965407,31216.062604844188,-337.0332487542883,0.0007477114980153703
260.99999999990763,booster,-344.40884560780717,31199.88648612571,-66.99152227576953,-147.58664380412208,162.0792444645203,1.5469385116622412,0.036363605300455695,6084.673232600392,2084.673232600392,0.0,0.0,409.6853969739674,31199.88648612571,-344.40884560780717,0.0007477114980153703
261.10999999990753,booster,-351.7713144728534,31183.593563025268,-66.87125998340905,-148.64823566484503,162.99712690118187,1.5505943354355676,0.030796809574759956,6084.673232600392,2084.673232600392,0.0,0.0,415.1337451395083,31183.593563025268,-351.7713144728534,0.0007477114980153703
261.21999999990743,booster,-359.12046476911655,31167.183892343048,-66.74941352428635,-149.70933473803237,163.9157378458225,1.5536902347889034,0.026082654447637736,6084.673232600392,2084.673232600392,0.0,0.0,420.63738784924016,31167.183892343048,-359.12046476911655,0.0007477114980153703
261.32999999990733,booster,-366.45613702632676,31150.657525848947,-66.62624525109595,-150.7699845855924,164.83520500244768,1.5563119691494502,0.02209054707749965,6084.673232600392,2084.673232600392,0.0,0.0,426.1975024476254,31150.657525848947,-366.45613702632676,0.0007477114980153703
261.43999999990723,booster,-373.77819857452005,31134.01451076871,-66.50198092260901,-151.83022425109723,165.75563478437024,1.5585321628032422,0.01870989661604298,6084.673232600392,2084.673232600392,0.0,0.0,431.81518111828365,31134.01451076871,-373.77819857452005,0.0007477114980153703
261.54999999990713,booster,-381.0865397840753,31117.25489028159,-66.37681444160671,-152.89008828516583,166.67711477962803,1.5604123167104769,0.01584705064223982,6084.673232600392,2084.673232600392,0.0,0.0,437.49143998908477,31117.25489028159,-381.0865397840753,0.0007477114980153703
261.65999999990703,booster,-388.3810707984309,31100.37870400476,-66.25091207728772,-153.94960694620983,167.5997160796074,1.5620045121853061,0.013422700821012946,6084.673232600392,2084.673232600392,0.0,0.0,443.22722803110094,31100.37870400476,-388.3810707984309,0.0007477114980153703
261.76999999990693,booster,-395.6617187039446,31083.38598844948,-66.12441619615193,-155.00880650262962,168.52349542616184,1.5633528536350385,0.011369685918959985,6084.673232600392,2084.673232600392,0.0,0.0,449.02343548511317,31083.38598844948,-395.6617187039446,0.0007477114980153703
261.87999999990683,booster,-402.92842508471864,31066.276777440882,-65.9974485370432,-156.06770958576143,169.4484971569392,1.5644946903251846,0.009631131316825317,6084.673232600392,2084.673232600392,0.0,0.0,454.8809016658413,31066.276777440882,-402.92842508471864,0.0007477114980153703
261.98999999990673,booster,-410.1811439144796,31049.051102497742,-65.87011307138859,-157.12633555971033,170.3747549446813,1.5654616510154082,0.008158873479963346,6084.673232600392,2084.673232600392,0.0,0.0,460.8004220735872,31049.051102497742,-410.1811439144796,0.0007477114980153703
262.09999999990663,booster,-417.4198397422152,31031.708993171702,-65.74249849107437,-158.1847008862278,171.3022933364124,1.5662805201276353,0.006912125741788823,6084.673232600392,2084.673232600392,0.0,0.0,466.78275479595345,31031.708993171702,-417.4198397422152,0.0007477114980153703
262.20999999990653,booster,-424.6444861329074,31014.25047734724,-65.61468036540683,-159.24281947124544,172.23112910448614,1.5669739797177331,0.005856348440005012,6084.673232600392,2084.673232600392,0.0,0.0,472.82862621635354,31014.25047734724,-424.6444861329074,0.0007477114980153703
262.31999999990643,booster,-431.8550643291353,30996.67558150492,-65.48672300623645,-160.30070298552118,173.16127242471921,1.567561237804685,0.004962292106324109,6084.673232600392,2084.673232600392,0.0,0.0,478.9387360668297,30996.67558150492,-431.8550643291353,0.0007477114980153703
262.42999999990633,booster,-439.05156210345496,30978.98433095098,-65.35868107723576,-161.35836115580932,174.09272789822214,1.5680585604630901,0.0042051872042592085,6084.673232600392,2084.673232600392,0.0,0.0,485.1137618743202,30978.98433095098,-439.05156210345496,0.0007477114980153703
262.53999999990623,booster,-446.23397277523907,30961.17675001656,-65.23060097993512,-162.41580202557356,175.02549543370478,1.5684797224188831,0.003564057969237017,6084.673232600392,2084.673232600392,0.0,0.0,491.3543628549032,30961.17675001656,-446.23397277523907,0.0007477114980153703
262.64999999990613,booster,-453.40229436905463,30943.25286222985,-65.10252204569782,-163.47303218592148,175.95957100643855,1.5688363886305645,0.0030211413431192823,6084.673232600392,2084.673232600392,0.0,0.0,497.6611833117983,30943.25286222985,-453.40229436905463,0.0007477114980153703
262.75999999990603,booster,-460.55652889468564,30925.212690464505,-64.97447755951714,-164.53005697843608,176.8949473090162,1.5691384374264026,0.0025613949065385454,6084.673232600392,2084.673232600392,0.0,0.0,504.03485559152307,30925.212690464505,-460.55652889468564,0.0007477114980153703
262.86999999990593,booster,-467.6966817315819,30907.0562570671,-64.8464956384301,-165.58688067212375,177.83161430777454,1.5693942341490672,0.0021720801778629542,6084.673232600392,2084.673232600392,0.0,0.0,510.47600264959874,30907.0562570671,-467.6966817315819,0.0007477114980153703
262.97999999990583,booster,-474.8227611028639,30888.78358396647,-64.71859998451367,-166.64350661694218,178.76955971738127,1.5696108628881216,0.0018424097353809863,6084.673232600392,2084.673232600392,0.0,0.0,516.9852402733117,30888.78358396647,-474.8227611028639,0.0007477114980153703
263.08999999990573,booster,-481.9347776260695,30870.39469276735,-64.59081052987402,-167.69993737641656,179.7087694047236,1.5697943227197526,0.0015632483873554404,6084.673232600392,2084.673232600392,0.0,0.0,523.5631790047432,30870.39469276735,-481.9347776260695,0.0007477114980153703
263.19999999990563,booster,-489.0327439296108,30851.88960483041,-64.46314398875668,-168.75617484177232,180.64922773192805,1.5699496938899196,0.0013268601117771295,6084.673232600392,2084.673232600392,0.0,0.0,530.2104258028947,30851.88960483041,-489.0327439296108,0.0007477114980153703
263.30999999990553,booster,-496.1166743254649,30833.26834134073,-64.3356143298844,-169.81222032986292,181.59091784712564,1.5700812785444633,0.0011266937556055777,6084.673232600392,2084.673232600392,0.0,0.0,536.9275854794618,30833.26834134073,-496.1166743254649,0.0007477114980153703
263.41999999990543,booster,-503.1865845299603,30814.5309233662,-64.2082331803504,-170.8680746669799,182.53382193046545,1.5701927199046402,0.0009572015569600284,6084.673232600392,2084.673232600392,0.0,0.0,543.7152619388,30814.5309233662,-503.1865845299603,0.0007477114980153703
263.52999999990533,booster,-510.24249142568266,30795.67737190749,-64.08101017083874,-171.92373826042777,183.47792140188207,1.570287103189437,0.0008136854629869949,6084.673232600392,2084.673232600392,0.0,0.0,550.5740592488917,30795.67737190749,-510.24249142568266,0.0007477114980153703
263.6399999999052,booster,-517.2844128585173,30776.70770794066,-63.95395323058486,-172.97921115953872,184.4231970962333,1.570367041080381,0.0006921669861440792,6084.673232600392,2084.673232600392,0.0,0.0,557.50458256675,30776.70770794066,-517.2844128585173,0.0007477114980153703
263.7499999999051,booster,-524.3123674647113,30757.621952453606,-63.82706883931223,-174.03449310760584,185.3696294106443,1.5704347460963513,0.0005892769936721451,6084.673232600392,2084.673232600392,0.0,0.0,564.5074389386641,30757.621952453606,-524.3123674647113,0.0007477114980153703
263.859999999905,booster,-531.3263745235712,30738.420126477264,-63.700362242358835,-175.08958358602726,186.3171984282078,1.5704920918833007,0.0005021623772300306,6084.673232600392,2084.673232600392,0.0,0.0,571.5832379929886,30738.420126477264,-531.3263745235712,0.0007477114980153703
263.9699999999049,booster,-538.3264538320466,30719.10225111224,-63.57383763432512,-176.14448185178676,187.26588402159635,1.5705406651167,0.00042840701727716023,6084.673232600392,2084.673232600392,0.0,0.0,578.7325925407966,30719.10225111224,-538.3264538320466,0.0007477114980153703
264.0799999999048,booster,-545.3126255979982,30699.66834755177,-63.447498315814244,-177.19918696924373,188.21566593962427,1.5705818094544879,0.00036596485276821106,6084.673232600392,2084.673232600392,0.0,0.0,585.9561190976112,30699.66834755177,-545.3126255979982,0.0007477114980153703
264.1899999999047,booster,-552.2849103494085,30680.118437101322,-63.32134682717946,-178.25369783707305,189.16652387935474,1.5706166627580918,0.0003131032020819245,6084.673232600392,2084.673232600392,0.0,0.0,593.2544383376352,30680.118437101322,-552.2849103494085,0.0007477114980153703
264.2999999999046,booster,-559.2433288571964,30660.452541195576,-63.19538506263073,-179.3080132110751,190.11843754596043,1.5706461886125969,0.0002683547650688795,6084.673232600392,2084.673232600392,0.0,0.0,600.6281754902582,30660.452541195576,-559.2433288571964,0.0007477114980153703
264.4099999999045,booster,-566.187902069636,30640.67068141302,-63.06961436756796,-180.362131723475,191.0713867022215,1.5706712030192187,0.00023047697660066294,6084.673232600392,2084.673232600392,0.0,0.0,608.0779606872853,30640.67068141302,-566.187902069636,0.0007477114980153703
264.5199999999044,booster,-573.1186510566757,30620.772879488643,-62.944035621593684,-181.41605189923894,192.0253512092604,1.5706923969995041,0.0001984175856258694,6084.673232600392,2084.673232600392,0.0,0.0,615.6044292681116,30620.772879488643,-573.1186510566757,0.0007477114980153703
264.6299999999043,booster,-580.035596962696,30600.759157324945,-62.81864930930134,-182.46977216985906,192.98031105987278,1.570710355737425,0.0001712855062406526,6084.673232600392,2084.673232600392,0.0,0.0,623.2082220490354,30600.759157324945,-580.035596962696,0.0007477114980153703
264.7399999999042,booster,-586.9387609664666,30580.62953700155,-62.69345558063076,-183.52329088499135,193.9362464056105,1.5707255747896343,0.00014832613327461352,6084.673232600392,2084.673232600392,0.0,0.0,630.8899855620361,30580.62953700155,-586.9387609664666,0.0007477114980153703
264.8499999999041,booster,-593.8281642472397,30560.384040783683,-62.56845430232149,-184.5766063222726,194.89313757859432,1.570738473812927,0.00012890043860580016,6084.673232600392,2084.673232600392,0.0,0.0,638.6503722675471,30560.384040783683,-593.8281642472397,0.0007477114980153703
264.959999999904,booster,-600.7038279560744,30540.02269112959,-62.443645101770706,-185.62971669559576,195.85096510888843,1.570749408189178,0.00011246726913744678,6084.673232600392,2084.673232600392,0.0,0.0,646.490040745124,30540.02269112959,-600.7038279560744,0.0007477114980153703
265.0699999999039,booster,-607.5657731916201,30519.545510697175,-62.31902740441204,-186.68262016207896,196.80970973814,1.5707586788697836,9.856835605732278e-05,6084.673232600392,2084.673232600392,0.0,0.0,654.4096558653359,30519.545510697175,-607.5657731916201,0.0007477114980153703
265.1799999999038,booster,-614.4140209796982,30498.952522349897,-62.19460046556775,-187.7353148279283,197.7693524300794,1.570766540712312,8.681562011881618e-05,6084.673232600392,2084.673232600392,0.0,0.0,662.4098889457156,30498.952522349897,-614.4140209796982,0.0007477114980153703
265.2899999999037,booster,-621.248592256123,30478.24374916212,-62.07036339758765,-188.78779875336477,198.72987437838717,1.5707732095402975,7.688042126611254e-05,6084.673232600392,2084.673232600392,0.0,0.0,670.491417893204,30478.24374916212,-621.248592256123,0.0007477114980153703
265.3999999999036,booster,-628.0695078522795,30457.419214423917,-61.94631519296839,-189.84006995675875,199.69125701235305,1.5707788681217458,6.848445482117637e-05,6084.673232600392,2084.673232600392,0.0,0.0,678.6549273351673,30457.419214423917,-628.0695078522795,0.0007477114980153703
265.5099999999035,booster,-634.8767884830531,30436.478941645466,-61.82245474404533,-190.89212641809425,200.65348200068996,1.570783671231961,6.139204202388867e-05,6084.673232600392,2084.673232600392,0.0,0.0,686.901108740754,30436.478941645466,-634.8767884830531,0.0007477114980153703
265.6199999999034,booster,-641.6704547367574,30415.422954561134,-61.69878085976227,-191.9439660818659,201.6165312538073,1.5707877499409428,5.540360137480473e-05,6084.673232600392,2084.673232600392,0.0,0.0,695.2306605341093,30415.422954561134,-641.6704547367574,0.0007477114980153703
265.7299999999033,booster,-648.4505270667677,30394.251277133237,-61.57529227994946,-192.99558685949634,202.58038692480227,1.5707912152441212,5.0350119913784425e-05,6084.673232600392,2084.673232600392,0.0,0.0,703.6442882007397,30394.251277133237,-648.4505270667677,0.0007477114980153703
265.8399999999032,booster,-655.2170257846057,30372.96393355556,-61.451987687477825,-194.04698663134707,203.54503140938644,1.5707941611369989,4.608847130168812e-05,6084.673232600392,2084.673232600392,0.0,0.0,712.142704388126,30372.96393355556,-655.2170257846057,0.0007477114980153703
265.9499999999031,booster,-661.9699710542574,30351.56094825665,-61.328865718602664,-195.0981632483869,204.51044734493303,1.570796667218882,4.249745097724301e-05,6084.673232600392,2084.673232600392,0.0,0.0,720.726629001542,30351.56094825665,-661.9699710542574,0.0007477114980153703
266.059999999903,booster,-668.7093828875431,30330.042345903043,-61.20592497176412,-196.14911453356873,205.47661760879822,1.570798800897816,3.947441859367627e-05,6084.673232600392,2084.673232600392,0.0,0.0,729.3967892958547,30330.042345903043,-668.7093828875431,0.0007477114980153703
266.1699999999029,booster,-675.43528114038,30308.408151402207,-61.083164015072335,-197.1998382829614,206.44352531604946,1.570800619257813,3.6932454694220194e-05,6084.673232600392,2084.673232600392,0.0,0.0,738.153919964026,30308.408151402207,-675.43528114038,0.0007477114980153703
266.2799999999028,booster,-682.1476855098057,30286.658389905497,-60.96058139267167,-198.25033226667284,207.41115381670951,1.5708021706400923,3.479795288149006e-05,6084.673232600392,2084.673232600392,0.0,0.0,746.998763222875,30286.658389905497,-682.1476855098057,0.0007477114980153703
266.3899999999027,booster,-688.846615531647,30264.793086810932,-60.83817563014976,-199.3005942295972,208.3794866926097,1.5708034959821349,3.300858077621381e-05,6084.673232600392,2084.673232600392,0.0,0.0,755.9320688966125,30264.793086810932,-688.846615531647,0.0007477114980153703
266.4999999999026,booster,-695.5320905787395,30242.812267765974,-60.715945239132516,-200.3506218920134,209.34850775393136,1.5708046299516496,3.151155327213291e-05,6084.673232600392,2084.673232600392,0.0,0.0,764.9545944985751,30242.812267765974,-695.5320905787395,0.0007477114980153703
266.6099999999025,booster,-702.2041298596106,30220.715958670156,-60.593888721185564,-201.40041295005665,210.31820103549944,1.5708056019068564,3.0262170273869084e-05,6084.673232600392,2084.673232600392,0.0,0.0,774.0671053115242,30220.715958670156,-702.2041298596106,0.0007477114980153703
266.7199999999024,booster,-708.862752417561,30198.504185677775,-60.47200457112491,-202.44996507608323,211.28855079288482,1.5708064367096937,2.9222578382368575e-05,6084.673232600392,2084.673232600392,0.0,0.0,783.2703744668065,30198.504185677775,-708.862752417561,0.0007477114980153703
266.8299999999023,booster,-715.5079771300811,30176.17697520044,-60.35029127982421,-203.49927591894482,212.25954149836107,1.5708071554144747,2.8360722255886534e-05,6084.673232600392,2084.673232600392,0.0,0.0,792.5651830226695,30176.17697520044,-715.5079771300811,0.0007477114980153703
266.9399999999022,booster,-722.1398227085508,30153.734353909687,-60.22874733659325,-204.5483431041853,213.23115783675402,1.5708077758510677,2.7649456572048058e-05,6084.673232600392,2084.673232600392,0.0,0.0,801.9523200419293,30153.734353909687,-722.1398227085508,0.0007477114980153703
267.0499999999021,booster,-728.7583076981826,30131.176348739515,-60.1073712311912,-205.5971642341728,214.2033847012172,1.5708083131187547,2.7065794012033958e-05,6084.673232600392,2084.673232600392,0.0,0.0,811.4325826692076,30131.176348739515,-728.7583076981826,0.0007477114980153703
267.159999999902,booster,-735.3634504781656,30108.50298688892,-59.98616145552902,-206.64573688817555,215.17620718895915,1.5708087800044526,2.6590268417427785e-05,6084.673232600392,2084.673232600392,0.0,0.0,821.0067762078927,30108.50298688892,-735.3634504781656,0.0007477114980153703
267.2699999999019,booster,-741.9552692619851,30085.71429582447,-59.86511650510686,-207.6940586223913,216.14961059694588,1.5708091873368786,2.620639548818246e-05,6084.673232600392,2084.673232600392,0.0,0.0,830.6757141969653,30085.71429582447,-741.9552692619851,0.0007477114980153703
267.3799999999018,booster,-748.533782097885,30062.810303282804,-59.744234880226124,-208.7421269699357,217.12358041759623,1.5708095442864705,2.590021608386696e-05,6084.673232600392,2084.673232600392,0.0,0.0,840.440218487819,30062.810303282804,-748.533782097885,0.0007477114980153703
267.4899999999017,booster,-755.0990068694542,30039.7910372732,-59.62351508700958,-209.78993944079716,218.0981023344866,1.5708098586193715,2.5659909471739617e-05,6084.673232600392,2084.673232600392,0.0,0.0,850.3011193211752,30039.7910372732,-755.0990068694542,0.0007477114980153703
267.5999999999016,booster,-761.6509612963151,30016.656526080104,-59.502955638258165,-210.8374935217618,219.07316221807605,1.5708101369125154,2.547546580753064e-05,6084.673232600392,2084.673232600392,0.0,0.0,860.2592554041746,30016.656526080104,-761.6509612963151,0.0007477114980153703
267.7099999999015,booster,-768.1896629348988,29993.406798265696,-59.38255505416871,-211.88478667631338,220.0487461214633,1.570810384735767,2.5338408784741666e-05,6084.673232600392,2084.673232600392,0.0,0.0,870.3154739877344,29993.406798265696,-768.1896629348988,0.0007477114980153703
267.8199999999014,booster,-774.7151291792931,29970.041882672456,-59.2623118629336,-212.93181634451236,221.02484027618422,1.570810606806169,2.5241560757094748e-05,6084.673232600392,2084.673232600392,0.0,0.0,880.4706309442311,29970.041882672456,-774.7151291792931,0.0007477114980153703
267.9299999999013,booster,-781.2273772621497,29946.561808425766,-59.14222460123968,-213.97857994285548,222.00143108805509,1.5708108071185614,2.517884384106787e-05,6084.673232600392,2084.673232600392,0.0,0.0,890.7255908455592,29946.561808425766,-781.2273772621497,0.0007477114980153703
268.0399999999012,booster,-787.7264242556429,29922.966604936493,-59.02229181468185,-215.02507486412003,222.97850513306855,1.5708109890561979,2.514511147595238e-05,6084.673232600392,2084.673232600392,0.0,0.0,901.0812270416247,29922.966604936493,-787.7264242556429,0.0007477114980153703
268.1499999999011,booster,-794.2122870724675,29899.256301903602,-58.90251205810392,-216.07129847719398,223.95604915334556,1.5708111554844169,2.513600578546e-05,6084.673232600392,2084.673232600392,0.0,0.0,911.5384217393134,29899.256301903602,-794.2122870724675,0.0007477114980153703
268.259999999901,booster,-800.6849824668735,29875.430929316808,-58.78288389587776,-217.11724812689445,224.93405005314713,1.5708113088299682,2.514783678963023e-05,6084.673232600392,2084.673232600392,0.0,0.0,922.0980660819608,29875.430929316808,-800.6849824668735,0.0007477114980153703
268.3699999999009,booster,-807.144527035726,29851.49051745922,-58.66340590213005,-218.16292113377494,225.9124948949477,1.570811451148191,2.517748010661773e-05,6084.673232600392,2084.673232600392,0.0,0.0,932.7610602293666,29851.49051745922,-807.144527035726,0.0007477114980153703
268.4799999999008,booster,-813.5909372195897,29827.435096910056,-58.54407666092461,-219.20831479392425,226.89137089557286,1.570811584179899,2.5222290331464887e-05,6084.673232600392,2084.673232600392,0.0,0.0,943.5283134383724,29827.435096910056,-813.5909372195897,0.0007477114980153703
268.5899999999007,booster,-820.0242293038291,29803.26469854729,-58.424894766406894,-220.2534263787563,227.8706654224013,1.5708117093995564,2.5280027678622003e-05,6084.673232600392,2084.673232600392,0.0,0.0,954.4007441440349,29803.26469854729,-820.0242293038291,0.0007477114980153703
268.6999999999006,booster,-826.4444194197245,29778.979353550425,-58.305858822916655,-221.29825313479384,228.85036598963345,1.570811828056074,2.5348795861975276e-05,6084.673232600392,2084.673232600392,0.0,0.0,965.3792800414034,29778.979353550425,-826.4444194197245,0.0007477114980153703
268.8099999999005,booster,-832.8515235455984,29754.579093403212,-58.18696744507348,-222.3427922834444,229.8304602546254,1.5708119412073582,2.5426989481888227e-05,6084.673232600392,2084.673232600392,0.0,0.0,976.4648581679327,29754.579093403212,-832.8515235455984,0.0007477114980153703
268.9199999999004,booster,-839.2455575079501,29730.06394989645,-58.0682192578395,-223.38704102077145,230.8109360142893,1.5708120497495652,2.5513249479176627e-05,6084.673232600392,2084.673232600392,0.0,0.0,987.658424986532,29730.06394989645,-839.2455575079501,0.0007477114980153703
269.0299999999003,booster,-845.6265369825954,29705.43395513077,-57.949612896562705,-224.43099651725987,231.79178120155981,1.5708121544418776,2.5606425410438022e-05,6084.673232600392,2084.673232600392,0.0,0.0,998.9609364692783,29705.43395513077,-845.6265369825954,0.0007477114980153703
269.1399999999002,booster,-851.9944774958111,29680.689141519477,-57.83114700700399,-225.4746559175765,232.77298388192568,1.5708122559274864,2.570554349498268e-05,6084.673232600392,2084.673232600392,0.0,0.0,1010.3733581817986,29680.689141519477,-851.9944774958111,0.0007477114980153703
269.2499999999001,booster,-858.3493944254803,29655.829541791376,-57.71282024535051,-226.51801634032654,233.7545322500263,1.5708123547513566,2.5809779562793783e-05,6084.673232600392,2084.673232600392,0.0,0.0,1021.8966653683326,29655.829541791376,-858.3493944254803,0.0007477114980153703
269.3599999999,booster,-864.6913030022412,29630.855188993693,-57.59463127821742,-227.56107487780545,234.7364146263123,1.5708124513752746,2.591843613818784e-05,6084.673232600392,2084.673232600392,0.0,0.0,1033.5318430374807,29630.855188993693,-864.6913030022412,0.0007477114980153703
269.4699999998999,booster,-871.0202183106326,29605.766116494942,-57.476578782640054,-228.6038285957474,235.71861945376924,1.570812546190589,2.6030923045710456e-05,6084.673232600392,2084.673232600392,0.0,0.0,1045.2798860486632,29605.766116494942,-871.0202183106326,0.0007477114980153703
269.5799999998998,booster,-877.3361552902394,29580.56235798789,-57.35866144605796,-229.64627453306957,236.70113529470333,1.5708126395290025,2.614674097076416e-05,6084.673232600392,2084.673232600392,0.0,0.0,1057.1417991992691,29580.56235798789,-877.3361552902394,0.0007477114980153703
269.6899999998997,booster,-883.639128736836,29555.24394749249,-57.24087796629223,-230.6884097016136,237.68395082758846,1.5708127316717069,2.6265467548677583e-05,6084.673232600392,2084.673232600392,0.0,0.0,1069.1185973125364,29555.24394749249,-883.639128736836,0.0007477114980153703
269.7999999998996,booster,-889.9291533035275,29529.810919358923,-57.12322705151719,-231.73023108588342,238.6670548439732,1.5708128228571225,2.6386745582565387e-05,6084.673232600392,2084.673232600392,0.0,0.0,1081.2113053261326,29529.810919358923,-889.9291533035275,0.0007477114980153703
269.9099999998995,booster,-896.2062435018854,29504.263308270572,-57.00570742022761,-232.77173564277953,239.65043624544612,1.5708129132874504,2.6510273065597364e-05,6084.673232600392,2084.673232600392,0.0,0.0,1093.4209583814759,29504.263308270572,-896.2062435018854,0.0007477114980153703
270.0199999998994,booster,-902.4704137030817,29478.601149247086,-56.888317801202035,-233.81292030133113,240.6340840406595,1.5708130031342225,2.6635794725925373e-05,6084.673232600392,2084.673232600392,0.0,0.0,1105.748601913781,29478.601149247086,-902.4704137030817,0.0007477114980153703
270.1299999998993,booster,-908.7216781390181,29452.824477647486,-56.771056933463136,-234.85378196242442,241.61798734240898,1.5708130925429997,2.6763094873794524e-05,6084.673232600392,2084.673232600392,0.0,0.0,1118.1952917428325,29452.824477647486,-908.7216781390181,0.0007477114980153703
270.2399999998992,booster,-914.96005090345,29426.933329173233,-56.653923566235534,-235.89431749852832,242.60213536476826,1.5708131816373516,2.689199134368837e-05,6084.673232600392,2084.673232600392,0.0,0.0,1130.762094164511,29426.933329173233,-914.96005090345,0.0007477114980153703
270.3499999998991,booster,-921.1855459531071,29400.927739871415,-56.53691645890168,-236.93452375341735,243.58651742027826,1.5708132705222273,2.702233035632934e-05,6084.673232600392,2084.673232600392,0.0,0.0,1143.4500860430464,29400.927739871415,-921.1855459531071,0.0007477114980153703
270.459999999899,booster,-927.3981771088073,29374.80774613788,-56.42003438095627,-237.9743975418916,244.57112291718855,1.5708133592868077,2.7153982177975197e-05,6084.673232600392,2084.673232600392,0.0,0.0,1156.2603549040302,29374.80774613788,-927.3981771088073,0.0007477114980153703
270.5699999998989,booster,-933.5979580565671,29348.573384720457,-56.30327611195942,-239.0139356494939,245.55594135675062,1.5708134480069231,2.7286837438469104e-05,6084.673232600392,2084.673232600392,0.0,0.0,1169.1939990281696,29348.573384720457,-933.5979580565671,0.0007477114980153703
270.6799999998988,booster,-939.7849023487059,29322.2246927222,-56.18664044148906,-240.05313483222437,246.54096233056134,1.5708135367471,2.7420804012790554e-05,6084.673232600392,2084.673232600392,0.0,0.0,1182.2521275457962,29322.2246927222,-939.7849023487059,0.0007477114980153703
270.7899999998987,booster,-945.9590234049455,29295.76170760461,-56.07012616909278,-241.091991816252,247.5261755179555,1.5708136255622926,2.755580438485022e-05,6084.673232600392,2084.673232600392,0.0,0.0,1195.4358605321327,29295.76170760461,-945.9590234049455,0.0007477114980153703
270.8999999998986,booster,-952.1203345135041,29269.184467191008,-55.953732104239165,-242.1305032976238,248.51157068344637,1.5708137144993526,2.7691773406934656e-05,6084.673232600392,2084.673232600392,0.0,0.0,1208.7463291033087,29269.184467191008,-952.1203345135041,0.0007477114980153703
271.0099999998985,booster,-958.2688488321851,29242.493009669786,-55.83745706626912,-243.16866594197083,249.49713767421312,1.5708138035982697,2.7828656415505087e-05,6084.673232600392,2084.673232600392,0.0,0.0,1222.184675513151,29242.493009669786,-958.2688488321851,0.0007477114980153703
271.1199999998984,booster,-964.40457938946,29215.687373597822,-55.721299884347154,-244.2064763842118,250.48286641763332,1.5708138928932263,2.7966407617424585e-05,6084.673232600392,2084.673232600392,0.0,0.0,1235.752053250718,29215.687373597822,-964.40457938946,0.0007477114980153703
271.2299999998983,booster,-970.5275390855459,29188.767597903832,-55.60525939741271,-245.24393122825398,251.46874691886092,1.5708139824134868,2.810498873995364e-05,6084.673232600392,2084.673232600392,0.0,0.0,1249.4496271386226,29188.767597903832,-970.5275390855459,0.0007477114980153703
271.3399999998982,booster,-976.6377406934795,29161.733721891847,-55.48933445413182,-246.28102704669098,252.45476925844645,1.5708140721841524,2.824436788057108e-05,6084.673232600392,2084.673232600392,0.0,0.0,1263.2785734320883,29161.733721891847,-976.6377406934795,0.0007477114980153703
271.4499999998981,booster,-982.735196860183,29134.58578524463,-55.373523912849016,-247.3177603804983,253.4409235900004,1.570814162226802,2.838451852864387e-05,6084.673232600392,2084.673232600392,0.0,0.0,1277.2400799188076,29134.58578524463,-982.735196860183,0.0007477114980153703
271.559999999898,booster,-988.8199201075269,29107.3238280272,-55.257826641539744,-248.35412773872582,254.42720013789761,1.5708142525600306,2.852541874762375e-05,6084.673232600392,2084.673232600392,0.0,0.0,1291.3353460195476,29107.3238280272,-988.8199201075269,0.0007477114980153703
271.6699999998979,booster,-994.8919228333863,29079.947890690357,-55.142241517763175,-249.39012559818772,255.41358919502142,1.57081434319991,2.8667050469146293e-05,6084.673232600392,2084.673232600392,0.0,0.0,1305.5655828895292,29079.947890690357,-994.8919228333863,0.0007477114980153703
271.7799999998978,booster,-1000.9512173126928,29052.45801407423,-55.02676742861556,-250.42575040314927,256.40008112054755,1.570814434160376,2.8809398906359186e-05,6084.673232600392,2084.673232600392,0.0,0.0,1319.9320135205874,29052.45801407423,-1000.9512173126928,0.0007477114980153703
271.8899999998977,booster,-1006.9978156984814,29024.854239411874,-54.91140327068418,-251.46099856501135,257.38666633776575,1.5708145254535562,2.8952452055841033e-05,6084.673232600392,2084.673232600392,0.0,0.0,1334.4358728440966,29024.854239411874,-1006.9978156984814,0.0007477114980153703
271.9999999998976,booster,-1013.0317300229314,28997.13660833293,-54.79614795000198,-252.49586646199188,258.3733353319389,1.5708146170900488,2.9096200265462105e-05,6084.673232600392,2084.673232600392,0.0,0.0,1349.0784078346703,28997.13660833293,-1013.0317300229314,0.0007477114980153703
272.1099999998975,booster,-1019.0529721984024,28969.30516286727,-54.68100038200269,-253.53035043880445,259.3600786481982,1.5708147090791587,2.9240635882176807e-05,6084.673232600392,2084.673232600392,0.0,0.0,1363.8608776146375,28969.30516286727,-1019.0529721984024,0.0007477114980153703
272.2199999998974,booster,-1025.0615540184679,28941.35994544869,-54.56595949147673,-254.56444680633402,260.3468868894736,1.5708148014290964,2.9385752943111096e-05,6084.673232600392,2084.673232600392,0.0,0.0,1378.7845535592953,28941.35994544869,-1025.0615540184679,0.0007477114980153703
272.3299999998973,booster,-1031.0574871589406,28913.300998918694,-54.45102421252783,-255.5981518413101,261.3337507144584,1.5708148941471465,2.9531546921270804e-05,6084.673232600392,2084.673232600392,0.0,0.0,1393.8507194029273,28913.300998918694,-1031.0574871589406,0.0007477114980153703
272.4399999998972,booster,-1037.0407831788941,28885.12836653021,-54.33619348853025,-256.63146178597685,262.3206608356084,1.5708149872398116,2.9678014506552212e-05,6084.673232600392,2084.673232600392,0.0,0.0,1409.0606713456182,28885.12836653021,-1037.0407831788941,0.0007477114980153703
272.5499999998971,booster,-1043.0114535216833,28856.842091951446,-54.22146627208683,-257.66437284776003,263.30760801717173,1.570815080712933,2.9825153417392085e-05,6084.673232600392,2084.673232600392,0.0,0.0,1424.415718160816,28856.842091951446,-1043.0114535216833,0.0007477114980153703
272.659999999897,booster,-1048.9695095159516,28828.442219269717,-54.10684152498768,-258.69688119893203,264.29458307325274,1.5708151745717935,2.997296224905501e-05,6084.673232600392,2084.673232600392,0.0,0.0,1439.917181303701,28828.442219269717,-1048.9695095159516,0.0007477114980153703
272.7699999998969,booster,-1054.9149623766461,28799.928792995346,-53.99231821816968,-259.72898297627245,265.2815768659047,1.5708152688212031,3.012144033856992e-05,6084.673232600392,2084.673232600392,0.0,0.0,1455.5663950202993,28799.928792995346,-1054.9149623766461,0.0007477114980153703
272.8799999998968,booster,-1060.8478232060165,28771.301858065566,-53.87789533167666,-260.76067428072713,266.2685803032543,1.5708153634655735,3.02705876523163e-05,6084.673232600392,2084.673232600392,0.0,0.0,1471.3647064573997,28771.301858065566,-1060.8478232060165,0.0007477114980153703
272.9899999998967,booster,-1066.7681029946168,28742.561459848504,-53.763571854620395,-261.7919511770636,267.25558433765417,1.5708154585089804,3.0420404690926823e-05,6084.673232600392,2084.673232600392,0.0,0.0,1487.3134757732198,28742.561459848504,-1066.7681029946168,0.0007477114980153703
273.0999999998966,booster,-1072.6758126223,28713.707644147158,-53.649346785142235,-262.8228096935235,268.242579963865,1.570815553955215,3.057089240951056e-05,6084.673232600392,2084.673232600392,0.0,0.0,1503.414076248867,28713.707644147158,-1072.6758126223,0.0007477114980153703
273.2099999998965,booster,-1078.57096285921,28684.740457203457,-53.53521913037557,-263.8532458214724,269.229558217265,1.5708156498078298,3.072205214853216e-05,6084.673232600392,2084.673232600392,0.0,0.0,1519.667894400561,28684.740457203457,-1078.57096285921,0.0007477114980153703
273.3199999998964,booster,-1084.4535643667678,28655.65994570232,-53.42118790640905,-264.88325551504596,270.21651017208586,1.570815746070176,3.0873885574682556e-05,6084.673232600392,2084.673232600392,0.0,0.0,1536.0763300926212,28655.65994570232,-1084.4535643667678,0.0007477114980153703
273.4299999998963,booster,-1090.3236276986556,28626.466156775758,-53.30725213825047,-265.9128346907937,271.20342693967643,1.5708158427454344,3.1026394634404125e-05,6084.673232600392,2084.673232600392,0.0,0.0,1552.6407966512475,28626.466156775758,-1090.3236276986556,0.0007477114980153703
273.5399999998962,booster,-1096.1811633017946,28597.159138007064,-53.1934108597914,-266.9419792273194,272.19029966679045,1.5708159398366437,3.117958151074492e-05,6084.673232600392,2084.673232600392,0.0,0.0,1569.36272097904,28597.159138007064,-1096.1811633017946,0.0007477114980153703
273.6499999998961,booster,-1102.0261815173217,28567.738937434995,-53.07966311377267,-267.97068496491875,273.1771195339012,1.5708160373467228,3.1333448588205115e-05,6084.673232600392,2084.673232600392,0.0,0.0,1586.243543670312,28567.738937434995,-1102.0261815173217,0.0007477114980153703
273.759999999896,booster,-1107.8586925815603,28538.20560355797,-52.96600795175041,-268.99894770521325,274.16387775353803,1.5708161352784902,3.1487998422244856e-05,6084.673232600392,2084.673232600392,0.0,0.0,1603.284719127153,28538.20560355797,-1107.8586925815603,0.0007477114980153703
273.8699999998959,booster,-1113.678706626988,28508.559185338407,-52.852444434062974,-270.02676321078144,275.1505655686485,1.5708162336346796,3.1643233715450024e-05,6084.673232600392,2084.673232600392,0.0,0.0,1620.4877156762495,28508.559185338407,-1113.678706626988,0.0007477114980153703
273.9799999998958,booster,-1119.486233683202,28478.79973220697,-52.738971629798435,-271.05412720478716,276.13717425098275,1.5708163324179547,3.17991572950305e-05,6084.673232600392,2084.673232600392,0.0,0.0,1637.8540156864876,28478.79973220697,-1119.486233683202,0.0007477114980153703
274.0899999998957,booster,-1125.2812836778778,28448.927294066998,-52.625588616762975,-272.08103537060435,277.1236950995003,1.5708164316309208,3.195577209431058e-05,6084.673232600392,2084.673232600392,0.0,0.0,1655.3851156872904,28448.927294066998,-1125.2812836778778,0.0007477114980153703
274.1999999998956,booster,-1131.063866437729,28418.941921298836,-52.512294481449786,-273.1074833514386,278.11011943879856,1.5708165312761333,3.211308113688291e-05,6084.673232600392,2084.673232600392,0.0,0.0,1673.0825264877196,28418.941921298836,-1131.063866437729,0.0007477114980153703
274.3099999998955,booster,-1136.8339916894586,28388.843664764314,-52.399088319008854,-274.13346674994614,279.096438617563,1.5708166313561083,3.227108752675512e-05,6084.673232600392,2084.673232600392,0.0,0.0,1690.9477732963392,28388.843664764314,-1136.8339916894586,0.0007477114980153703
274.4199999998954,booster,-1142.5916690607114,28358.632575811214,-52.28596923321733,-275.15898112784834,280.0826440070369,1.5708167318733277,3.242979442916618e-05,6084.673232600392,2084.673232600392,0.0,0.0,1708.9823958417967,28358.632575811214,-1142.5916690607114,0.0007477114980153703
274.5299999998953,booster,-1148.3369080810205,28328.30870627781,-52.17293633645067,-276.1840220055448,281.0687269995127,1.5708168328302452,3.25892050733842e-05,6084.673232600392,2084.673232600392,0.0,0.0,1727.1879484941917,28328.30870627781,-1148.3369080810205,0.0007477114980153703
274.6399999998952,booster,-1154.0697181827522,28297.872108497406,-52.059988749654316,-277.2085848617213,282.0546790068413,1.570816934229293,3.274932273085213e-05,6084.673232600392,2084.673232600392,0.0,0.0,1745.5660003871458,28297.872108497406,-1154.0697181827522,0.0007477114980153703
274.7499999998951,booster,-1159.790108702047,28267.322835302963,-51.9471256023163,-278.2326651329561,283.0404914589616,1.5708170360728837,3.291015071931125e-05,6084.673232600392,2084.673232600392,0.0,0.0,1764.1181355406395,28267.322835302963,-1159.790108702047,0.0007477114980153703
274.859999999895,booster,-1165.4980888797584,28236.66094003177,-51.834346032440266,-279.2562582133213,284.0261558024471,1.5708171383634153,3.307169239093176e-05,6084.673232600392,2084.673232600392,0.0,0.0,1782.8459529845502,28236.66094003177,-1165.4980888797584,0.0007477114980153703
274.9699999998949,booster,-1171.1936678623852,28205.886476530104,-51.72164918651938,-280.2793594539827,285.0116634990719,1.5708172411032737,3.3233951129767175e-05,6084.673232600392,2084.673232600392,0.0,0.0,1801.7510668829505,28205.886476530104,-1171.1936678623852,0.0007477114980153703
275.0799999998948,booster,-1176.8768547030088,28174.999499158002,-51.60903421951075,-281.3019641627949,285.9970060243935,1.5708173442948352,3.33969303452074e-05,6084.673232600392,2084.673232600392,0.0,0.0,1820.8351066591092,28174.999499158002,-1176.8768547030088,0.0007477114980153703
275.1899999998947,booster,-1182.547658362219,28144.000062794043,-51.49650029481051,-282.324067603894,286.9821748663522,1.5708174479404697,3.356063346942387e-05,6084.673232600392,2084.673232600392,0.0,0.0,1840.0997171212123,28144.000062794043,-1182.547658362219,0.0007477114980153703
275.2999999998946,booster,-1188.2060877090416,28112.888222840167,-51.384046584229715,-283.3456649972857,287.9671615238869,1.5708175520425391,3.3725063957473886e-05,6084.673232600392,2084.673232600392,0.0,0.0,1859.546558588789,28112.888222840167,-1188.2060877090416,0.0007477114980153703
275.4099999998945,booster,-1193.8521515218645,28081.664035226564,-51.27167226797068,-284.36675151843184,288.9519575055683,1.5708176566034022,3.389022527807868e-05,6084.673232600392,2084.673232600392,0.0,0.0,1879.177307019868,28081.664035226564,-1193.8521515218645,0.0007477114980153703
275.5199999998944,booster,-1199.4858584893577,28050.327556416578,-51.159376534604036,-285.38732229783176,289.9365543282459,1.570817761625415,3.4056120916381685e-05,6084.673232600392,2084.673232600392,0.0,0.0,1898.9936541388076,28050.327556416578,-1199.4858584893577,0.0007477114980153703
275.6299999998943,booster,-1205.1072172113936,28018.878843411716,-51.047158581046425,-286.4073724206014,290.9209435157111,1.570817867110931,3.422275436937828e-05,6084.673232600392,2084.673232600392,0.0,0.0,1918.997307564823,28018.878843411716,-1205.1072172113936,0.0007477114980153703
275.7399999998942,booster,-1210.7162361999629,27987.317953756614,-50.93501761253884,-287.4268969260483,291.90511659737456,1.570817973062302,3.439012914400193e-05,6084.673232600392,2084.673232600392,0.0,0.0,1939.1899909412143,27987.317953756614,-1210.7162361999629,0.0007477114980153703
275.8499999998941,booster,-1216.3129238800905,27955.644945544147,-50.82295284262554,-288.44589080724376,292.8890651069584,1.570818079481879,3.455824875787238e-05,6084.673232600392,2084.673232600392,0.0,0.0,1959.5734440652536,27955.644945544147,-1216.3129238800905,0.0007477114980153703
275.959999999894,booster,-1221.8972885907463,27923.859877420487,-50.71096349313358,-289.4643490105905,293.8727805812013,1.5708181863720125,3.472711673870355e-05,6084.673232600392,2084.673232600392,0.0,0.0,1980.1494230187598,27923.859877420487,-1221.8972885907463,0.0007477114980153703
276.0699999998939,booster,-1227.4693385857556,27891.962808590306,-50.59904879415295,-290.4822664353883,294.85625455857803,1.5708182937350543,3.4896736615713575e-05,6084.673232600392,2084.673232600392,0.0,0.0,2000.9197002993262,27891.962808590306,-1227.4693385857556,0.0007477114980153703
276.1799999998938,booster,-1233.0290820347077,27859.953798821967,-50.48720798401732,-291.4996379333946,295.8394785780315,1.5708184015733555,3.5067111927014635e-05,6084.673232600392,2084.673232600392,0.0,0.0,2021.8860649522057,27859.953798821967,-1233.0290820347077,0.0007477114980153703
276.2899999998937,booster,-1238.5765270238612,27827.83290845275,-50.37544030928543,-292.51645830838277,296.8224441777175,1.5708185098892684,3.52382462150084e-05,6084.673232600392,2084.673232600392,0.0,0.0,2043.050322702851,27827.83290845275,-1238.5765270238612,0.0007477114980153703
276.3999999998936,booster,-1244.1116815570472,27795.600198394208,-50.263745024722915,-293.532722315696,297.80514289376174,1.570818618685146,3.5410143024436886e-05,6084.673232600392,2084.673232600392,0.0,0.0,2064.4142960900654,27795.600198394208,-1244.1116815570472,0.0007477114980153703
276.5099999998935,booster,-1249.634553556572,27763.25573013748,-50.15212139328487,-294.5484246617983,298.78756625902935,1.5708187279633417,3.5582805907088906e-05,6084.673232600392,2084.673232600392,0.0,0.0,2085.97982459982,27763.25573013748,-1249.634553556572,0.0007477114980153703
276.6199999998934,booster,-1255.145150864116,27730.7995657587,-50.04056868609895,-295.56356000382146,299.76970580190516,1.5708188377262111,3.575623841184811e-05,6084.673232600392,2084.673232600392,0.0,0.0,2107.7487647996604,27730.7995657587,-1255.145150864116,0.0007477114980153703
276.7299999998933,booster,-1260.643481241633,27698.23176792446,-49.92908618244894,-296.5781229491081,300.7515530450852,1.5708189479761097,3.593044409138086e-05,6084.673232600392,2084.673232600392,0.0,0.0,2129.722990473717,27698.23176792446,-1260.643481241633,0.0007477114980153703
276.8399999998932,booster,-1266.1295523722467,27665.55239989729,-49.81767316975902,-297.5921080547524,301.73309950438045,1.570819058715395,3.6105426499497985e-05,6084.673232600392,2084.673232600392,0.0,0.0,2151.9043927583457,27665.55239989729,-1266.1295523722467,0.0007477114980153703
276.9499999998931,booster,-1271.6033718611423,27632.761525541242,-49.70632894357847,-298.6055098271355,302.7143366875291,1.5708191699464247,3.6281189190501997e-05,6084.673232600392,2084.673232600392,0.0,0.0,2174.29488027831,27632.761525541242,-1271.6033718611423,0.0007477114980153703
277.059999999893,booster,-1277.0649472364635,27599.859209327456,-49.595052807567065,-299.61832272145875,303.69525609302093,1.5708192816715578,3.645773571853043e-05,6084.673232600392,2084.673232600392,0.0,0.0,2196.8963792835784,27599.859209327456,-1277.0649472364635,0.0007477114980153703
277.1699999998929,booster,-1282.5142859502014,27566.845516339858,-49.48384407348082,-300.6305411412723,304.67584920893023,1.5708193938931543,3.663506963489105e-05,6084.673232600392,2084.673232600392,0.0,0.0,2219.710833786648,27566.845516339858,-1282.5142859502014,0.0007477114980153703
277.2799999998928,booster,-1287.9513953790845,27533.720512280826,-49.372702061158456,-301.64215943800065,305.6561075117592,1.5708195066135742,3.681319449205183e-05,6084.673232600392,2084.673232600392,0.0,0.0,2242.740205700444,27533.720512280826,-1287.9513953790845,0.0007477114980153703
277.3899999998927,booster,-1293.3762828254676,27500.48426347699,-49.261626098508295,-302.65317191046387,306.6360224652903,1.570819619835178,3.699211384162573e-05,6084.673232600392,2084.673232600392,0.0,0.0,2265.98647497674,27500.48426347699,-1293.3762828254676,0.0007477114980153703
277.4999999998926,booster,-1298.78895551822,27467.13683688501,-49.15061552149569,-303.66357280439576,307.6155855194474,1.5708197335603276,3.717183123101779e-05,6084.673232600392,2084.673232600392,0.0,0.0,2289.451639745104,27467.13683688501,-1298.78895551822,0.0007477114980153703
277.6099999998925,booster,-1304.1894206136078,27433.678300097457,-49.03966967413101,-304.67335631195806,308.5947881091663,1.5708198477913844,3.735235020472345e-05,6084.673232600392,2084.673232600392,0.0,0.0,2313.1377164523633,27433.678300097457,-1304.1894206136078,0.0007477114980153703
277.7199999998924,booster,-1309.5776851961816,27400.108721348748,-48.92878790845812,-305.6825165712508,309.5736216532731,1.57081996253071,3.75336743056203e-05,6084.673232600392,2084.673232600392,0.0,0.0,2337.0467400025477,27400.108721348748,-1309.5776851961816,0.0007477114980153703
277.8299999998923,booster,-1314.953756279657,27366.428169521092,-48.817969584543334,-306.691047665819,310.55207755337113,1.5708200777806662,3.771580707158812e-05,6084.673232600392,2084.673232600392,0.0,0.0,2361.1807638973232,27366.428169521092,-1314.953756279657,0.0007477114980153703
277.9399999998922,booster,-1320.3176408077984,27332.63671415053,-48.707214070464936,-307.6989436241552,311.530147192735,1.5708201935436135,3.7898752039444345e-05,6084.673232600392,2084.673232600392,0.0,0.0,2385.5418603768794,27332.63671415053,-1320.3176408077984,0.0007477114980153703
278.0499999998921,booster,-1325.6693456552994,27298.734425433024,-48.5965207423031,-308.7061984191998,312.50782193521405,1.5708203098219133,3.808251273755175e-05,6084.673232600392,2084.673232600392,0.0,0.0,2410.132120561283,27298.734425433024,-1325.6693456552994,0.0007477114980153703
278.159999999892,booster,-1331.0088776286616,27264.7213742306,-48.48588898413043,-309.71280596783504,313.48509312414086,1.5708204266179255,3.82670926923991e-05,6084.673232600392,2084.673232600392,0.0,0.0,2434.9536545922288,27264.7213742306,-1331.0088776286616,0.0007477114980153703
278.2699999998919,booster,-1336.3362434670732,27230.597632077515,-48.37531818800286,-310.7187601303777,314.46195208124897,1.5708205439340093,3.8452495423186894e-05,6084.673232600392,2084.673232600392,0.0,0.0,2460.0085917752494,27230.597632077515,-1336.3362434670732,0.0007477114980153703
278.3799999998918,booster,-1341.6514498432882,27196.36327118655,-48.264807753951075,-311.7240547100666,315.43839010559645,1.5708206617725227,3.863872444505934e-05,6084.673232600392,2084.673232600392,0.0,0.0,2485.299080722278,27196.36327118655,-1341.6514498432882,0.0007477114980153703
278.4899999998917,booster,-1346.954503364502,27162.018364455264,-48.15435708997245,-312.72868345254625,316.414398472496,1.5708207801358218,3.882578326633411e-05,6084.673232600392,2084.673232600392,0.0,0.0,2510.827289494617,27162.018364455264,-1346.954503364502,0.0007477114980153703
278.5999999998916,booster,-1352.2454105732268,27127.562985472407,-48.043965612023385,-313.7326400453475,317.389968432452,1.570820899026262,3.9013675389716444e-05,6084.673232600392,2084.673232600392,0.0,0.0,2536.595405746243,27127.562985472407,-1352.2454105732268,0.0007477114980153703
278.7099999998915,booster,-1357.5241779481682,27092.997208524313,-47.93363274401211,-314.7359181173637,318.3650912101038,1.5708210184461964,3.920240430884188e-05,6084.673232600392,2084.673232600392,0.0,0.0,2562.6056368674695,27092.997208524313,-1357.5241779481682,0.0007477114980153703
278.8199999998914,booster,-1362.790811905099,27058.32110860139,-47.82335791779199,-315.73851123832316,319.3397580031743,1.5708211383979767,3.939197351080257e-05,6084.673232600392,2084.673232600392,0.0,0.0,2588.860210128917,27058.32110860139,-1362.790811905099,0.0007477114980153703
278.9299999998913,booster,-1368.045318797731,27023.534761404648,-47.71314057315526,-316.740412918258,320.3139599814255,1.5708212588839503,3.958238647666412e-05,6084.673232600392,2084.673232600392,0.0,0.0,2615.3613728257865,27023.534761404648,-1368.045318797731,0.0007477114980153703
279.0399999998912,booster,-1373.2877049185913,26988.638243352307,-47.6029801578271,-317.74161660696893,321.2876882856181,1.570821379906465,3.977364667464569e-05,6084.673232600392,2084.673232600392,0.0,0.0,2642.111392422394,26988.638243352307,-1373.2877049185913,0.0007477114980153703
279.1499999998911,booster,-1378.517976499892,26953.631631586453,-47.492876127460356,-318.74211569348614,322.260934026478,1.570821501467863,3.9965757570606617e-05,6084.673232600392,2084.673232600392,0.0,0.0,2669.1125566969804,26953.631631586453,-1378.517976499892,0.0007477114980153703
279.259999999891,booster,-1383.7361397144025,26918.51500397973,-47.38282794563046,-319.7419035055264,323.23368828366665,1.5708216235704857,4.0158722613876984e-05,6084.673232600392,2084.673232600392,0.0,0.0,2696.367173886735,26918.51500397973,-1383.7361397144025,0.0007477114980153703
279.3699999998909,booster,-1388.942200676322,26883.28843914214,-47.27283508383094,-320.7409733089464,324.20594210475747,1.5708217462166696,4.0352545248387994e-05,6084.673232600392,2084.673232600392,0.0,0.0,2723.877572833034,26883.28843914214,-1388.942200676322,0.0007477114980153703
279.4799999998908,booster,-1394.1361654421487,26847.952016427862,-47.16289702146928,-321.73931830719204,325.17768650421624,1.5708218694087486,4.0547228907803916e-05,6084.673232600392,2084.673232600392,0.0,0.0,2751.6461031268527,26847.952016427862,-1394.1361654421487,0.0007477114980153703
279.5899999998907,booster,-1399.3180400115505,26812.505815942175,-47.05301324586313,-322.73693164074376,326.14891246238653,1.5708219931490524,4.0742777013974196e-05,6084.673232600392,2084.673232600392,0.0,0.0,2779.67513525434,26812.505815942175,-1399.3180400115505,0.0007477114980153703
279.6999999998906,booster,-1404.487830328235,26776.94991854837,-46.94318325223714,-323.73380638655846,327.1196109244795,1.5708221174399057,4.0939192977371234e-05,6084.673232600392,2084.673232600392,0.0,0.0,2807.9670607425323,26776.94991854837,-1404.487830328235,0.0007477114980153703
279.8099999998905,booster,-1409.6455422808199,26741.2844058748,-46.83340654371991,-324.72993555750685,328.0897727995676,1.57082224228363,4.1136480198181085e-05,6084.673232600392,2084.673232600392,0.0,0.0,2836.5242923051555,26741.2844058748,-1409.6455422808199,0.0007477114980153703
279.9199999998904,booster,-1414.7911817037023,26705.509360321954,-46.723682631341475,-325.7253121018074,329.05938895958303,1.5708223676825417,4.133464206138886e-05,6084.673232600392,2084.673232600392,0.0,0.0,2865.349263988515,26705.509360321954,-1414.7911817037023,0.0007477114980153703
280.0299999998903,booster,-1419.924754377925,26669.624865069592,-46.61401103403123,-326.7199289024563,330.0284502383194,1.5708224936389517,4.15336819445071e-05,6084.673232600392,2084.673232600392,0.0,0.0,2894.4444313174317,26669.624865069592,-1419.924754377925,0.0007477114980153703
280.1399999998902,booster,-1425.046266032049,26633.631004083967,-46.50439127861616,-327.7137787766534,330.99694743043773,1.570822620155166,4.173360320663864e-05,6084.673232600392,2084.673232600392,0.0,0.0,2923.8122714411934,26633.631004083967,-1425.046266032049,0.0007477114980153703
280.2499999998901,booster,-1430.1557223430204,26597.527862125087,-46.39482289981943,-328.70685447522436,331.96487129047546,1.5708227472334861,4.1934409195515846e-05,6084.673232600392,2084.673232600392,0.0,0.0,2953.455283279502,26597.527862125087,-1430.1557223430204,0.0007477114980153703
280.35999999989,booster,-1435.2531289370388,26561.315524754034,-46.28530544025938,-329.69914868203887,332.93221253185953,1.5708228748762052,4.213610324452986e-05,6084.673232600392,2084.673232600392,0.0,0.0,2983.375987668384,26561.315524754034,-1435.2531289370388,0.0007477114980153703
280.4699999998899,booster,-1440.3384913904263,26524.99407834039,-46.17583845044889,-330.6906540134251,333.8989618259224,1.570823003085613,4.2338688672415454e-05,6084.673232600392,2084.673232600392,0.0,0.0,3013.5769275060093,26524.99407834039,-1440.3384913904263,0.0007477114980153703
280.5799999998898,booster,-1445.4118152304943,26488.56361006967,-46.06642148879511,-331.68136301758005,334.86510980092123,1.5708231318639914,4.25421687802569e-05,6084.673232600392,2084.673232600392,0.0,0.0,3044.060667898431,26488.56361006967,-1445.4118152304943,0.0007477114980153703
280.6899999998897,booster,-1450.473105936415,26452.02420795086,-45.95705412159947,-332.671268173976,335.8306470410601,1.5708232612136148,4.274654685780435e-05,6084.673232600392,2084.673232600392,0.0,0.0,3074.829796305167,26452.02420795086,-1450.473105936415,0.0007477114980153703
280.7999999998896,booster,-1455.5223689400873,26415.375960824025,-45.84773592305814,-333.6603618927633,336.795564085515,1.5708233911367517,4.295182617579042e-05,6084.673232600392,2084.673232600392,0.0,0.0,3105.886922684608,26415.375960824025,-1455.5223689400873,0.0007477114980153703
280.9099999998895,booster,-1460.5596096270056,26378.618958367944,-45.738466475262726,-334.6486365141695,337.75985142746237,1.5708235216356627,4.315800998755696e-05,6084.673232600392,2084.673232600392,0.0,0.0,3137.2346796392467,26378.618958367944,-1460.5596096270056,0.0007477114980153703
281.0199999998894,booster,-1465.5848333371289,26341.75329110784,-45.629245368201374,-335.63608430789367,338.72349951310883,1.570823652712601,4.33651015293383e-05,6084.673232600392,2084.673232600392,0.0,0.0,3168.8757225606187,26341.75329110784,-1465.5848333371289,0.0007477114980153703
281.1299999998893,booster,-1470.5980453657496,26304.779050423185,-45.520072199760165,-336.62269747249815,339.68649874072474,1.5708237843698107,4.3573104019192996e-05,6084.673232600392,2084.673232600392,0.0,0.0,3200.8127297740025,26304.779050423185,-1470.5980453657496,0.0007477114980153703
281.2399999998892,booster,-1475.5992509643618,26267.696328555554,-45.41094657572485,-337.6084681347953,340.64883945967944,1.5708239166095292,4.3782020657259034e-05,6084.673232600392,2084.673232600392,0.0,0.0,3233.0484026827717,26267.696328555554,-1475.5992509643618,0.0007477114980153703
281.3499999998891,booster,-1480.58845534153,26230.505218616534,-45.30186810978286,-338.5933883492308,341.61051196947847,1.5708240494339833,4.3991854624658944e-05,6084.673232600392,2084.673232600392,0.0,0.0,3265.585465912398,26230.505218616534,-1480.58845534153,0.0007477114980153703
281.459999999889,booster,-1485.56566366376,26193.20581459574,-45.19283642352566,-339.5774500972639,342.57150651880454,1.5708241828453924,4.420260907972677e-05,6084.673232600392,2084.673232600392,0.0,0.0,3298.426667454079,26193.20581459574,-1485.56566366376,0.0007477114980153703
281.5699999998889,booster,-1490.5308810563665,26155.798211368863,-45.08385114645144,-340.5606452867421,343.53181330455783,1.5708243168459648,4.4414287164878694e-05,6084.673232600392,2084.673232600392,0.0,0.0,3331.5747788078775,26155.798211368863,-1490.5308810563665,0.0007477114980153703
281.6799999998888,booster,-1495.4841126043448,26118.282504705818,-44.974911915967965,-341.54296575127387,344.49142247090117,1.5708244514379002,4.462689199881249e-05,6084.673232600392,2084.673232600392,0.0,0.0,3365.0325951254245,26118.282504705818,-1495.4841126043448,0.0007477114980153703
281.7899999998887,booster,-1500.42536335324,26080.658791278922,-44.86601837739588,-342.52440324959673,345.45032410830527,1.570824586623388,4.4840426677353684e-05,6084.673232600392,2084.673232600392,0.0,0.0,3398.8029353520815,26080.658791278922,-1500.42536335324,0.0007477114980153703
281.8999999998886,booster,-1505.3546383100183,26042.92716867119,-44.757170183972164,-343.5049494649409,346.4085082525957,1.5708247224046072,4.505489427561689e-05,6084.673232600392,2084.673232600392,0.0,0.0,3432.8886423685144,26042.92716867119,-1505.3546383100183,0.0007477114980153703
282.0099999998885,booster,-1510.271942443936,26005.08773538466,-44.64836699685401,-344.48459600439077,347.36596488400255,1.5708248587837248,4.527029784815282e-05,6084.673232600392,2084.673232600392,0.0,0.0,3467.2925831316934,26005.08773538466,-1510.271942443936,0.0007477114980153703
282.1199999998884,booster,-1515.1772806874144,25967.1405908488,-44.53960848512274,-345.4633343982409,348.32268392621063,1.5708249957628984,4.548664041975624e-05,6084.673232600392,2084.673232600392,0.0,0.0,3502.0176488151815,25967.1405908488,-1515.1772806874144,0.0007477114980153703
282.2299999998883,booster,-1520.0706579369082,25929.08583542902,-44.430894325788245,-346.4411560993494,349.2786552454117,1.570825133344272,4.5703924996907106e-05,6084.673232600392,2084.673232600392,0.0,0.0,3537.0667549487575,25929.08583542902,-1520.0706579369082,0.0007477114980153703
282.3399999998882,booster,-1524.9520790537808,25890.923570435178,-44.32222420379352,-347.4180524824878,350.2338686493583,1.5708252715299795,4.5922154557877197e-05,6084.673232600392,2084.673232600392,0.0,0.0,3572.442841557264,25890.923570435178,-1524.9520790537808,0.0007477114980153703
282.4499999998881,booster,-1529.8215488651747,25852.653898130244,-44.213597812019444,-348.39401484368557,351.188313886418,1.570825410322141,4.614133205681384e-05,6084.673232600392,2084.673232600392,0.0,0.0,3608.148873298626,25852.653898130244,-1529.8215488651747,0.0007477114980153703
282.559999999888,booster,-1534.6790721648872,25814.27692173899,-44.10501485128992,-349.36903439957325,352.14198064462965,1.5708255497228647,4.63614604204764e-05,6084.673232600392,2084.673232600392,0.0,0.0,3644.1878396010534,25814.27692173899,-1534.6790721648872,0.0007477114980153703
282.6699999998879,booster,-1539.524653714242,25775.792745456754,-43.99647503037714,-350.34310228672035,353.0948585507611,1.5708256897342454,4.658254254895499e-05,6084.673232600392,2084.673232600392,0.0,0.0,3680.562754799287,25775.792745456754,-1539.524653714242,0.0007477114980153703
282.7799999998878,booster,-1544.358298242967,25737.20147445828,-43.88797806600713,-351.3162095609698,354.04693716936686,1.5708258303583635,4.680458131570477e-05,6084.673232600392,2084.673232600392,0.0,0.0,3717.2766582699146,25737.20147445828,-1544.358298242967,0.0007477114980153703
282.8899999998877,booster,-1549.1800104500658,25698.50321490665,-43.77952368286547,-352.2883471967698,354.99820600184785,1.570825971597286,4.7027579566233136e-05,6084.673232600392,2084.673232600392,0.0,0.0,3754.332614565633,25698.50321490665,-1549.1800104500658,0.0007477114980153703
282.9999999998876,booster,-1553.9897950046966,25659.69807396225,-43.671111613603316,-353.2595060865005,355.94865448551155,1.5708261134530663,4.725154011543821e-05,6084.673232600392,2084.673232600392,0.0,0.0,3791.7337135484586,25659.69807396225,-1553.9897950046966,0.0007477114980153703
283.1099999998875,booster,-1558.7876565470472,25620.786159791853,-43.56274159884355,-354.2296770397987,356.89827199263334,1.5708262559277424,4.747646574692538e-05,6084.673232600392,2084.673232600392,0.0,0.0,3829.4830705217855,25620.786159791853,-1558.7876565470472,0.0007477114980153703
283.2199999998874,booster,-1563.573599689213,25581.767581577766,-43.454413387187216,-355.19885078287814,357.8470478295188,1.570826399023337,4.770235921630743e-05,6084.673232600392,2084.673232600392,0.0,0.0,3867.5838263612563,25581.767581577766,-1563.573599689213,0.0007477114980153703
283.3299999998873,booster,-1568.3476290160747,25542.64244952701,-43.34612673522004,-356.16701795784667,358.79497123556627,1.5708265427418566,4.7929223249155065e-05,6084.673232600392,2084.673232600392,0.0,0.0,3906.0391476443783,25542.64244952701,-1568.3476290160747,0.0007477114980153703
283.4399999998872,booster,-1573.1097490861757,25503.410874880658,-43.2378814075192,-357.13416912201967,359.74203138233105,1.5708266870852927,4.815706053560151e-05,6084.673232600392,2084.673232600392,0.0,0.0,3944.8522267788117,25503.410874880658,-1573.1097490861757,0.0007477114980153703
283.5499999998871,booster,-1577.8599644326034,25464.072969923156,-43.129677176660316,-358.1002947472304,360.6882173725893,1.5708268320556196,4.8385873734920886e-05,6084.673232600392,2084.673232600392,0.0,0.0,3984.026282129294,25464.072969923156,-1577.8599644326034,0.0007477114980153703
283.659999999887,booster,-1582.5982795638702,25424.628847991786,-43.021513823224566,-359.06538521913694,361.63351823940366,1.570826977654795,4.8615665472095555e-05,6084.673232600392,2084.673232600392,0.0,0.0,4023.5645581431068,25424.628847991786,-1582.5982795638702,0.0007477114980153703
283.7699999998869,booster,-1587.3246989647905,25385.078623486177,-42.913391135805966,-360.0294308365254,362.5779229451886,1.5708271238847582,4.884643833902626e-05,6084.673232600392,2084.673232600392,0.0,0.0,4063.470325474033,25385.078623486177,-1587.3246989647905,0.0007477114980153703
283.8799999998868,booster,-1592.0392270973673,25345.422411877902,-42.805308911018834,-360.9924218106103,363.5214203807767,1.5708272707474324,4.907819489173183e-05,6084.673232600392,2084.673232600392,0.0,0.0,4103.7468811047365,25345.422411877902,-1592.0392270973673,0.0007477114980153703
283.9899999998867,booster,-1596.7418684016718,25305.66032972015,-42.697266953505384,-361.954348264332,364.46399936448626,1.5708274182447206,4.931093764952442e-05,6084.673232600392,2084.673232600392,0.0,0.0,4144.397548467499,25305.66032972015,-1596.7418684016718,0.0007477114980153703
284.0999999998866,booster,-1601.432627296727,25265.79249465747,-42.58926507594352,-362.9152002316497,365.40564864118807,1.5708275663785085,4.954466909550235e-05,6084.673232600392,2084.673232600392,0.0,0.0,4185.425677563226,25265.79249465747,-1601.432627296727,0.0007477114980153703
284.2099999998865,booster,-1606.1115081813944,25225.81902543562,-42.48130309905468,-363.8749676568328,366.34635688137377,1.570827715150661,4.977939167702283e-05,6084.673232600392,2084.673232600392,0.0,0.0,4226.834645078665,25225.81902543562,-1606.1115081813944,0.0007477114980153703
284.3199999998864,booster,-1610.7785154352562,25185.74004191143,-42.37338085161186,-364.833640393748,367.2861126802242,1.5708278645630247,5.001510780149203e-05,6084.673232600392,2084.673232600392,0.0,0.0,4268.627854501773,25185.74004191143,-1610.7785154352562,0.0007477114980153703
284.4299999998863,booster,-1615.4336534195031,25145.555665062824,-42.26549817044785,-365.79120820514396,368.22490455667867,1.5708280146174256,5.0251819834805746e-05,6084.673232600392,2084.673232600392,0.0,0.0,4310.8087362351225,25145.555665062824,-1615.4336534195031,0.0007477114980153703
284.5399999998862,booster,-1620.0769264778219,25105.266016998863,-42.15765490046338,-366.74766076193265,369.1627209525038,1.5708281653156682,5.048953010775718e-05,6084.673232600392,2084.673232600392,0.0,0.0,4353.380747707299,25105.266016998863,-1620.0769264778219,0.0007477114980153703
284.6499999998861,booster,-1624.7083389372813,25064.871220969886,-42.049850894635576,-367.70298764246843,370.09955023136456,1.5708283166595367,5.07282409051147e-05,6084.673232600392,2084.673232600392,0.0,0.0,4396.347373482216,25064.871220969886,-1624.7083389372813,0.0007477114980153703
284.759999999886,booster,-1629.3278951092234,25024.37140137775,-41.94208601402644,-368.65717833182293,371.03538067789367,1.570828468650793,5.096795447532361e-05,6084.673232600392,2084.673232600392,0.0,0.0,4439.7121253662235,25024.37140137775,-1629.3278951092234,0.0007477114980153703
284.8699999998859,booster,-1633.9355992901508,24983.7666837861,-41.83436012779133,-369.6102222210586,371.97020049676297,1.5708286212911773,5.120867301887827e-05,6084.673232600392,2084.673232600392,0.0,0.0,4483.478542512989,24983.7666837861,-1633.9355992901508,0.0007477114980153703
284.9799999998858,booster,-1638.5314557626202,24943.057194930796,-41.72667311318776,-370.56210860649844,372.9039978117547,1.5708287745824059,5.1450398696654295e-05,6084.673232600392,2084.673232600392,0.0,0.0,4527.650191526006,24943.057194930796,-1638.5314557626202,0.0007477114980153703
285.0899999998857,booster,-1643.115468796132,24902.243062730326,-41.619024855584044,-371.51282668899324,373.83676066483304,1.5708289285261727,5.169313362356739e-05,6084.673232600392,2084.673232600392,0.0,0.0,4572.230666558713,24902.243062730326,-1643.115468796132,0.0007477114980153703
285.1999999998856,booster,-1647.6876426480235,24861.324416296364,-41.511415248468126,-372.46236557318673,374.7684770152166,1.570829083124148,5.193687986887871e-05,6084.673232600392,2084.673232600392,0.0,0.0,4617.223589412064,24861.324416296364,-1647.6876426480235,0.0007477114980153703
285.3099999998855,booster,-1652.2479815643621,24820.301385944415,-41.40384419345645,-373.4107142667773,375.69913473845105,1.5708292383779776,5.218163945647331e-05,6084.673232600392,2084.673232600392,0.0,0.0,4662.632609629501,24820.301385944415,-1652.2479815643621,0.0007477114980153703
285.4199999998854,booster,-1656.796489780842,24779.1741032045,-41.296311600302914,-374.35786167977807,376.62872162548246,1.570829394289282,5.2427414362459944e-05,6084.673232600392,2084.673232600392,0.0,0.0,4708.461404589254,24779.1741032045,-1656.796489780842,0.0007477114980153703
285.5299999998853,booster,-1661.333171523677,24737.942700831936,-41.188817386907836,-375.3037966237741,377.557225381731,1.5708295508596564,5.267420651407994e-05,6084.673232600392,2084.673232600392,0.0,0.0,4754.713679593837,24737.942700831936,-1661.333171523677,0.0007477114980153703
285.6399999998852,booster,-1665.8580310104985,24696.60731281822,-41.081361479326965,-376.248507811177,378.4846336261651,1.5708297080906697,5.292201779192792e-05,6084.673232600392,2084.673232600392,0.0,0.0,4801.39316795665,24696.60731281822,-1665.8580310104985,0.0007477114980153703
285.7499999998851,booster,-1670.3710724512534,24655.168074401972,-40.973943811780536,-377.1919838544777,379.4109338903763,1.5708298659838655,5.31708500248275e-05,6084.673232600392,2084.673232600392,0.0,0.0,4848.503631085629,24655.168074401972,-1670.3710724512534,0.0007477114980153703
285.859999999885,booster,-1674.872300049102,24613.62512207996,-40.86656432666235,-378.13421326549707,380.33611361765486,1.5708300245407596,5.3420704990011085e-05,6084.673232600392,2084.673232600392,0.0,0.0,4896.048858563805,24613.62512207996,-1674.872300049102,0.0007477114980153703
285.9699999998849,booster,-1679.361718001319,24571.978593618234,-40.75922297454884,-379.07518445463404,381.26016016206546,1.5708301837628391,5.367158441528122e-05,6084.673232600392,2084.673232600392,0.0,0.0,4944.0326682266805,24571.978593618234,-1679.361718001319,0.0007477114980153703
286.0799999998848,booster,-1683.8393305001914,24530.228628063312,-40.65191971420821,-380.01488573011204,382.18306078752437,1.5708303436515643,5.392348997182523e-05,6084.673232600392,2084.673232600392,0.0,0.0,4992.458906236359,24530.228628063312,-1683.8393305001914,0.0007477114980153703
286.1899999998847,booster,-1688.305141733922,24488.37536575346,-40.54465451260951,-380.9533052972233,383.1048026668764,1.570830504208366,5.417642328166478e-05,6084.673232600392,2084.673232600392,0.0,0.0,5041.331447152233,24488.37536575346,-1688.305141733922,0.0007477114980153703
286.2999999998846,booster,-1692.759155887533,24446.418948330047,-40.43742734493174,-381.8904312575715,384.02537288097324,1.5708306654346451,5.443038590643046e-05,6084.673232600392,2084.673232600392,0.0,0.0,5090.654193998264,24446.418948330047,-1692.759155887533,0.0007477114980153703
286.4099999998845,booster,-1697.2013771437664,24404.359518749014,-40.33023819457291,-382.8262516083125,384.94475841775267,1.5708308273317735,5.468537935743763e-05,6084.673232600392,2084.673232600392,0.0,0.0,5140.431078326586,24404.359518749014,-1697.2013771437664,0.0007477114980153703
286.5199999998844,booster,-1701.6318096839912,24362.197221292405,-40.223087053159055,-383.7607542413931,385.86294617131733,1.570830989901092,5.494140508375312e-05,6084.673232600392,2084.673232600392,0.0,0.0,5190.666060277437,24362.197221292405,-1701.6318096839912,0.0007477114980153703
286.6299999998843,booster,-1706.0504576891085,24319.93220157995,-40.11597392055333,-384.69392694278963,386.77992294101676,1.5708311531439096,5.519846448022858e-05,6084.673232600392,2084.673232600392,0.0,0.0,5241.363128635302,24319.93220157995,-1706.0504576891085,0.0007477114980153703
286.7399999998842,booster,-1710.4573253404574,24277.564606580792,-40.00889880486491,-385.62575739174343,387.6956754305285,1.570831317061505,5.545655888019301e-05,6084.673232600392,2084.673232600392,0.0,0.0,5292.526300881081,24277.564606580792,-1710.4573253404574,0.0007477114980153703
286.8499999998841,booster,-1714.8524168207227,24235.09458462526,-39.901861722457944,-386.55623315999543,388.61019024694,1.5708314816551219,5.571568955877948e-05,6084.673232600392,2084.673232600392,0.0,0.0,5344.159623240188,24235.09458462526,-1714.8524168207227,0.0007477114980153703
286.959999999884,booster,-1719.2357363148444,24192.522285416755,-39.7948626979604,-387.4853417110201,389.52345389983327,1.5708316469259729,5.5975857727573746e-05,6084.673232600392,2084.673232600392,0.0,0.0,5396.267170726543,24192.522285416755,-1719.2357363148444,0.0007477114980153703
287.0699999998839,booster,-1723.6072880109266,24149.84786004367,-39.687901764272844,-388.4130703992581,390.43545280036955,1.5708318128752363,5.623706453923233e-05,6084.673232600392,2084.673232600392,0.0,0.0,5448.8530471822405,24149.84786004367,-1723.6072880109266,0.0007477114980153703
287.1799999998838,booster,-1727.9670761011473,24107.07146099145,-39.58097896257722,-389.33940646934735,391.3461732603752,1.5708319795040557,5.6499311079426665e-05,6084.673232600392,2084.673232600392,0.0,0.0,5501.921385312795,24107.07146099145,-1727.9670761011473,0.0007477114980153703
287.2899999998837,booster,-1732.3151047826707,24064.193242154695,-39.47409434234541,-390.2643370553539,392.2556014914296,1.5708321468135396,5.676259837141563e-05,6084.673232600392,2084.673232600392,0.0,0.0,5555.476346717891,24064.193242154695,-1732.3151047826707,0.0007477114980153703
287.3999999998836,booster,-1736.6513782585587,24021.21335884939,-39.36724796134781,-391.18784918000154,393.1637236039534,1.570832314804761,5.702692737327838e-05,6084.673232600392,2084.673232600392,0.0,0.0,5609.522121917407,24021.21335884939,-1736.6513782585587,0.0007477114980153703
287.5099999998835,booster,-1740.9759007386851,23978.131967825157,-39.26043988566173,-392.1099297539013,394.07052560629944,1.5708324834787561,5.729229897445315e-05,6084.673232600392,2084.673232600392,0.0,0.0,5664.062930372713,23978.131967825157,-1740.9759007386851,0.0007477114980153703
287.6199999998834,booster,-1745.28867644065,23934.949227277677,-39.15367018967976,-393.03056557478,394.9759934038443,1.570832652836525,5.755871399825514e-05,6084.673232600392,2084.673232600392,0.0,0.0,5719.103020502984,23934.949227277677,-1745.28867644065,0.0007477114980153703
287.7299999998833,booster,-1749.5897095906935,23891.6652968611,-39.046938956117934,-393.94974332670813,395.8801127980818,1.570832822879029,5.7826173197040204e-05,6084.673232600392,2084.673232600392,0.0,0.0,5774.646669696498,23891.6652968611,-1749.5897095906935,0.0007477114980153703
287.8399999998832,booster,-1753.879004424613,23848.280337700642,-38.94024627602377,-394.8674495793288,396.78286948571906,1.570832993607191,5.809467725468143e-05,6084.673232600392,2084.673232600392,0.0,0.0,5830.698184316716,23848.280337700642,-1753.879004424613,0.0007477114980153703
287.9499999998831,booster,-1758.15656518868,23804.79451240516,-38.833592248784285,-395.7836707870851,397.6842490577727,1.5708331650218958,5.836422678302495e-05,6084.673232600392,2084.673232600392,0.0,0.0,5887.261899703035,23804.79451240516,-1758.15656518868,0.0007477114980153703
288.059999999883,booster,-1762.4223961405573,23761.207985079902,-38.726976982133685,-396.6983932884483,398.584236998669,1.5708333371239873,5.863482232165549e-05,6084.673232600392,2084.673232600392,0.0,0.0,5944.342180166055,23761.207985079902,-1762.4223961405573,0.0007477114980153703
288.1699999998829,booster,-1766.6765015502178,23717.520921339317,-38.62040059216106,-397.6116033051463,399.48281868534474,1.570833509914269,5.890646433631249e-05,6084.673232600392,2084.673232600392,0.0,0.0,6001.94341897723,23717.520921339317,-1766.6765015502178,0.0007477114980153703
288.2799999998828,booster,-1770.918885700864,23673.733488319907,-38.51386320331779,-398.5232869413918,400.3799793863509,1.5708336833935035,5.9179153217278326e-05,6084.673232600392,2084.673232600392,0.0,0.0,6060.070038352772,23673.733488319907,-1770.918885700864,0.0007477114980153703
288.3899999998827,booster,-1775.1495528898492,23629.845854693194,-38.407364948424814,-399.43343018311197,401.27570426095883,1.5708338575624115,5.945288927975422e-05,6084.673232600392,2084.673232600392,0.0,0.0,6118.726489431652,23629.845854693194,-1775.1495528898492,0.0007477114980153703
288.4999999998826,booster,-1779.3685074295963,23585.858190678817,-38.30090596867978,-400.34201889717764,402.16997835826805,1.5708340324216699,5.972767276086963e-05,6084.673232600392,2084.673232600392,0.0,0.0,6177.917252247455,23585.858190678817,-1779.3685074295963,0.0007477114980153703
288.6099999998825,booster,-1783.575753648522,23541.770668057627,-38.19448641366389,-401.2490388306344,403.062786616318,1.570834207971913,6.000350382001815e-05,6084.673232600392,2084.673232600392,0.0,0.0,6237.646835694145,23541.770668057627,-1783.575753648522,0.0007477114980153703
288.7199999998824,booster,-1787.7712958919583,23497.583460184913,-38.08810644134861,-402.15447560993374,403.95411386120117,1.5708343842137313,6.028038253449613e-05,6084.673232600392,2084.673232600392,0.0,0.0,6297.919777485362,23497.583460184913,-1787.7712958919583,0.0007477114980153703
288.8299999998823,booster,-1791.955138523075,23453.296742003753,-37.98176621810213,-403.0583147401662,404.84394480618016,1.5708345611476697,6.055830890311969e-05,6084.673232600392,2084.673232600392,0.0,0.0,6358.7406441072235,23453.296742003753,-1791.955138523075,0.0007477114980153703
288.9399999998822,booster,-1796.1272859238047,23408.910690058357,-37.875465918695646,-403.96054160429526,405.73226405080703,1.5708347387742274,6.0837282840497416e-05,6084.673232600392,2084.673232600392,0.0,0.0,6420.114030764445,23408.910690058357,-1796.1272859238047,0.0007477114980153703
289.0499999998821,booster,-1800.2877424957685,23364.42548250755,-37.76920572630935,-404.86114146239294,406.61905608004656,1.570834917093857,6.111730417993407e-05,6084.673232600392,2084.673232600392,0.0,0.0,6482.044561319615,23364.42548250755,-1800.2877424957685,0.0007477114980153703
289.159999999882,booster,-1804.4365126611988,23319.84129913836,-37.66298583253823,-405.7600994508771,407.50430526340165,1.5708350961069646,6.139837266699843e-05,6084.673232600392,2084.673232600392,0.0,0.0,6544.536888225394,23319.84129913836,-1804.4365126611988,0.0007477114980153703
289.2699999998819,booster,-1808.573600863867,23275.158321379648,-37.556806437397555,-406.6574005817511,408.38799585404433,1.570835275813907,6.168048796304914e-05,6084.673232600392,2084.673232600392,0.0,0.0,6607.59569244962,23275.158321379648,-1808.573600863867,0.0007477114980153703
289.3799999998818,booster,-1812.6990115700091,23230.376732315817,-37.45066774932815,-407.5530297418444,409.27011198794776,1.5708354562149938,6.196364964076417e-05,6084.673232600392,2084.673232600392,0.0,0.0,6671.225683392991,23230.376732315817,-1812.6990115700091,0.0007477114980153703
289.4899999998817,booster,-1816.8127492692538,23185.496716700647,-37.3445699852014,-408.44697169205693,410.1506376830244,1.5708356373104833,6.224785718495774e-05,6084.673232600392,2084.673232600392,0.0,0.0,6735.431598799254,23185.496716700647,-1816.8127492692538,0.0007477114980153703
289.5999999998816,booster,-1820.9148184755495,23140.518460971183,-37.238513370323936,-409.3392110666046,411.0295568382669,1.5708358191005851,6.253310998939795e-05,6084.673232600392,2084.673232600392,0.0,0.0,6800.218204657669,23140.518460971183,-1820.9148184755495,0.0007477114980153703
289.7099999998815,booster,-1825.0052237280918,23095.442153261694,-37.13249813844203,-410.2297323722686,411.9068532328935,1.570836001585456,6.281940735626092e-05,6084.673232600392,2084.673232600392,0.0,0.0,6865.590295097622,23095.442153261694,-1825.0052237280918,0.0007477114980153703
289.8199999998814,booster,-1829.0839695922534,23050.267983417765,-37.02652453174569,-411.1185199876467,412.7825105254982,1.570836184765202,6.310674849622796e-05,6084.673232600392,2084.673232600392,0.0,0.0,6931.55269227514,23050.267983417765,-1829.0839695922534,0.0007477114980153703
289.9299999998813,booster,-1833.1510606605127,23004.99614301041,-36.92059280087252,-412.00555816240836,413.6565122532045,1.5708363686398747,6.33951325259053e-05,6084.673232600392,2084.673232600392,0.0,0.0,6998.110246251199,23004.99614301041,-1833.1510606605127,0.0007477114980153703
290.0399999998812,booster,-1837.2065015533822,22959.626825350297,-36.81470320491111,-412.89083101655285,414.5288418308252,1.5708365532094737,6.368455846455494e-05,6084.673232600392,2084.673232600392,0.0,0.0,7065.267834861587,22959.626825350297,-1837.2065015533822,0.0007477114980153703
290.1499999998811,booster,-1841.2502969203397,22914.16022550208,-36.7088560114042,-413.77432253967095,415.3994825500264,1.5708367384739435,6.397502523546566e-05,6084.673232600392,2084.673232600392,0.0,0.0,7133.030363578148,22914.16022550208,-1841.2502969203397,0.0007477114980153703
290.259999999881,booster,-1845.282451440758,22868.596540298742,-36.60305149635146,-414.6560165902108,416.2684175784968,1.5708369244331728,6.426653166264629e-05,6084.673232600392,2084.673232600392,0.0,0.0,7201.402765361244,22868.596540298742,-1845.282451440758,0.0007477114980153703
290.3699999998809,booster,-1849.3029698248345,22822.93596835609,-36.49728994421198,-415.53589689474705,417.1356299591222,1.5708371110869945,6.455907647282318e-05,6084.673232600392,2084.673232600392,0.0,0.0,7270.390000503167,22822.93596835609,-1849.3029698248345,0.0007477114980153703
290.4799999998808,booster,-1853.3118568145221,22777.178710087308,-36.391571647906254,-416.41394704725553,418.0011026091668,1.5708372984351848,6.485265829009951e-05,6084.673232600392,2084.673232600392,0.0,0.0,7339.997056462424,22777.178710087308,-1853.3118568145221,0.0007477114980153703
290.5899999998807,booster,-1857.309117184462,22731.324967717555,-36.28589690881795,-417.29015050839087,418.8648183194584,1.5708374864774615,6.514727563458176e-05,6084.673232600392,2084.673232600392,0.0,0.0,7410.228947688561,22731.324967717555,-1857.309117184462,0.0007477114980153703
290.6999999998806,booster,-1861.2947557429115,22685.37494529867,-36.180266036795196,-418.1644906047708,419.7267597535815,1.570837675213483,6.544292692632553e-05,6084.673232600392,2084.673232600392,0.0,0.0,7481.090715437497,22685.37494529867,-1861.2947557429115,0.0007477114980153703
290.8099999998805,booster,-1865.2687773326777,22639.328848724002,-36.074679350151506,-419.03695052826316,420.5869094470753,1.5708378646428491,6.573961047593188e-05,6084.673232600392,2084.673232600392,0.0,0.0,7552.587427576889,22639.328848724002,-1865.2687773326777,0.0007477114980153703
290.9199999998804,booster,-1869.2311868320473,22593.18688574322,-35.96913717566627,-419.90751333528067,421.44524980663954,1.570838054765099,6.603732449045608e-05,6084.673232600392,2084.673232600392,0.0,0.0,7624.72417838169,22593.18688574322,-1869.2311868320473,0.0007477114980153703
291.0299999998803,booster,-1873.181989155719,22546.949265977273,-35.86363984858486,-420.77616194607936,422.30176310934604,1.5708382455797096,6.633606706596611e-05,6084.673232600392,2084.673232600392,0.0,0.0,7697.506088319374,22546.949265977273,-1873.181989155719,0.0007477114980153703
291.1399999998802,booster,-1877.1211892557337,22500.616200933382,-35.75818771261834,-421.64287914406407,423.15643150185804,1.5708384370860964,6.663583619208011e-05,6084.673232600392,2084.673232600392,0.0,0.0,7770.938303824804,22500.616200933382,-1877.1211892557337,0.0007477114980153703
291.2499999998801,booster,-1881.0487921224058,22454.187904020193,-35.65278111994263,-422.50764757509984,424.009236999657,1.5708386292836116,6.693662974182608e-05,6084.673232600392,2084.673232600392,0.0,0.0,7845.0259970644065,22454.187904020193,-1881.0487921224058,0.0007477114980153703
291.35999999988,booster,-1884.9648027852552,22407.66459056287,-35.54742043119734,-423.3704497468285,424.86016148627556,1.5708388221715426,6.723844548280515e-05,6084.673232600392,2084.673232600392,0.0,0.0,7919.774365689572,22407.66459056287,-1884.9648027852552,0.0007477114980153703
291.4699999998799,booster,-1888.8692263139371,22361.04647781837,-35.44210601548407,-424.23126802799436,425.70918671254066,1.5708390157491128,6.754128106168938e-05,6084.673232600392,2084.673232600392,0.0,0.0,7995.1886325789355,22361.04647781837,-1888.8692263139371,0.0007477114980153703
291.5799999998798,booster,-1892.7620678191736,22314.333784990784,-35.33683825036426,-425.09008464777435,426.55629429582257,1.5708392100154782,6.784513401534798e-05,6084.673232600392,2084.673232600392,0.0,0.0,8071.274045569379,22314.333784990784,-1892.7620678191736,0.0007477114980153703
291.6899999998797,booster,-1896.6433324536831,22267.52673324668,-35.231617521856606,-425.9468816951176,427.40146571929404,1.570839404969729,6.815000176064351e-05,6084.673232600392,2084.673232600392,0.0,0.0,8148.035877175572,22267.52673324668,-1896.6433324536831,0.0007477114980153703
291.7999999998796,booster,-1900.5130254131116,22220.62554573058,-35.126444224433925,-426.80164111809125,428.24468233119745,1.5708396006108871,6.845588159486492e-05,6084.673232600392,2084.673232600392,0.0,0.0,8225.479424297755,22220.62554573058,-1900.5130254131116,0.0007477114980153703
291.9099999998795,booster,-1904.3711519369622,22173.630447580515,-35.02131876101953,-427.6543447232346,429.0859253441204,1.5708397969379064,6.876277069748592e-05,6084.673232600392,2084.673232600392,0.0,0.0,8303.610007917483,22173.630447580515,-1904.3711519369622,0.0007477114980153703
292.0199999998794,booster,-1908.2177173095236,22126.541665943594,-34.91624154298309,-428.50497417492187,429.92517583428213,1.5708399939496702,6.907066612523304e-05,6084.673232600392,2084.673232600392,0.0,0.0,8382.432972781357,22126.541665943594,-1908.2177173095236,0.0007477114980153703
292.1299999998793,booster,-1912.0527268607987,22079.3594299917,-34.81121299013602,-429.3535109947331,430.76241474082786,1.5708401916449923,6.937956481115026e-05,6084.673232600392,2084.673232600392,0.0,0.0,8461.95368707215,22079.3594299917,-1912.0527268607987,0.0007477114980153703
292.2399999998792,booster,-1915.8761859674357,22032.083970937216,-34.706233530726266,-430.1999365608343,431.5976228651349,1.570840390022613,6.968946356629656e-05,6084.673232600392,2084.673232600392,0.0,0.0,8542.17754206742,22032.083970937216,-1915.8761859674357,0.0007477114980153703
292.3499999998791,booster,-1919.6881000536528,21984.715522048853,-34.60130360143264,-431.04423210736655,432.430780870127,1.570840589081202,7.000035907345587e-05,6084.673232600392,2084.673232600392,0.0,0.0,8623.109951785138,21984.715522048853,-1919.6881000536528,0.0007477114980153703
292.459999999879,booster,-1923.488474592166,21937.25431866751,-34.49642364735844,-431.88637872384487,433.26186927960134,1.570840788819355,7.031224788547602e-05,6084.673232600392,2084.673232600392,0.0,0.0,8704.75635261624,21937.25431866751,-1923.488474592166,0.0007477114980153703
292.5699999998789,booster,-1927.277315105116,21889.700598222236,-34.39159412202468,-432.72635735456726,434.0908684775651,1.5708409892355926,7.06251264296016e-05,6084.673232600392,2084.673232600392,0.0,0.0,8787.122202943781,21889.700598222236,-1927.277315105116,0.0007477114980153703
292.6799999998788,booster,-1931.0546271649932,21842.054600246192,-34.28681548736265,-433.56414879803356,434.9177587075835,1.5708411903283606,7.093899100112895e-05,6084.673232600392,2084.673232600392,0.0,0.0,8870.212982748542,21842.054600246192,-1931.0546271649932,0.0007477114980153703
292.7899999998787,booster,-1934.8204163955634,21794.316566392776,-34.18208821370588,-434.3997337063756,435.7425200721404,1.5708413920960276,7.125383776371756e-05,6084.673232600392,2084.673232600392,0.0,0.0,8954.034193200654,21794.316566392776,-1934.8204163955634,0.0007477114980153703
292.8999999998786,booster,-1938.5746884727894,21746.48674045171,-34.07741277978158,-435.2330925847976,436.565132532009,1.5708415945368857,7.15696627450147e-05,6084.673232600392,2084.673232600392,0.0,0.0,9038.591356237253,21746.48674045171,-1938.5746884727894,0.0007477114980153703
293.0099999998785,booster,-1942.3174491257564,21698.565368365253,-33.97278967270139,-436.0642057910294,437.3855759056383,1.570841797649148,7.18864618389404e-05,6084.673232600392,2084.673232600392,0.0,0.0,9123.890014125758,21698.565368365253,-1942.3174491257564,0.0007477114980153703
293.1199999998784,booster,-1946.0487041375927,21650.552698244453,-33.868219387951534,-436.8930535347895,438.2038298685474,1.570842001430949,7.220423080129495e-05,6084.673232600392,2084.673232600392,0.0,0.0,9209.93572901241,21650.552698244453,-1946.0487041375927,0.0007477114980153703
293.2299999998783,booster,-1949.7684593463894,21602.44898038546,-33.763702429382384,-437.71961587726247,439.0198739527381,1.5708422058803417,7.252296525001407e-05,6084.673232600392,2084.673232600392,0.0,0.0,9296.734082456202,21602.44898038546,-1949.7684593463894,0.0007477114980153703
293.3399999998782,booster,-1953.4767206461208,21554.25446728587,-33.65923930919739,-438.5438727305872,439.83368754611706,1.5708424109952983,7.284266066275842e-05,6084.673232600392,2084.673232600392,0.0,0.0,9384.290674947482,21554.25446728587,-1953.4767206461208,0.0007477114980153703
293.4499999998781,booster,-1957.1734939875637,21505.969413661183,-33.55483054794121,-439.3658038573594,440.6452498919337,1.570842616773709,7.316331237315695e-05,6084.673232600392,2084.673232600392,0.0,0.0,9472.611125411318,21505.969413661183,-1957.1734939875637,0.0007477114980153703
293.559999999878,booster,-1960.8587853792112,21457.594076461246,-33.450476674487376,-440.1853888701468,441.4545400882324,1.5708428232133798,7.348491557569385e-05,6084.673232600392,2084.673232600392,0.0,0.0,9561.70107069522,21457.594076461246,-1960.8587853792112,0.0007477114980153703
293.6699999998779,booster,-1964.5326008881907,21409.1287148868,-33.346178226025216,-441.0026072310185,442.26153708731874,1.5708430303120329,7.380746531594573e-05,6084.673232600392,2084.673232600392,0.0,0.0,9651.566165040966,21409.1287148868,-1964.5326008881907,0.0007477114980153703
293.7799999998778,booster,-1968.194946641178,21360.57359040606,-33.24193574804598,-441.81743825108856,443.0662196952411,1.5708432380673047,7.41309564947857e-05,6084.673232600392,2084.673232600392,0.0,0.0,9742.212079540293,21360.57359040606,-1968.194946641178,0.0007477114980153703
293.8899999998777,booster,-1971.8458288253075,21311.928966771342,-33.137749794328485,-442.6298610900743,443.8685665712881,1.5708434464767453,7.445538386526049e-05,6084.673232600392,2084.673232600392,0.0,0.0,9833.644501574237,21311.928966771342,-1971.8458288253075,0.0007477114980153703
293.9999999998776,booster,-1975.485253689085,21263.195110035736,-33.033620926923874,-443.43985475586993,444.66855622750154,1.5708436555378171,7.478074202946123e-05,6084.673232600392,2084.673232600392,0.0,0.0,9925.869134235734,21263.195110035736,-1975.485253689085,0.0007477114980153703
294.1099999998775,booster,-1979.113227543297,21214.372288569844,-32.92954971613969,-444.2473981041354,445.4661670282064,1.5708438652478944,7.510702543804663e-05,6084.673232600392,2084.673232600392,0.0,0.0,10018.8916957354,21214.372288569844,-1979.113227543297,0.0007477114980153703
294.2199999998774,booster,-1982.7297567619153,21165.460773078517,-32.825536740523354,-445.0524698379013,446.26137718955636,1.5708440756042616,7.543422839109659e-05,6084.673232600392,2084.673232600392,0.0,0.0,10112.71791879001,21165.460773078517,-1982.7297567619153,0.0007477114980153703
294.3299999998773,booster,-1986.3348477830064,21116.460836617684,-32.721582586844725,-445.8550485071908,447.0541647790983,1.5708442866041121,7.576234503096692e-05,6084.673232600392,2084.673232600392,0.0,0.0,10207.353549993646,21116.460836617684,-1986.3348477830064,0.0007477114980153703
294.4399999998772,booster,-1989.9285071096317,21067.37275461123,-32.61768785007804,-446.65511250865836,447.8445077153536,1.5708444982445493,7.609136934513514e-05,6084.673232600392,2084.673232600392,0.0,0.0,10302.804349170976,21067.37275461123,-1989.9285071096317,0.0007477114980153703
294.5499999998771,booster,-1993.5107413107498,21018.196804867835,-32.51385313338304,-447.45264008524526,448.63238376741737,1.5708447105225827,7.642129516303803e-05,6084.673232600392,2084.673232600392,0.0,0.0,10399.076088712709,21018.196804867835,-1993.5107413107498,0.0007477114980153703
294.659999999877,booster,-1997.0815570221175,20968.933267597942,-32.41007904808531,-448.24760932585417,449.4177705545773,1.5708449234351276,7.675211615558001e-05,6084.673232600392,2084.673232600392,0.0,0.0,10496.174552892686,20968.933267597942,-1997.0815570221175,0.0007477114980153703
294.7699999998769,booster,-2000.640960947184,20919.58242543068,-32.30636621365592,-449.03999816504137,450.2006455459512,1.570845136979006,7.708382583264009e-05,6084.673232600392,2084.673232600392,0.0,0.0,10594.105537166502,20919.58242543068,-2000.640960947184,0.0007477114980153703
294.8799999998768,booster,-2004.188959857989,20870.1445634309,-32.20271525769022,-449.8297843827278,450.9809860601434,1.5708453511509433,7.74164175405707e-05,6084.673232600392,2084.673232600392,0.0,0.0,10692.874847451263,20870.1445634309,-2004.188959857989,0.0007477114980153703
294.9899999998767,booster,-2007.7255605960518,20820.619969116164,-32.099126815885825,-450.6169456039304,451.75876926492293,1.5708455659475682,7.774988446170281e-05,6084.673232600392,2084.673232600392,0.0,0.0,10792.48829938642,20820.619969116164,-2007.7255605960518,0.0007477114980153703
295.0999999998766,booster,-2011.2507700732654,20771.00893247382,-31.995601532019773,-451.4014592985124,452.53397217692105,1.5708457813654118,7.808421961251552e-05,6084.673232600392,2084.673232600392,0.0,0.0,10892.951717575119,20771.00893247382,-2011.2507700732654,0.0007477114980153703
295.2099999998765,booster,-2014.7645952727785,20721.311745978073,-31.892140057924987,-452.1833027809547,453.30657166135023,1.5708459974009055,7.841941584379868e-05,6084.673232600392,2084.673232600392,0.0,0.0,10994.270934806033,20721.311745978073,-2014.7645952727785,0.0007477114980153703
295.3199999998764,booster,-2018.267043249886,20671.5287046071,-31.788743053465733,-452.96245321014806,454.0765444317454,1.5708462140503816,7.875546583550632e-05,6084.673232600392,2084.673232600392,0.0,0.0,11096.451791255362,20671.5287046071,-2018.267043249886,0.0007477114980153703
295.4299999998763,booster,-2021.7581211329068,20621.66010586015,-31.685411186512372,-453.73888758920697,454.8438670497266,1.570846431310071,7.909236209891907e-05,6084.673232600392,2084.673232600392,0.0,0.0,11199.500133668615,20621.66010586015,-2021.7581211329068,0.0007477114980153703
295.5399999998762,booster,-2025.2378361240653,20571.70624977472,-31.582145132915187,-454.51258276530484,455.6085159247845,1.5708466491761028,7.943009697083238e-05,6084.673232600392,2084.673232600392,0.0,0.0,11303.42181452201,20571.70624977472,-2025.2378361240653,0.0007477114980153703
295.6499999998761,booster,-2028.7061955003676,20521.667438943692,-31.47894557647738,-455.28351542953294,456.3704673140897,1.5708468676445029,7.97686626150671e-05,6084.673232600392,2084.673232600392,0.0,0.0,11408.222691163244,20521.667438943692,-2028.7061955003676,0.0007477114980153703
295.759999999876,booster,-2032.1632066144737,20471.54397853252,-31.375813208927195,-456.05166211678164,457.1296973223252,1.570847086711192,8.010805102265531e-05,6084.673232600392,2084.673232600392,0.0,0.0,11513.90862493128,20471.54397853252,-2032.1632066144737,0.0007477114980153703
295.8699999998759,booster,-2035.6088768955678,20421.336176296416,-31.27274872988918,-456.8169992056459,457.88618190154403,1.5708473063719879,8.04482540053841e-05,6084.673232600392,2084.673232600392,0.0,0.0,11620.485480254962,20421.336176296416,-2035.6088768955678,0.0007477114980153703
295.9799999998758,booster,-2039.0432138502272,20371.044342597543,-31.169752846854504,-457.5795029183545,458.63989685105065,1.5708475266226,8.078926319665405e-05,6084.673232600392,2084.673232600392,0.0,0.0,11727.959123730105,20371.044342597543,-2039.0432138502272,0.0007477114980153703
296.0899999998757,booster,-2042.4662250632823,20320.66879042223,-31.066826275150436,-458.3391493207246,459.39081781730886,1.5708477474586313,8.113107005102385e-05,6084.673232600392,2084.673232600392,0.0,0.0,11836.335423174905,20320.66879042223,-2042.4662250632823,0.0007477114980153703
296.1999999998756,booster,-2045.877918198681,20270.20983539816,-30.96396973790889,-459.0959143221416,460.1389202938753,1.5708479688755759,8.147366584177093e-05,6084.673232600392,2084.673232600392,0.0,0.0,11945.620246663348,20270.20983539816,-2045.877918198681,0.0007477114980153703
296.3099999998755,booster,-2049.2783010003427,20219.667795811594,-30.861183966034027,-459.8497736755649,460.88417962135964,1.5708481908688192,8.1817041658454e-05,6084.673232600392,2084.673232600392,0.0,0.0,12055.81946153631,20219.667795811594,-2049.2783010003427,0.0007477114980153703
296.4199999998754,booster,-2052.667381293013,20169.042992624563,-30.758469698168987,-460.6007029775606,461.6265709874121,1.5708484134336365,8.216118840515946e-05,6084.673232600392,2084.673232600392,0.0,0.0,12166.938933390204,20169.042992624563,-2052.667381293013,0.0007477114980153703
296.5299999998753,booster,-2056.045166983111,20118.33574949208,-30.655827680661645,-461.3486776683612,462.36606942673876,1.5708486365651901,8.250609680208371e-05,6084.673232600392,2084.673232600392,0.0,0.0,12278.98452504282,20118.33574949208,-2056.045166983111,0.0007477114980153703
296.6399999998752,booster,-2059.4116660595764,20067.546392779328,-30.553258667529406,-462.0936730319529,463.10264982114535,1.570848860258531,8.285175738114446e-05,6084.673232600392,2084.673232600392,0.0,0.0,12391.962095476145,20067.546392779328,-2059.4116660595764,0.0007477114980153703
296.7499999998751,booster,-2062.766886594713,20016.675251578836,-30.45076342042309,-462.83566419619206,463.8362868996095,1.570849084508597,8.319816048426753e-05,6084.673232600392,2084.673232600392,0.0,0.0,12505.87749875588,20016.675251578836,-2062.766886594713,0.0007477114980153703
296.859999999875,booster,-2066.110836745021,19965.722657727652,-30.34834270858983,-463.5746261329503,464.56695523838397,1.5708493093102094,8.354529626567428e-05,6084.673232600392,2084.673232600392,0.0,0.0,12620.736582927502,19965.722657727652,-2066.110836745021,0.0007477114980153703
296.9699999998749,booster,-2069.443524752037,19914.68894582448,-30.245997308835005,-464.3105336582891,465.29462926112876,1.5708495346580764,8.38931546822224e-05,6084.673232600392,2084.673232600392,0.0,0.0,12736.545188888464,19914.68894582448,-2069.443524752037,0.0007477114980153703
297.0799999998748,booster,-2072.764958943158,19863.57445324684,-30.14372800548316,-465.04336143266517,466.01928323907475,1.5708497605467877,8.424172550372092e-05,6084.673232600392,2084.673232600392,0.0,0.0,12853.309149236371,19863.57445324684,-2072.764958943158,0.0007477114980153703
297.1899999998747,booster,-2076.0751477324698,19812.379520168124,-30.041535590338007,-465.77308396116644,466.7408912912188,1.5708499869708163,8.459099830063914e-05,6084.673232600392,2084.673232600392,0.0,0.0,12971.034287093016,19812.379520168124,-2076.0751477324698,0.0007477114980153703
297.2999999998746,booster,-2079.3740996215647,19761.10448957471,-29.93942086264134,-466.4996755937804,467.4594273845515,1.5708502139245162,8.494096244780447e-05,6084.673232600392,2084.673232600392,0.0,0.0,13089.7264149038,19761.10448957471,-2079.3740996215647,0.0007477114980153703
297.4099999998745,booster,-2082.661823200359,19709.749707282997,-29.837384629031032,-467.2231105256937,468.17486533431645,1.570850441402121,8.529160712613918e-05,6084.673232600392,2084.673232600392,0.0,0.0,13209.391333212445,19709.749707282997,-2082.661823200359,0.0007477114980153703
297.5199999998744,booster,-2085.938327147905,19658.31552195641,-29.735427703497926,-467.94336279762564,468.887178804305,1.5708506693977449,8.564292131242749e-05,6084.673232600392,2084.673232600392,0.0,0.0,13330.034829410803,19658.31552195641,-2085.938327147905,0.0007477114980153703
297.6299999998743,booster,-2089.2036202331974,19606.802285122358,-29.63355090734181,-468.66040629619454,469.59634130718285,1.5708508979053795,8.599489378575009e-05,6084.673232600392,2084.673232600392,0.0,0.0,13451.662676463455,19606.802285122358,-2089.2036202331974,0.0007477114980153703
297.7399999998742,booster,-2092.4577113159694,19555.2103511892,-29.53175506912626,-469.374214754319,470.3023262048535,1.5708511269188947,8.634751312130592e-05,6084.673232600392,2084.673232600392,0.0,0.0,13574.28063160686,19555.2103511892,-2092.4577113159694,0.0007477114980153703
297.8499999998741,booster,-2095.7006093474993,19503.54007746311,-29.430041024632523,-470.084761751654,471.00510670885603,1.5708513564320359,8.670076769423466e-05,6084.673232600392,2084.673232600392,0.0,0.0,13697.894435022965,19503.54007746311,-2095.7006093474993,0.0007477114980153703
297.959999999874,booster,-2098.932323371392,19451.79182416489,-29.328409616812298,-470.7920207150622,471.7046558807991,1.5708515864384243,8.705464567082515e-05,6084.673232600392,2084.673232600392,0.0,0.0,13822.50980848699,19451.79182416489,-2098.932323371392,0.0007477114980153703
298.0699999998739,booster,-2102.1528625243704,19399.96595444678,-29.226861695739508,-471.49596491912246,472.4009466328325,1.5708518169315553,8.740913501507654e-05,6084.673232600392,2084.673232600392,0.0,0.0,13948.132453989114,19399.96595444678,-2102.1528625243704,0.0007477114980153703
298.1799999998738,booster,-2105.3622360370555,19348.062834409167,-29.12539811856099,-472.1965674866743,473.0939517281552,1.5708520479047972,8.776422348394666e-05,6084.673232600392,2084.673232600392,0.0,0.0,14074.76805232999,19348.062834409167,-2105.3622360370555,0.0007477114980153703
298.2899999998737,booster,-2108.560453234741,19296.082833117234,-29.024019749446126,-472.89380138940146,473.78364378156294,1.570852279351392,8.811989862266913e-05,6084.673232600392,2084.673232600392,0.0,0.0,14202.422261689868,19296.082833117234,-2108.560453234741,0.0007477114980153703
298.3999999998736,booster,-2111.747523538163,19244.026322617578,-28.922727459535402,-473.58763944845236,474.46999526003316,1.570852511264452,8.847614777005455e-05,6084.673232600392,2084.673232600392,0.0,0.0,14331.100716171019,19244.026322617578,-2111.747523538163,0.0007477114980153703
298.5099999998735,booster,-2114.923456464264,19191.893677954715,-28.821522126887867,-474.2780543351013,475.15297848335115,1.5708527436369615,8.883295805121653e-05,6084.673232600392,2084.673232600392,0.0,0.0,14460.80902431349,19191.893677954715,-2114.923456464264,0.0007477114980153703
298.6199999998734,booster,-2118.08826162695,19139.685277187524,-28.720404636427556,-474.9650185714485,475.8325656247758,1.5708529764617731,8.919031638228145e-05,6084.673232600392,2084.673232600392,0.0,0.0,14591.552767583884,19139.685277187524,-2118.08826162695,0.0007477114980153703
298.7299999998733,booster,-2121.241948737846,19087.40150140562,-28.619375879888757,-475.6485045311609,476.5087287117458,1.5708532097316092,8.954820946251837e-05,6084.673232600392,2084.673232600392,0.0,0.0,14723.337498836932,19087.40150140562,-2121.241948737846,0.0007477114980153703
298.8399999998732,booster,-2124.3845276070388,19035.042734745675,-28.518436755760227,-476.32848444025444,477.18143962662884,1.5708534434390597,8.99066237784771e-05,6084.673232600392,2084.673232600392,0.0,0.0,14856.168740749848,19035.042734745675,-2124.3845276070388,0.0007477114980153703
298.9499999998731,booster,-2127.5160081438175,18982.609364407544,-28.417588169228278,-477.0049303779187,477.8506701075127,1.5708536775765807,9.026554560351032e-05,6084.673232600392,2084.673232600392,0.0,0.0,14990.051984229392,18982.609364407544,-2127.5160081438175,0.0007477114980153703
299.059999999873,booster,-2130.6364003574067,18930.101780670426,-28.316831032118778,-477.67781427738356,478.51639174903937,1.5708539121364955,9.062496098935896e-05,6084.673232600392,2084.673232600392,0.0,0.0,15124.99268679113,18930.101780670426,-2130.6364003574067,0.0007477114980153703
299.1699999998729,booster,-2133.7457143576967,18877.520376908848,-28.216166262838023,-478.3471079268304,479.1785760032838,1.5708541471109922,9.098485577441977e-05,6084.673232600392,2084.673232600392,0.0,0.0,15260.996270911204,18877.520376908848,-2133.7457143576967,0.0007477114980153703
299.2799999998728,booster,-2136.8439603559577,18824.865549608567,-28.115594786312464,-479.01278297034617,479.8371941806763,1.5708543824921233,9.134521557608147e-05,6084.673232600392,2084.673232600392,0.0,0.0,15398.068122350182,18824.865549608567,-2136.8439603559577,0.0007477114980153703
299.3899999998727,booster,-2139.9311486655624,18772.137698382376,-28.015117533927356,-479.6748109089242,480.4922174509718,1.570854618271805,9.170602578977326e-05,6084.673232600392,2084.673232600392,0.0,0.0,15536.213588449025,18772.137698382376,-2139.9311486655624,0.0007477114980153703
299.4999999998726,booster,-2143.0072897026844,18719.337225985782,-27.91473544346424,-480.33316310150923,481.14361684426376,1.5708548544418157,9.206727159605006e-05,6084.673232600392,2084.673232600392,0.0,0.0,15675.437976397008,18719.337225985782,-2143.0072897026844,0.0007477114980153703
299.6099999998725,booster,-2146.0723939870045,18666.464538332566,-27.81444945903733,-480.9878107660897,481.7913632520461,1.5708550909937957,9.24289379477538e-05,6084.673232600392,2084.673232600392,0.0,0.0,15815.746551471562,18666.464538332566,-2146.0723939870045,0.0007477114980153703
299.7199999998724,booster,-2149.1264721424004,18613.520044510235,-27.714260531028685,-481.63872498083714,482.4354274283225,1.5708553279192472,9.27910095772143e-05,6084.673232600392,2084.673232600392,0.0,0.0,15957.144535249834,18613.520044510235,-2149.1264721424004,0.0007477114980153703
299.8299999998723,booster,-2152.1695348976336,18560.50415679533,-27.614169616022338,-482.28587668529354,483.0757799907636,1.5708555652095313,9.315347099483286e-05,6084.673232600392,2084.673232600392,0.0,0.0,16099.637103792053,18560.50415679533,-2152.1695348976336,0.0007477114980153703
299.9399999998722,booster,-2155.2015930870284,18507.417290668604,-27.514177676737205,-482.9292366816077,483.7123914219144,1.57085580285587,9.351630648374996e-05,6084.673232600392,2084.673232600392,0.0,0.0,16243.229385796603,18507.417290668604,-2155.2015930870284,0.0007477114980153703
300.0499999998721,booster,-2158.222657651141,18454.25986483009,-27.41428568195887,-483.5687756358206,484.3452320704506,1.5708560408493435,9.387950010320842e-05,6084.673232600392,2084.673232600392,0.0,0.0,16387.926460726525,18454.25986483009,-2158.222657651141,0.0007477114980153703
300.159999999872,booster,-2161.232739637426,18401.03230121396,-27.314494606470213,-484.2044640792012,484.9742721524858,1.5708562791808898,9.424303568666367e-05,6084.673232600392,2084.673232600392,0.0,0.0,16533.73335690783,18401.03230121396,-2161.232739637426,0.0007477114980153703
300.2699999998719,booster,-2164.2318502008916,18347.73502500331,-27.21480543098087,-484.83627240963386,485.59948175293067,1.5708565178413045,9.460689683929201e-05,6084.673232600392,2084.673232600392,0.0,0.0,16680.655049599292,18347.73502500331,-2164.2318502008916,0.0007477114980153703
300.3799999998718,booster,-2167.2200006047433,18294.36846464474,-27.11521914205559,-485.4641708930564,486.2208308269036,1.5708567568212402,9.497106693955161e-05,6084.673232600392,2084.673232600392,0.0,0.0,16828.696459033752,18294.36846464474,-2167.2200006047433,0.0007477114980153703
300.4899999998717,booster,-2170.1972022210302,18240.933051862776,-27.015736732041333,-486.0881296649519,486.8382892011947,1.5708569961112044,9.533552913748682e-05,6084.673232600392,2084.673232600392,0.0,0.0,16977.862448431075,18240.933051862776,-2170.1972022210302,0.0007477114980153703
300.5999999998716,booster,-2173.163466531274,18187.42922167414,-26.91635919899328,-486.708118731893,487.4518265757835,1.5708572357015604,9.570026635643014e-05,6084.673232600392,2084.673232600392,0.0,0.0,17128.157821982637,18187.42922167414,-2173.163466531274,0.0007477114980153703
300.7099999998715,booster,-2176.1188051270924,18133.85741240188,-26.817087546599662,-487.3241079731403,488.06141252541045,1.5708574755825264,9.606526128678874e-05,6084.673232600392,2084.673232600392,0.0,0.0,17279.587322807365,18133.85741240188,-2176.1188051270924,0.0007477114980153703
300.8199999998714,booster,-2179.0632297108154,18080.218065689216,-26.717922784105376,-487.9360671422959,488.6670165012045,1.5708577157441752,9.643049638988542e-05,6084.673232600392,2084.673232600392,0.0,0.0,17432.155630879668,18080.218065689216,-2179.0632297108154,0.0007477114980153703
300.9299999998713,booster,-2181.9967520960913,18026.511626513326,-26.61886592623452,-488.5439658690123,489.26860783236594,1.5708579561764313,9.679595389787362e-05,6084.673232600392,2084.673232600392,0.0,0.0,17585.86736092878,18026.511626513326,-2181.9967520960913,0.0007477114980153703
301.0399999998712,booster,-2184.9193842084883,17972.73854319884,-26.51991799311168,-489.14777366075765,489.8661557279061,1.5708581968690731,9.71616158117573e-05,6084.673232600392,2084.673232600392,0.0,0.0,17740.727060310186,17972.73854319884,-2184.9193842084883,0.0007477114980153703
301.1499999998711,booster,-2187.8311380860778,17918.899267431232,-26.42108001018206,-489.74745990463805,490.4596292784448,1.5708584378117318,9.752746389813065e-05,6084.673232600392,2084.673232600392,0.0,0.0,17896.739206848775,17918.899267431232,-2187.8311380860778,0.0007477114980153703
301.259999999871,booster,-2190.732025880021,17864.994254269914,-26.322353008130463,-490.3429938692775,491.04899745806523,1.570858678993889,9.789347969732679e-05,6084.673232600392,2084.673232600392,0.0,0.0,18053.908206654083,17864.994254269914,-2190.732025880021,0.0007477114980153703
301.3699999998709,booster,-2193.62205985514,17811.02396216118,-26.223738022799104,-490.9343447067567,491.63422912622855,1.5708589204048786,9.825964451302053e-05,6084.673232600392,2084.673232600392,0.0,0.0,18212.238391907696,17811.02396216118,-2193.62205985514,0.0007477114980153703
301.4799999998708,booster,-2196.5012523904775,17756.98885295091,-26.125236095104206,-491.5214814546109,492.21529302974767,1.5708591620338852,9.86259394165367e-05,6084.673232600392,2084.673232600392,0.0,0.0,18371.73401862294,17756.98885295091,-2196.5012523904775,0.0007477114980153703
301.5899999998707,booster,-2199.3696159798533,17702.88939189707,-26.026848270951493,-492.1043730378881,492.79215780482144,1.5708594038699428,9.899234524994597e-05,6084.673232600392,2084.673232600392,0.0,0.0,18532.39926437695,17702.88939189707,-2199.3696159798533,0.0007477114980153703
301.6999999998706,booster,-2202.227163232407,17648.72604768195,-25.928575601150452,-492.68298827126694,493.36479197912973,1.5708596459019366,9.935884262056475e-05,6084.673232600392,2084.673232600392,0.0,0.0,18694.23822601547,17648.72604768195,-2202.227163232407,0.0007477114980153703
301.8099999998705,booster,-2205.0739068731327,17594.49929242419,-25.83041914132745,-493.25729586123794,493.933163973991,1.5708598881186,9.972541190223008e-05,6084.673232600392,2084.673232600392,0.0,0.0,18857.25491733053,17594.49929242419,-2205.0739068731327,0.0007477114980153703
301.9199999998704,booster,-2207.909859743405,17540.209601690585,-25.732379951837682,-493.8272644083451,494.4972421065818,1.570860130508516,0.00010009203323730846,6084.673232600392,2084.673232600392,0.0,0.0,19021.453266711025,17540.209601690585,-2207.909859743405,0.0007477114980153703
302.0299999998703,booster,-2210.735034801493,17485.857454507583,-25.634459097675954,-494.3928624094916,495.05699459221955,1.5708603730601172,0.00010045868653217381,6084.673232600392,2084.673232600392,0.0,0.0,19186.837114766808,17485.857454507583,-2210.735034801493,0.0007477114980153703
302.1399999998702,booster,-2213.5494451230675,17431.443333372557,-25.5366576483863,-494.9540582603084,495.61238954670984,1.5708606157616831,0.0001008253514640705,6084.673232600392,2084.673232600392,0.0,0.0,19353.41021192624,17431.443333372557,-2213.5494451230675,0.0007477114980153703
302.2499999998701,booster,-2216.353103901692,17376.96772426483,-25.438976677970444,-495.5108202575877,496.16339498875743,1.5708608586013422,0.00010119200747677247,6084.673232600392,2084.673232600392,0.0,0.0,19521.17621600761,17376.96772426483,-2216.353103901692,0.0007477114980153703
302.35999999987,booster,-2219.1460244493146,17322.431116656386,-25.341417264795083,-496.063116601781,496.7099788424435,1.570861101567071,0.00010155863377835131,6084.673232600392,2084.673232600392,0.0,0.0,19690.138689764746,17322.431116656386,-2219.1460244493146,0.0007477114980153703
302.4699999998699,booster,-2221.928220196737,17267.83400352236,-25.24398049149804,-496.6109153995633,497.25210893976845,1.5708613446466935,0.00010192520934634995,6084.673232600392,2084.673232600392,0.0,0.0,19860.30109840712,17267.83400352236,-2221.928220196737,0.0007477114980153703
302.5799999998698,booster,-2224.6997046940846,17213.17688135117,-25.14666744489323,-497.15418466646304,497.7897530232615,1.5708615878278809,0.00010229171292642371,6084.673232600392,2084.673232600392,0.0,0.0,20031.666807094763,17213.17688135117,-2224.6997046940846,0.0007477114980153703
302.6899999998697,booster,-2227.460491611254,17158.460250154436,-25.049479215874523,-497.6928923295596,498.3228787486574,1.5708618310981515,0.00010265812303307868,6084.673232600392,2084.673232600392,0.0,0.0,20204.239078408413,17158.460250154436,-2227.460491611254,0.0007477114980153703
302.7999999998696,booster,-2230.2105947383634,17103.68461347652,-24.952416899318436,-498.227006230248,498.8514536876413,1.5708620744448711,0.00010302441794785972,6084.673232600392,2084.673232600392,0.0,0.0,20378.0210697953,17103.68461347652,-2230.2105947383634,0.0007477114980153703
302.9099999998695,booster,-2232.950027986179,17048.850478403823,-24.855481593985665,-498.7564941270731,499.37544533066307,1.5708623178552523,0.00010339057572098365,6084.673232600392,2084.673232600392,0.0,0.0,20553.015830990927,17048.850478403823,-2232.950027986179,0.0007477114980153703
303.0199999998694,booster,-2235.6788053865416,16993.958355573726,-24.758674402421523,-499.2813236986311,499.89482108981923,1.5708625613163552,0.00010375657417307695,6084.673232600392,2084.673232600392,0.0,0.0,20729.226301417348,16993.958355573726,-2235.6788053865416,0.0007477114980153703
303.1299999998693,booster,-2238.396941092775,16939.008759183234,-24.661996430855233,-499.80146254654164,500.40954830180607,1.5708628048150857,0.0001041223908950492,6084.673232600392,2084.673232600392,0.0,0.0,20906.655307558372,16939.008759183234,-2238.396941092775,0.0007477114980153703
303.2399999998692,booster,-2241.104449380086,16884.00220699725,-24.56544878909806,-500.31687819848986,500.9195942309428,1.5708630483381978,0.00010448800324807543,6084.673232600392,2084.673232600392,0.0,0.0,21085.305560312256,16884.00220699725,-2241.104449380086,0.0007477114980153703
303.3499999998691,booster,-2243.8013446459527,16828.93922035658,-24.469032590440406,-500.8275381113395,501.4249260722658,1.5708632918722925,0.00010485338836436623,6084.673232600392,2084.673232600392,0.0,0.0,21265.17965232225,16828.93922035658,-2243.8013446459527,0.0007477114980153703
303.459999999869,booster,-2246.4876414105033,16773.820324185504,-24.372748951547706,-501.3334096743169,501.92551095469497,1.5708635354038165,0.00010521852314806267,6084.673232600392,2084.673232600392,0.0,0.0,21446.280055285817,16773.820324185504,-2246.4876414105033,0.0007477114980153703
303.5699999998689,booster,-2249.1633543168787,16718.646046999078,-24.27659899235525,-501.83446021226735,502.4213159442714,1.5708637789190647,0.0001055833842795937,6084.673232600392,2084.673232600392,0.0,0.0,21628.609117242733,16718.646046999078,-2249.1633543168787,0.0007477114980153703
303.6799999998688,booster,-2251.8284981315874,16663.416920909985,-24.18058383596197,-502.3306569889836,502.91230804746857,1.570864022404179,0.00010594794820949608,6084.673232600392,2084.673232600392,0.0,0.0,21812.169059843123,16663.416920909985,-2251.8284981315874,0.0007477114980153703
303.7899999998687,booster,-2254.4830877448476,16608.133481635123,-24.08470460852301,-502.82196721060745,503.3984542145764,1.5708642658451488,0.00010631219116503188,6084.673232600392,2084.673232600392,0.0,0.0,21996.96197559544,16608.133481635123,-2254.4830877448476,0.0007477114980153703
303.8999999998686,booster,-2257.1271381709203,16552.79626850171,-23.988962439141336,-503.308358029105,503.8797213431597,1.5708645092278117,0.00010667608914892685,6084.673232600392,2084.673232600392,0.0,0.0,22182.989825095792,16552.79626850171,-2257.1271381709203,0.0007477114980153703
304.0099999998685,booster,-2259.7606645484225,16497.40582445306,-23.893358459758208,-503.7897965458161,504.3560762815903,1.5708647525378525,0.0001070396179422593,6084.673232600392,2084.673232600392,0.0,0.0,22370.254434238697,16497.40582445306,-2259.7606645484225,0.0007477114980153703
304.1199999998684,booster,-2262.3836821406353,16441.96269605397,-23.797893805042584,-504.2662498150775,504.8274858326538,1.5708649957608047,0.00010740275310347986,6084.673232600392,2084.673232600392,0.0,0.0,22558.75749141015,16441.96269605397,-2262.3836821406353,0.0007477114980153703
304.2299999998683,booster,-2264.996206335801,16386.467433495687,-23.702569612279486,-504.7376848479222,505.29391675723286,1.570865238882051,0.0001077654699715696,6084.673232600392,2084.673232600392,0.0,0.0,22748.50054466397,16386.467433495687,-2264.996206335801,0.0007477114980153703
304.3399999998682,booster,-2267.5982526473995,16330.92059060043,-23.607387021257345,-505.2040686158531,505.75533577806476,1.570865481886822,0.00010812774366667173,6084.673232600392,2084.673232600392,0.0,0.0,22939.484998881926,16330.92059060043,-2267.5982526473995,0.0007477114980153703
304.4499999998681,booster,-2270.18983671442,16275.322724825563,-23.512347174154232,-505.66536805469286,506.21170958357527,1.5708657247601987,0.00010848954908953476,6084.673232600392,2084.673232600392,0.0,0.0,23131.712112918434,16275.322724825563,-2270.18983671442,0.0007477114980153703
304.559999999868,booster,-2272.7709743016185,16219.674397267281,-23.417451215423153,-506.1215500685103,506.66300483178986,1.5708659674871115,0.00010885086092910134,6084.673232600392,2084.673232600392,0.0,0.0,23325.182996730986,16219.674397267281,-2272.7709743016185,0.0007477114980153703
304.6699999998679,booster,-2275.3416812997602,16163.976172663912,-23.32270029167628,-506.57258153362295,507.1091881543209,1.5708662100523418,0.00010921165365558815,6084.673232600392,2084.673232600392,0.0,0.0,23519.898608496656,16163.976172663912,-2275.3416812997602,0.0007477114980153703
304.7799999998678,booster,-2277.9019737258513,16108.228619398717,-23.22809555156817,-507.0184293026767,507.55022616043243,1.5708664524405223,0.00010957190152968741,6084.673232600392,2084.673232600392,0.0,0.0,23715.85975171609,16108.228619398717,-2277.9019737258513,0.0007477114980153703
304.8899999998677,booster,-2280.4518677233573,16052.432309502281,-23.13363814567801,-507.45906020880244,507.9860854411823,1.5708666946361365,0.00010993157860061675,6084.673232600392,2084.673232600392,0.0,0.0,23913.067072305563,16052.432309502281,-2280.4518677233573,0.0007477114980153703
304.9999999998676,booster,-2282.9913795624075,15996.587818654418,-23.039329226390887,-507.8944410698514,508.41673257364255,1.5708669366235208,0.0001102906587083094,6084.673232600392,2084.673232600392,0.0,0.0,24111.521055678222,15996.587818654418,-2282.9913795624075,0.0007477114980153703
305.1099999998675,booster,-2285.5205256399863,15940.695726185635,-22.945169947778076,-508.32453869270677,508.84213412519756,1.5708671783868655,0.00011064911548376337,6084.673232600392,2084.673232600392,0.0,0.0,24311.222023815346,15940.695726185635,-2285.5205256399863,0.0007477114980153703
305.2199999998674,booster,-2288.0393224801155,15884.756615078079,-22.851161465476366,-508.7493198776742,509.26225665792015,1.5708674199102133,0.00011100692235753276,6084.673232600392,2084.673232600392,0.0,0.0,24512.17013232885,15884.756615078079,-2288.0393224801155,0.0007477114980153703
305.3299999998673,booster,-2290.5477867340146,15828.771071966008,-22.757304936566484,-509.168751422951,509.6770667330273,1.5708676611774621,0.00011136405255374324,6084.673232600392,2084.673232600392,0.0,0.0,24714.365367515955,15828.771071966008,-2290.5477867340146,0.0007477114980153703
305.4399999998672,booster,-2293.0459351802574,15772.739687135805,-22.66360151945053,-509.58280012917294,510.08653091541345,1.5708679021723657,0.00011172047909756894,6084.673232600392,2084.673232600392,0.0,0.0,24917.80754340703,15772.739687135805,-2293.0459351802574,0.0007477114980153703
305.5499999998671,booster,-2295.5337847249098,15716.663054525423,-22.570052373728547,-509.99143280404076,510.4906157782641,1.5708681428785343,0.0001120761748149109,6084.673232600392,2084.673232600392,0.0,0.0,25122.49629880798,15716.663054525423,-2295.5337847249098,0.0007477114980153703
305.659999999867,booster,-2298.0113524016524,15660.541771723372,-22.476658660074175,-510.3946162670244,510.8892879077468,1.5708683832794352,0.00011243111233618854,6084.673232600392,2084.673232600392,0.0,0.0,25328.431094338004,15660.541771723372,-2298.0113524016524,0.0007477114980153703
305.7699999998669,booster,-2300.4786553718936,15604.37643996715,-22.38342154010942,-510.79231735414686,511.2825139077824,1.5708686233583944,0.00011278526409901189,6084.673232600392,2084.673232600392,0.0,0.0,25535.611209464118,15604.37643996715,-2300.4786553718936,0.0007477114980153703
305.8799999998668,booster,-2302.935710924868,15548.167664141165,-22.290342176278553,-511.1845029228475,511.67026040489617,1.5708688630985974,0.00011313860234767255,6084.673232600392,2084.673232600392,0.0,0.0,25744.03573953375,15548.167664141165,-2302.935710924868,0.0007477114980153703
305.9899999998667,booster,-2305.3825364777153,15491.916052774097,-22.197421731721143,-511.5711398569228,512.052494053146,1.57086910248309,0.00011349109914079825,6084.673232600392,2084.673232600392,0.0,0.0,25953.70359280622,15491.916052774097,-2305.3825364777153,0.0007477114980153703
306.0999999998666,booster,-2307.819149575556,15435.622218035733,-22.104661370144285,-511.9521950715479,512.4291815391323,1.5708693414947803,0.00011384272635052104,6084.673232600392,2084.673232600392,0.0,0.0,26164.613487484985,15435.622218035733,-2307.819149575556,0.0007477114980153703
306.2099999998665,booster,-2310.2455678915417,15379.28677573323,-22.012062255693987,-512.3276355183759,512.8002895870852,1.5708695801164392,0.00011419345566581408,6084.673232600392,2084.673232600392,0.0,0.0,26376.7639487514,15379.28677573323,-2310.2455678915417,0.0007477114980153703
306.3199999998664,booster,-2312.6618092268995,15322.910345306818,-21.919625552825757,-512.6974281907169,513.1657849640322,1.5708698183307015,0.00011454325859668053,6084.673232600392,2084.673232600392,0.0,0.0,26590.153305801738,15322.910345306818,-2312.6618092268995,0.0007477114980153703
306.4299999998663,booster,-2315.0678915109575,15266.49354982493,-21.827352426174386,-513.0615401287951,513.5256344850446,1.5708700561200686,0.00011489210647583647,6084.673232600392,2084.673232600392,0.0,0.0,26804.779688888735,15266.49354982493,-2315.0678915109575,0.0007477114980153703
306.5399999998662,booster,-2317.4638328011574,15210.037015978754,-21.735244040422995,-513.4199384250852,513.8798050185617,1.570870293466908,0.00011523997046125889,6084.673232600392,2084.673232600392,0.0,0.0,27020.641026368845,15210.037015978754,-2317.4638328011574,0.0007477114980153703
306.6499999998661,booster,-2319.849651283052,15153.541374076183,-21.643301560171334,-513.7725902297276,514.2282634917962,1.5708705303534565,0.00011558682154355506,6084.673232600392,2084.673232600392,0.0,0.0,27237.735041757172,15153.541374076183,-2319.849651283052,0.0007477114980153703
306.759999999866,booster,-2322.2253652702907,15097.00725803517,-21.551526149803315,-514.1194627560214,514.5709768962157,1.5708707667618205,0.00011593263054420959,6084.673232600392,2084.673232600392,0.0,0.0,27456.059250790935,15097.00725803517,-2322.2253652702907,0.0007477114980153703
306.8699999998659,booster,-2324.590993204586,15040.43530537648,-21.459918973353854,-514.4605232859946,514.9079122931033,1.570871002673978,0.00011627736811866108,6084.673232600392,2084.673232600392,0.0,0.0,27675.61095850344,15040.43530537648,-2324.590993204586,0.0007477114980153703
306.9799999998658,booster,-2326.94655365567,14983.826157215815,-21.36848119437503,-514.7957391760534,515.2390368191967,1.5708712380717804,0.00011662100476755365,6084.673232600392,2084.673232600392,0.0,0.0,27896.387256309936,14983.826157215815,-2326.94655365567,0.0007477114980153703
307.0899999998657,booster,-2329.292065321231,14927.180458255314,-21.277213975801555,-515.1250778627098,515.5643176924048,1.5708714729369542,0.00011696351082953899,6084.673232600392,2084.673232600392,0.0,0.0,28118.385019107016,14927.180458255314,-2329.292065321231,0.0007477114980153703
307.1999999998656,booster,-2331.6275470268415,14870.498856774435,-21.18611847981562,-515.4485068683825,515.8837222175999,1.570871707251102,0.0001173048564929044,6084.673232600392,2084.673232600392,0.0,0.0,28341.600902386886,14870.498856774435,-2331.6275470268415,0.0007477114980153703
307.3099999998655,booster,-2333.953017725867,14813.782004620169,-21.095195867711062,-515.7659938072794,516.1972177924904,1.570871940995705,0.00011764501179738534,6084.673232600392,2084.673232600392,0.0,0.0,28566.031339368707,14813.782004620169,-2333.953017725867,0.0007477114980153703
307.4199999998654,booster,-2336.268496499358,14757.030557196636,-21.004447299757004,-516.0775063913513,516.5047719135648,1.5708721741521248,0.000117983946636866,6084.673232600392,2084.673232600392,0.0,0.0,28791.672538147915,14757.030557196636,-2336.268496499358,0.0007477114980153703
307.5299999998653,booster,-2338.574002555934,14700.245173453974,-20.913873935060803,-516.3830124363257,516.8063521821167,1.5708724067016056,0.00011832163076290081,6084.673232600392,2084.673232600392,0.0,0.0,29018.520478866194,14700.245173453974,-2338.574002555934,0.0007477114980153703
307.6399999998652,booster,-2340.8695552316462,14643.426515876616,-20.82347693143053,-516.6824798678117,517.1019263103411,1.5708726386252752,0.00011865803379043195,6084.673232600392,2084.673232600392,0.0,0.0,29246.570910902752,14643.426515876616,-2340.8695552316462,0.0007477114980153703
307.7499999998651,booster,-2343.1551739898246,14586.575250470843,-20.733257445236834,-516.975876727483,517.3914621275076,1.5708728699041483,0.00011899312520105843,6084.673232600392,2084.673232600392,0.0,0.0,29475.819350089634,14586.575250470843,-2343.1551739898246,0.0007477114980153703
307.859999999865,booster,-2345.430878420916,14529.692046751685,-20.64321663127434,-517.2631711793316,517.6749275862065,1.5708731005191279,0.00011932687434845897,6084.673232600392,2084.673232600392,0.0,0.0,29706.26107595229,14529.692046751685,-2345.430878420916,0.0007477114980153703
307.9699999998649,booster,-2347.696688242301,14472.777577729115,-20.55335564262252,-517.544331515997,517.9522907686694,1.570873330451007,0.0001196592504626896,6084.673232600392,2084.673232600392,0.0,0.0,29937.891128977317,14472.777577729115,-2347.696688242301,0.0007477114980153703
308.0799999998648,booster,-2349.9526232981007,14415.832519893545,-20.463675630506113,-517.819326165166,518.2235198931606,1.5708735596804715,0.00011999022265136147,6084.673232600392,2084.673232600392,0.0,0.0,30170.70430790956,14415.832519893545,-2349.9526232981007,0.0007477114980153703
308.1899999998647,booster,-2352.19870355896,14358.857553200627,-20.374177744155052,-518.088123696045,518.488583320442,1.5708737881881032,0.00012031975990831234,6084.673232600392,2084.673232600392,0.0,0.0,30404.695167079855,14358.857553200627,-2352.19870355896,0.0007477114980153703
308.2999999998646,booster,-2354.4349491218227,14301.85336105531,-20.28486313066405,-518.3506928259031,518.7474495603074,1.5708740159543804,0.00012064783111847995,6084.673232600392,2084.673232600392,0.0,0.0,30639.858013766032,14301.85336105531,-2354.4349491218227,0.0007477114980153703
308.4099999998645,booster,-2356.6613802096904,14244.820630295193,-20.19573293485171,-518.6070024266845,519.0000872781883,1.5708742429596818,0.00012097440505699879,6084.673232600392,2084.673232600392,0.0,0.0,30876.186905588576,14244.820630295193,-2356.6613802096904,0.0007477114980153703
308.5199999998644,booster,-2358.8780171713624,14187.760051173154,-20.106788299119273,-518.8570215316901,519.2464653018278,1.5708744691842884,0.0001212994504011106,6084.673232600392,2084.673232600392,0.0,0.0,31113.67564794318,14187.760051173154,-2358.8780171713624,0.0007477114980153703
308.6299999998643,booster,-2361.0848804811626,14130.672317339224,-20.018030363309073,-519.1007193423264,519.4865526280224,1.5708746946083858,0.00012162293573163452,6084.673232600392,2084.673232600392,0.0,0.0,31352.317791471993,14130.672317339224,-2361.0848804811626,0.0007477114980153703
308.7399999998642,booster,-2363.2819907386524,14073.558125821728,-19.92946026456261,-519.3380652349229,519.7203184294316,1.5708749192120672,0.00012194482953796356,6084.673232600392,2084.673232600392,0.0,0.0,31592.106629575872,14073.558125821728,-2363.2819907386524,0.0007477114980153703
308.8499999998641,booster,-2365.4693686683204,14016.41817700764,-19.841079137178358,-519.5690287676122,519.9477320614521,1.5708751429753367,0.00012226510022323955,6084.673232600392,2084.673232600392,0.0,0.0,31833.03519596945,14016.41817700764,-2365.4693686683204,0.0007477114980153703
308.959999999864,booster,-2367.6470351192665,13959.253174622238,-19.752888112469286,-519.7935796872771,520.1687630691576,1.5708753658781103,0.00012258371611040904,6084.673232600392,2084.673232600392,0.0,0.0,32075.096262280917,13959.253174622238,-2367.6470351192665,0.0007477114980153703
309.0699999998639,booster,-2369.8150110648658,13902.063825707934,-19.66488831862016,-520.011687936561,520.3833811943028,1.5708755879002205,0.00012290064544844185,6084.673232600392,2084.673232600392,0.0,0.0,32318.282335699347,13902.063825707934,-2369.8150110648658,0.0007477114980153703
309.1799999998638,booster,-2371.9733176024124,13844.850840602363,-19.577080880544628,-520.2233236609377,520.5915563823871,1.5708758090214177,0.00012321585641678434,6084.673232600392,2084.673232600392,0.0,0.0,32562.585656670508,13844.850840602363,-2371.9733176024124,0.0007477114980153703
309.2899999998637,booster,-2374.1219759527557,13787.614932915674,-19.48946691974209,-520.4284572158454,520.7932587897818,1.570876029221375,0.0001235293171279791,6084.673232600392,2084.673232600392,0.0,0.0,32807.99819664452,13787.614932915674,-2374.1219759527557,0.0007477114980153703
309.3999999998636,booster,-2376.261007459917,13730.356819507038,-19.402047554154425,-520.6270591738771,520.9884587909155,1.5708762484796883,0.00012384099563980366,6084.673232600392,2084.673232600392,0.0,0.0,33054.51165587659,13730.356819507038,-2376.261007459917,0.0007477114980153703
309.5099999998635,booster,-2378.390433590687,13673.077220460367,-19.314823898022638,-520.8191003320308,521.1771269855169,1.5708764667758828,0.00012415085995496863,6084.673232600392,2084.673232600392,0.0,0.0,33302.11746128332,13673.077220460367,-2378.390433590687,0.0007477114980153703
309.6199999998634,booster,-2380.510275934214,13615.77685905923,-19.227797061743328,-521.0045517190142,521.3592342059154,1.5708766840894137,0.00012445887803029293,6084.673232600392,2084.673232600392,0.0,0.0,33550.80676435697,13615.77685905923,-2380.510275934214,0.0007477114980153703
309.7299999998633,booster,-2382.6205562015707,13558.456461760947,-19.14096815172512,-521.1833846026062,521.534751524396,1.5708769003996703,0.00012476501778144736,6084.673232600392,2084.673232600392,0.0,0.0,33800.57043913954,13558.456461760947,-2382.6205562015707,0.0007477114980153703
309.8399999998632,booster,-2384.7212962253107,13501.116758169905,-19.054338270245065,-521.3555704970693,521.7036502606068,1.5708771156859789,0.00012506924708852732,6084.673232600392,2084.673232600392,0.0,0.0,34051.39908025895,13501.116758169905,-2384.7212962253107,0.0007477114980153703
309.9499999998631,booster,-2386.812517959002,13443.758481010012,-18.96790851530503,-521.5210811706155,521.8659019890193,1.5708773299276062,0.0001253715338051388,6084.673232600392,2084.673232600392,0.0,0.0,34303.283001029784,13443.758481010012,-2386.812517959002,0.0007477114980153703
310.059999999863,booster,-2388.894243476753,13386.382366096374,-18.881679980488045,-521.6798886529203,522.0214785464377,1.5708775431037627,0.00012567184576170893,6084.673232600392,2084.673232600392,0.0,0.0,34556.212231620455,13386.382366096374,-2388.894243476753,0.0007477114980153703
310.1699999998629,booster,-2390.9664949727166,13328.989152306098,-18.795653754814804,-521.8319652426861,522.170352039557,1.5708777551936068,0.0001259701507702776,6084.673232600392,2084.673232600392,0.0,0.0,34810.17651728946,13328.989152306098,-2390.9664949727166,0.0007477114980153703
310.2799999998628,booster,-2393.029294760578,13271.579581548292,-18.709830922600148,-521.97728351525,522.3124948525661,1.570877966176247,0.00012626641663548402,6084.673232600392,2084.673232600392,0.0,0.0,35065.16531669245,13271.579581548292,-2393.029294760578,0.0007477114980153703
310.3899999998627,booster,-2395.0826652730343,13214.15439873321,-18.624212563309726,-522.1158163302359,522.4478796547958,1.5708781760307469,0.00012656061115906932,6084.673232600392,2084.673232600392,0.0,0.0,35321.16780026295,13214.15439873321,-2395.0826652730343,0.0007477114980153703
310.4999999998626,booster,-2397.12662906125,13156.71435174056,-18.538799751416718,-522.2475368392516,522.5764794084101,1.570878384736128,0.0001268527021425715,6084.673232600392,2084.673232600392,0.0,0.0,35578.17284866853,13156.71435174056,-2397.12662906125,0.0007477114980153703
310.6099999998625,booster,-2399.1612087942985,13099.260191386957,-18.45359355625884,-522.3724184936207,522.6982673761354,1.570878592271373,0.00012714265740084568,6084.673232600392,2084.673232600392,0.0,0.0,35836.16905134494,13099.260191386957,-2399.1612087942985,0.0007477114980153703
310.7199999998624,booster,-2401.1864272585944,13041.792671392532,-18.368595041895453,-522.4904350521576,522.8132171290298,1.5708787986154302,0.00012743044476641612,6084.673232600392,2084.673232600392,0.0,0.0,36095.14470511033,13041.792671392532,-2401.1864272585944,0.0007477114980153703
310.8299999998623,booster,-2403.2023073573005,12984.312548346676,-18.283805266964947,-522.6015605889755,522.9213025542878,1.570879003747218,0.00012771603209006893,6084.673232600392,2084.673232600392,0.0,0.0,36355.087812862075,12984.312548346676,-2403.2023073573005,0.0007477114980153703
310.9399999998622,booster,-2405.2088721097252,12926.820581672924,-18.1992252845424,-522.7057695013284,523.022497863078,1.5708792076456264,0.00012799938725884463,6084.673232600392,2084.673232600392,0.0,0.0,36615.98608235796,12926.820581672924,-2405.2088721097252,0.0007477114980153703
311.0499999998621,booster,-2407.2061446507023,12869.317533592988,-18.114856141997528,-522.8030365174845,523.116777598413,1.5708794102895245,0.00012828047819430304,6084.673232600392,2084.673232600392,0.0,0.0,36877.826925084584,12869.317533592988,-2407.2061446507023,0.0007477114980153703
311.159999999862,booster,-2409.194148229956,12811.804169089899,-18.030698880852956,-522.8933367046296,523.204116643049,1.570879611657761,0.00012855927286154454,6084.673232600392,2084.673232600392,0.0,0.0,37140.59745521497,12811.804169089899,-2409.194148229956,0.0007477114980153703
311.2699999998619,booster,-2411.172906211452,12754.28125587029,-17.946754536642878,-522.9766454767948,523.2844902274093,1.5708798117291705,0.0001288357392784437,6084.673232600392,2084.673232600392,0.0,0.0,37404.28448865726,12754.28125587029,-2411.172906211452,0.0007477114980153703
311.3799999998618,booster,-2413.142442072725,12696.749564325808,-17.86302413877209,-523.052938602811,523.3578739375365,1.5708800104825762,0.00012910984552367454,6084.673232600392,2084.673232600392,0.0,0.0,37668.87454219768,12696.749564325808,-2413.142442072725,0.0007477114980153703
311.4899999998617,booster,-2415.102779404204,12639.20986749366,-17.779508710375474,-523.1221922142819,523.4242437230611,1.5708802078967956,0.00012938155973893643,6084.673232600392,2084.673232600392,0.0,0.0,37934.3538327385,12639.20986749366,-2415.102779404204,0.0007477114980153703
311.5999999998616,booster,-2417.053941908508,12581.662941016246,-17.69620926817793,-523.1843828135795,523.4835759051942,1.5708804039506439,0.00012965085013929136,6084.673232600392,2084.673232600392,0.0,0.0,38200.708276635196,12581.662941016246,-2417.053941908508,0.0007477114980153703
311.7099999998615,booster,-2418.995953399743,12524.109563099952,-17.61312682235483,-523.2394872818529,523.5358471847336,1.570880598622937,0.00012991768502367213,6084.673232600392,2084.673232600392,0.0,0.0,38467.92348913295,12524.109563099952,-2418.995953399743,0.0007477114980153703
311.8199999998614,booster,-2420.928837802762,12466.550514473032,-17.53026237639294,-523.2874828870519,523.5810346500833,1.5708807918924987,0.0001301820327762057,6084.673232600392,2084.673232600392,0.0,0.0,38735.98478390598,12466.550514473032,-2420.928837802762,0.0007477114980153703
311.9299999998613,booster,-2422.8526191524293,12408.986578342636,-17.447616926952005,-523.3283472919625,523.6191157852877,1.5708809837381617,0.0001304438618796847,6084.673232600392,2084.673232600392,0.0,0.0,39004.87717270165,12408.986578342636,-2422.8526191524293,0.0007477114980153703
312.0399999998612,booster,-2424.7673215928608,12351.41854035091,-17.36519146372685,-523.3620585622483,523.6500684780688,1.5708811741387756,0.000130703140918506,6084.673232600392,2084.673232600392,0.0,0.0,39274.58536509088,12351.41854035091,-2424.7673215928608,0.0007477114980153703
312.1499999998611,booster,-2426.672969376648,12293.847188530252,-17.28298696931014,-523.3885951744986,523.6738710278722,1.5708813630732084,0.0001309598385884117,6084.673232600392,2084.673232600392,0.0,0.0,39545.093768327686,12293.847188530252,-2426.672969376648,0.0007477114980153703
312.259999999861,booster,-2428.56958686407,12236.273313257667,-17.201004419055828,-523.4079360242794,523.6905021539158,1.5708815505203533,0.00013121392370371088,6084.673232600392,2084.673232600392,0.0,0.0,39816.38648731957,12236.273313257667,-2428.56958686407,0.0007477114980153703
312.3699999998609,booster,-2430.4571985222938,12178.697707208235,-17.119244780943237,-523.4200604341812,523.6999410032349,1.5708817364591312,0.00013146536520726085,6084.673232600392,2084.673232600392,0.0,0.0,40088.44732471074,12178.697707208235,-2430.4571985222938,0.0007477114980153703
312.4799999998608,booster,-2432.335828924549,12121.121165307703,-17.03770901544198,-523.4249481618658,523.7021671587265,1.5708819208684972,0.00013171413217396026,6084.673232600392,2084.673232600392,0.0,0.0,40361.25978108023,12121.121165307703,-2432.335828924549,0.0007477114980153703
312.5899999998607,booster,-2434.205502749299,12063.544484684166,-16.956398075377546,-523.4225794081045,523.6971606471856,1.5708821037274436,0.00013196019382431156,6084.673232600392,2084.673232600392,0.0,0.0,40634.807055257246,12063.544484684166,-2434.205502749299,0.0007477114980153703
312.6999999998606,booster,-2436.0662447793925,12005.9684646189,-16.875312905797745,-523.412934824807,523.6849019473316,1.5708822850150066,0.00013220351952479586,6084.673232600392,2084.673232600392,0.0,0.0,40909.07204475496,12005.9684646189,-2436.0662447793925,0.0007477114980153703
312.8099999998605,booster,-2437.9180799011965,11948.393906496289,-16.794454443839967,-523.3959955230374,523.6653719978224,1.5708824647102693,0.00013244407880501813,6084.673232600392,2084.673232600392,0.0,0.0,41184.037346325276,11948.393906496289,-2437.9180799011965,0.0007477114980153703
312.9199999998604,booster,-2439.761033103726,11890.821613752885,-16.71382361859934,-523.3717430810132,523.6385522052514,1.5708826427923672,0.00013268184135762235,6084.673232600392,2084.673232600392,0.0,0.0,41459.68525663608,11890.821613752885,-2439.761033103726,0.0007477114980153703
313.0299999998603,booster,-2441.5951294777437,11833.252391825574,-16.63342135099773,-523.3401595520851,523.6044244521256,1.5708828192404938,0.0001329167770496423,6084.673232600392,2084.673232600392,0.0,0.0,41735.997773073104,11833.252391825574,-2441.5951294777437,0.0007477114980153703
313.1399999998602,booster,-2443.420394214864,11775.687048098878,-16.55324855365377,-523.3012274726933,523.56297110482,1.5708829940339044,0.00013314885593128611,6084.673232600392,2084.673232600392,0.0,0.0,42012.956594667565,11775.687048098878,-2443.420394214864,0.0007477114980153703
313.2499999998601,booster,-2445.2368526066207,11718.12639185137,-16.473306130753773,-523.2549298702974,523.5141750215054,1.570883167151921,0.00013337804824545903,6084.673232600392,2084.673232600392,0.0,0.0,42290.54312315183,11718.12639185137,-2445.2368526066207,0.0007477114980153703
313.35999999986,booster,-2447.0445300435426,11660.571234201243,-16.393594977923733,-523.2012502712779,523.4580195600489,1.5708833385739382,0.00013360432443006994,6084.673232600392,2084.673232600392,0.0,0.0,42568.738464144924,11660.571234201243,-2447.0445300435426,0.0007477114980153703
313.4699999998599,booster,-2448.843452014198,11603.022388050975,-16.31411598210229,-523.1401727088023,523.3944885858782,1.5708835082794284,0.0001338276551317331,6084.673232600392,2084.673232600392,0.0,0.0,42847.52342846861,11603.022388050975,-2448.843452014198,0.0007477114980153703
313.5799999998598,booster,-2450.6336441042363,11545.480668031181,-16.234870021414803,-523.0716817306553,523.3235664798101,1.570883676247945,0.00013404801121219047,6084.673232600392,2084.673232600392,0.0,0.0,43126.87853359632,11545.480668031181,-2450.6336441042363,0.0007477114980153703
313.6899999998597,booster,-2452.415131995411,11487.946890443547,-16.155857965048575,-522.9957624070299,523.2452381458405,1.5708838424591292,0.00013426536375685803,6084.673232600392,2084.673232600392,0.0,0.0,43406.78400523646,11487.946890443547,-2452.415131995411,0.0007477114980153703
313.7999999998596,booster,-2454.1879414645864,11430.42187320295,-16.077080673129156,-522.9124003382717,523.1594890188873,1.5708840068927148,0.00013447968408136665,6084.673232600392,2084.673232600392,0.0,0.0,43687.21977905094,11430.42187320295,-2454.1879414645864,0.0007477114980153703
313.9099999998595,booster,-2455.9520983827397,11372.906435778717,-15.998538996597818,-522.8215816625788,523.0663050724891,1.5708841695285334,0.0001346909437415521,6084.673232600392,2084.673232600392,0.0,0.0,43968.16550251074,11372.906435778717,-2455.9520983827397,0.0007477114980153703
314.0199999998594,booster,-2457.707628713939,11315.401399135046,-15.920233777090333,-522.7232930636477,522.9656728264498,1.5708843303465188,0.00013489911454145505,6084.673232600392,2084.673232600392,0.0,0.0,44249.60053688951,11315.401399135046,-2457.707628713939,0.0007477114980153703
314.1299999998593,booster,-2459.454558514315,11257.907585670573,-15.842165846816872,-522.6175217782667,522.857579354431,1.5708844893267129,0.0001351041685427042,6084.673232600392,2084.673232600392,0.0,0.0,44531.503959396876,11257.907585670573,-2459.454558514315,0.0007477114980153703
314.2399999998592,booster,-2461.1929139310187,11200.425819157119,-15.764336028443262,-522.504255603849,522.742012291484,1.5708846464492707,0.0001353060780686348,6084.673232600392,2084.673232600392,0.0,0.0,44813.854565452,11200.425819157119,-2461.1929139310187,0.0007477114980153703
314.3499999998591,booster,-2462.9227212011633,11142.956924677625,-15.686745134973524,-522.383482905904,522.6189598415202,1.5708848016944663,0.0001355048157177427,6084.673232600392,2084.673232600392,0.0,0.0,45096.6308710987,11142.956924677625,-2462.9227212011633,0.0007477114980153703
314.459999999859,booster,-2464.644006650755,11085.501728563226,-15.609393969633773,-522.2551926254413,522.488410784714,1.5708849550426967,0.0001357003543691446,6084.673232600392,2084.673232600392,0.0,0.0,45379.811115563185,11085.501728563226,-2464.644006650755,0.0007477114980153703
314.5699999998589,booster,-2466.356796693613,11028.061058329566,-15.532283325757442,-522.1193742863073,522.3503544848387,1.5708851064744884,0.00013589266718810758,6084.673232600392,2084.673232600392,0.0,0.0,45663.3732639555,11028.061058329566,-2466.356796693613,0.0007477114980153703
314.6799999998588,booster,-2468.0611178302743,10970.635742612274,-15.455413986671982,-521.9760180024456,522.2047808965261,1.570885255970501,0.00013608172764354023,6084.673232600392,2084.673232600392,0.0,0.0,45947.29501011493,10970.635742612274,-2468.0611178302743,0.0007477114980153703
314.7899999998587,booster,-2469.7569966468855,10913.22661110166,-15.378786725586956,-521.8251144850798,522.0516805724484,1.5708854035115358,0.0001362675095042036,6084.673232600392,2084.673232600392,0.0,0.0,46231.553779600465,10913.22661110166,-2469.7569966468855,0.0007477114980153703
314.8999999998586,booster,-2471.4444598140844,10855.834494476625,-15.302402305483614,-521.666655049817,521.8910446704213,1.5708855490785376,0.00013644998685486467,6084.673232600392,2084.673232600392,0.0,0.0,46516.12673282726,10855.834494476625,-2471.4444598140844,0.0007477114980153703
315.0099999998585,booster,-2473.12353408587,10798.460224337787,-15.226261479005975,-521.5006316236631,521.7228649604181,1.5708856926526018,0.00013662913410179438,6084.673232600392,2084.673232600392,0.0,0.0,46800.99076834881,10798.460224337787,-2473.12353408587,0.0007477114980153703
315.1199999998584,booster,-2474.7926957667214,10741.180578379826,-15.097754642574406,-519.9869342894486,520.2060688102233,1.6056449481035895,0.5561767688443326,6081.721344501826,2081.7213445018256,136032.31982101937,0.8161939189261163,46843.868248278864,10741.180578379826,-2474.7926957667214,0.011934241849844523
315.2299999998583,booster,-2476.426211927901,10684.037618835879,-14.480651514328835,-518.8811300878107,519.0831498223409,1.661953873997151,0.4784369688016577,6079.753534071684,2079.753534071684,0.0,0.0,46956.46735992915,10684.037618835879,-2476.426211927901,0.027301585017178637
315.3399999998582,booster,-2477.9452179198893,10627.033941217402,-12.953857356463171,-517.6388142365172,517.8008733331754,1.7095493935086499,0.39934937938204706,6077.785912983183,2077.785912983183,0.0,0.0,47039.167471780296,10627.033941217402,-2477.9452179198893,0.029590113410884272
315.4499999998581,booster,-2479.2391233304065,10570.171153093617,-10.36324635333801,-516.3849396112064,516.4889183053681,1.7497976129641286,0.33839033007113867,6076.310274908599,2076.310274908599,0.0,0.0,47115.239406413086,10570.171153093617,-2479.2391233304065,0.03780196476129552
315.559999999858,booster,-2480.192361314263,10513.453077165357,-6.811020109704115,-514.8420965448238,514.8871472173339,1.7838223133305644,0.2853750182417888,6074.834652079334,2074.834652079334,136022.04270314047,0.8161322562188429,47136.9428064884,10513.453077165357,-2480.192361314263,0.03764814177055275
315.6699999998579,booster,-2480.6985136518074,10456.883656581262,-2.2685902588046827,-513.6416193694103,513.6466291626884,1.8126143435577082,0.24317419111010166,6074.834652079334,2074.834652079334,0.0,0.0,47223.32064539571,10456.883656581262,-2480.6985136518074,0.04364814177055275
315.7799999998578,booster,-2480.6739002065683,10400.483060343522,2.853583456128716,-511.9339022241883,511.94185527755576,1.8369915017178362,0.20618519635737542,6074.342824906595,2074.342824906595,0.0,0.0,47222.67838317221,10400.483060343522,-2480.6739002065683,0.049648141770552746
315.8899999998577,booster,-2480.053242682622,10344.26426355705,8.491269566697415,-510.18790945995414,510.25856643271817,1.8576110985162613,0.17487350438184493,6074.342824906595,2074.342824906595,0.0,0.0,47223.95564288274,10344.26426355705,-2480.053242682622,0.049648141770552746
315.9999999998576,booster,-2478.795600879988,10288.249151275486,14.40858391740288,-508.23931806530726,508.4435187097908,1.8750759425987116,0.14832966104661316,6074.342824906595,2074.342824906595,0.0,0.0,47198.60803478188,10288.249151275486,-2478.795600879988,0.049648141770552746
316.1099999998575,booster,-2476.878462054716,10232.457110779123,20.460272943375717,-506.1406960369153,506.5540711055933,1.8898676058609323,0.12582788748914564,6074.342824906595,2074.342824906595,0.0,0.0,47156.98043970391,10232.457110779123,-2476.878462054716,0.049648141770552746
316.2199999998574,booster,-2474.2953462771497,10176.901076910974,26.462595787636257,-503.9747651241659,504.6690329887282,1.8968012319984284,-0.0022347744416681167,6074.342824906595,2074.342824906595,0.0,0.0,47113.593711659516,10176.901076910974,-2474.2953462771497,0.049648141770552746
316.3299999998573,booster,-2471.0770388046417,10121.575898906874,31.918833530506042,-501.9886927305642,503.0024448879836,1.8888063465134555,-0.12370025595575389,6074.342824906595,2074.342824906595,0.0,0.0,47108.56401380993,10121.575898906874,-2471.0770388046417,0.049648141770552746
316.4399999998572,booster,-2467.3084371042423,10066.449574074037,36.422962320333625,-500.37898598422976,501.7028620596004,1.8696616176683978,-0.20838744078861487,6074.342824906595,2074.342824906595,0.0,0.0,47170.38558648679,10066.449574074037,-2467.3084371042423,0.049648141770552746
316.5499999998571,booster,-2463.104579069094,10011.476809567248,39.82670202552666,-499.19429990647893,500.78050606363433,1.8433490498371028,-0.25818476334151536,6074.342824906595,2074.342824906595,0.0,0.0,47302.03747738689,10011.476809567248,-2463.104579069094,0.049648141770552746
316.659999999857,booster,-2458.5852350393425,9956.613208597359,42.179650363833225,-498.37966198673996,500.1613843419266,1.8133830582702766,-0.27893547596774854,6074.342824906595,2074.342824906595,0.0,0.0,47490.69298452485,9956.613208597359,-2458.5852350393425,0.049648141770552746
316.7699999998569,booster,-2453.857477444532,9901.823350809778,43.649829623808756,-497.83603303556924,499.7459588778882,1.7825108903224396,-0.2782192791791373,6074.342824906595,2074.342824906595,0.0,0.0,47718.433241301456,9901.823350809778,-2453.857477444532,0.049648141770552746
316.8799999998568,booster,-2449.006771660535,9847.082997330877,44.45160440158012,-497.464573849561,499.4466411631976,1.752634367487428,-0.26357518933769963,6074.342824906595,2074.342824906595,0.0,0.0,47969.22059371492,9847.082997330877,-2449.006771660535,0.049648141770552746
316.9899999998567,booster,-2444.0951218323958,9792.37879410036,44.749357328196986,-496.9687886600741,498.9794403415316,1.7248769978804546,-0.24331860088124788,6073.850961057493,2073.8509610574924,136023.73256564618,0.816142395393877,48188.65436870743,9792.37879410036,-2444.0951218323958,0.049648141770552746
317.0999999998566,booster,-2439.176363627475,9737.771322721605,44.64665559091744,-495.8582158028558,497.86413210297195,1.699819700808401,-0.21596554069893747,6071.883429913347,2071.883429913347,0.0,0.0,48282.66793029801,9737.771322721605,-2439.176363627475,0.03164814177055275
317.2099999998565,booster,-2434.2776426226146,9683.299637927837,44.41752543013448,-494.53582089790564,496.526529720721,1.6779674202249182,-0.18573103665460883,6069.4240650763895,2069.42406507639,136032.9263088944,0.8161975578533666,48332.32026084815,9683.299637927837,-2434.2776426226146,0.007648141770552754
317.3199999998564,booster,-2429.4035779821124,9628.966884581287,44.1943154301281,-493.209896601058,495.18596468555523,1.6588857152274061,-0.16244200808070805,6066.964946721431,2066.9649467214317,135998.87508683675,0.8159932505210206,48379.95173091295,9628.966884581287,-2429.4035779821124,-0.0008111499193626855
317.4299999998563,booster,-2424.5518702372083,9574.770192387059,44.01289741209752,-492.10278657291997,494.06708824960265,1.642087504529295,-0.1453323141762146,6064.997621971293,2064.9976219712926,0.0,0.0,48469.63215444973,9574.770192387059,-2424.5518702372083,0.0002774710908333231
317.5399999998562,booster,-2419.721935212201,9520.712130145781,43.799164492873196,-490.7709616234788,492.7215274200102,1.627213582152315,-0.12755441669448211,6062.538681098996,2062.5386810989958,136008.74784126575,0.8160524870475946,48513.539655444554,9520.712130145781,-2419.721935212201,-0.0009874704478469681
317.6499999998561,booster,-2414.9173041154795,9466.790498851891,43.54800606838391,-489.66320294254535,491.5958514353883,1.6140149602119591,-0.11273271925761512,6060.571576335118,2060.5715763351186,0.0,0.0,48599.449480137984,9466.790498851891,-2414.9173041154795,-0.001267489137568508
317.759999999856,booster,-2410.144890219626,9413.007531156018,43.21486947120875,-488.33116977314705,490.23959072623234,1.6023966935682492,-0.10045043340322388,6058.112809272212,2058.1128092722115,0.0,0.0,48638.44162897376,9413.007531156018,-2410.144890219626,0.00034657318204621163
317.8699999998559,booster,-2405.4132565960003,9359.362172040606,42.80087498341521,-486.9977246615867,488.8749315775033,1.592321459846807,-0.08491748830552837,6055.654185857904,2055.6541858579035,135984.73024010763,0.8159083814406458,48674.259533531345,9359.362172040606,-2405.4132565960003,-0.0032090106248297123
317.9799999998558,booster,-2400.731612085015,9305.855769726502,42.30651158490905,-485.8862819670094,487.7246353488905,1.583723477571188,-0.07153225259184798,6053.687428731764,2053.687428731764,0.0,0.0,48751.393070563114,9305.855769726502,-2400.731612085015,-0.0007550466806221128
318.0899999998557,booster,-2396.1088691885434,9252.486424027747,41.73197125443839,-484.5465102987398,486.3402904011429,1.5765919601753973,-0.06037588104222058,6051.228985695654,2051.2289856956545,0.0,0.0,48780.35643021423,9252.486424027747,-2396.1088691885434,-0.0012571902573953139
318.1999999998556,booster,-2391.5529568109528,9199.255697706038,41.093209515235586,-483.2024624766498,484.9466688325235,1.5709049134698154,-0.04560653155503142,6048.770721364052,2048.7707213640524,135957.07033322458,0.8157424219993475,48805.88284502092,9199.255697706038,-2391.5529568109528,-0.0021582994891071
318.3099999998555,booster,-2387.0702297218586,9146.16294318194,40.40389804808275,-482.0787960556496,483.7689950626688,1.566556708854364,-0.03558466934098224,6046.804139853265,2046.804139853265,0.0,0.0,48873.44658500984,9146.16294318194,-2387.0702297218586,-0.001482342716429304
318.4199999998554,booster,-2382.6652199124983,9093.208630398198,39.683175236833726,-480.72623902440216,482.36134928435536,1.5634923391681477,-0.02268163764968943,6044.346029809711,2044.3460298097104,135961.31879014208,0.8157679127408525,48893.09474712521,9093.208630398198,-2382.6652199124983,-0.0005151224494821854
318.5299999998553,booster,-2378.3405487058358,9040.39317704487,38.94538816054573,-479.5951466653995,481.1738230244676,1.561556825386199,-0.01286367699363758,6042.379646800172,2042.3796468001717,0.0,0.0,48955.89952055599,9040.39317704487,-2378.3405487058358,-3.822296993338499e-05
318.6399999998552,booster,-2374.097017992468,8987.716928533879,38.21003062588861,-478.2362944968501,479.76031496415925,1.5606314055296182,-0.006000101148050525,6039.921749586844,2039.9217495868445,0.0,0.0,48971.2402929593,8987.716928533879,-2374.097017992468,0.0005296383151975105
318.7499999998551,booster,-2369.9338409159905,8935.179027495496,37.488320687772394,-476.8752251775838,478.34647963182556,1.5605804673447534,0.0027005941997433553,6037.4639858774035,2037.4639858774035,135920.97845557265,0.815525870733436,48984.87109168815,8935.179027495496,-2369.9338409159905,0.0020211953617309715
318.859999999855,booster,-2365.8489056107474,8882.7807990422,36.7887808847582,-475.7377354902439,477.15805281727353,1.5612168959619706,0.007154848523123658,6035.497824862439,2035.497824862439,0.0,0.0,49043.169307773685,8882.7807990422,-2365.8489056107474,0.002404550420187338
318.9699999998549,booster,-2361.8391364681597,8830.522391585875,36.122208240738495,-474.3739151760617,475.7472283972369,1.5624151426889803,0.012773403921490083,6033.040311353229,2033.040311353229,135920.7516892498,0.8155245101354989,49054.246540764616,8830.522391585875,-2361.8391364681597,0.0016160728123000895
319.0799999998548,booster,-2357.9008059684074,8778.403918785853,35.49018991189951,-473.2344731867481,474.56339954986174,1.564005868979738,0.014774716929718115,6031.074400917438,2031.0744009174375,0.0,0.0,49110.626019316274,8778.403918785853,-2357.9008059684074,0.002357177140854875
319.1899999998547,booster,-2354.029834592639,8726.423235544855,34.897358316571086,-471.86870678850926,473.1573755778676,1.5658804648110054,0.017749779402853445,6028.617012612086,2028.6170126120858,135920.8271651439,0.8155249629908636,49119.51740126785,8726.423235544855,-2354.029834592639,0.003004548617665182
319.2999999998546,booster,-2350.2220015552825,8674.58268871524,34.342405694064446,-470.7275855446268,471.97866543047223,1.5679031209760161,0.018854481085890468,6026.651225330185,2026.6512253301855,0.0,0.0,49174.0877502646,8674.58268871524,-2350.2220015552825,0.0034765478118385334
319.4099999998545,booster,-2346.4731610175195,8622.882372983297,33.82439481891195,-469.36006816054044,470.57726599202897,1.5699863715386086,0.018185569357203404,6024.1940811570485,2024.1940811570487,0.0,0.0,49180.73431393598,8622.882372983297,-2346.4731610175195,0.003817650825854776
319.5199999998544,booster,-2342.7793591089976,8571.32126286668,33.34061893629698,-467.99146125836273,469.17758331125856,1.5720591134367892,0.018417405238313936,6021.737070532883,2021.7370705328833,135879.12834338896,0.8152747700603338,49186.063742880026,8571.32126286668,-2342.7793591089976,0.003925153345424773
319.6299999998543,booster,-2339.1369346938836,8519.900599274564,32.88990737105388,-466.84743384867556,468.004564612323,1.5740438533662249,0.01687460322964034,6019.7715070881695,2019.7715070881693,0.0,0.0,49237.38713864773,8519.900599274564,-2339.1369346938836,0.004063151709235716
319.7399999998542,booster,-2335.542561895885,8468.620506395211,32.4662768847509,-465.4765518967977,466.607414750869,1.575907872176692,0.016105418416066764,6017.314735686305,2017.3147356863044,135879.85195468625,0.8152791117281176,49240.01424190806,8468.620506395211,-2335.542561895885,0.0046650570000070935
319.8499999998541,booster,-2331.9932703677964,8417.48111669167,32.07032766796421,-464.33025397940554,465.4364518141116,1.5776060871278126,0.014086656249835617,6015.349414654591,2015.349414654591,0.0,0.0,49288.837287452254,8417.48111669167,-2331.9932703677964,0.004807730517403666
319.959999999854,booster,-2328.4864430781,8366.482569154745,31.694073149329242,-462.95682931037885,464.04045090693796,1.5791291234709908,0.012844322566536314,6012.892884421508,2012.8928844215077,135880.61419064738,0.8152836851438844,49288.449902586035,8366.482569154745,-2328.4864430781,0.004354621659018792
320.0699999998539,booster,-2325.0197730878836,8315.622758323843,31.339984550714743,-461.8079125945558,462.8701143588554,1.58045469849086,0.011280943844207521,6010.927681477095,2010.9276814770951,0.0,0.0,49334.45853744261,8315.622758323843,-2325.0197730878836,0.004631194380399148
320.1799999998538,booster,-2321.591320791345,8264.904092607529,30.9992840132696,-460.4316794748558,461.4740372690231,1.5815842453067877,0.008940324459694277,6008.471269209112,2008.4712692091118,0.0,0.0,49330.784423885656,8264.904092607529,-2321.591320791345,0.004601886378413389
320.2899999998537,booster,-2318.1993859591544,8214.325584849297,30.67247443352435,-459.0540396172521,460.0776151659553,1.5825274754909215,0.007621758138611525,6006.014995319219,2006.0149953192195,135837.9675796308,0.8150278054777849,49325.320367554676,8214.325584849297,-2318.1993859591544,0.004281859421516046
320.3999999998536,booster,-2314.842557331066,8163.888506864864,30.361237630547098,-457.90127728908186,458.90672744407567,1.5832812973889858,0.005559956047779312,6004.050025003977,2004.0500250039768,0.0,0.0,49366.63916496565,8163.888506864864,-2314.842557331066,0.004267452787651042
320.5099999998535,booster,-2311.519631873701,8113.592998056617,30.056269232950378,-456.52108418706774,457.50943118971804,1.5838662877160858,0.004422740321867363,6001.594003049575,2001.5940030495747,135838.2277901242,0.8150293667407451,49357.662878867835,8113.592998056617,-2311.519631873701,0.004815817770811976
320.6199999998534,booster,-2308.2296022958835,8063.439193669383,29.763713857925218,-455.36599943264457,456.3376733318297,1.5842854675210216,0.002633470855400889,5999.629287143957,1999.6292871439573,0.0,0.0,49395.759164878524,8063.439193669383,-2308.2296022958835,0.004748458651454672
320.7299999998533,booster,-2304.971629662827,8013.42722472204,29.47397584355555,-453.98340511880195,454.93916887347564,1.5845628411661574,0.0017580866293841163,5997.173519897636,1997.1735198976357,135838.54763544473,0.8150312858126685,49383.169651413904,8013.42722472204,-2304.971629662827,0.004284414181789263
320.8399999998532,booster,-2301.7449801097096,7963.554964271791,29.194046937359968,-452.826004878143,453.7661105354616,1.5847029570537372,0.0008395355729335855,5995.208930419366,1995.2089304193657,0.0,0.0,49417.931573644826,7963.554964271791,-2301.7449801097096,0.004421806639761333
320.9499999998531,booster,-2298.549124457907,7913.824802276214,28.91465868225273,-451.44102227101,452.36606202919967,1.5847254520299399,-0.0007381514838628962,5992.753288817004,1992.7532888170044,0.0,0.0,49401.63990203086,7913.824802276214,-2298.549124457907,0.004337117289083901
321.059999999853,booster,-2295.38357787165,7864.2357203270185,28.639082526537223,-450.05490709837943,450.96520536654793,1.584652615868207,-0.0011811101650995644,5990.2977888039095,1990.297788803909,135794.82091902674,0.8147689255141605,49383.41085722971,7864.2357203270185,-2295.38357787165,0.004106679275218691
321.1699999998529,booster,-2292.2479851328158,7814.788960521641,28.370637893190427,-448.894489679859,449.7901243462417,1.584488018227698,-0.0023678199937380096,5988.333437341295,1988.3334373412952,0.0,0.0,49413.00334584108,7814.788960521641,-2292.2479851328158,0.004076489792139847
321.2799999998528,booster,-2289.1420436265876,7765.484627642998,28.100624751485697,-447.5064476158276,448.3878519420004,1.5842557799033126,-0.0025420406325034717,5985.878189415258,1985.8781894152576,135795.46677987342,0.8147728006792405,49391.04612878429,7765.484627642998,-2289.1420436265876,0.004346575471815922
321.3899999998527,booster,-2286.0655108949195,7716.322820818121,27.83660073778773,-446.34437098027723,447.2115537935199,1.5839581005103904,-0.0034888170573416913,5983.914090452184,1983.9140904521837,0.0,0.0,49417.23324006819,7716.322820818121,-2286.0655108949195,0.004281698555930367
321.4999999998526,booster,-2283.0181533773193,7667.301378874941,27.570174756416353,-444.95442340464325,445.8077539068358,1.5836165670449587,-0.0034333666016881288,5981.458956884392,1981.4589568843921,135796.6107833617,0.8147796647001703,49391.51045063398,7667.301378874941,-2283.0181533773193,0.004137711124946138
321.6099999998525,booster,-2279.999853717741,7618.422662144751,27.30886344062575,-443.7907109453656,444.63014871217604,1.5832322801312013,-0.003527837776086779,5979.494973507511,1979.4949735075106,0.0,0.0,49414.256989286296,7618.422662144751,-2279.999853717741,0.004081553363886306
321.7199999998524,booster,-2277.0104844947023,7569.686754093745,27.044835637015648,-442.3992243755741,443.2251085653234,1.5828190510305624,-0.004380226655142197,5977.040079413162,1977.0400794131617,0.0,0.0,49384.79459422996,7569.686754093745,-2277.0104844947023,0.00404812631820575
321.8299999998523,booster,-2274.049921288023,7521.092596257,26.78179097234801,-441.00694045094735,441.81940411619763,1.5823932047804687,-0.004047459508374286,5974.585313939973,1974.5853139399737,135754.1701499167,0.8145250208995002,49353.38635067064,7521.092596257,-2274.049921288023,0.003943711926238681
321.9399999998522,booster,-2271.1180898106895,7472.641396226944,26.523061168468715,-439.8412291326049,440.6401929223286,1.5819503956275756,-0.004624510996286491,5972.621537633746,1972.6215376337457,0.0,0.0,49370.911230557576,7472.641396226944,-2271.1180898106895,0.003926959712855049
322.0499999998521,booster,-2268.214904672928,7424.333221872107,26.261642425216,-438.4476887060893,439.2334795920977,1.581508535783955,-0.004158116796022749,5970.16699389601,1970.1669938960106,135756.95191088814,0.8145417114653288,49335.7834758915,7424.333221872107,-2268.214904672928,0.004026396414098202
322.159999999852,booster,-2265.3402831031626,7376.168135629327,26.004307613683704,-437.28099078226984,438.0535228873187,1.581061762435244,-0.004632011316532624,5968.203443455307,1968.203443455307,0.0,0.0,49349.917812475025,7376.168135629327,-2265.3402831031626,0.003997113526519481
322.2699999998519,booster,-2262.4941402570958,7328.146195081949,25.744495647304507,-435.88638138387296,436.6459853612091,1.5806262627303742,-0.004070829860507787,5965.749107115582,1965.749107115582,135760.80869887752,0.8145648521932651,49311.093067519316,7328.146195081949,-2262.4941402570958,0.003910045074422645
322.3799999998518,booster,-2259.676385867126,7280.267452401184,25.48864522421929,-434.7188864357405,435.46547654124817,1.5801943457953986,-0.0037853088970340853,5963.785770922022,1963.7857709220214,0.0,0.0,49321.85905017113,7280.267452401184,-2259.676385867126,0.0038991838710494852
322.4899999998517,booster,-2256.8869214517704,7232.531954917528,25.230690964901736,-433.32339483770795,434.05731451070204,1.5797736983069586,-0.004328486325513711,5961.331624970641,1961.331624970641,0.0,0.0,49279.365564368054,7232.531954917528,-2256.8869214517704,0.0038906526858875977
322.5999999998516,booster,-2254.1256239522386,7184.938605332888,24.973859899288296,-431.92742979936077,432.6488163526522,1.5793744641194052,-0.003685145958801563,5958.877576195791,1958.8775761957918,135722.5220276416,0.8143351321658495,49234.97240338312,7184.938605332888,-2254.1256239522386,0.003914331579165282
322.7099999998515,booster,-2251.392387510915,7137.488578019154,24.721014466551196,-430.7589206575846,431.4677001611392,1.5789859068118601,-0.004044244385803732,5956.914374933216,1956.9143749332165,0.0,0.0,49240.63275900889,7137.488578019154,-2251.392387510915,0.003906464589981902
322.8199999998514,booster,-2248.6871057886424,7090.184168825489,24.466670030792187,-429.3625332425799,430.0590690764249,1.5786215397163144,-0.0033775920664821635,5954.460622303263,1954.4606223032636,135729.4863814882,0.8143769182889294,49192.64934954544,7090.184168825489,-2248.6871057886424,0.003875315214828427
322.9299999998513,booster,-2246.0096025728835,7043.023123122975,24.21638719532001,-428.19387773539097,428.8781066210592,1.5782695455009093,-0.0030298151159057008,5952.497732063783,1952.4977320637831,0.0,0.0,49195.045558684775,7043.023123122975,-2246.0096025728835,0.0038764892542639657
323.0399999998512,booster,-2243.3597157366607,6996.005462767735,23.965039798213418,-426.79707032877394,427.4693701000744,1.5779349115983896,-0.0035274388588442318,5950.044112644581,1950.0441126445814,0.0,0.0,49143.48046355379,6996.005462767735,-2243.3597157366607,0.003875368284017151
323.1499999998511,booster,-2240.7372831060516,6949.13232526922,23.715405110430613,-425.40020104156946,426.0607368506978,1.5776258170417907,-0.002863093760550368,5947.590695349198,1947.5906953491979,135696.02619965994,0.8141761571979598,49090.09222488597,6949.13232526922,-2240.7372831060516,0.003910620846191639
323.259999999851,booster,-2238.1421026317753,6902.402581869255,23.469986449109125,-424.2314105467665,424.8801359894582,1.5773287255634465,-0.003211525787252553,5945.628000081779,1945.6280000817787,0.0,0.0,49087.53899203031,6902.402581869255,-2238.1421026317753,0.003910040299239431
323.3699999998509,booster,-2235.573995908856,6855.8185203689145,23.224050566863895,-422.834580167334,423.4718865639346,1.5770483593500058,-0.0030303263791969367,5943.174813707767,1943.174813707767,0.0,0.0,49030.65704106461,6855.8185203689145,-2235.573995908856,0.0038878929804679325
323.4799999998508,booster,-2233.0327152948967,6809.376701312762,22.980155288947426,-421.43763642517655,422.063702458223,1.5767907310724356,-0.0023919370719666234,5940.721662707591,1940.7216627075911,135666.10870162508,0.8139966522097505,48971.95345626291,6809.376701312762,-2233.0327152948967,0.0038728838989735685
323.5899999998507,booster,-2230.518071241067,6763.080538585831,22.740578650779334,-420.269309647185,420.8841010880475,1.576543206100485,-0.0027607902012299285,5938.759246095281,1938.759246095281,0.0,0.0,48964.5640292886,6763.080538585831,-2230.518071241067,0.003911558966795594
323.6999999998506,booster,-2228.029808226555,6716.927729733748,22.500945680925522,-418.8726715023084,419.4765875326258,1.576315449717485,-0.0021480633810951645,5936.306274792101,1936.3062747921012,135680.41318507522,0.8140824791104513,48902.42667959018,6716.927729733748,-2228.029808226555,0.0039021937970287767
323.8099999998505,booster,-2225.5677169140113,6670.921676685253,22.263576109459482,-417.47642794107696,418.0696529379081,1.5760947164346868,-0.0020111901134719757,5933.853596936463,1933.8535969364627,135640.43267003034,0.813842596020182,48838.560473898244,6670.921676685253,-2225.5677169140113,0.003887252908481267
323.9199999998504,booster,-2223.1315170797993,6625.058908981189,22.03058225526734,-416.30896691781726,416.89147567524856,1.5758866836640575,-0.002404044184097953,5931.891391428002,1931.8913914280017,0.0,0.0,48826.42024297763,6625.058908981189,-2223.1315170797993,0.0038843095551890964
324.0299999998503,booster,-2220.720974519899,6579.341686134216,21.79786283568434,-414.9132894941562,415.485480640497,1.5756953089536259,-0.001832500380565017,5929.438836290794,1929.4388362907935,135658.27552057512,0.8139496531234508,48759.18182522781,6579.341686134216,-2220.720974519899,0.003906876310450058
324.1399999998502,booster,-2218.335830027895,6533.769955688168,21.569512081000617,-413.74687291205385,414.3087238954976,1.5755080808243733,-0.0015775584270295276,5927.476946246032,1927.4769462460313,0.0,0.0,48744.01290842942,6533.769955688168,-2218.335830027895,0.0038977092624377127
324.2499999998501,booster,-2215.975800409236,6488.3413936131965,21.341586968591034,-412.3519304330998,412.9038361001771,1.5753279289969928,-0.0021439025704842953,5925.024472102119,1925.0244721021193,0.0,0.0,48673.442354245795,6488.3413936131965,-2215.975800409236,0.003903174997792878
324.35999999985,booster,-2213.6406495999545,6443.059372106676,21.116111055272665,-410.95759426304267,411.49973806621824,1.5751621618920122,-0.001613497660170174,5922.572237282129,1922.5722372821288,135641.54147455393,0.8138492488473236,48601.197312688135,6443.059372106676,-2213.6406495999545,0.003919613707777987
324.4699999998499,booster,-2211.3301099676387,6397.923825270818,20.893089797375648,-409.563905218201,410.0964687227442,1.5749965582513754,-0.001541241442591662,5920.120229204013,1920.1202292040136,135604.6220067247,0.8136277320403483,48527.289364463046,6397.923825270818,-2211.3301099676387,0.0039062212206993916
324.5799999998498,booster,-2209.0438854327735,6352.931247720237,20.67435377417947,-408.399719684299,408.92268210774745,1.5748369589024807,-0.0019731162970201377,5918.158501669374,1918.1585016693741,0.0,0.0,48505.97091396711,6352.931247720237,-2209.0438854327735,0.0039004541229550244
324.6899999998497,booster,-2206.781725898587,6308.08387665576,20.45622804188907,-407.00708880478027,407.52083088235383,1.5746874681840541,-0.0014761681425548559,5915.706477618699,1915.706477618699,135630.9717946719,0.8137858307680316,48428.814125914185,6308.08387665576,-2206.781725898587,0.003926146604409626
324.7999999998496,booster,-2204.5433727696945,6263.38277864846,20.240544181114927,-405.6152240907302,406.1199202734593,1.5745356104303967,-0.0014274471210717896,5913.254640654958,1913.2546406549582,135595.90334289987,0.8135754200573994,48350.02768530692,6263.38277864846,-2204.5433727696945,0.003913836475902858
324.9099999998495,booster,-2202.3285508141507,6218.826717267265,20.029021916218785,-404.4534294449941,404.949056436408,1.5743879086501227,-0.0018689342510002558,5911.293167931748,1911.2931679317483,0.0,0.0,48324.28634053322,6218.826717267265,-2202.3285508141507,0.00395569285229401
325.0199999998494,booster,-2200.1370125830026,6174.417897445959,19.8181548363038,-403.0632485139797,403.5501723004934,1.5742421391716976,-0.0018294219521763923,5908.841537603024,1908.8415376030239,0.0,0.0,48242.38176013305,6174.417897445959,-2200.1370125830026,0.003935439514679633
325.1299999998493,booster,-2197.9684697025696,6130.152781276362,19.609682709267876,-401.673748458447,402.15213521330196,1.5741043031296211,-0.0013717314304339616,5906.38989675001,1906.3898967500095,135594.41003927396,0.8135664602356438,48158.84726852883,6130.152781276362,-2197.9684697025696,0.003959673323280917
325.2399999998492,booster,-2195.822712141586,6086.0381406863125,19.403586275306,-400.2855613656527,400.75557363330455,1.5739627132909912,-0.0013446172657149943,5903.938689511879,1903.9386895118782,135562.2399761019,0.8133734398566115,48073.79836297005,6086.0381406863125,-2195.822712141586,0.003914323389315019
325.3499999998491,booster,-2193.69944082091,6042.068113181959,19.20143188937205,-399.12790103954137,399.58950984082674,1.573823012079866,-0.001792733996365621,5901.9776724522,1901.9776724521994,0.0,0.0,48042.3268293598,6042.068113181959,-2193.69944082091,0.003964053247198213
325.459999999849,booster,-2191.5984171290816,5998.244890562217,18.999963584759573,-397.74169372897563,398.1952455098082,1.5736832925356241,-0.0017707175476068628,5899.526554620167,1899.5265546201674,0.0,0.0,47954.249366444834,5998.244890562217,-2191.5984171290816,0.003941430708419047
325.5699999998489,booster,-2189.5193812110374,5954.567206544632,18.800787996863896,-396.35650769401593,396.8021557661948,1.5735502090072653,-0.0013368747720068092,5897.075512645535,1897.0755126455356,135571.48601806324,0.8134289161083795,47864.62350440014,5954.567206544632,-2189.5193812110374,0.003926814049894007
325.6799999998488,booster,-2187.4621005113836,5911.0372197259785,18.603863725288136,-394.97257777269647,395.41047145708956,1.573411538575421,-0.0013238150280265794,5894.624684123611,1894.6246841236107,135542.623915559,0.813255743493354,47773.4969266819,5911.0372197259785,-2187.4621005113836,0.003927973858950164
325.7899999998487,booster,-2185.426307060837,5867.6513583153455,18.41064908394395,-393.81964747253886,394.24975172482596,1.573273639446044,-0.0017692226957273698,5892.663915847727,1892.6639158477274,0.0,0.0,47736.468862054724,5867.6513583153455,-2185.426307060837,0.0039658448477644164
325.8999999998486,booster,-2183.4117889404556,5824.414090745844,18.218113531824212,-392.4381792245258,392.8608203597293,1.573135214521278,-0.0017581143880574985,5890.213203611637,1890.213203611637,0.0,0.0,47642.441982998585,5824.414090745844,-2183.4117889404556,0.00392103615002647
326.0099999998485,booster,-2181.4183002441914,5781.324115341563,18.02774848444934,-391.0580689577808,391.47338736165324,1.5729969147054175,-0.0017459628450652367,5887.762651827827,1887.7626518278266,0.0,0.0,47546.95172679292,5781.324115341563,-2181.4183002441914,0.003931165310523661
326.1199999998484,booster,-2179.4455922353577,5738.378975711762,17.839511171689633,-389.67914230374925,390.08727498526594,1.5728641821606157,-0.0013323246395722963,5885.312078537309,1885.3120785373096,135538.96519374463,0.8132337911624679,47449.97355587915,5738.378975711762,-2179.4455922353577,0.003964095296538193
326.2299999998483,booster,-2177.4934613238656,5695.583123590337,17.653380156727465,-388.3018423267094,388.7029233042564,1.5727257307346254,-0.0013242557746951408,5882.861786081019,1882.8617860810195,135514.90456335415,0.813089427380125,47351.59473455965,5695.583123590337,-2177.4934613238656,0.003923436901645677
326.3399999998482,booster,-2175.561658417536,5652.932944335318,17.470636290357028,-387.1563275628575,387.55031299735595,1.5725879135033372,-0.0011638135005218068,5880.901532755706,1880.9015327557067,0.0,0.0,47307.97143327364,5652.932944335318,-2175.561658417536,0.003932568387944682
326.4499999998481,booster,-2173.6499721293185,5610.430570558935,17.288585927233406,-385.782019066017,386.1692134777396,1.5724491266200535,-0.0017521618627924299,5878.451335425718,1878.4513354257183,0.0,0.0,47206.850967583974,5610.430570558935,-2173.6499721293185,0.003976815041776067
326.559999999848,booster,-2171.7581872062774,5568.076970024348,17.108534240003497,-384.4094305493161,384.7899585996117,1.572310460963202,-0.0017467541128753073,5876.001359824823,1876.001359824823,0.0,0.0,47104.36878776159,5568.076970024348,-2171.7581872062774,0.003923237849714453
326.6699999998479,booster,-2169.886071773967,5525.869665321822,16.930478032283613,-383.0383824971033,383.4123675005788,1.5721715798679607,-0.0017380974406896186,5873.551418976907,1873.5514189769074,0.0,0.0,47000.500281465196,5525.869665321822,-2169.886071773967,0.003933968978531023
326.7799999998478,booster,-2168.0334104015287,5483.808475907005,16.754378726911117,-381.6689024034987,382.0364645795165,1.5720383233105009,-0.0013379398903147766,5871.101488786058,1871.1014887860588,135515.67172453337,0.8130940303472003,46895.25831160877,5483.808475907005,-2168.0334104015287,0.003930688507809381
326.8899999998477,booster,-2166.2000026161204,5441.895515945388,16.580198081619788,-380.3012281634545,380.66248450702045,1.5718993250403683,-0.0013348727365185245,5868.651712412919,1868.6517124129182,135498.41236353724,0.8129904741812235,46788.694944866416,5441.895515945388,-2166.2000026161204,0.0039752761054272405
326.9999999998476,booster,-2164.3856499488566,5400.13288653759,16.407923829783442,-378.93559890491065,379.29066437473426,1.5717608169629127,-0.001330144717497177,5866.202235390452,1866.2022353904522,135482.42317433868,0.8128945390460321,46680.863443946684,5400.13288653759,-2164.3856499488566,0.0039656205087644746
327.1099999998475,booster,-2162.5901336909387,5358.518062105911,16.237529039713305,-377.57182856522735,377.92081588000013,1.5716223960591966,-0.001324164683000856,5863.752864482841,1863.752864482841,135467.67581019996,0.8128060548611998,46571.73809717319,5358.518062105911,-2162.5901336909387,0.003926815833544929
327.2199999998474,booster,-2160.8132490276075,5317.050839483959,16.068983128064794,-376.2099433169002,376.5529626351057,1.571484105829672,-0.0013209320335566435,5861.303575172539,1861.3035751725395,135454.20007941406,0.8127252004764844,46461.332535788344,5317.050839483959,-2160.8132490276075,0.00395105290452105
327.3299999998473,booster,-2159.054793904587,5275.731012645571,15.902271357362185,-374.84996861960633,375.1871282552788,1.5713459516324426,-0.0013157498897950993,5858.854342356439,1858.8543423564386,135442.02620657426,0.8126521572394456,46349.66053552863,5275.731012645571,-2159.054793904587,0.003931449029304517
327.4399999998472,booster,-2157.3145794637335,5234.560661193624,15.737360291602116,-373.49214327753,373.82354874859163,1.5712082669410428,-0.0013117931378953149,5856.40531237176,1856.4053123717608,135431.24400000053,0.8125874640000033,46236.776104996876,5234.560661193624,-2157.3145794637335,0.003934515106522019
327.5499999998471,booster,-2155.5924037358936,5193.538390882971,15.575205822716127,-372.36774629059875,372.69333977676564,1.5710718046903411,-0.0011519640352180061,5854.446147237211,1854.4461472372118,0.0,0.0,46179.95087404273,5193.538390882971,-2155.5924037358936,0.0039344253608887434
327.659999999847,booster,-2153.888071739047,5152.6639837374105,15.413810448788457,-371.0141583787262,371.33420428237645,1.5709347124945063,-0.0011478180684471474,5851.99724264038,1851.9972426403797,0.0,0.0,46064.7297679434,5152.6639837374105,-2153.888071739047,0.003943754668074333
327.7699999998469,booster,-2152.2013959944493,5111.938353510048,15.254152322912498,-369.6627929863475,369.97739077078455,1.5707980747634405,-0.0011437306199248748,5849.548467835229,1849.5484678352286,0.0,0.0,45948.3375116499,5111.938353510048,-2152.2013959944493,0.003942454014689014
327.8799999998468,booster,-2150.532186356183,5071.361254639206,15.096212944663751,-368.3136721327332,368.6229194246732,1.5706618874866882,-0.001139707160062026,5847.09979564119,1847.0997956411907,0.0,0.0,45830.78810082186,5071.361254639206,-2150.532186356183,0.003942755435410475
327.9899999998467,booster,-2148.880259145202,5030.9335972949075,14.93912039511901,-366.73521354850277,367.03936324956453,1.5705253626653382,-0.0012921854431290872,5844.1615931844135,1844.1615931844133,135399.08075008471,0.8123944845005084,45654.493769009656,5030.9335972949075,-2148.880259145202,0.003942809908269023
328.0999999998466,booster,-2147.245428748877,4990.65510840367,14.784587101959273,-365.3907703649724,365.68975796935223,1.5703903186134014,-0.001288188325966931,5841.713227877258,1841.713227877258,135397.3240805966,0.8123839444835796,45534.6295543226,4990.65510840367,-2147.245428748877,0.00393472231841119
328.2099999998465,booster,-2145.62750709542,4950.524377016361,14.631713980131853,-364.0486302246486,364.3425479167089,1.5702556831729217,-0.0012845660995522944,5839.264874298942,1839.2648742989425,135397.18785005948,0.8123831271003569,45413.65058347991,4950.524377016361,-2145.62750709542,0.003936248937095996
328.3199999998464,booster,-2144.026320613927,4910.5434476816845,14.480478124571386,-362.70903381109395,362.99797169528847,1.5701217108918375,-0.0012816482761643054,5836.816684684471,1836.8166846844706,135398.76959640096,0.8123926175784058,45291.613544208405,4910.5434476816845,-2144.026320613927,0.0039489911317016485
328.4299999998463,booster,-2142.4416893477332,4870.7120458195905,14.33086562127332,-361.37200037010257,361.656047040478,1.5699883646164492,-0.0012776326550921232,5834.3686305689735,1834.3686305689732,135402.10510606182,0.8124126306363709,45168.53271831496,4870.7120458195905,-2142.4416893477332,0.003932406659462719
328.5399999998462,booster,-2140.873435231898,4831.029894940949,14.182851856223373,-360.0375485161032,360.31679065547434,1.5698556318181285,-0.0012758851758256605,5831.92068291938,1831.92068291938,135407.23065892962,0.8124433839535777,45044.422220895765,4831.029894940949,-2140.873435231898,0.003964508915015953
328.6499999998461,booster,-2139.321388975825,4791.499036834844,14.036427101783957,-358.7059222445833,358.98044506507694,1.5697182952911366,-0.0016329961333387561,5829.47299984226,1829.4729998422597,0.0,0.0,44919.34050794177,4791.499036834844,-2139.321388975825,0.003942470330457755
328.759999999846,booster,-2137.7853633196582,4752.114526434154,13.891569049328893,-357.3766849417066,357.64657223378515,1.5695866899252515,-0.001628197953199603,5827.025174540831,1827.0251745408316,0.0,0.0,44793.2128012756,4752.114526434154,-2137.7853633196582,0.003943874435715017
328.8699999998459,booster,-2136.2651995007736,4712.880706402547,13.748258992660926,-356.05030457763434,356.31563818496016,1.5694558289512703,-0.001623656807295452,5824.577551383096,1824.5775513830963,0.0,0.0,44666.141558306765,4712.880706402547,-2136.2651995007736,0.003948004568203295
328.9799999998458,booster,-2134.760732334221,4673.79960488187,13.606477506724797,-354.7270274334256,354.98788742983226,1.569325900855803,-0.0010844132547372157,5822.130293668013,1822.1302936680129,0.0,0.0,44538.18652557567,4673.79960488187,-2134.760732334221,0.003940673482362766
329.0899999998457,booster,-2133.2717785913974,4634.865099014,13.465671334795429,-353.17367364998773,353.43028741737004,1.5691953820850575,-0.0012395873849637626,5819.193378198118,1819.1933781981181,135346.81971620605,0.8120809182972363,44350.88466065088,4634.865099014,-2133.2717785913974,0.0039446401807587935
329.1999999998456,booster,-2131.7981831257935,4596.081513073582,13.326936697377342,-351.8558326319172,352.10812856115047,1.5690664742678782,-0.0012376212919017566,5816.746121723937,1816.746121723937,135363.23935096513,0.8121794361057909,44220.9887957959,4596.081513073582,-2131.7981831257935,0.003935861225881415
329.3099999998455,booster,-2130.3397823263913,4557.449713554689,13.18968286880493,-350.5411374610316,350.7891913766066,1.5689330768530885,-0.0015871225978311126,5814.299133748202,1814.2991337482017,0.0,0.0,44090.25254318501,4557.449713554689,-2130.3397823263913,0.003941291585018016
329.4199999998454,booster,-2128.8964035283147,4518.964700077149,13.053897230546752,-349.2291347221839,349.4730215219924,1.5688052870921072,-0.0015841696902154888,5811.851987362122,1811.8519873621217,0.0,0.0,43958.59695712019,4518.964700077149,-2128.8964035283147,0.003939135486189072
329.5299999998453,booster,-2127.4679006340352,4480.634308069761,12.919132770410881,-347.6876824202405,347.9276196255444,1.568677603802634,-0.0012149344735011545,5808.915963628536,1808.915963628536,135309.05576054577,0.8118543345632746,43767.602448510195,4480.634308069761,-2127.4679006340352,0.003943114105355252
329.6399999998452,booster,-2126.054100997989,4442.451181757092,12.786257008960888,-346.38188879274946,346.6178028490918,1.5685511209457117,-0.0012146014445641009,5806.4690999603745,1806.4690999603743,135333.81155737577,0.8120028693442546,43634.256848326164,4442.451181757092,-2126.054100997989,0.003948508930047331
329.7499999998451,booster,-2124.6548555583286,4404.420838611204,12.654799462208414,-345.0795207652554,345.31148199995755,1.5684202257984396,-0.0015575445818438742,5804.022569316394,1804.0225693163936,0.0,0.0,43500.17404607143,4404.420838611204,-2124.6548555583286,0.003943533704571438
329.859999999845,booster,-2123.2700043624286,4366.540557946434,12.524740061363723,-343.78034959411445,344.008427048897,1.5682950409892187,-0.0015562931185231672,5801.576134241341,1801.5761342413402,0.0,0.0,43365.31982061987,4366.540557946434,-2123.2700043624286,0.003938602298238111
329.9699999998449,booster,-2121.8993896100983,4328.808872594012,12.39576797282456,-342.2508941611643,342.4752978212481,1.5681694144566596,-0.0011969253965274534,5798.6402987320125,1798.6402987320123,135303.97760129947,0.811823865607797,43170.863698768946,4328.808872594012,-2121.8993896100983,0.003944395147629324
330.0799999998448,booster,-2120.542867468063,4291.232392287711,12.268494310736491,-340.958469473791,341.1791228351504,1.5680403762531552,-0.0015357103709094163,5796.1942468930265,1796.194246893026,0.0,0.0,43034.52787519085,4291.232392287711,-2120.542867468063,0.0039437941360085235
330.1899999998447,booster,-2119.2002817393727,4253.807212936467,12.142575083133627,-339.66950128402965,339.8864696221239,1.5679169956851544,-0.0015345639668747667,5793.74838658802,1793.7483865880208,0.0,0.0,42897.509687039266,4253.807212936467,-2119.2002817393727,0.00395738934690916
330.2999999998446,booster,-2117.871474862944,4216.527188472745,12.017785658936706,-338.1497258021609,338.36321347365873,1.5677928919730955,-0.0011834166315848168,5790.812835195184,1790.812835195184,135293.79507489537,0.8117627704493723,42700.73748808186,4216.527188472745,-2117.871474862944,0.003942705155859348
330.4099999998445,booster,-2116.5563073954686,4179.401287474278,11.894566416765526,-336.8672914964746,337.07722081210653,1.5676652903194057,-0.0015175790813297934,5788.366903506462,1788.3669035064624,0.0,0.0,42562.27115858286,4179.401287474278,-2116.5563073954686,0.003944087072060035
330.5199999998444,booster,-2115.2546317776305,4142.429101897919,11.772491482013738,-335.35486299445006,335.56143355534834,1.5675425072582196,-0.0011720641688036488,5785.432167870186,1785.4321678701865,135258.27325763152,0.8115496395457891,42364.20925513488,4142.429101897919,-2115.2546317776305,0.003944449418203278
330.6299999998443,booster,-2113.9663019547534,4105.6102232694875,11.651898925829341,-334.07993120206123,334.28306445369276,1.5674161171610503,-0.0015032732797398344,5782.986832835899,1782.9868328358987,0.0,0.0,42224.5447811239,4105.6102232694875,-2113.9663019547534,0.0039446611974650455
330.7399999998442,booster,-2112.6911733377246,4068.9442437251896,11.532481714338777,-332.57483836682553,332.77473048477054,1.5672943821348615,-0.0011629037913679376,5780.052711662147,1780.052711662147,135232.10071144768,0.8113926042686861,42025.249395147745,4068.9442437251896,-2112.6911733377246,0.003944834343570507
330.8499999998441,booster,-2111.4291028339226,4032.430755136521,11.414462069549742,-331.30741100737293,331.50398268006603,1.5671689707683327,-0.0014910300018118547,5777.607802681263,1777.6078026812634,0.0,0.0,41884.440668959585,4032.430755136521,-2111.4291028339226,0.003945027652445642
330.959999999844,booster,-2110.179948827091,3996.0693501692613,11.297648381023402,-329.80963585138085,330.0030799240542,1.5670480788413697,-0.0011554968650873724,5774.67408776293,1774.6740877629302,135215.59846458252,0.8112935907874953,41683.96629693629,3996.0693501692613,-2110.179948827091,0.003945175070444406
331.0699999998439,booster,-2108.9435712015966,3959.8596213912465,11.182147686646504,-328.54970877787764,328.7399451921141,1.5669234653269986,-0.0014803881585709353,5772.229428376992,1772.2294283769916,0.0,0.0,41542.06559921256,3959.8596213912465,-2108.9435712015966,0.003945337278217655
331.1799999998438,booster,-2107.719831315569,3923.8011623495663,11.067883317831525,-327.0592266035148,327.2464449732439,1.5668032587373775,-0.0011494346422543733,5769.295904357985,1769.2959043579854,135209.09859162258,0.8112545915497356,41340.46494664586,3923.8011623495663,-2107.719831315569,0.003945461409224774
331.2899999998437,booster,-2106.5085920196348,3887.8935666607695,10.954847761706464,-325.80678958228117,325.99090911771606,1.5666793048017174,-0.0014709795027214568,5766.851312047563,1766.8513120475625,0.0,0.0,41197.52290940517,3887.8935666607695,-2106.5085920196348,0.003945598527001163
331.3999999998436,booster,-2105.309717624784,3852.136429106916,10.843078935862144,-324.3235689356117,324.5047761250084,1.5665596639498465,-0.0011443897649331168,5763.917756169935,1763.917756169935,135212.94500664313,0.8112776700398588,40994.846852504066,3852.136429106916,-2105.309717624784,0.003945703977414278
331.5099999998435,booster,-2104.1230739171165,3816.5293447077347,10.732455230466696,-323.078605620052,323.25681896082415,1.5664362653123134,-0.0014625113737676033,5761.473042136475,1761.4730421364748,0.0,0.0,40850.91242360883,3816.5293447077347,-2104.1230739171165,0.003945821203630288
331.6199999998434,booster,-2102.9485281217503,3781.071909836209,10.623128902917134,-321.60260823669825,321.7780112007892,1.566317100651185,-0.0011401061675654252,5758.5392239693965,1758.5392239693967,135227.49431330396,0.8113649658798238,40647.20997081495,3781.071909836209,-2102.9485281217503,0.0039459120556741304
331.7299999998433,booster,-2101.78592167516,3745.776560611279,10.515214837035712,-320.131589183581,320.3042368378447,1.5661892474275059,-0.001094960154866831,5755.606556864113,1755.606556864113,135175.76635648473,0.8110545981389083,40443.31473679395,3745.776560611279,-2101.78592167516,0.0030985924728264926
331.8399999998432,booster,-2100.6351595306187,3710.6299097139017,10.407984519748533,-318.8990650566694,319.0688637830103,1.5660672692872648,-0.001451217580023826,5753.162431996874,1753.162431996874,0.0,0.0,40298.2319597952,3710.6299097139017,-2100.6351595306187,0.003854270232843152
331.9499999998431,booster,-2099.4961087571783,3675.6315575569693,10.302214582871134,-317.4351803554894,317.6023132041604,1.565949337545323,-0.0011300728027763985,5750.229135990689,1750.2291359906894,135207.33824025572,0.8112440294415344,40093.377372139716,3675.6315575569693,-2099.4961087571783,0.003960419866821452
332.059999999843,booster,-2098.3686108456245,3640.793960524342,10.197791097891914,-315.97623941688596,316.14075792171036,1.565822573935632,-0.001085172086791925,5747.296822377883,1747.2968223778826,135163.4467823563,0.8109806806941379,39888.36929185569,3640.793960524342,-2098.3686108456245,0.0030927964789178985
332.1699999998429,booster,-2097.252578753149,3606.103718400773,10.093947663377804,-314.75607036435315,314.9178807413778,1.565701636451157,-0.0014368331955061787,5744.852833093146,1744.8528330931463,0.0,0.0,39742.244125813806,3606.103718400773,-2097.252578753149,0.0038532835799681164
332.2799999998428,booster,-2096.1478518323825,3571.572139101337,9.991586116640782,-313.3054630562586,313.46474279258723,1.5655755057806713,-0.001483209571614607,5741.920719422869,1741.9207194228693,0.0,0.0,39536.61513754075,3571.572139101337,-2096.1478518323825,0.003090673311895487
332.3899999998427,booster,-2095.0543428512838,3537.1881547364437,9.890450285020817,-311.85844212633447,312.0152383014406,1.5654594163706226,-0.0011216851869320181,5738.98818827243,1738.98818827243,135177.64442529058,0.8110658665517435,39330.59269788437,3537.1881547364437,-2095.0543428512838,0.004083508875963674
332.4999999998426,booster,-2093.97189172091,3502.9630739740146,9.790509757963234,-310.4163009913426,310.5706586309605,1.565333994905875,-0.0010722015254693213,5736.056398966162,1736.0563989661623,135144.92779453594,0.8108695667672156,39124.464452882195,3502.9630739740146,-2093.97189172091,0.003083359009438628
332.6099999998425,booster,-2092.90039925319,3468.889356796631,9.691280246969043,-308.97822646432286,309.13017539842934,1.5652099872175869,-0.0012526402821809004,5733.124543161481,1733.1245431614805,135114.94713936537,0.8106896828361921,38918.07088099855,3468.889356796631,-2092.90039925319,0.007216451376020366
332.7199999998424,booster,-2091.8397548178837,3434.9688605092783,9.593495591047773,-307.54445541995165,307.69404806919823,1.5650892041703395,-0.0015576071374352521,5730.192794445613,1730.1927944456131,135087.82890462247,0.8105269734277348,38711.48316236571,3434.9688605092783,-2091.8397548178837,0.004243924559022938
332.8299999998423,booster,-2090.789810292501,3401.2046312934744,9.4963881283642,-306.35124269423574,306.49839361371386,1.5649663396834759,-0.0013617497944935083,5727.749982284455,1727.7499822844552,0.0,0.0,38564.09613707835,3401.2046312934744,-2090.789810292501,0.004569987364180681
332.9399999998422,booster,-2089.750465429885,3367.5938335280084,9.400753981849851,-304.92662682380967,305.07150296541,1.5648430390528034,-0.0013208168336512342,5724.818669955082,1724.818669955083,0.0,0.0,38357.23797920462,3367.5938335280084,-2089.750465429885,0.005311523210846109
333.0499999998421,booster,-2088.721601402281,3334.1371429890087,9.305619048880743,-303.5065113750705,303.6491346817058,1.5647179408389567,-0.0015417676018695042,5721.887518652313,1721.8875186523123,0.0,0.0,38150.26489051837,3334.1371429890087,-2088.721601402281,0.0022460688348125623
333.159999999842,booster,-2087.703105327445,3300.834058645638,9.212707214845178,-302.0908714228406,302.23131633111365,1.5645967063957174,-0.0012776871733100386,5718.956455430424,1718.9564554304243,0.0,0.0,37943.200217978534,3300.834058645638,-2087.703105327445,0.007348830519612278
333.2699999998419,booster,-2086.694863454029,3267.6864370922494,9.119981916885015,-300.67994806589104,300.8182262414817,1.5644742025345726,-0.00125897344580847,5716.025669956408,1716.0256699564081,0.0,0.0,37736.09455096837,3267.6864370922494,-2086.694863454029,0.007059352786658382
333.3799999998418,booster,-2085.696769471825,3234.6914053038017,9.027783312722049,-299.27343774263585,299.4095713397232,1.5643497974975071,-0.0018384817538247588,5713.094824378514,1713.0948243785144,0.0,0.0,37528.90117619712,3234.6914053038017,-2085.696769471825,0.0013739501054960118
333.4899999998417,booster,-2084.7086772021244,3201.853190846131,8.937722180666219,-297.871865926884,298.0059250896571,1.5642283157459655,-0.0012726065330150634,5710.164380410626,1710.1643804106263,0.0,0.0,37321.75916091947,3201.853190846131,-2084.7086772021244,0.007466431141789227
333.5999999998416,booster,-2083.7305198307567,3169.1688970616383,8.84796188152134,-296.4749203520518,296.6069197224035,1.5641066295269135,-0.0012480164067241854,5707.23399597887,1707.2339959788692,0.0,0.0,37114.602997576025,3169.1688970616383,-2083.7305198307567,0.0070949147496220085
333.7099999998415,booster,-2082.7621591562856,3136.6403699513294,8.758517411923561,-295.0828468581242,295.2128014452458,1.563981962498718,-0.001520785287869471,5704.303869010953,1704.3038690109531,0.0,0.0,36907.50007926127,3136.6403699513294,-2082.7621591562856,0.002270569968957664
333.8199999998414,booster,-2081.8034938553,3104.2670719667026,8.671154554645767,-293.695616248651,293.8235932068516,1.5638609001220711,-0.0012852246838641233,5701.37392564504,1701.3739256450397,0.0,0.0,36700.4722170984,3104.2670719667026,-2081.8034938553,0.005397389555641611
333.9299999998413,booster,-2080.8544320534484,3072.047309846296,8.58479340031362,-292.0760689724008,292.2022052348282,1.5637390748870725,-0.0014985046829000378,5697.955650650694,1697.9556506506945,135000.5132603377,0.8100030795620262,36434.39137109613,3072.047309846296,-2080.8544320534484,0.005324139987698679
334.0399999998412,booster,-2079.914830324595,3039.98526879177,8.499825336498855,-290.6985592227785,290.8227971891995,1.5636141542101283,-0.0009819560543116003,5695.026084872851,1695.0260848728512,135013.725446251,0.8100823526775061,36227.602684153004,3039.98526879177,-2079.914830324595,0.0015728727887785669
334.1499999998411,booster,-2078.9845974679715,3008.0768635805794,8.414128659549487,-289.32577770763066,289.4481010599737,1.5634922877707669,-0.0012310358917622354,5692.096465233773,1692.0964652337739,135030.73625908536,0.8101844175545123,36020.888587461755,3008.0768635805794,-2078.9845974679715,0.007377963947665675
334.259999999841,booster,-2078.0636469344663,2976.3239220927603,8.330305065994137,-287.9579771281426,288.0784451746163,1.5633714262696148,-0.0011364877049852029,5689.166997780235,1689.1669977802349,135051.70324304278,0.8103102194582568,35814.33646522046,2976.3239220927603,-2078.0636469344663,0.005275193549382681
334.3699999998409,booster,-2077.151840096213,2944.7282785875914,8.247964905200432,-286.59540810030967,286.7140681397766,1.5632430231713197,-0.0012249078492552596,5686.237898187577,1686.2378981875768,0.0,0.0,35608.01116320388,2944.7282785875914,-2077.151840096213,0.00696997104189334
334.4799999998408,booster,-2076.2490982215595,2913.2881855455507,8.166131753972158,-285.0003334341159,285.1173017643448,1.5631206466601975,-0.0014919355960491979,5682.820775395495,1682.8207753954946,134962.15234718518,0.8097729140831111,35342.9860905987,2913.2881855455507,-2076.2490982215595,0.005292139297138277
334.5899999998407,booster,-2075.3552930105197,2882.0054499006487,8.084926026547425,-283.6479300848412,283.7631305689126,1.5629969647887925,-0.0012226757639081922,5679.892071202212,1679.8920712022118,134994.8443947151,0.8099690663682906,35137.13700490548,2882.0054499006487,-2075.3552930105197,0.00701352836276691
334.6999999998406,booster,-2074.4703490597212,2850.878328397933,8.004715464159778,-282.30063500007213,282.4141001988146,1.562867113708806,-0.0017625728607062576,5676.963497169976,1676.963497169976,0.0,0.0,34931.528002480045,2850.878328397933,-2074.4703490597212,0.0010272973106837226
334.8099999998405,booster,-2073.5941479764324,2819.9062616782157,7.925245970970962,-280.9584103805463,281.0701654165092,1.5627455608705008,-0.0014952383269920815,5674.034975696949,1674.0349756969488,0.0,0.0,34726.1630389083,2819.9062616782157,-2073.5941479764324,0.0022371589267890513
334.9199999998404,booster,-2072.7265784595306,2789.092261507994,7.847731145307123,-279.3835726912666,279.4937701879333,1.5626189832888404,-0.0012480093812360252,5670.618671902781,1670.618671902781,134972.15261099103,0.8098329156659463,34462.43497561836,2789.092261507994,-2072.7265784595306,0.00744295152005369
335.0299999998403,booster,-2071.867587033165,2758.4333678913504,7.7700727203861915,-278.0517386449289,278.1602836379556,1.5624884801467982,-0.0017562437056185976,5667.690452511708,1667.6904525117077,0.0,0.0,34257.71608700698,2758.4333678913504,-2071.867587033165,0.0010615696447900877
335.1399999998402,booster,-2071.01702803701,2727.9313986879433,7.694275619257712,-276.48701458167176,276.5940547256768,1.5623642111606464,-0.0014999820426389262,5664.2744437078445,1664.2744437078447,134927.598974602,0.8095655938476121,33994.78493138817,2727.9313986879433,-2071.01702803701,0.0053751880152353194
335.2499999998401,booster,-2070.1748158580917,2697.5881570814136,7.618602649625041,-275.1659723990955,275.27142146011573,1.562226885741283,-0.0018643221763814338,5661.346783842252,1661.346783842252,0.0,0.0,33790.857169101924,2697.5881570814136,-2070.1748158580917,0.001903701269932285
335.35999999984,booster,-2069.3408773551682,2667.4006634646694,7.5445095756693625,-273.61172590726005,273.71572146788895,1.5621037434904435,-0.0015787466632339246,5657.931267349709,1657.9312673497086,134899.0430912284,0.8093942585473706,33528.863051583096,2667.4006634646694,-2069.3408773551682,0.0022323087704274013
335.4699999998399,booster,-2068.515094447763,2637.370719347412,7.47013596893143,-272.30126694415014,272.4037131002139,1.5619740987838817,-0.0010134537638407477,5655.003801082673,1655.0038010826731,134966.45199381054,0.8097987119628633,33325.73384831847,2637.370719347412,-2068.515094447763,0.0023347299870287563
335.5799999998398,booster,-2067.697392696725,2607.4977574347713,7.397735902446194,-270.75756379175976,270.85860674331764,1.5618419670596233,-0.0015964890622593296,5651.588670274426,1651.5886702744258,134887.05206253333,0.8093223123752,33064.751949053905,2607.4977574347713,-2067.697392696725,0.0023977086365894523
335.6899999998397,booster,-2066.8876526493773,2577.783563089711,7.324945528652344,-269.4580871934303,269.5576294244702,1.561702871883878,-0.0018511011429476472,5648.66167573697,1648.6616757369704,0.0,0.0,32862.56413171472,2577.783563089711,-2066.8876526493773,0.0019616867041471467
335.7999999998396,booster,-2066.085795115997,2548.2275286735276,7.2546440778095205,-267.92529367045273,268.02349309173263,1.56157283398666,-0.0010064339633501882,5645.247151767908,1645.247151767908,134892.56488001213,0.8093553892800728,32602.73515817946,2548.2275286735276,-2066.085795115997,0.0019716139930920145
335.9099999998395,booster,-2065.291732329992,2518.8290523076066,7.183400850285471,-266.6368865189522,266.73363211319355,1.5614400860438324,-0.0012563141453235521,5642.320587797223,1642.3205877972234,0.0,0.0,32401.56132139033,2518.8290523076066,-2065.291732329992,0.007484605540952385
336.0199999998394,booster,-2064.5053833535676,2489.587539570335,7.113396481001763,-265.1147438900345,265.2101578698948,1.5613091412873363,-0.0012419716601854566,5638.906239164929,1638.9062391649286,134916.2198614942,0.8094973191689652,32142.876431835128,2489.587539570335,-2064.5053833535676,0.007469881644787275
336.1299999998393,booster,-2063.726652640982,2460.503598137103,7.045426522021867,-263.5979746749118,263.6921126761145,1.5611737582011347,-0.0015861751911153206,5635.4920896221765,1635.4920896221763,134856.90809073648,0.809141448544419,31884.874326611713,2460.503598137103,-2063.726652640982,0.002372452727206235
336.2399999998392,booster,-2062.955445291665,2431.580204233852,6.976731535914174,-262.32638326875764,262.4191421024605,1.5610387762625844,-0.0012553821203426852,5632.56614362972,1632.5661436297191,0.0,0.0,31685.404029008903,2431.580204233852,-2062.955445291665,0.00737933506469411
336.3499999998391,booster,-2062.191689566945,2402.8143513569457,6.909123663292954,-260.8208025164937,260.9122975544512,1.560899244764942,-0.0018024645015869694,5629.152519200984,1629.1525192009838,0.0,0.0,31428.747370536355,2402.8143513569457,-2062.191689566945,0.001419616401372335
336.459999999839,booster,-2061.4352918924997,2374.206616527097,6.843768772789104,-259.3206948548666,259.41098656577026,1.5607699758003322,-0.0010123642358376398,5625.739075847677,1625.7390758476765,134862.32542890275,0.8091739525734165,31172.840174455978,2374.206616527097,-2061.4352918924997,0.0020242705286746127
336.5699999998389,booster,-2060.6861620159125,2345.7587783319887,6.7779163245331615,-257.8262861396424,257.9153620361981,1.5606363575369377,-0.001584475762886629,5622.326039223529,1622.326039223529,134820.40336946098,0.808922420216766,30917.727269007464,2345.7587783319887,-2060.6861620159125,0.0024336232566746297
336.6799999998388,booster,-2059.944209577835,2317.4702291168223,6.712945926205296,-256.33751051454436,256.42539449087775,1.5604992126265906,-0.0015628068562364246,5618.913288854796,1618.9132888547958,134782.85164115942,0.8086971098469565,30663.41816366895,2317.4702291168223,-2059.944209577835,0.00730229275686768
336.7899999998387,booster,-2059.209363348248,2289.3391363152127,6.647949626618371,-255.09416484641486,255.18077547677436,1.5603607838188362,-0.0018271834714698111,5615.98795335519,1615.9879533551903,0.0,0.0,30467.142361192797,2289.3391363152127,-2059.209363348248,0.0020523148946227
336.8999999998386,booster,-2058.4815214538594,2261.367307010832,6.584491989586703,-253.61651549999647,253.7019756902198,1.560222958092619,-0.0018063458231160935,5612.575291147464,1612.5752911474638,0.0,0.0,30214.31081014569,2261.367307010832,-2058.4815214538594,0.0012660613378810623
337.0099999998385,booster,-2057.760599742507,2233.555315254233,6.52204553336263,-252.14459711410953,252.2289335737989,1.5600856282442206,-0.0017678940235262208,5609.162915044849,1609.1629150448491,0.0,0.0,29962.345827484824,2233.555315254233,-2057.760599742507,0.0012342242205358673
337.1199999998384,booster,-2057.0465119350733,2205.9025064309403,6.460382293669018,-250.67832421891262,250.7615576051932,1.5599554230665311,-0.0012716791495837802,5605.750692986689,1605.7506929866881,134842.64451237777,0.8090558670742667,29711.241574023825,2205.9025064309403,-2057.0465119350733,0.007202661654570239
337.2299999998383,booster,-2056.339165318787,2178.410663903718,6.39947083195636,-249.2179447811569,249.30009472094636,1.5598163157293778,-0.0012803418211665718,5602.338873931218,1602.3388739312181,134829.31448094943,0.8089758868856967,29461.06372718737,2178.410663903718,-2056.339165318787,0.007157907964977288
337.3399999998382,booster,-2055.6384782330197,2151.0791439273935,6.339300679752071,-247.7633772779455,247.84446302728222,1.5596761905823349,-0.001290541210564454,5598.927331978124,1598.9273319781241,134820.99748233357,0.8089259848940015,29211.80820986094,2151.0791439273935,-2055.6384782330197,0.007141714072907761
337.4499999998381,booster,-2054.9443694898273,2123.907311805033,6.279862492762698,-246.31453924448925,246.39457972153738,1.5595349939171825,-0.0013008808485540733,5595.515939458157,1595.5159394581572,134817.76452619638,0.8089065871571783,28963.47064569486,2123.907311805033,-2054.9443694898273,0.00712672981393234
337.559999999838,booster,-2054.256748733322,2096.896948419905,6.221143678653631,-244.87168207814057,244.9506956765961,1.5593849103191755,-0.0017978364232640182,5592.1049570163905,1592.1049570163902,0.0,0.0,28716.116685281537,2096.896948419905,-2054.256748733322,0.0011120848377707809
337.6699999998379,booster,-2053.575545498329,2070.0449958683976,6.163143728140813,-243.4343850378274,243.51239015573506,1.5592413580328621,-0.0018046890385433369,5588.693863998451,1588.6938639984514,0.0,0.0,28469.670530482977,2070.0449958683976,-2053.575545498329,0.0011080773750589811
337.7799999998378,booster,-2052.900659558024,2043.3556202486582,6.106113930012043,-242.0032365698095,242.0802576369859,1.5590976245750672,-0.0018762588276829968,5585.283315405338,1585.2833154053376,0.0,0.0,28224.269664223542,2043.3556202486582,-2052.900659558024,0.0022255197450955456
337.8899999998377,booster,-2052.2320140727293,2016.8269909501423,6.050932079969439,-240.33658478602172,240.4127445990437,1.5589535010425013,-0.0016043815582396132,5581.385765031866,1581.3857650318657,134685.91708188894,0.8081155024913337,27923.791059317635,2016.8269909501423,-2052.2320140727293,0.007068066435535087
337.9999999998376,booster,-2051.5695361159533,1990.4584338535212,5.995047062203206,-238.91694415270464,238.99214797257383,1.5588060674439068,-0.0016687389544843174,5577.975447366005,1577.9754473660048,134708.89168429712,0.8082533501057828,27680.500145939037,1990.4584338535212,-2051.5695361159533,0.0070490205103213455
338.1099999998375,booster,-2050.913145237602,1964.250551928448,5.940409817682298,-237.50319203226272,237.57747093172762,1.558656249415278,-0.0011189874894315618,5574.565278935391,1574.5652789353906,134737.68858539706,0.8084261315123824,27438.2386481915,1964.250551928448,-2050.913145237602,0.0010422205323702737
338.2199999998374,booster,-2050.2627293958844,1938.2074916632655,5.884985649851982,-236.09591025443632,236.16924417664933,1.5585011713580392,-0.0018621448541341372,5571.155952727786,1571.1559527277857,0.0,0.0,27197.126990300276,1938.2074916632655,-2050.2627293958844,0.0010278621671286755
338.3299999998373,booster,-2049.618225520754,1912.326152981873,5.831672861381611,-234.6946870533337,234.76712831958483,1.5583530977531967,-0.0013706862405752117,5567.746929380013,1567.7469293800136,0.0,0.0,26957.107617559683,1912.326152981873,-2049.618225520754,0.007013521495814342
338.4399999998372,booster,-2048.979604395058,1886.599899988042,5.779807884047155,-233.05638534076377,233.12804406008098,1.5581975868458264,-0.001665210875451694,5563.8498005701595,1563.8498005701592,134682.44888232998,0.8080946932939799,26662.581777564068,1886.599899988042,-2048.979604395058,0.0069907631292765934
338.5499999998371,booster,-2048.3467448445253,1861.035376474223,5.7278613531492875,-231.6660530572065,231.7368519135127,1.5580419005610884,-0.001180603800575356,5560.439964443913,1560.4399644439125,134734.60763955937,0.8084076458373564,26424.668424300908,1861.035376474223,-2048.3467448445253,0.000988970273349249
338.659999999837,booster,-2047.7195094114452,1835.63676569991,5.677360123098801,-230.04001785910836,230.1100654786449,1.5578761065164828,-0.0018261215395004573,5556.544122052657,1556.5441220526577,134612.77624901777,0.8076766574941067,26132.940271242263,1835.63676569991,-2047.7195094114452,0.007826525079396617
338.7699999998369,booster,-2047.097893629683,1810.403324847205,5.6260750938459845,-228.66263068387383,228.73183292281655,1.5577135996996834,-0.0012095631889433142,5553.135871278695,1553.1358712786955,134677.28904673242,0.8080637342803946,25897.60056594065,1810.403324847205,-2047.097893629683,0.0010945625416581917
338.8799999998368,booster,-2046.4818379644178,1785.3307688033076,5.5745133971528915,-227.29115889678187,227.35950851516455,1.5575496554648107,-0.001926955060974398,5549.727665123325,1549.7276651233249,0.0,0.0,25663.364671938052,1785.3307688033076,-2046.4818379644178,0.0009605059789565802
338.9899999998367,booster,-2045.8712519027551,1760.41726900758,5.526641698328774,-225.68247437420433,225.7501340157412,1.5573913906023258,-0.0017346945004183983,5545.832056744917,1545.8320567449175,134642.0338811481,0.8078522032868886,25375.598983411346,1760.41726900758,-2045.8712519027551,0.006933656658808434
339.0999999998366,booster,-2045.265977550906,1735.6718532442023,5.476728193517345,-224.32336283588177,224.39020848892744,1.5572130557098982,-0.00198090773208717,5542.424596853101,1542.424596853101,0.0,0.0,25143.886182568058,1735.6718532442023,-2045.265977550906,0.0011485659594593581
339.2099999998365,booster,-2044.666051317442,1711.0865798368854,5.431043918016345,-222.72690258160003,222.79310889619762,1.5570448953541858,-0.0013596086926895728,5538.5299382496,1538.5299382495998,134630.39965203064,0.8077823979121839,24859.03423040379,1711.0865798368854,-2044.666051317442,0.002689809464291847
339.3199999998364,booster,-2044.071361390018,1686.6656263070315,5.381248102111228,-221.3797126276239,221.44510605164842,1.5568708185768558,-0.0019798419672851326,5535.1226226152185,1535.1226226152187,0.0,0.0,24629.78777137855,1686.6656263070315,-2044.071361390018,0.001040397335193369
339.4299999998363,booster,-2043.481814059031,1662.408346876515,5.336318998051541,-219.79536691163122,219.86013648742139,1.5566965901981018,-0.0013054501590644468,5531.228698823996,1531.228698823996,134643.2417704494,0.8078594506226963,24347.86421487233,1662.408346876515,-2043.481814059031,0.001397731227282992
339.5399999998362,booster,-2042.8973548661854,1638.315286902527,5.290590486767704,-218.21706289612743,218.28118766103302,1.5565174746109731,-0.001845672269073282,5527.335267545844,1527.3352675458436,134563.62662615118,0.8073817597569072,24067.52872355015,1638.315286902527,-2042.8973548661854,0.007388215322102345
339.6499999998361,booster,-2042.3179347064563,1614.384570778716,5.243871323480606,-216.88808978820552,216.95147309579147,1.5563338314547128,-0.00212699374156633,5523.928454061752,1523.9284540617523,0.0,0.0,23842.22557232699,1614.384570778716,-2042.3179347064563,0.0016768416453141772
339.759999999836,booster,-2041.7434504638038,1590.6179718017354,5.200555760964991,-215.32156543488685,215.38435951004698,1.5561549788325826,-0.0013633443887170658,5520.035182056669,1520.035182056669,134613.96202802818,0.8076837721681691,23564.825605708087,1590.6179718017354,-2041.7434504638038,0.0017860112215443355
339.8699999998359,booster,-2041.1738410411256,1567.0160420217355,5.156474035428174,-213.76107774080813,213.82326248888324,1.5559709765091152,-0.0018786298413438216,5516.142325539342,1516.142325539342,134551.62303449458,0.8073097382069676,23289.046695560024,1567.0160420217355,-2041.1738410411256,0.007362261364980723
339.9799999998358,booster,-2040.6090391887778,1543.5781284127418,5.114495968301735,-212.20652497640953,212.26814954574155,1.555782067919375,-0.002140521033760225,5512.2496934800265,1512.2496934800267,134494.8599981401,0.8069691599888407,23014.89514019853,1543.5781284127418,-2040.6090391887778,0.0013585587019930697
340.0899999998357,booster,-2040.0489383161025,1520.3071966190864,5.069015183975476,-210.90249148160032,210.9633992617721,1.5555860961617265,-0.002177298944256987,5508.844241433789,1508.8442414337887,0.0,0.0,22795.155257939077,1520.3071966190864,-2040.0489383161025,0.0020664514646048463
340.1999999998356,booster,-2039.493561171961,1497.197708024906,5.028033787286372,-209.35983864314983,209.4202071445156,1.5554023713177052,-0.0014054865507619062,5504.95179622927,1504.9517962292705,134598.7862827095,0.8075927176962571,22524.037349826227,1497.197708024906,-2039.493561171961,0.001725939259629064
340.3099999998355,booster,-2038.9427374978673,1474.2551194851253,4.9873063931767785,-207.8234836070073,207.88331718445193,1.555205530282728,-0.0014780815624594419,5501.060021126231,1501.0600211262306,134561.19472075236,0.8073671683245142,22254.639419982308,1474.2551194851253,-2038.9427374978673,0.0026941971603491864
340.4199999998354,booster,-2038.3964621369814,1451.4763209186794,4.945715960754531,-206.29288329622383,206.35215968105078,1.5550121344349939,-0.0019393395883984693,5497.16820530332,1497.1682053033203,134529.68100187625,0.8071780860112576,21986.85794762105,1451.4763209186794,-2038.3964621369814,0.007310529722918315
340.5299999998353,booster,-2037.8546004057123,1428.8655309351136,4.905651209091136,-204.7687193583091,204.8274733560594,1.554809188129745,-0.001971314725647581,5493.2771979449835,1493.2771979449835,134504.70610525945,0.8070282366315568,21720.849812702447,1428.8655309351136,-2037.8546004057123,0.0072371532730879816
340.6399999998352,booster,-2037.3171425256382,1406.4196255596464,4.866507092832164,-203.25044744958694,203.3086994689157,1.554607018862425,-0.0020385084213204413,5489.386277246906,1489.386277246906,134486.17510717918,0.8069170506430752,21456.513823942074,1406.4196255596464,-2037.3171425256382,0.007942737549380541
340.7499999998351,booster,-2036.7839877301165,1384.1403878826482,4.8275935367913645,-201.7383215430173,201.7960753789585,1.5544010112692928,-0.002055267699278703,5485.49578024109,1485.49578024109,134474.36364836447,0.8068461818901869,21193.905377147923,1384.1403878826482,-2036.7839877301165,0.008012159039618124
340.859999999835,booster,-2036.2550837525284,1362.0271489963445,4.7892577398374785,-200.23220486772004,200.28947265367495,1.5541935572219692,-0.002067575887700542,5481.605510778701,1481.6055107787008,134469.374332382,0.8068162459942921,20933.008415414293,1362.0271489963445,-2036.2550837525284,0.007977819304242652
340.9699999998349,booster,-2035.7303663047574,1340.079255419875,4.7514931494812895,-198.73195523829193,198.78874897736046,1.5539845417732558,-0.0020816243394310772,5477.715269755617,1477.7152697556164,134471.31019642882,0.806827861178573,20673.804118851553,1340.079255419875,-2035.7303663047574,0.007959302491766527
341.0799999998348,booster,-2035.2097016356713,1318.300947516416,4.7151636167628155,-197.23826757065285,197.29461969908175,1.5537642794653077,-0.0015687396547537293,5473.825975538379,1473.825975538379,134480.6812178044,0.8068840873068265,20416.43964689048,1318.300947516416,-2035.2097016356713,0.0024383473967514125
341.1899999998347,booster,-2034.6931164092957,1296.6866386777915,4.678629886433978,-195.75014598898042,195.8060500401389,1.5535522242091013,-0.001597714938225082,5469.936304824537,1469.936304824537,134497.20636608195,0.8069832381964919,20160.722333566166,1296.6866386777915,-2034.6931164092957,0.0026107766486922063
341.2999999998346,booster,-2034.1804281774307,1275.2430367585782,4.641861147079182,-194.2687034971512,194.32415195588226,1.553323360661209,-0.0026052138972943676,5466.047769105928,1466.0477691059282,0.0,0.0,19906.873896232337,1275.2430367585782,-2034.1804281774307,0.002445247668081379
341.4099999998345,booster,-2033.6716965540525,1253.9621082046272,4.606505490245304,-192.7925471975796,192.8475723149312,1.5531072552819276,-0.002582917996949544,5462.1584409263705,1462.15844092637,0.0,0.0,19654.64353815893,1253.9621082046272,-2033.6716965540525,0.0026511734327076737
341.5199999998344,booster,-2033.1667423944227,1232.8493849362337,4.574606429294702,-191.07625980013566,191.1310128764871,1.552884245325386,-0.002465596720766968,5457.783385627894,1457.7833856278942,134372.61168104876,0.8062356700862926,19354.31764574403,1232.8493849362337,-2033.1667423944227,0.0024500491193576984
341.6299999998343,booster,-2032.6655421103746,1211.9041914655388,4.539497605240802,-189.6120704859249,189.6664026981778,1.5526569652511328,-0.0022071939892296995,5453.894614117145,1453.8946141171448,134418.62956170892,0.8065117773702536,19105.85682629525,1211.9041914655388,-2032.6655421103746,0.008468872984112311
341.7399999998342,booster,-2032.168023103639,1191.1271037484426,4.506392172399704,-188.15399944065152,188.20795699418278,1.5524233231879219,-0.0016961601713830223,5450.006178823243,1450.0061788232435,134473.04280259483,0.8068382568155691,18859.198811049915,1191.1271037484426,-2032.168023103639,0.0024777982059987747
341.8499999998341,booster,-2031.674049830515,1170.5211677707953,4.476318524987986,-186.45577141833792,186.5094960658696,1.55217948824217,-0.002541106874891847,5445.632831476356,1445.6328314763562,134309.97214895848,0.805859832893751,18565.30139052624,1170.5211677707953,-2031.674049830515,0.0024419319838935496
341.959999999834,booster,-2031.1835794103608,1150.0831967734177,4.4427955574337625,-185.01000634736997,185.0633428883717,1.551943223005046,-0.0022890403504646478,5441.745448973163,1441.745448973163,134379.92473941526,0.8062795484364916,18322.518085528263,1150.0831967734177,-2031.1835794103608,0.008493944769596288
342.0699999998339,booster,-2030.6965691710698,1129.8138100025524,4.4112695266284865,-183.570342376575,183.62333702198512,1.5516870645522725,-0.003032998566268495,5437.858405192303,1437.8584051923028,0.0,0.0,18081.55338948032,1129.8138100025524,-2030.6965691710698,0.002460352719398606
342.1799999998338,booster,-2030.212892329477,1109.7135698572781,4.3829461934435825,-181.88949530650703,181.9422950283701,1.5514464821725498,-0.0026240633060940284,5433.4858097929455,1433.4858097929457,134314.73138362268,0.805888388301736,17794.029859060207,1109.7135698572781,-2030.212892329477,0.002503482663107943
342.2899999998337,booster,-2029.7325039174914,1089.781844449652,4.3525032077867385,-180.4616350883609,180.51411585507248,1.551191006726043,-0.0018602828051421032,5429.599132292724,1429.5991322927237,134410.3255798123,0.806461953478874,17556.894354678378,1089.781844449652,-2029.7325039174914,0.0025293576422310373
342.3999999998336,booster,-2029.2553009134615,1070.0204564092305,4.32535593180856,-178.79241885008187,178.8447308203402,1.550929771237227,-0.0026965729451197697,5425.227252614172,1425.2272526141724,134278.992597878,0.8056739555872681,17273.778059348144,1070.0204564092305,-2029.2553009134615,0.00248146363314229
342.5099999998335,booster,-2028.7811917340148,1050.428740824663,4.295947968276353,-177.37660584976365,177.42862077953643,1.5506658399320896,-0.0019384359293793114,5421.341332301955,1421.3413323019547,134392.18314317017,0.8063530988590211,17040.541784488938,1050.428740824663,-2028.7811917340148,0.002544568603550268
342.6199999998334,booster,-2028.310145006089,1031.0060743641993,4.269988729405669,-175.71874687849032,175.77061986662108,1.550396335118881,-0.00277116350189715,5416.9697997160065,1416.9697997160063,134274.31982148424,0.8056459189289055,16761.8127710645,1031.0060743641993,-2028.310145006089,0.00249518231130026
342.7299999998333,booster,-2027.8420245611374,1011.7543065034147,4.241616793132572,-174.31478024584612,174.36637842536447,1.5501108664430538,-0.003244224058828854,5413.084411884393,1413.0844118843934,0.0,0.0,16532.462681866527,1011.7543065034147,-2027.8420245611374,0.002502186288738405
342.8399999998332,booster,-2027.3767554470005,992.6727610846344,4.21682713408848,-172.66847662067866,172.71995961551357,1.5498393262580634,-0.0025944769827961358,5408.713550393137,1408.7135503931363,134302.52967216985,0.8058151780330192,16258.184743921172,992.6727610846344,-2027.3767554470005,0.008504939297558273
342.9499999998331,booster,-2026.914281241467,973.7620701440313,4.1941257922208,-171.02792480363533,171.0793434456624,1.549548937275253,-0.003169488519928038,5404.343164780332,1404.3431647803313,134205.4768567364,0.8052328611404186,15986.314815395344,973.7620701440313,-2026.914281241467,0.002576992509441807
343.059999999833,booster,-2026.4544693555729,955.022809830092,4.167276380623276,-169.64162546763922,169.6928026869003,1.549258125675195,-0.0021618933257220676,5400.458634473724,1400.4586344737238,134365.542324418,0.8061932539465081,15762.950454521497,955.022809830092,-2026.4544693555729,0.0025809889698567906
343.1699999998329,booster,-2025.997292753513,936.4543704188366,4.14423264986276,-168.0124279686187,168.0635314878468,1.5489583777941358,-0.0027385335542464955,5396.088749788457,1396.0887497884569,134284.06169783731,0.8057043701870239,15495.527364003412,936.4543704188366,-2025.997292753513,0.00852951814147741
343.2799999998328,booster,-2025.5425929620828,918.0598275489573,4.123216965776975,-166.3893641971222,166.4404441116084,1.5486482631227372,-0.0030571142235365943,5391.719948385567,1391.7199483855668,134209.80009554487,0.8052588005732693,15230.598304510087,918.0598275489573,-2025.5425929620828,0.0025361591068061035
343.3899999998327,booster,-2025.0903019604116,899.8385257608926,4.102768823646315,-164.77221059192598,164.82328141185118,1.5483295153501713,-0.003374960067820942,5387.351958167467,1387.3519581674675,134142.88996077408,0.8048573397646445,14968.122676915356,899.8385257608926,-2025.0903019604116,0.0026028707256153948
343.4999999998326,booster,-2024.640383282904,881.7885863518817,4.077886830687065,-163.40973164904284,163.46060552505023,1.5480028922668347,-0.0035787382960453633,5383.4693505068335,1383.4693505068333,0.0,0.0,14752.942933142667,881.7885863518817,-2024.640383282904,0.0025523692730897232
343.6099999998325,booster,-2024.1927758120123,863.9093977025962,4.058569573367662,-161.80338588589075,161.85427912514496,1.5476831096237114,-0.002434823117250743,5379.101199188059,1379.1011991880591,134294.27212631487,0.8057656327578893,14494.870416193502,863.9093977025962,-2024.1927758120123,0.0025591920110865467
343.7199999998324,booster,-2023.7473995147789,846.2016164454184,4.038353165515184,-160.2023174228601,160.2532084045254,1.5473538459860114,-0.0030031287311488644,5374.733025156074,1374.733025156074,134252.22296994162,0.8055133378196498,14239.153895945377,846.2016164454184,-2023.7473995147789,0.00856617973910953
343.8299999998323,booster,-2023.3041238707215,828.667156686878,4.020228745484839,-158.60688916945023,158.65783160996588,1.5470070264555615,-0.003068858586857758,5370.365318470883,1370.3653184708826,134218.2712241694,0.8053096273450165,13985.875010613914,828.667156686878,-2023.3041238707215,0.008551839711395315
343.9399999998322,booster,-2022.8628782586204,811.3053828415501,4.002690815011856,-157.01685876329225,157.06786899188594,1.5466611659645102,-0.003377634671178553,5365.997782347856,1365.9977823478557,134192.50517495658,0.8051550310497394,13734.99134464774,811.3053828415501,-2022.8628782586204,0.0025799048473078012
344.0499999998321,booster,-2022.4235308226644,794.1181942164756,3.9857390726845723,-155.43254307812006,155.48363760758613,1.5463009088336577,-0.0034415656376580494,5361.630927407645,1361.6309274076452,134175.4296755806,0.8050525780534837,13486.561132077368,794.1181942164756,-2022.4235308226644,0.0025853939275972265
344.159999999832,booster,-2021.9860169775666,777.1049736176958,3.9693708844200346,-153.85373079456176,153.90492644689306,1.5459336746939487,-0.0035041748008391395,5357.264469126118,1357.264469126118,134167.16166063613,0.8050029699638169,13240.553727836419,777.1049736176958,-2021.9860169775666,0.0025926350651611623
344.2699999998319,booster,-2021.5502721417968,760.2651272070617,3.9535937069781477,-152.28020856380857,152.3315227503385,1.5455595975366598,-0.003565773046200777,5352.898118113821,1352.8981181138201,134167.85439459735,0.8050071263675842,12996.938910262868,760.2651272070617,-2021.5502721417968,0.0026001518940987327
344.3799999998318,booster,-2021.116158970044,743.6005751769611,3.9384008216454474,-150.71230704339982,150.7637572342105,1.5451706795575306,-0.0033878393772129615,5348.532418804271,1348.5324188042714,134178.04238174885,0.8050682542904932,12755.775429894607,743.6005751769611,-2021.116158970044,0.008589460962328658
344.4899999998317,booster,-2020.6836838547545,727.1082232075844,3.9238072527587193,-149.14925954099232,149.2008642233117,1.5447822775301918,-0.003448074099753536,5344.166234026459,1344.1662340264595,134197.49695080204,0.8051849817048123,12516.943429178433,727.1082232075844,-2020.6836838547545,0.008596873884196313
344.5999999998316,booster,-2020.2526404848268,710.7925150992736,3.911298193494304,-147.5919890849714,147.6438061539215,1.5443746810927603,-0.0030143965449796577,5339.80097882872,1339.8009788287204,134227.13623080176,0.8053628173848105,12280.603312651192,710.7925150992736,-2020.2526404848268,0.0026053920208116105
344.7099999998315,booster,-2019.8229602030965,694.6528512696894,3.8978614795947997,-146.04022171553052,146.0922300563429,1.5439550686505117,-0.004494830075491552,5335.436376508526,1335.4363765085263,0.0,0.0,12046.700313733489,694.6528512696894,-2019.8229602030965,0.0026135559012227076
344.8199999998314,booster,-2019.3945973643763,678.6873978713273,3.891221155537364,-144.24192410899698,144.29440139086114,1.5435419874057588,-0.0044282289134062736,5330.586629139626,1330.5866291396258,134019.95975414925,0.8041197585248955,11774.1228138501,678.6873978713273,-2019.3945973643763,0.002640177292080716
344.9299999998313,booster,-2018.9674063330344,662.8980912518396,3.8791268396805294,-142.70025553395413,142.752970387639,1.5431110315220848,-0.004006028453633363,5326.222249034556,1326.2222490345553,134077.68433344326,0.8044661060006596,11545.337629125654,662.8980912518396,-2018.9674063330344,0.0025948719846611012
345.0399999998312,booster,-2018.5412854314727,647.2855793995953,3.8675631537699617,-141.1640105965955,141.216981742509,1.5426735688556188,-0.003831606236848037,5321.858500525341,1321.858500525341,134146.8160508478,0.8048808963050867,11318.99525078339,647.2855793995953,-2018.5412854314727,0.008635166544105483
345.1499999998311,booster,-2018.1161047631394,631.8518373864896,3.85810399906877,-139.6336094398788,139.68689935593903,1.54220616717363,-0.004799039708320845,5317.496048272573,1317.4960482725724,0.0,0.0,11095.16961678683,631.8518373864896,-2018.1161047631394,0.0026457432451347006
345.259999999831,booster,-2017.6918730251846,616.5925173639781,3.8544137786875927,-137.85547819919356,137.90935202191935,1.5417529288825256,-0.004499666942750989,5312.648148432352,1312.6481484323522,134008.29906961674,0.8040497944177005,10834.02113600209,616.5925173639781,-2017.6918730251846,0.0027440925304576453
345.3699999998309,booster,-2017.2684446438718,601.509588123173,3.8447960653143274,-136.33440664721684,136.38860983466523,1.5412812615529514,-0.0040865959006754675,5308.28517290684,1308.28517290684,134109.33286908554,0.8046559972145132,10615.222153318215,601.509588123173,-2017.2684446438718,0.008628024374337805
345.4799999998308,booster,-2016.8456479680447,586.6062891604188,3.837260321589889,-134.81911096308443,134.87370851152613,1.5407860664408395,-0.005047967535599376,5303.923570625928,1303.9235706259278,0.0,0.0,10398.936860993372,586.6062891604188,-2016.8456479680447,0.0026703396669285197
345.5899999998307,booster,-2016.4235775899947,571.8758096295862,3.8359018491559644,-133.05468437907865,133.10996648715903,1.5403048260926118,-0.004753007861570978,5299.075466745054,1299.0754667450535,134025.62961887202,0.8041537777132323,10146.309892758663,571.8758096295862,-2016.4235775899947,0.0027689681608117655
345.6999999998306,booster,-2016.001916291084,557.3251958425252,3.8297599410516314,-131.54851989106177,131.60425580783914,1.5397905633553615,-0.0038564990537709345,5294.713314556691,1294.713314556691,134161.94649823825,0.8049716789894296,9935.055169397348,557.3251958425252,-2016.001916291084,0.0026544777278659126
345.8099999998305,booster,-2015.5805949861274,542.9539203172043,3.830019904821078,-129.79426949896603,129.8507660633604,1.5392685120832434,-0.00495211913653263,5289.867182143942,1289.8671821439416,133979.400085831,0.803876400514986,9688.437149755502,542.9539203172043,-2015.5805949861274,0.0027928683963086534
345.9199999998304,booster,-2015.159504090577,528.7614001490757,3.825226904511157,-128.29812410761767,128.35513628369011,1.538732164257157,-0.004060332985167798,5285.5061644340685,1285.5061644340685,134140.00250650506,0.8048400150390304,9482.357905280738,528.7614001490757,-2015.159504090577,0.002671391321685058
346.0299999998303,booster,-2014.7385879331073,514.7471657536031,3.827144502434513,-126.55298924160026,126.61084519513763,1.5381879882687142,-0.005153314724890699,5280.660561527005,1280.6605615270048,133973.33644321508,0.8038400186592907,9241.611142684418,514.7471657536031,-2014.7385879331073,0.002809926684012944
346.1399999998302,booster,-2014.3176559965564,500.91322165291444,3.823733038640501,-125.06653542633529,125.12497439719047,1.537610009417245,-0.006095569662661754,5276.300441404885,1276.3004414048844,0.0,0.0,9040.6717768027,500.91322165291444,-2014.3176559965564,0.0026641143417984797
346.2499999998301,booster,-2013.8539875810534,487.25656546985505,4.59973306874723,-123.32937957123903,123.41512634086017,1.536587656933314,-0.018187331626078735,5271.454955449038,1271.4549554490377,134009.2915135681,0.8040557490814088,8809.418648161543,487.25656546985505,-2013.8539875810534,0.013702439261004059
346.35999999983,booster,-2013.2974688928439,473.78310688105427,5.4376791869405885,-121.59687415804265,121.71839696589399,1.533766618579492,-0.032398776199439,5266.611474803956,1266.611474803956,133865.23227801517,0.803191393668091,8582.45073010952,473.78310688105427,-2013.2974688928439,0.011430360722646209
346.4699999998299,booster,-2012.6499623683715,460.4886092150329,6.2509459205492695,-120.12177236522001,120.28430704403367,1.5292763852335718,-0.04945542592539481,5262.252108040739,1262.2521080407391,134087.98197751725,0.8045278918651037,8394.523977948318,460.4886092150329,-2012.6499623683715,0.010271776272394556
346.5799999998298,booster,-2011.9710634273774,447.3726929940795,6.021505868912135,-118.3963425795278,118.54936722369399,1.5240372159329219,-0.042928006085281405,5257.407744355231,1257.4077443552317,133960.90482904,0.8037654289742401,8166.702794227001,447.3726929940795,-2011.9710634273774,-0.004494893008110127
346.6899999998297,booster,-2011.328261219483,434.4411810174589,5.698982085865073,-116.67618320613319,116.81528206688613,1.5199547938756566,-0.032399954067512546,5252.565477119055,1252.5654771190552,133842.36715809518,0.8030542029485711,7941.605510526884,434.4411810174589,-2011.328261219483,-0.003891174498695541
346.7999999998296,booster,-2010.720011910986,421.6898094478499,5.379347471692356,-115.21447939177533,115.33999150658468,1.517100763902814,-0.024847767396119658,5248.207354018437,1248.207354018437,0.0,0.0,7753.902366021783,421.6898094478499,-2010.720011910986,-0.0032005147078997304
346.9099999998295,booster,-2010.1443554779873,409.118123189716,5.102957287122004,-113.50159591076888,113.61625080667669,1.5153851142768313,-0.010216238052076844,5243.364219426707,1243.364219426707,134010.29046618013,0.8040617427970809,7535.0083362369905,409.118123189716,-2010.1443554779873,0.003633006805164548
347.0199999998294,booster,-2009.599529592951,396.7294676566776,4.831437806366407,-111.79334212152189,111.89769494487555,1.5144584997771404,-0.005016179666321513,5238.52204050376,1238.5220405037603,133920.8507058604,0.8035251042351623,7319.443944081986,396.7294676566776,-2009.599529592951,-0.00042203554219081055
347.1299999998293,booster,-2009.0839070629872,384.5233748162834,4.573054891512008,-110.08946521276111,110.18440534790992,1.514173716124456,-0.0007955430838631139,5233.680413813224,1233.680413813224,133840.784078094,0.803044704468564,7107.219434748693,384.5233748162834,-2009.0839070629872,-0.0003544054132949367
347.2399999998292,booster,-2008.595923370678,372.5018932078781,4.32837538043563,-108.39048810611246,108.47687654664135,1.5143954795334167,0.003177718616252521,5228.840187193986,1228.8401871939861,133770.89905313222,0.8026253943187934,6898.394435888293,372.5018932078781,-2008.595923370678,7.873722448520193e-05
347.3499999998291,booster,-2008.1340976377362,360.662018408518,4.096797890485898,-106.69535862380474,106.77398234035196,1.5150506657212117,0.005807611150939121,5223.999660473041,1223.9996604730416,133710.75472416406,0.8022645283449844,6692.8254906422435,360.662018408518,-2008.1340976377362,0.0004664057664504338
347.459999999829,booster,-2007.697097277686,349.00456160612606,3.8637720326809846,-105.26021357955703,105.33110318008869,1.5160331099867452,0.008358966346213267,5219.643014950732,1219.6430149507323,0.0,0.0,6522.100776152872,349.00456160612606,-2007.697097277686,0.0008479565676315381
347.5699999998289,booster,-2007.283457562259,337.53162676546407,3.656651142076031,-103.5735616576903,103.63809035308505,1.5172758011682428,0.010295336302619092,5214.803032070589,1214.8030320705896,0.0,0.0,6322.651370364405,337.53162676546407,-2007.283457562259,0.0011678746128991181
347.6799999998288,booster,-2006.8920217527987,326.2414301591864,3.471061930480631,-101.89052726635151,101.94963372930947,1.5187540042393104,0.015438122243247898,5209.962712801817,1209.9627128018174,134023.6717193953,0.8041420303163718,6126.446234379492,326.2414301591864,-2006.8920217527987,0.0015017475867590052
347.7899999998287,booster,-2006.5215514383824,315.13614960052587,3.2851926352095733,-100.2115837211309,100.26541777974928,1.5203404210590623,0.016428099544201664,5205.123027360305,1205.123027360305,134015.21271502489,0.8040912762901493,5933.446483357856,315.13614960052587,-2006.5215514383824,0.001726874678205149
347.8999999998286,booster,-2006.170950994543,304.2153549300394,3.1092297114627074,-98.53636769990176,98.5854100203924,1.5220311146208996,0.017076527558688433,5200.283535532909,1200.2835355329091,134019.17446214656,0.8041150467728795,5743.650025757961,304.2153549300394,-2006.170950994543,0.0019556067975083744
348.0099999998285,booster,-2005.8391354165603,293.4812219149945,2.9333711373974993,-96.86538578879447,96.90979119904088,1.5237612909171154,0.01471965704690819,5195.445281644691,1195.4452816446908,0.0,0.0,5557.077264477473,293.4812219149945,-2005.8391354165603,0.0021334351499898473
348.1199999998284,booster,-2005.5250911201695,282.93203076093744,2.7871326035515764,-94.9402539474358,94.98115564549306,1.5255615744371722,0.015236138776768063,5190.123198047628,1190.123198047628,133605.5115198992,0.8016330691193954,5344.720673896854,282.93203076093744,-2005.5250911201695,0.0023238913584218233
348.2299999998283,booster,-2005.2279556513045,272.5673839344024,2.637748967636041,-93.27540930973629,93.31269850087449,1.5273759143512162,0.015588944636038066,5185.284427530748,1185.2844275307482,133641.0235826519,0.8018461414959114,5164.8912054104,272.5673839344024,-2005.2279556513045,0.0024840355329792357
348.3399999998282,booster,-2004.9467701769156,262.3882168942725,2.4963323918830063,-91.61366360464885,91.64766791619155,1.5291855296114065,0.01574172779236221,5180.445489835053,1180.445489835053,133690.6557000295,0.802143934200177,4988.185614374203,262.3882168942725,-2004.9467701769156,0.002615017140027899
348.4499999998281,booster,-2004.6806815477917,252.39672816670046,2.3624531871192054,-89.9555795928134,89.98659614042703,1.530967971989016,0.01593095439238535,5175.607516935061,1175.607516935061,133755.754173725,0.80253452504235,4814.66325746789,252.39672816670046,-2004.6806815477917,0.0027412320834808365
348.559999999828,booster,-2004.4288823257914,242.59258221715584,2.235704814912156,-88.30082173357457,88.32912031059709,1.5327168175406995,0.015971433362604544,5170.770107342859,1170.7701073428589,133836.86299118365,0.8030211779471019,4644.286543621479,242.59258221715584,-2004.4288823257914,0.0028062283178442063
348.6699999998279,booster,-2004.1906031155222,232.9780423343906,2.1139124824835753,-86.65003751925904,86.67581916585848,1.5344063429988897,0.016078416521999664,5165.934541416729,1165.934541416729,133935.69430076037,0.8036141658045622,4477.115995233958,232.9780423343906,-2004.1906031155222,0.008742996504313429
348.7799999998278,booster,-2003.9650613915235,223.55150865237889,2.0021990845047344,-84.7433867737947,84.76703606394973,1.5360588955075531,0.013990677878710606,5160.61588125959,1160.6158812595904,133531.80869613335,0.8011908521768002,4286.847824820765,223.55150865237889,-2003.9650613915235,0.002833168311667392
348.8899999998277,booster,-2003.7517071484333,214.3074665688906,1.8946941352045166,-83.0960117938585,83.11760969801193,1.5376955658050493,0.013993751671004945,5155.777085601146,1155.7770856011457,133652.61512536267,0.8019156907521761,4126.125865343244,214.3074665688906,-2003.7517071484333,0.00293487626468478
348.9999999998276,booster,-2003.549819059084,205.25464500093827,1.7929220532221135,-81.45253857566112,81.47226896256477,1.5392560791480625,0.014088086770791772,5150.940481850826,1150.9404818508256,133793.71758201753,0.8027623054921053,3968.6111118060753,205.25464500093827,-2003.549819059084,0.0030806605294348695
349.1099999998275,booster,-2003.3587678729104,196.39540385132358,1.6952623366982986,-79.81382818837547,79.83183002082406,1.5407213000168485,0.014545042597267266,5146.107671994116,1146.1076719941161,133957.4697790906,0.8037448186745437,3814.3781020257957,196.39540385132358,-2003.3587678729104,0.002903353853679163
349.2199999998274,booster,-2003.1779565573395,187.72039167081914,1.6054700799306398,-77.9154655121296,77.93200433807287,1.542183732655644,0.01229827581155508,5140.787757636226,1140.7877576362264,133571.4223586062,0.8014285341516374,3638.7020812987907,187.72039167081914,-2003.1779565573395,0.0030015782353810493
349.3299999998273,booster,-2003.0069139573302,179.23443429328069,1.5191787924418987,-76.27907943096464,76.29420595981597,1.5435811050765287,0.012440473787700895,5135.951086533959,1135.9510865339591,133762.4139030799,0.8025744834184795,3490.8525009548175,179.23443429328069,-2003.0069139573302,0.0030924532594797495
349.4399999998272,booster,-2002.84505486852,170.94389468331948,1.4363733559075313,-74.64763234476077,74.66145044864943,1.5448697046393605,0.012979177904245359,5131.1190077602605,1131.1190077602605,133980.2258989195,0.803881355393517,3346.2996036269783,170.94389468331948,-2002.84505486852,0.0029633662982185153
349.5499999998271,booster,-2002.6918769789768,162.8368758053197,1.3602370396928831,-72.75440338553109,72.767117964014,1.5461640436793593,0.010807346177571203,5125.797890972057,1125.7978909720564,133607.86467959068,0.8016471880775442,3181.6803164718203,162.8368758053197,-2002.6918769789768,0.0030588055324050124
349.659999999827,booster,-2002.5469769623244,154.92594876232639,1.2869360370684315,-71.12638769628407,71.13802942931169,1.5473523792426793,0.01135057609604962,5120.964770565381,1120.9647705653804,133860.45726688087,0.8031627436012853,3043.6453786061484,154.92594876232639,-2002.5469769623244,0.0035207461862437617
349.7699999998269,booster,-2002.4098249164174,147.20593348736614,1.2178737732070746,-69.23911971718302,69.24982971630953,1.548498761616251,0.009509200841754462,5115.648195497213,1115.6481954972135,133498.29163843262,0.8009897498305958,2886.8369204185005,147.20593348736614,-2002.4098249164174,0.0030393079582313404
349.8799999998268,booster,-2002.2801004552045,139.6737597148446,1.1523396974762778,-67.61292982583416,67.62274888239574,1.5496140915440302,0.010027438052205682,5110.81177957774,1110.81177957774,133788.22714824716,0.802729362889483,2755.213883245729,139.6737597148446,-2002.2801004552045,0.0031566896639058715
349.9899999998267,booster,-2002.1573114955218,132.33997387041913,1.0903757335372573,-65.73015324075685,65.7391965595387,1.5506182801124755,0.008247957832832803,5105.497860573429,1105.4978605734282,133436.05287446125,0.8006163172467676,2606.11255664684,132.33997387041913,-2002.1573114955218,0.0030101485776446585
350.0999999998266,booster,-2002.0411752440068,125.19103253590309,1.0316692257691156,-64.10664741145423,64.11494820810441,1.5516398563608798,0.009047315912745012,5100.660282684244,1100.6602826842434,133769.84886579687,0.8026190931947813,2481.0084334389685,125.19103253590309,-2002.0411752440068,0.0031719202931513976
350.2099999998265,booster,-2001.9312481039633,118.24277393888218,0.9761881819457996,-62.226778270228245,62.234434819147516,1.5525385844360828,0.007309917380623757,5095.346881293226,1095.3468812932258,133427.50613979655,0.8005650368387793,2339.5167522258866,118.24277393888218,-2001.9312481039633,0.0030075385119060177
350.3199999998264,booster,-2001.8272783224832,111.48155617285335,0.9236082103183606,-60.6070280631464,60.614065222299544,1.5534511575252037,0.008399851710195812,5090.510692147377,1090.5106921473773,133813.3934222336,0.8028803605334017,2221.042851032609,111.48155617285335,-2001.8272783224832,0.003180357970943576
350.4299999998263,booster,-2001.7288680366662,104.91818912016076,0.8739250031406515,-58.72829863411567,58.734800632750826,1.5542798256575965,0.0066834738512205885,5085.195349011187,1085.1953490111875,133480.71322617435,0.8008842793570461,2087.0673148270585,104.91818912016076,-2001.7288680366662,0.0030313916566514416
350.5399999998262,booster,-2001.6357906761903,98.54935436085015,0.8267057222713757,-57.11374252966855,57.119725385338704,1.5550520389399607,0.00808828401176405,5080.363794479037,1080.3637944790366,133929.39382818696,0.8035763629691219,1975.3455862891121,98.54935436085015,-2001.6357906761903,0.0035842851736076348
350.6499999998261,booster,-2001.5476926338974,92.37029247431978,0.7823466243070227,-55.23414650989705,55.23968688286835,1.5558467059906684,0.0063746285697066805,5075.043631867795,1075.043631867795,133606.1828562972,0.8016370971377833,1848.7959912248266,92.37029247431978,-2001.5476926338974,0.0030827884185430153
350.759999999826,booster,-2001.4643353297463,86.39755572244815,0.7402878157275574,-53.36233281369614,53.36746751879638,1.556458029474242,0.004756155300278444,5069.736177109461,1069.736177109461,133289.79447139183,0.7997387668283511,1726.8114954765372,86.39755572244815,-2001.4643353297463,0.0029204804728371436
350.8699999998259,booster,-2001.385500796234,80.60602091933707,0.7003471344347273,-51.74565039880958,51.750389576355204,1.5572080891534608,0.006555017265867622,5064.895524960093,1064.895524960093,133820.75952117203,0.8029245571270321,1624.8560764084943,80.60602091933707,-2001.385500796234,0.0031788244032884424
350.9799999998258,booster,-2001.3108807389663,75.01721726792911,0.6626708844579837,-49.870156047388754,49.87455861350568,1.557837641040848,0.004907193358622052,5059.579334765869,1059.5793347658696,133513.60837781391,0.8010816502668835,1510.1891080652144,75.01721726792911,-2001.3108807389663,0.0030160006975099483
351.0899999998257,booster,-2001.240275252854,69.63432560806153,0.6270673439509686,-48.00175209809057,48.005847747335864,1.5582911436015237,0.003353714542332388,5054.275214713713,1054.2752147137128,133213.23261031875,0.7992793956619125,1400.0273525520868,69.63432560806153,-2001.240275252854,0.0028520199459678287
351.1999999998256,booster,-2001.1735045003145,64.42985155620009,0.5931835873686047,-46.38493333528521,46.38872607958939,1.5589777047890405,0.005722457657668365,5049.4306514471255,1049.4306514471252,133853.7849050973,0.8031227094305838,1308.0942623988708,64.42985155620009,-2001.1735045003145,0.003178596311963041
351.3099999998255,booster,-2001.1103023007718,59.43072163553995,0.5612731633101196,-44.50941731222805,44.51295605818511,1.559517146449878,0.004101111858819717,5044.112806466366,1044.1128064663662,133562.35444244987,0.8013741266546993,1205.1537150868055,59.43072163553995,-2001.1103023007718,0.0030103987648555223
351.4199999998254,booster,-2001.0505000504988,54.63754429690168,0.5311268309787409,-42.640296743238316,42.643604468454654,1.5598833749039673,0.002572805742601401,5038.806406865109,1038.806406865109,133277.6746733505,0.799666048040103,1106.6805681481871,54.63754429690168,-2001.0505000504988,0.002844229507464677
351.5299999998253,booster,-2000.993943608391,50.03283660844479,0.502397154011616,-41.028723040912645,41.0317988548915,1.5603723086961152,0.005747296595669911,5033.969305085479,1033.9693050854796,134074.9993381964,0.8044499960291783,1025.1581201239712,50.03283660844479,-2000.993943608391,0.0033080050142964075
351.6399999998252,booster,-2000.9404134862532,45.62316980027945,0.47536123419122683,-39.14800071706397,39.15088668786715,1.5609132443959526,0.004102922037268875,5028.6423293447915,1028.642329344791,133798.8573734543,0.8027931442407258,933.8094225312258,45.62316980027945,-2000.9404134862532,0.0030855529596319547
351.7499999998251,booster,-2000.8897640944958,41.420066656465664,0.449816656506201,-37.27297540623878,37.27568953967923,1.5612783761529436,0.0025510736640597803,5023.326190852801,1023.3261908528011,133529.4669001216,0.8011768014007297,846.9176232275183,41.420066656465664,-2000.8897640944958,0.0029164236281945533
351.859999999825,booster,-2000.841837228097,37.4229152980213,0.4256948163477323,-35.403378227417534,35.40593743978893,1.5614778414769215,0.0010905130378514223,5018.020621938534,1018.0206219385338,133266.78798044738,0.7996007278826843,764.444960180864,37.4229152980213,-2000.841837228097,0.002748691105207653
351.9699999998249,booster,-2000.7965078424345,33.6219649551162,0.4025514630632892,-33.79633999414982,33.798737323760854,1.561712307270279,0.005914847661903124,5013.192164931258,1013.1921649312578,134338.67051510178,0.8060320230906107,696.930036142028,33.6219649551162,-2000.7965078424345,0.002627808656045616
352.0799999998248,booster,-2000.753610682927,30.008290761892727,0.38093872723100525,-31.907629995690243,31.90990388979221,1.5622681237563967,0.004221737952734463,5007.854238840522,1007.8542388405217,134083.84267363546,0.8045030560418128,621.4752785136282,30.008290761892727,-2000.753610682927,0.003169910449293293
352.1899999998247,booster,-2000.71302275731,26.602112316754198,0.3604497018400493,-30.023644195631274,30.02580781217085,1.5626445811029643,0.002638216664558232,5002.52630242478,1002.5263024247799,133835.76017273427,0.8030145610364058,550.4733517730964,26.602112316754198,-2000.71302275731,0.0029975422733786563
352.2999999998246,booster,-2000.67467702737,23.324776713321658,0.34006635684119074,-29.7064397245392,29.70838612639091,1.5628877291109566,0.001844213404238977,5000.033533474118,1000.0335334741172,55555.555555555555,1.0,539.103894376215,23.324776713321658,-2000.67467702737,0.0033221784221738535
352.4099999998245,booster,-2000.6384007625747,20.06592671928737,0.32180736245995417,-29.545317515886076,29.54707002552128,1.563051209817636,0.0011314867418218558,4997.823746566561,997.8237465665607,55555.555555555555,1.0,533.4696271522091,20.06592671928737,-2000.6384007625747,0.0032310295752671792
352.5199999998244,booster,-2000.6040730143018,16.824820248731363,0.3045392688074707,-29.383830152096785,29.3854082594324,1.5631374022982587,0.0004390229530668523,4995.613959659004,995.6139596590041,55555.555555555555,1.0,527.8492542789885,16.824820248731363,-2000.6040730143018,0.003137705644659849
352.6299999998243,booster,-2000.5715884585197,13.601497487083215,0.2882088414178058,-29.22197729694052,29.223398527193556,1.5631485516634585,-0.00023288799080770637,4993.404172751448,993.4041727514475,55555.555555555555,1.0,522.2429509533717,13.601497487083215,-2000.5715884585197,0.0030423852220590134
352.7399999998242,booster,-2000.540847444338,10.395998657169558,0.27276568267012824,-29.05975860984388,29.06103872162931,1.5630869334309818,-0.0008839832050619984,4991.194385843891,991.1943858438909,55555.555555555555,1.0,516.6509016509204,10.395998657169558,-2000.540847444338,0.0029452442753661132
352.8499999998241,booster,-2000.5117556904027,7.208364018686121,0.2581620802482184,-28.89717376388903,28.898326927351253,1.5629548505454403,-0.0015140269034158306,4988.984598936335,988.9845989363344,55555.555555555555,1.0,511.07329988670693,7.208364018686121,-2000.5117556904027,0.0028464571794038027
352.959999999824,booster,-2000.48422399748,4.038633865786384,0.24435286442061144,-28.73422246204209,28.735261419038363,1.562754630398561,-0.0021228103707878814,4986.774812028778,986.7748120287778,55555.555555555555,1.0,505.5103479852426,4.038633865786384,-2000.48422399748,0.0027461965147946173
