time,vehicle_id,x,y,vx,vy,speed,theta,omega,mass,fuel,thrust,throttle,dynamic_pressure,altitude,downrange,gimbal
143.0100000000149,upper,7913.205450127693,40087.728134793106,265.36194673869,824.7119274766687,866.3525414629021,1.2807972912019674,-0.004223068238067996,9200.0,8000.0,0.0,0.0,4114.095109421121,40087.728134793106,7913.205450127693,0.0
143.1200000000148,upper,7942.394094871771,40178.38406809115,265.3407269473695,823.577926136865,865.2666073510858,1.2802484298159054,-0.005750827617802082,9200.0,8000.0,0.0,0.0,4060.2519268183423,40178.38406809115,7942.394094871771,0.0
143.2300000000147,upper,7971.580419197224,40268.91531290902,265.3197564529034,822.444862056506,864.1817657688533,1.2795335028792074,-0.007240600568329112,9200.0,8000.0,0.0,0.0,4007.1697067491814,40268.91531290902,7971.580419197224,0.0
143.3400000000146,upper,8000.764450239806,40359.321971643716,265.2990299937977,821.312722537135,863.0980034254574,1.2786572824709934,-0.00868172447499291,9200.0,8000.0,0.0,0.0,3954.836855998139,40359.321971643716,8000.764450239806,0.0
143.4500000000145,upper,8029.946214538702,40449.60414531504,265.27854195973015,820.1814952453443,862.0153072696385,1.277625669880847,-0.01006433876506846,9200.0,8000.0,0.0,0.0,3903.241972824839,40449.60414531504,8029.946214538702,0.0
143.5600000000144,upper,8059.125737990628,40539.7619336083,265.2582862615027,819.0511682575321,860.9336644912995,1.2764456049624577,-0.011379427231589898,9200.0,8000.0,0.0,0.0,3852.3738435375217,40539.7619336083,8059.125737990628,0.0
143.6700000000143,upper,8088.303045791909,40629.79543492129,265.2382562429106,817.9217300918579,859.8530625236139,1.275124971388218,-0.012618850303862674,9200.0,8000.0,0.0,0.0,3802.2214391346783,40629.79543492129,8088.303045791909,0.0
143.7800000000142,upper,8117.478162373223,40719.70474641398,265.21844463510615,816.7931697270303,858.7734890455074,1.2736724988875578,-0.013775367694995322,9200.0,8000.0,0.0,0.0,3752.7739120134156,40719.70474641398,8117.478162373223,0.0
143.8900000000141,upper,8146.651111331603,40809.489964059685,265.19884355240674,815.6654766079297,857.6949319843128,1.2720976635011716,-0.014842651914713864,9200.0,8000.0,0.0,0.0,3704.0205927419725,40809.489964059685,8146.651111331603,0.0
144.000000000014,upper,8175.821915364153,40899.151182696005,265.17944452706064,814.5386406383947,856.6173795182563,1.2704105868268782,-0.015815293183218143,9200.0,8000.0,0.0,0.0,3655.9509868926616,40899.151182696005,8175.821915364153,0.0
144.1100000000139,upper,8204.990596207575,40988.68849607437,265.1602385792734,813.4126521618207,855.5408200783551,1.2686219351717578,-0.01668879631956342,9200.0,8000.0,0.0,0.0,3608.554771931238,40988.68849607437,8204.990596207575,0.0
144.2200000000138,upper,8234.157174587115,41078.101996906815,265.14121631783104,812.2875019305044,854.4652423492707,1.2667428194604815,-0.017459570206675996,9200.0,8000.0,0.0,0.0,3561.8217941583976,41078.101996906815,8234.157174587115,0.0
144.3300000000137,upper,8263.321670178022,41167.39177690878,265.1223680659369,811.1631810649197,853.3906352686616,1.2647846966823175,-0.01812491045531492,9200.0,8000.0,0.0,0.0,3515.742065699605,41167.39177690878,8263.321670178022,0.0
144.4400000000136,upper,8292.484101581986,41256.55792683696,265.103684006416,810.0396810043397,852.3169880246352,1.262759273590105,-0.01868297590174043,9200.0,8000.0,0.0,0.0,3470.3057615400294,41256.55792683696,8292.484101581986,0.0
144.5500000000135,upper,8321.644486320296,41345.60053652139,265.0851543402097,808.9169934504008,851.2442900509868,1.260678413294296,-0.019132759579198133,9200.0,8000.0,0.0,0.0,3425.503216602217,41345.60053652139,8321.644486320296,0.0
144.6600000000134,upper,8350.80284084493,41434.51969489087,265.06676945208005,807.7951103053485,850.1725310200233,1.258554045324765,-0.019474054802210282,9200.0,8000.0,0.0,0.0,3381.324922865237,41434.51969489087,8350.80284084493,0.0
144.7700000000133,upper,8379.959180567963,41523.31548999151,265.0485200776388,806.6740236068082,849.101700832912,1.256398079663126,-0.01970741699570156,9200.0,8000.0,0.0,0.0,3337.761526525034,41523.31548999151,8379.959180567963,0.0
144.8800000000132,upper,8409.11351990917,41611.98800899796,265.0303974661848,805.553725460965,848.0317896076324,1.254222325179403,-0.019834121888772364,9200.0,8000.0,0.0,0.0,3294.8038251967414,41611.98800899796,8409.11351990917,0.0
144.9900000000131,upper,8438.26587236157,41700.537338217095,265.0123935910365,804.4342079573449,846.9627876647304,1.2520384128396018,-0.019856120676341335,9200.0,8000.0,0.0,0.0,3252.4427651605965,41700.537338217095,8438.26587236157,0.0
145.100000000013,upper,8467.416250748316,41788.9635630265,264.9945060122401,803.31546153765,845.8946855029405,1.2498577239823003,-0.019775992842738867,9200.0,8000.0,0.0,0.0,3210.6694386127133,41788.9635630265,8467.416250748316,0.0
145.2100000000129,upper,8496.56466818492,41877.266767574794,264.9767411794263,802.1974738317645,844.8274737413154,1.2476913238691205,-0.019596897524788576,9200.0,8000.0,0.0,0.0,3169.4750808127164,41877.266767574794,8496.56466818492,0.0
145.3200000000128,upper,8525.711138577808,41965.44703462717,264.9591064325497,801.0802322485682,843.7611430855034,1.2455499006753108,-0.019322523178716106,9200.0,8000.0,0.0,0.0,3128.8510674254626,41965.44703462717,8525.711138577808,0.0
145.4300000000127,upper,8554.855676633499,42053.50444556974,264.9416089497246,799.9637243141342,842.6956843199144,1.2434437100922047,-0.01895703605461141,9200.0,8000.0,0.0,0.0,3088.78891205315,42053.50444556974,8554.855676633499,0.0
145.5400000000126,upper,8583.998297831611,42141.43908042527,264.9242555840505,798.8479377221818,841.6310883039827,1.241382525625304,-0.018505028249050127,9200.0,8000.0,0.0,0.0,3049.2802638411995,42141.43908042527,8583.998297831611,0.0
145.6500000000125,upper,8613.13901838131,42229.25101787413,264.9070527260839,797.7328603794748,840.5673459713022,1.2393755946088814,-0.01797146578623126,9200.0,8000.0,0.0,0.0,3010.316905148226,42229.25101787413,8613.13901838131,0.0
145.7600000000124,upper,8642.27785516406,42316.940335280044,264.89000619274634,796.6184804453226,839.5044483311616,1.2374315999113854,-0.017361637132000896,9200.0,8000.0,0.0,0.0,2971.890749274498,42316.940335280044,8642.27785516406,0.0
145.8700000000123,upper,8671.414825665648,42404.50710871967,264.87312114271634,795.5047863645451,838.4423864719535,1.2355586272634382,-0.016681102509426123,9200.0,8000.0,0.0,0.0,2933.9938382434234,42404.50710871967,8671.414825665648,0.0
145.9800000000122,upper,8700.549947900297,42491.95141301552,264.8564020176874,794.3917668934706,837.3811515659312,1.233764138101619,-0.015935644348535175,9200.0,8000.0,0.0,0.0,2896.6183406309115,42491.95141301552,8700.549947900297,0.0
146.0900000000121,upper,8729.690363685932,42579.29340063721,265.04348161669583,793.8530658093175,836.9293502096532,1.2320919757966495,-0.014072132369695137,9198.359077358424,7998.359077358424,80000.0,1.0,2863.9135575865394,42579.29340063721,8729.690363685932,-0.0028778622214805064
146.200000000012,upper,8758.861891028142,42666.60565695203,265.3481493585585,793.6425668501405,836.8262449783059,1.2306794210749759,-0.011619586110601793,9195.780484635947,7995.780484635947,80000.0,1.0,2833.9475440059286,42666.60565695203,8758.861891028142,-0.002711670496015524
146.3100000000119,upper,8788.067001544725,42753.89478072014,265.6540451877921,793.432486972879,836.7240782412117,1.2295333826314176,-0.009228889359882794,9193.20189191347,7993.20189191347,80000.0,1.0,2804.308911572818,42753.89478072014,8788.067001544725,-0.0025439201130246884
146.4200000000118,upper,8817.305817374148,42841.160822278944,265.9609347511472,793.2229029740109,836.6228496856999,1.2286462573876678,-0.006914325324722209,9190.623299190993,7990.623299190993,80000.0,1.0,2774.9939291800374,42841.160822278944,8817.305817374148,-0.0023759093440440513
146.5300000000117,upper,8846.578435277957,42928.40384031072,266.2685912794016,793.013889649052,836.5225590970251,1.2280089558440177,-0.004688636560725482,9188.044706468516,7988.044706468516,80000.0,1.0,2745.9989079346497,42928.40384031072,8846.578435277957,-0.002208837400412378
146.6400000000116,upper,8875.884927562247,43015.623901580126,266.57679713840054,792.8055190345667,836.4232061487992,1.227611071285421,-0.002563032092879164,9185.466113746039,7985.466113746039,80000.0,1.0,2717.320199442382,43015.623901580126,8875.884927562247,-0.0020438167370869704
146.7500000000115,upper,8905.225343158281,43102.82108059305,266.8853451722601,792.5978597419046,836.3247902191853,1.2274410474975055,-0.0005472070548279694,9182.887521023562,7982.887521023562,80000.0,1.0,2688.954194365113,43102.82108059305,8905.225343158281,-0.0018818710092075163
146.8600000000114,upper,8934.599708839516,43189.99545918773,267.1940398398463,792.3909763874356,836.2273102369779,1.2274863436972405,0.0013506265096496172,9180.308928301085,7980.308928301085,80000.0,1.0,2660.8973212574774,43189.99545918773,8934.599708839516,-0.0017239338738919638
146.9700000000113,upper,8964.008030552392,43277.14712606841,267.5026981485585,792.1849291213277,836.130764560019,1.2277335955170248,0.003123698891465078,9177.730335578608,7977.730335578608,80000.0,1.0,2633.146045677173,43277.14712606841,8964.008030552392,-0.0015708485761037954
147.0800000000112,upper,8993.45029483902,43364.27617629268,267.8111503921186,791.979773254363,836.0351508868405,1.2281687710128184,0.004766633194589918,9175.151742856131,7975.151742856131,80000.0,1.0,2605.6968695532128,43364.27617629268,8993.45029483902,-0.001423368256625191
147.1900000000111,upper,9022.926470330627,43451.382710722995,268.11924070127714,791.7755589800672,835.940466201049,1.2287773207959676,0.00627538820501788,9172.573150133654,7972.573150133654,80000.0,1.0,2578.5463307886885,43451.382710722995,9022.926470330627,-0.0012821569200609168
147.300000000011,upper,9052.436509291785,43538.46683545265,268.42682741812934,791.5723311875525,835.8467067467925,1.2295443215136135,0.007647194769624676,9169.994557411177,7969.994557411177,80000.0,1.0,2551.6910030687404,43538.46683545265,9052.436509291785,-0.0011477910007964601
147.4100000000109,upper,9081.980349196652,43625.528661215954,268.733783306099,791.370129358976,835.7538680327191,1.2304546120233464,0.008880486760183276,9167.4159646887,7967.4159646887,80000.0,1.0,2525.1274958406866,43625.528661215954,9081.980349196652,-0.0010207614656567534
147.5200000000108,upper,9111.55791431988,43712.56830279138,269.0399956086436,791.1689875443727,835.6619448611303,1.231492921723371,0.009974827648589335,9164.837371966223,7964.837371966223,80000.0,1.0,2498.8524544315346,43712.56830279138,9111.55791431988,-0.0009014763929823862
147.6300000000107,upper,9141.169117326264,43799.585878405895,269.3453659703748,790.9689344058448,835.5709313785592,1.2326439906094155,0.010930833665968667,9162.258779243746,7962.258779243746,80000.0,1.0,2472.862560267742,43799.585878405895,9141.169117326264,-0.0007902639693246384
147.7400000000106,upper,9170.813860844828,43886.58150914747,269.649810234626,790.7699933226199,835.4808211437448,1.2338926807335262,0.011750094461705341,9159.68018652127,7959.680186521269,80000.0,1.0,2447.1545311635614,43886.58150914747,9170.813860844828,-0.000687375846633059
147.8500000000105,upper,9200.492039014433,43973.55531839229,269.95325813155756,790.5721825483326,835.391607208905,1.2352240788374165,0.012435092119321332,9157.101593798792,7957.101593798792,80000.0,1.0,2421.7251216463187,43973.55531839229,9200.492039014433,-0.0005929908048895147
147.9600000000104,upper,9230.203538989766,44060.50743125154,270.2556528707163,790.3755154119533,835.3032822102928,1.2366235900239702,0.012989119325304705,9154.523001076315,7954.523001076315,80000.0,1.0,2396.571123290457,44060.50743125154,9230.203538989766,-0.0005072186674035572
148.0700000000103,upper,9259.948242397833,44147.43797404242,270.55695065158244,790.1800005540917,835.2158384642543,1.2380770224146727,0.01341619742503961,9151.944408353838,7951.944408353838,80000.0,1.0,2371.689365035668,44147.43797404242,9259.948242397833,-0.00043010441849211797
148.1800000000102,upper,9289.726026736696,44234.34707378675,270.85712010509434,789.9856421908571,835.1292680653255,1.239570662818063,0.013720995037556681,9149.365815631361,7949.365815631361,80000.0,1.0,2347.0767134685334,44234.34707378675,9289.726026736696,-0.00036163247597629844
148.2900000000101,upper,9319.536766705534,44321.23485774109,271.1561413961493,789.7924404947081,835.0435629830552,1.2410913435047832,0.013908747840136255,9146.787222908884,7946.787222908884,80000.0,1.0,2322.730073049582,44321.23485774109,9319.536766705534,-0.0003017310717032181
148.40000000001,upper,9349.380335196016,44408.10145305067,271.4539999867666,789.6003937929111,834.9587151390994,1.242626500252192,0.013985180174558253,9144.208630186407,7944.208630186407,80000.0,1.0,2298.6463861618454,44408.10145305067,9349.380335196016,-0.0002502766204973172
148.5100000000099,upper,9379.256603704309,44494.9469866067,271.75068641191615,789.4094986758068,834.8747164484838,1.2441642218950142,0.013956429029250563,9141.63003746393,7941.63003746393,80000.0,1.0,2274.8226328836176,44494.9469866067,9379.256603704309,-0.00020709815857704143
148.6200000000098,upper,9409.165443227823,44581.77158474175,272.0462011566429,789.2197483765938,834.7915588884297,1.2456932916432035,0.013828970404847513,9139.051444741453,7939.051444741453,80000.0,1.0,2251.2558309431747,44581.77158474175,9409.165443227823,-0.00017198191073045568
148.7300000000097,upper,9439.106725354433,44668.57537286569,272.3405543864072,789.031132924673,834.7092345768607,1.2472032204538237,0.013609548573086694,9136.472852018976,7936.4728520189765,80000.0,1.0,2227.9430357198507,44668.57537286569,9439.106725354433,-0.0001446757404061208
148.8400000000096,upper,9469.080323298418,44755.35847512634,272.6337654147058,788.8436393843135,834.6277358447236,1.2486842728004104,0.013305108639185196,9133.8942592965,7933.8942592964995,80000.0,1.0,2204.8813401819357,44755.35847512634,9469.080323298418,-0.00012489352538772608
148.9500000000095,upper,9499.086112875611,44842.121014096745,272.9258621305573,788.6572521008271,834.5470553006196,1.2501274852181932,0.01292273267095702,9131.315666574023,7931.3156665740225,80000.0,1.0,2182.067874756867,44842.121014096745,9499.086112875611,-0.00011231943889100007
149.0600000000094,upper,9529.123973413605,44928.86311048989,273.21688039144885,788.4719529513109,834.4671858867126,1.2515246780295894,0.012469579605733154,9128.737073851546,7928.737073851546,80000.0,1.0,2159.4998071324776,44928.86311048989,9529.123973413605,-0.00010661211262441469
149.1700000000093,upper,9559.193788593562,45015.58488290105,273.5068633876472,788.2877215972046,834.3881209251849,1.2528684606748963,0.011952829097627158,9126.158481129069,7926.158481129069,80000.0,1.0,2137.1743419901004,45015.58488290105,9559.193788593562,-0.00010740866133733506
149.2800000000092,upper,9589.295447220795,45102.286447577935,273.79586098397664,788.1045357361389,834.309854154817,1.2541522310884514,0.01137962942205946,9123.579888406592,7923.579888406592,80000.0,1.0,2115.088720671908,45102.286447577935,9589.295447220795,-0.00011432855102817726
149.3900000000091,upper,9619.428843921985,45188.96791821844,274.083929045267,787.9223713507903,834.2323797575491,1.255370169571028,0.010757049511895014,9121.001295684115,7921.001295684115,80000.0,1.0,2093.240220786456,45188.96791821844,9619.428843921985,-0.00012697729595180317
149.500000000009,upper,9649.593879767583,45275.62940579544,274.3711287516622,787.7412029527309,834.1556923751565,1.2565172276152095,0.010092035160120059,9118.422702961638,7918.422702961638,80000.0,1.0,2071.6261557576668,45275.62940579544,9649.593879767583,-0.00014494997202198307
149.6100000000089,upper,9679.79046281864,45362.27101840804,274.6575259098826,787.561003819526,834.0797871164109,1.2575891121423077,0.009391369387799484,9115.84411023916,7915.844110239161,80000.0,1.0,2050.243874323411,45362.27101840804,9679.79046281864,-0.0001678345366700757
149.7200000000088,upper,9710.0185085979,45448.89286115858,274.94319026633707,787.3817462236046,834.0046595553073,1.2585822656074115,0.008661636943102837,9113.265517516684,7913.265517516684,80000.0,1.0,2029.0907599906377,45448.89286115858,9710.0185085979,-0.00019521494756625027
149.8300000000087,upper,9740.277940485703,45535.49503605415,275.22819482770905,787.2034016516888,833.9303057211132,1.2594938424237256,0.007909192867494719,9110.686924794207,7910.686924794207,80000.0,1.0,2008.1642304543936,45535.49503605415,9740.277940485703,-0.0002266740747726377
149.9400000000086,upper,9770.568690041806,45622.07764193181,275.512615194301,787.0259410138134,833.8567220811268,1.2603216821488445,0.007140135038696057,9108.10833207173,7908.10833207173,80000.0,1.0,1987.4617369883383,45622.07764193181,9770.568690041806,-0.0002617964027538498
150.0500000000085,upper,9800.890697254816,45708.64077440615,275.79652891102046,786.849334841205,833.7839055171394,1.261064279864353,0.006360280576679719,9105.529739349253,7905.529739349253,80000.0,1.0,1966.9807638143398,45708.64077440615,9800.890697254816,-0.00030017052068652996
150.1600000000084,upper,9831.243910721389,45795.18452583793,276.0800148404467,786.6735534724885,833.7118532966492,1.2617207541664823,0.005575145978687598,9102.951146626776,7902.951146626776,80000.0,1.0,1946.7188274584712,45795.18452583793,9831.243910721389,-0.000341391401005395
150.2700000000083,upper,9861.628287757856,45881.7089853226,276.3631525619357,786.4985672278867,833.6405630399054,1.2622908131698403,0.00478993083190348,9100.372553904299,7900.372553904299,80000.0,1.0,1926.6734761004145,45881.7089853226,9861.628287757856,-0.00038506246772101305
150.3800000000082,upper,9892.04379444737,45968.214238697285,276.64602180021956,786.324346571232,833.5700326838546,1.2627747189087544,0.004009504937896727,9097.793961181822,7897.793961181822,80000.0,1.0,1906.8422889226704,45968.214238697285,9892.04379444737,-0.0004307974573752989
150.4900000000081,upper,9922.490405625946,46054.70036856499,276.9287018864431,786.1508622597556,833.5002604440311,1.2631732505018423,0.003238398671089453,9095.215368459345,7895.215368459345,80000.0,1.0,1887.222875465397,46054.70036856499,9922.490405625946,-0.0004782220767325046
150.600000000008,upper,9952.968104811105,46141.1674543345,277.2112712540581,785.9780854817328,833.431244775369,1.2634876664253343,0.002480796384147285,9092.636775736868,7892.636775736868,80000.0,1.0,1867.8128749920022,46141.1674543345,9952.968104811105,-0.000526975462288121
150.7100000000079,upper,9983.476884077085,46227.61557227482,277.493806971491,785.8059879821578,833.3629843328454,1.2637196662196937,0.0017405326661937563,9090.058183014391,7890.058183014391,80000.0,1.0,1848.6099558697986,46227.61557227482,9983.476884077085,-0.0005767114476832508
150.8200000000078,upper,10014.016743880724,46314.04479558284,277.7763843129981,785.6345421766995,833.2954779327646,1.2638713519324343,0.0010210912549177729,9087.479590291914,7887.479590291914,80000.0,1.0,1829.6118149692888,46314.04479558284,10014.016743880724,-0.000627099645953874
150.9300000000077,upper,10044.587692842302,46400.455194462775,278.0590763686511,785.4637212542445,833.2287245153956,1.2639451895779887,0.00032560640081189603,9084.900997569437,7884.900997569437,80000.0,1.0,1810.8161770849504,46400.455194462775,10044.587692842302,-0.0006778263540251157
151.0400000000076,upper,10075.18974748563,46486.84683621638,278.3419536939447,785.2934992683819,833.1627231095629,1.2639439708732056,-0.0003431335192148272,9082.32240484696,7882.32240484696,80000.0,1.0,1792.2207943795127,46486.84683621638,10075.18974748563,-0.0007285952876517196
151.1500000000075,upper,10105.822931941799,46573.219785342626,278.6250839991012,785.1238512182075,833.0974727996817,1.2638707754847862,-0.000982680340952576,9079.743812124483,7879.743812124483,80000.0,1.0,1773.8234458531715,46573.219785342626,10105.822931941799,-0.0007791281553541788
151.2600000000074,upper,10136.48727762093,46659.57410364568,278.90853187776764,784.9547531188541,833.0329726956148,1.2637289340028315,-0.0015909186047009661,9077.165219402006,7877.165219402006,80000.0,1.0,1755.6219368384561,46659.57410364568,10136.48727762093,-0.0008291650801860889
151.3700000000073,upper,10167.18282285619,46745.90985035007,279.1923585744496,784.7861820621591,832.9692219056262,1.2635219918328582,-0.0021660563962571924,9074.58662667953,7874.586626679529,80000.0,1.0,1737.6140985209431,46745.90985035007,10167.18282285619,-0.000878464878607441
151.4800000000072,upper,10197.909612524352,46832.227082222045,279.47662178972314,784.6181162678911,832.906219512599,1.2632536741772802,-0.002706614728951642,9072.008033957052,7872.008033957052,80000.0,1.0,1719.797787485502,46832.227082222045,10197.909612524352,-0.0009268052057236624
151.5900000000071,upper,10228.667697646915,46918.525853696,279.7613755219968,784.4505351259571,832.8439645536012,1.2629278522565386,-0.0032114156529356353,9069.429441234575,7869.429441234575,80000.0,1.0,1702.1708852873533,46918.525853696,10228.667697646915,-0.0009739825763644184
151.700000000007,upper,10259.45713497579,47004.806217005185,280.0466699443626,784.2834192300089,832.782456002791,1.2625485108999408,-0.0036795692714085993,9066.850848512098,7866.850848512098,80000.0,1.0,1684.7312980468303,47004.806217005185,10259.45713497579,-0.0010198122715324195
151.8100000000069,upper,10290.277986567271,47091.06822231557,280.33255131488863,784.1167504028649,832.7216927575884,1.262119717616885,-0.00411045983621312,9064.272255789621,7864.272255789621,80000.0,1.0,1667.4769560665497,47091.06822231557,10290.277986567271,-0.0010641281395313898
151.9200000000068,upper,10321.130319347922,47177.31191786207,280.619061918544,783.950511714163,832.6616736279758,1.2616455932406259,-0.004503731087350018,9061.693663067144,7861.693663067144,80000.0,1.0,1650.4058134694592,47177.31191786207,10321.130319347922,-0.0011067823012325605
152.0300000000067,upper,10352.014204675694,47263.53735008633,280.9062400388292,783.7846874906448,832.6023973287371,1.261130284219072,-0.004859270992602091,9059.115070344667,7859.115070344667,80000.0,1.0,1633.5158478560668,47263.53735008633,10352.014204675694,-0.0011476447685653476
152.1400000000066,upper,10382.9297178995,47349.74456377526,281.19411995709544,783.6192633194826,832.5438624744128,1.2605779366104193,-0.005177196034705417,9056.53647762219,7856.53647762219,80000.0,1.0,1616.8050599791254,47349.74456377526,10382.9297178995,-0.0011866029852578518
152.2500000000065,upper,10413.876937920111,47435.933602199584,281.4827319774765,783.4542260450411,832.4860675767122,1.2599926718256906,-0.005457835184468489,9053.957884899713,7853.9578848997135,80000.0,1.0,1600.2714734340418,47435.933602199584,10413.876937920111,-0.0012235612985873386
152.3600000000064,upper,10444.855946755126,47522.10450725162,281.7721024753248,783.2895637594747,832.429011044109,1.2593785641455382,-0.005701713689025691,9051.379292177236,7851.3792921772365,80000.0,1.0,1583.9131343632448,47522.10450725162,10444.855946755126,-0.0012584403705726077
152.4700000000063,upper,10475.866829110459,47608.25731958181,282.06225396703667,783.1252657875549,832.3726911833386,1.258739620024968,-0.005909536795079457,9048.80069945476,7848.8006994547595,80000.0,1.0,1567.7281111728585,47608.25731958181,10475.866829110459,-0.001291176536756671
152.5800000000062,upper,10506.90967196059,47694.39207873317,282.35320519916553,782.9613226661163,832.3171062025076,1.2580797591869766,-0.006082173517626753,9046.222106732283,7846.222106732283,80000.0,1.0,1551.7144942600976,47694.39207873317,10506.90967196059,-0.0013217211204598674
152.6900000000061,upper,10537.984564139579,47780.5088232733,282.6449712547541,782.7977261185207,832.2622542155372,1.2574027974944375,-0.006220640555360778,9043.643514009806,7843.643514009806,80000.0,1.0,1535.870395749902,47780.5088232733,10537.984564139579,-0.0013500397099161117
152.800000000006,upper,10569.091595944634,47866.60759092325,282.93756367486833,782.6344690245207,832.2081332476652,1.2567124315789764,-0.006326086444723332,9041.064921287329,7841.064921287329,80000.0,1.0,1520.1939492394802,47866.60759092325,10569.091595944634,-0.0013761114054363214
152.9100000000059,upper,10600.230858753795,47952.688418682934,283.23099059337613,782.4715453859221,832.1547412417586,1.2560122251959234,-0.006399776035539185,9038.486328564852,7838.486328564852,80000.0,1.0,1504.6833095495392,47952.688418682934,10600.230858753795,-0.0013999280432565007
153.0200000000058,upper,10631.402444659085,48038.75134295236,283.5252568830909,782.3089502884256,832.1020760651911,1.2553055972658287,-0.006443075362325814,9035.907735842375,7835.907735842375,80000.0,1.0,1489.3366524811756,48038.75134295236,10631.402444659085,-0.0014214934024617955
153.1300000000057,upper,10662.606446116277,48124.79639964876,283.82036431148293,782.1466798600414,832.0501355170787,1.2545958115553262,-0.006457436976782691,9033.329143119898,7833.329143119898,80000.0,1.0,1474.15217457744,48124.79639964876,10662.606446116277,-0.0014408224008137993
153.2400000000056,upper,10693.842955612236,48210.82362431871,284.1163117042501,781.9847312264592,831.9989173356803,1.2538859679434007,-0.006444385798676008,9030.75055039742,7830.750550397421,80000.0,1.0,1459.128092888881,48210.82362431871,10693.842955612236,-0.001457940285031067
153.3500000000055,upper,10725.11206535062,48296.83305224533,284.41309511513873,781.8231024637516,831.9484192057936,1.2531789952132535,-0.006405505534350636,9028.171957674944,7828.171957674944,80000.0,1.0,1444.262644742345,48296.83305224533,10725.11206535062,-0.0014728818206389124
153.4600000000054,upper,10756.413866956524,48382.82471855014,284.7107080005015,781.6617925487934,831.8986387660096,1.2524776453049709,-0.006342425704483253,9025.593364952467,7825.593364952467,80000.0,1.0,1429.5540875125612,48382.82471855014,10756.413866956524,-0.0014856904860534462
153.5700000000053,upper,10787.748451200525,48468.79865828926,285.00914139718094,781.5008013077622,831.8495736157066,1.2517844889600265,-0.00625680931543084,9023.01477222999,7823.01477222999,80000.0,1.0,1415.0006983960936,48468.79865828926,10787.748451200525,-0.0014964176751902044
153.6800000000052,upper,10819.115907742422,48554.75490654402,285.3083841024088,781.3401293630866,831.8012213216884,1.2511019126852458,-0.006150341201655132,9020.436179507513,7820.436179507513,80000.0,1.0,1400.6007741873382,48554.75490654402,10819.115907742422,-0.0015051219125534884
153.7900000000051,upper,10850.51632489481,48640.69349850549,285.6084228545138,781.1797780791961,831.7535794244019,1.2504321169612056,-0.0060247170602336485,9017.857586785036,7817.857586785036,80000.0,1.0,1386.3526310563848,48640.69349850549,10850.51632489481,-0.001511868084266867
153.900000000005,upper,10881.94978940654,48726.61446955316,285.9092425133263,781.0197495074184,831.7066454436772,1.2497771156180615,-0.005881633192408565,9015.278994062559,7815.278994062559,80000.0,1.0,1372.2546043285913,48726.61446955316,10881.94978940654,-0.0015167266882322346
154.0100000000049,upper,10913.416386265939,48812.517855327365,286.21082623926986,780.8600463303532,831.6604168839627,1.2491387363004687,-0.0057227769614619515,9012.700401340082,7812.700401340082,80000.0,1.0,1358.3050482658086,48812.517855327365,10913.416386265939,-0.0015197731062033025
154.1200000000048,upper,10944.916198523639,48898.4036917957,286.51315567022067,780.7006718060488,831.6148912390423,1.2485186219425277,-0.0055498179709806954,9010.121808617605,7810.121808617605,80000.0,1.0,1344.502335849243,48898.4036917957,10944.916198523639,-0.0015210869001910368
154.2300000000047,upper,10976.449307134673,48984.27201531322,286.81621109530914,780.5416297122817,831.5700659962296,1.2479182331735195,-0.005364399962742646,9007.543215895128,7807.543215895128,80000.0,1.0,1330.8448585640026,48984.27201531322,10976.449307134673,-0.001520751135388758
154.3400000000046,upper,11008.01579081951,49070.12286267662,287.11997162492344,780.3829242912342,831.5259386400613,1.2473388515755095,-0.005168133429046889,9004.964623172651,7804.964623172651,80000.0,1.0,1317.3310261853605,49070.12286267662,11008.01579081951,-0.0015188517312128644
154.4500000000045,upper,11039.615725943546,49155.956271172225,287.424415356259,780.2245601948398,831.4825066555029,1.2467815837147092,-0.00496258893029101,9002.386030450174,7802.386030450174,80000.0,1.0,1303.9592665668627,49155.956271172225,11039.615725943546,-0.0015154768422622573
154.5600000000044,upper,11071.24918641452,49241.77227861818,287.7295195338367,780.0665424310583,831.4397675307085,1.2462473658696873,-0.004749291104993075,8999.807437727697,7799.807437727697,80000.0,1.0,1290.728025430347,49241.77227861818,11071.24918641452,-0.0015107162700414756
154.6700000000043,upper,11102.916243597305,49327.570923400635,288.0352607044879,779.9088763113133,831.397718759366,1.2457369693811144,-0.004529713356205085,8997.22884500522,7797.22884500522,80000.0,1.0,1277.6357661580066,49327.570923400635,11102.916243597305,-0.0015046609066769255
154.7800000000042,upper,11134.616966245405,49413.35224450435,288.3416148663723,779.7515673993163,831.3563578426749,1.2452510065496631,-0.004305273195419148,8994.650252282743,7794.650252282743,80000.0,1.0,1264.6809695865975,49413.35224450435,11134.616966245405,-0.0014974022111632563
154.8900000000041,upper,11166.351420448524,49499.11628153772,288.64855761166484,779.5946214614743,831.3156822910018,1.2447899370108821,-0.004077328222549577,8992.071659560266,7792.071659560266,80000.0,1.0,1251.8621338038906,49499.11628153772,11166.351420448524,-0.0014890317185364346
155.000000000004,upper,11198.11966959543,49584.863074752335,288.9560642626061,779.4380444190631,831.2756896252582,1.2443540745183654,-0.003847172718413216,8989.49306683779,7789.493066837789,80000.0,1.0,1239.1777739474906,49584.863074752335,11198.11966959543,-0.0014796405823612722
155.1100000000039,upper,11229.921774351455,49670.59266505758,289.2641100006709,779.281842302327,831.2363773780531,1.2439435940692172,-0.003616034824300202,8986.914474115312,7786.914474115312,80000.0,1.0,1226.6264220060755,49670.59266505758,11229.921774351455,-0.0014693191504245918
155.2200000000038,upper,11261.757792649772,49756.3050940301,289.57266998866174,779.1260212066439,831.1977430946611,1.243558539308706,-0.003385074281693387,8984.335881392835,7784.335881392835,80000.0,1.0,1214.2066266231452,49756.3050940301,11261.757792649772,-0.0014581565735068988
155.3300000000037,upper,11293.627779695746,49842.000403918726,289.88171948558573,778.9705872508782,831.1597843338535,1.2431988301540282,-0.0031553807039677237,8981.757288670358,7781.757288670358,80000.0,1.0,1201.9169529033281,49842.000403918726,11293.627779695746,-0.00144624044691142
155.4400000000036,upper,11325.531787983467,49927.67863764484,290.191233954218,778.8155465380221,831.1224986686317,1.2428642705802584,-0.002927972350937847,8979.178695947881,7779.178695947881,80000.0,1.0,1189.7559822212966,49927.67863764484,11325.531787983467,-0.001433656484277599
155.5500000000035,upper,11357.469867323784,50013.33983879854,290.5011891612993,778.6609051182096,831.0858836869018,1.2425545565148113,-0.002703795376427646,8976.600103225404,7776.600103225404,80000.0,1.0,1177.722312033289,50013.33983879854,11357.469867323784,-0.0014204882230263777
155.6600000000034,upper,11389.44206488288,50098.98405163101,290.8115612703544,778.5066689541619,831.0499369921197,1.242269283790038,-0.0024837235185692003,8974.021510502927,7774.021510502927,80000.0,1.0,1165.8145556912464,50098.98405163101,11389.44206488288,-0.0014068167606948194
155.7700000000033,upper,11421.448425230705,50184.61132104295,291.12232692715287,778.3528438891153,831.0146562039406,1.2420079561069457,-0.0022685582023050433,8971.44291778045,7771.44291778045,80000.0,1.0,1154.0313422595875,50184.61132104295,11421.448425230705,-0.0013927205213205129
155.8800000000032,upper,11453.488990398384,50270.221692569925,291.4334633378702,778.1994356172584,830.9800389588942,1.241769992966367,-0.0020590290235276225,8968.864325057973,7768.8643250579735,80000.0,1.0,1142.3713163345315,50270.221692569925,11453.488990398384,-0.0013782750509201379
155.9900000000031,upper,11485.563799943819,50355.815212364425,291.7449483400345,778.0464496566872,830.9460829111027,1.241554737527286,-0.0018557945844484595,8966.285732335497,7766.2857323354965,80000.0,1.0,1130.8331378659702,50355.815212364425,11485.563799943819,-0.0013635528410059646
156.100000000003,upper,11517.672891024735,50441.39192717511,292.0567604663755,777.8938913248803,830.9127857330627,1.2413614643553337,-0.0016594436501038278,8963.70713961302,7763.7071396130195,80000.0,1.0,1119.415481981832,50441.39192717511,11517.672891024735,-0.001348623179044778
156.2100000000029,upper,11549.816298478323,50526.95188432347,292.36887900171376,777.741765716672,830.8801451164936,1.2411893870277695,-0.0014704965963829456,8961.128546890543,7761.128546890543,80000.0,1.0,1108.1170388148646,50526.95188432347,11549.816298478323,-0.0013335520247250026
156.3200000000028,upper,11581.994054906805,50612.49513167829,292.6812840330547,777.5900776846927,830.8481587732647,1.2410376655644777,-0.001289407120576124,8958.549954168066,7758.549954168066,80000.0,1.0,1096.9365133317538,50612.49513167829,11581.994054906805,-0.0013184019107541293
156.4300000000027,upper,11614.206190768102,50698.02171762805,292.9939564930702,777.4388318222329,830.8168244363985,1.2409054136576663,-0.0011165641861703131,8955.971361445589,7755.971361445589,80000.0,1.0,1085.8726251645107,50698.02171762805,11614.206190768102,-0.0013032318670234376
156.5400000000026,upper,11646.452734470977,50783.53169105152,293.3068781971708,777.2880324484756,830.7861398611514,1.2407917056760167,-0.0009522941744597241,8953.392768723112,7753.392768723112,80000.0,1.0,1074.9241084440575,50783.53169105152,11646.452734470977,-0.0012880973667800189
156.6500000000025,upper,11678.733712473888,50869.025101286934,293.62003187438586,777.1376835960294,830.756102826165,1.2406955834220017,-0.0007968632164767431,8950.814176000635,7750.814176000635,80000.0,1.0,1064.0897116358867,50869.025101286934,11678.733712473888,-0.0012730502935745943
156.7600000000024,upper,11711.04914938689,50954.501998099826,293.933401192285,776.9877890006891,830.7267111346812,1.240616062623947,-0.0006504796797463566,8948.235583278158,7748.235583278158,80000.0,1.0,1053.3681973777423,50954.501998099826,11711.04914938689,-0.0012581389276248999
156.8700000000023,upper,11743.399068076003,51039.962431650056,294.24697077618504,776.8383520933392,830.6979626158089,1.2405521391471614,-0.0005132967854583811,8945.65699055568,7745.656990555681,80000.0,1.0,1042.7583423191877,51039.962431650056,11743.399068076003,-0.0012434079503501887
156.9800000000022,upper,11775.783489769365,51125.40645245774,294.5607262229011,776.6893759939119,830.6698551258346,1.2405027949110732,-0.0003854153327700682,8943.078397833204,7743.078397833204,80000.0,1.0,1032.2589369630498,51125.40645245774,11775.783489769365,-0.001228898465735101
157.0900000000021,upper,11808.202434164605,51210.83411136894,294.87465410930247,776.5408635072996,830.6423865495567,1.2404670035018268,-0.0002668865081343886,8940.499805110727,7740.499805110727,80000.0,1.0,1021.8687855085543,51210.83411136894,11808.202434164605,-0.00121464803722048
157.200000000002,upper,11840.6559195369,51296.245459520775,295.1887419959487,776.3928171211244,830.6155548016342,1.2404437354721367,-0.00015771475874622675,8937.92121238825,7737.92121238825,80000.0,1.0,1011.5867056961625,51296.245459520775,11840.6559195369,-0.0012006907389073883
157.3100000000019,upper,11873.143962847169,51381.640548306554,295.5029784260815,776.245239005258,830.5893578279313,1.2404319633224452,-5.786071043464959e-05,8935.342619665773,7735.342619665773,80000.0,1.0,1001.4115286539665,51381.640548306554,11873.143962847169,-0.0011870572197314995
157.4200000000018,upper,11905.666579849909,51467.01942934084,295.81735292025473,776.0981310129827,830.5637936068434,1.2404306661595206,3.2755888436901474e-05,8932.764026943296,7732.764026943296,80000.0,1.0,991.3420987456158,51467.01942934084,11905.666579849909,-0.0011737747794901216
157.5300000000017,upper,11938.223785200207,51552.38215442475,296.13185596688777,775.9514946836844,830.5388601505877,1.240438834030586,0.00011425321425217281,8930.185434220819,7730.185434220819,80000.0,1.0,981.3772734196936,51552.38215442475,11938.223785200207,-0.0011608674554579282
157.6400000000016,upper,11970.815592559522,51637.728775511634,296.4464790090264,775.8053312469673,830.5145555064437,1.2404554719329055,0.00018678442254957447,8927.606841498342,7727.606841498342,80000.0,1.0,971.5159230604833,51637.728775511634,11970.815592559522,-0.001148356118444309
157.7500000000015,upper,12003.442014699804,51723.059344673355,296.76121442759717,775.6596416280743,830.4908777579287,1.240479603500423,0.0002505347242718357,8925.028248775865,7725.028248775865,80000.0,1.0,961.7569308400746,51723.059344673355,12003.442014699804,-0.0011362585772096867
157.8600000000014,upper,12036.103063605586,51808.373914067066,297.07605552144133,775.5144264545055,830.4678250258942,1.2405102743706182,0.0003057184973536452,8922.449656053388,7722.449656053388,80000.0,1.0,952.0991925717808,51808.373914067066,12036.103063605586,-0.0011245896901295404
157.9700000000013,upper,12068.798750573713,51893.672535902944,297.3909964844078,775.3696860637228,830.4453954695307,1.240546555236149,0.00035257644594709924,8919.871063330911,7719.871063330911,80000.0,1.0,942.5416165648081,51893.672535902944,12068.798750573713,-0.001113361483083166
158.0800000000012,upper,12101.529086310433,51978.95526241271,297.706032379786,775.2254205118305,830.4235872872704,1.2405875445871424,0.0003913728184200558,8917.292470608434,7717.292470608434,80000.0,1.0,933.0831234801672,51978.95526241271,12101.529086310433,-0.0011025832725886841
158.1900000000011,upper,12134.294081025486,52064.22214581923,298.02115911234984,775.0816295831262,830.4023987175754,1.2406323711511642,0.00042239269411990414,8914.713877885957,7714.713877885957,80000.0,1.0,923.7226461877879,52064.22214581923,12134.294081025486,-0.0010922617932253222
158.300000000001,upper,12167.09374452306,52149.47323830714,298.3363733982838,774.9383128004181,830.3818280396066,1.2406801960389264,0.0004459393477969092,8912.13528516348,7712.13528516348,80000.0,1.0,914.4591296248342,52149.47323830714,12167.09374452306,-0.0010824013284890404
158.4100000000009,upper,12199.9280862893,52234.70859199473,298.6516727332516,774.7954694360055,830.3618735737626,1.2407302146047157,0.000462331699514003,8909.556692441003,7709.556692441003,80000.0,1.0,905.2915306551968,52234.70859199473,12199.9280862893,-0.0010730038441681864
158.5200000000008,upper,12232.7971155762,52319.928258906984,298.96705535886167,774.6530985232282,830.3425336820865,1.2407816580313296,0.0004719018568483215,8906.978099718526,7706.978099718526,80000.0,1.0,896.2188179301662,52319.928258906984,12232.7971155762,-0.0010640691235145486
158.6300000000007,upper,12265.70084148178,52405.13229094997,299.28252022777787,774.5111988684873,830.3238067685352,1.240833794650005,0.0004749927552095913,8904.39950699605,7704.399506996049,80000.0,1.0,887.2399717502886,52405.13229094997,12265.70084148178,-0.0010555949034383864
158.7400000000006,upper,12298.639273026303,52490.320739886534,299.5980669677125,774.3697690636509,830.3056912791108,1.2408859310064029,0.00047195590116441336,8901.820914273572,7701.820914273572,80000.0,1.0,878.3539839283941,52490.320739886534,12298.639273026303,-0.0010475770109810729
158.8500000000005,upper,12331.612419224526,52575.49365731339,299.91369584453,774.2288074987576,830.2881857018523,1.240937412684214,0.0004631492227719754,8899.242321551095,7699.242321551095,80000.0,1.0,869.5598576538281,52575.49365731339,12331.612419224526,-0.001040009499546406
158.9600000000004,upper,12364.620289153827,52660.65109463968,300.2294077246825,774.0883123749375,830.2712885666904,1.240987624898336,0.000448935030088391,8896.663728828618,7696.663728828618,80000.0,1.0,860.8566073578667,52660.65109463968,12364.620289153827,-0.0010328847840998636
159.0700000000003,upper,12397.662892018192,52745.79310306684,300.54520403718345,773.9482817174724,830.2549984451646,1.241035992869873,0.00042967808821767694,8894.085136106141,7694.085136106141,80000.0,1.0,852.2432585803684,52745.79310306684,12397.662892018192,-0.0010261937750116405
159.1800000000002,upper,12430.740237207974,52830.91973357007,300.86108673532095,773.8087133889283,830.2393139500122,1.2410819819954466,0.0004057438045297353,8891.506543383664,7691.506543383664,80000.0,1.0,843.7188478376348,52830.91973357007,12430.740237207974,-0.001019926009817114
159.2900000000001,upper,12463.852334355472,52916.03103688105,301.17705825829677,773.669605102287,830.224233734628,1.2411250978234158,0.000377496530984576,8888.927950661187,7688.927950661187,80000.0,1.0,835.2824224915465,52916.03103688105,12463.852334355472,-0.001014069782582542
159.4,upper,12496.999193386266,53001.12706347233,301.49312149296674,773.5309544340203,830.2097564924055,1.2411648858497095,0.0003452979818485822,8886.34935793871,7686.34935793871,80000.0,1.0,826.9330406199465,53001.12706347233,12496.999193386266,-0.0010086122704145721
159.5099999999999,upper,12530.180824566361,53086.207863542884,301.8092797358513,773.392758837044,830.1958809559629,1.241200931145935,0.0003095057664973804,8883.770765216233,7683.7707652162335,80000.0,1.0,818.6697708883262,53086.207863542884,12530.180824566361,-0.00100353965673948
159.6199999999998,upper,12563.397238545202,53171.27348700534,302.1255366555663,773.2550156535038,830.1826058962657,1.2412328578323912,0.00027047203644389256,8881.192172493757,7681.1921724937565,80000.0,1.0,810.4916924228089,53171.27348700534,12563.397238545202,-0.0009988372509856726
159.7299999999997,upper,12596.648446394534,53256.32398347442,302.4418962558203,773.1177221273413,830.1699301216499,1.2412603284084756,0.0002285422452327225,8878.61357977128,7678.61357977128,80000.0,1.0,802.3978946844709,53256.32398347442,12596.648446394534,-0.00099448960448045
159.8399999999996,upper,12629.93445964328,53341.35940225688,302.75836283910786,772.9808754165964,830.1578524767591,1.2412830429528063,0.00018405401938023048,8876.034987048803,7676.034987048803,80000.0,1.0,794.3874773449995,53341.35940225688,12629.93445964328,-0.000990480622154047
159.9499999999995,upper,12663.255290308438,53426.379792342654,303.0749409712193,772.8444726054099,830.1463718414013,1.2413007382051555,0.000137336138130318,8873.456394326326,7673.456394326326,80000.0,1.0,786.4595501637234,53426.379792342654,12663.255290308438,-0.0009867936700093227
160.0599999999994,upper,12696.610950922128,53511.385202397425,303.3916354466771,772.7085107156856,830.1354871293373,1.24131318654202,8.870761942143464e-05,8870.877801603849,7670.877801603849,80000.0,1.0,778.6132328660185,53511.385202397425,12696.610950922128,-0.0009834116780308474
160.1699999999993,upper,12730.001454554924,53596.37568075637,303.70845125519577,772.5729867183857,830.1251972870095,1.2413201948573576,3.847690913155984e-05,8868.299208881372,7668.299208881372,80000.0,1.0,770.8476550231138,53596.37568075637,12730.001454554924,-0.0009803172384352944
160.2799999999992,upper,12763.426814835495,53681.35127541917,304.02539354925375,772.4378975444282,830.1155012922209,1.2413216033596757,-1.3058829617884945e-05,8865.720616158895,7665.720616158895,80000.0,1.0,763.161955933302,53681.35127541917,12763.426814835495,-0.0009774926991760492
160.3899999999991,upper,12796.887045966803,53766.312034046205,304.3424676128533,772.3032400951657,830.1063981527741,1.2413172842962876,-6.561433057435901e-05,8863.142023436418,7663.142023436418,80000.0,1.0,755.5552845045767,53766.312034046205,12796.887045966803,-0.0009749202526164916
160.499999999999,upper,12830.382162738906,53851.258003955816,304.659678831536,772.1690112524241,830.0978869050812,1.241307140615159,-0.000118916745572649,8860.56343071394,7660.563430713941,80000.0,1.0,748.0267991386937,53851.258003955816,12830.382162738906,-0.0009725820191867412
160.6099999999989,upper,12863.91218053853,53936.18923212271,304.97703266371053,772.0352078880819,830.0899666127497,1.2412911045743533,-0.0001727060767248033,8857.984837991464,7657.984837991464,80000.0,1.0,740.5756676166768,53936.18923212271,12863.91218053853,-0.0009704601261870193
160.7199999999988,upper,12897.477115355583,54021.1057651774,305.2945346133407,771.9018268731834,830.0826363651599,1.241269136308649,-0.00022673552360221274,8855.406245268987,7655.406245268987,80000.0,1.0,733.2010669857584,54021.1057651774,12897.477115355583,-0.0009685367815827798
160.8299999999987,upper,12931.076983786717,54106.00764940657,305.6121902040306,771.7688650865667,830.0758952760355,1.2412412223624532,-0.0002807717495435173,8852.82765254651,7652.82765254651,80000.0,1.0,725.9021834477714,54106.00764940657,12931.076983786717,-0.000966794342845229
160.9399999999986,upper,12964.71180303613,54190.89493075436,305.93000495453856,771.6363194230071,830.0697424820212,1.2412073741976766,-0.0003345950713105755,8850.249059824033,7650.249059824033,80000.0,1.0,718.6782122489918,54190.89493075436,12964.71180303613,-0.0009652153808767977
161.0499999999985,upper,12998.381590913754,54275.767654824536,306.2479843557402,771.504186800864,830.0641771412716,1.2411676266847655,-0.0003879995763755373,8847.670467101556,7647.670467101556,80000.0,1.0,711.5283575714247,54275.767654824536,12998.381590913754,-0.0009637827390898007
161.1599999999984,upper,13032.086365830994,54360.62586688356,306.56613384905364,771.3724641692328,830.0591984320578,1.2411220365846123,-0.0004407931721593118,8845.091874379079,7645.091874379079,80000.0,1.0,704.4518324255217,54360.62586688356,13032.086365830994,-0.0009624795876649432
161.2699999999983,upper,13065.826146794156,54445.469611864275,306.88445880633475,771.2411485146,830.0548055514023,1.2410706810285959,-0.0004927975715525566,8842.513281656602,7642.513281656602,80000.0,1.0,697.4478585443542,54445.469611864275,13065.826146794156,-0.0009612894731033023
161.3799999999982,upper,13099.600953395766,54530.29893437037,307.20296451123966,771.1102368670055,830.0509977137449,1.241013656003522,-0.0005438482190414391,8839.934688934125,7639.934688934125,80000.0,1.0,690.5156662792104,54530.29893437037,13099.600953395766,-0.0009601963631911029
161.4899999999981,upper,13133.41080580391,54615.113878681506,307.5216561420485,770.9797263057116,830.0477741496438,1.2409510748477575,-0.0005937941617304212,8837.356096211648,7637.356096211648,80000.0,1.0,683.6544944966034,54615.113878681506,13133.41080580391,-0.000959184687438874
161.599999999998,upper,13167.255724749759,54699.914488759,307.8405387559369,770.8496139643888,830.0451341045213,1.2408830667643858,-0.0006424978695057882,8834.777503489171,7634.777503489171,80000.0,1.0,676.8635904767104,54699.914488759,13167.255724749759,-0.0009582393731515269
161.7099999999979,upper,13201.135731513446,54784.700808252106,308.1596172746753,770.7198970358254,830.043076837454,1.240809775356753,-0.0006898350085230242,8832.198910766694,7632.198910766694,80000.0,1.0,670.1422098131948,54784.700808252106,13201.135731513446,-0.0009573458772716379
161.8199999999978,upper,13235.050847908462,54869.4728805047,308.4788964717342,770.5905727761648,830.0416016200131,1.24073135719131,-0.0007356941721156227,8829.620318044217,7629.620318044217,80000.0,1.0,663.4896163144197,54869.4728805047,13235.050847908462,-0.000956490214149439
161.9299999999977,upper,13269.001096264687,54954.23074856253,308.7983809607637,770.4616385086872,830.0407077351567,1.2406479803922055,-0.0007799765731386028,8827.04172532174,7627.04172532174,80000.0,1.0,656.9050819060323,54954.23074856253,13269.001096264687,-0.0009556589792826223
162.0399999999976,upper,13302.986499410235,55038.974455180716,309.1180751854172,770.3330916271434,830.0403944761786,1.2405598232716708,-0.0008225957016435789,8824.463132599263,7624.463132599263,80000.0,1.0,650.3878865349047,55038.974455180716,13302.986499410235,-0.0009548393693827094
162.1499999999975,upper,13337.007080652265,55123.704042831734,309.43798341047955,770.2049295986542,830.0406611457129,1.2404670729997866,-0.000863476951681265,8821.884539876786,7621.884539876786,80000.0,1.0,643.9373180744083,55123.704042831734,13337.007080652265,-0.0009540191987485654
162.2599999999974,upper,13371.062863756875,55208.41955371355,309.75810971426364,770.0771499661889,830.041507054799,1.2403699243168338,-0.0009025572208907788,8819.30594715431,7619.305947154309,80000.0,1.0,637.552672231013,55208.41955371355,13371.062863756875,-0.0009531869121696785
162.3699999999973,upper,13405.153872928211,55293.12102975818,310.0784579822273,769.9497503506369,830.042931522005,1.2402685782910237,-0.0009397844864099253,8816.727354431832,7616.727354431832,80000.0,1.0,631.233252452181,55293.12102975818,13405.153872928211,-0.0009523315945949615
162.4799999999972,upper,13439.28013278698,55377.80851264028,310.399031901768,769.8227284524874,830.0449338726108,1.2401632411240222,-0.0009751173604984282,8814.148761709355,7614.148761709355,80000.0,1.0,624.9783698355466,55377.80851264028,13439.28013278698,-0.0009514429776308767
162.5899999999971,upper,13473.441668348407,55462.48204378598,310.7198349581471,769.6960820531348,830.0475134378539,1.240054123006324,-0.0010085246291244429,8811.570168986878,7611.570168986878,80000.0,1.0,618.7873430393639,55462.48204378598,13473.441668348407,-0.0009505114431235605
162.699999999997,upper,13507.638504999846,55547.14166438187,311.0408704314925,769.5698090158237,830.0506695542339,1.2399414370241735,-0.001039984776613852,8808.991576264401,7608.991576264401,80000.0,1.0,612.659498194182,55547.14166438187,13507.638504999846,-0.0009495280239888174
162.8099999999969,upper,13541.870668478081,55631.78741538402,311.3621413948296,769.4439072862497,830.0544015628763,1.239825398119407,-0.0010694854993124113,8806.412983541924,7606.412983541924,80000.0,1.0,606.5941688157521,55631.78741538402,13541.870668478081,-0.0009484844023613302
162.9199999999968,upper,13576.138184846493,55716.41933752711,311.68365071308693,769.3183748928371,830.0587088089574,1.239706222103268,-0.001097023211051709,8803.834390819447,7603.834390819447,80000.0,1.0,600.5906957191291,55716.41933752711,13576.138184846493,-0.0009473729054485479
163.0299999999967,upper,13610.441080472148,55801.03747133346,312.0054010430245,769.1932099467062,830.0635906411846,1.2395841247249468,-0.0011226025430624374,8801.25579809697,7601.2557980969705,80000.0,1.0,594.6484269339597,55801.03747133346,13610.441080472148,-0.0009461864989916968
163.1399999999966,upper,13644.77938200294,55885.64185712216,312.3273948340295,769.0684106413495,830.0690464113351,1.2394593207953248,-0.0011462358408126933,8798.677205374493,7598.6772053744935,80000.0,1.0,588.766717620918,55885.64185712216,13644.77938200294,-0.0009449187787540711
163.2499999999965,upper,13679.153116344862,55970.23253501811,312.6496343297253,768.9439752520349,830.075075473847,1.2393320233661251,-0.001167942660099673,8796.098612652017,7596.0986126520165,80000.0,1.0,582.944929989281,55970.23253501811,13679.153116344862,-0.0009435639600021018
163.3599999999964,upper,13713.5623106395,56054.8095449609,312.97212157034056,768.8199021349534,830.0816771854679,1.239202442964436,-0.001187749264566431,8793.52001992954,7593.52001992954,80000.0,1.0,577.1824332156336,56054.8095449609,13713.5623106395,-0.0009421168652979381
163.4699999999963,upper,13748.006992241808,56139.372926713746,313.29485839578297,768.696189726127,830.0888509049496,1.239070786882334,-0.0012056881266572636,8790.941427207063,7590.941427207063,80000.0,1.0,571.4786033636436,56139.372926713746,13748.006992241808,-0.0009405729106201264
163.5799999999962,upper,13782.487188698278,56223.922719872135,313.61784644936427,768.5728365400964,830.0965959927958,1.2389372585211276,-0.0012217974338792517,8788.362834484586,7588.362834484586,80000.0,1.0,565.8328233049348,56223.922719872135,13782.487188698278,-0.0009389280901285452
163.6899999999961,upper,13817.002927725556,56308.458963872414,313.9410871821241,768.4498411684043,830.1049118110552,1.238802056789542,-0.0012361206020872176,8785.784241762109,7585.784241762109,80000.0,1.0,560.2444826409981,56308.458963872414,13817.002927725556,-0.0009371789595328556
163.799999999996,upper,13851.554237189543,56392.98169800016,314.26458185769934,768.3272022778922,830.1137977231601,1.2386653755549804,-0.0012487057973580703,8783.205649039632,7583.205649039632,80000.0,1.0,554.7129776261494,56392.98169800016,13851.554237189543,-0.0009353226183787252
163.9099999999959,upper,13886.141145085083,56477.490961398355,314.5883315576882,768.2049186088268,830.1232530938066,1.2385274031468445,-0.0012596054678850087,8780.627056317155,7580.627056317155,80000.0,1.0,549.2377110914897,56477.490961398355,13886.141145085083,-0.0009333566913269638
164.0199999999958,upper,13920.76367951624,56561.986793075346,314.9123371874593,768.0829889728732,830.1332772888767,1.238388321910733,-0.0012688758871793426,8778.048463594678,7578.048463594678,80000.0,1.0,543.8180923698726,56561.986793075346,13920.76367951624,-0.0009312793084987275
164.1299999999957,upper,13955.421868677266,56646.46923191261,315.2365994823556,767.9614122509288,830.1438696753955,1.2382483078122142,-0.001276576709734798,8775.4698708722,7575.469870872201,80000.0,1.0,538.4535372218345,56646.46923191261,13955.421868677266,-0.0009290890851289572
164.2399999999956,upper,13990.11574083425,56730.93831667219,315.56111901424686,767.8401873908377,830.1550296215283,1.2381075300887388,-0.0012827705401756413,8772.891278149724,7572.891278149724,80000.0,1.0,533.1434677624986,56730.93831667219,13990.11574083425,-0.0009267851006032976
164.3499999999955,upper,14024.845324307496,56815.39408600402,315.885896198384,767.7193134049965,830.1667564966061,1.2379661509481699,-0.0012875225167950954,8770.312685427247,7570.312685427247,80000.0,1.0,527.8873123893997,56815.39408600402,14024.845324307496,-0.0009243668769515587
164.4599999999954,upper,14059.610647454707,56899.83657845279,316.2109313005104,767.598789367868,830.1790496711855,1.2378243253122891,-0.0012908999102536772,8767.73409270477,7567.73409270477,80000.0,1.0,522.6845057112478,56899.83657845279,14059.610647454707,-0.0009218343569603514
164.5699999999953,upper,14094.411738654926,56984.265832464705,316.53622444418914,767.4786144134174,830.1919085171338,1.2376822006035861,-0.0012929717381086347,8765.155499982293,7565.155499982293,80000.0,1.0,517.534488477584,56984.265832464705,14094.411738654926,-0.0009191878820549454
164.6799999999952,upper,14129.248626293313,57068.681886393846,316.86177561830294,767.3587877324859,830.2053324077448,1.2375399165735492,-0.0012938083957259807,8762.576907259816,7562.576907259816,80000.0,1.0,512.4367075093336,57068.681886393846,14129.248626293313,-0.0009164281699186295
164.7899999999951,upper,14164.121338746745,57153.08477850827,317.18758468468883,767.2393085701103,830.2193207178738,1.2373976051706363,-0.0012934813040226458,8759.998314537339,7559.998314537339,80000.0,1.0,507.39061563022153,57153.08477850827,14164.121338746745,-0.0009135562921110378
164.899999999995,upper,14199.029904370269,57237.4745469959,317.5136513858704,767.1201762228077,830.2338728240974,1.2372553904460517,-0.001292062574394931,8757.419721814862,7557.419721814862,80000.0,1.0,502.3956715990459,57237.4745469959,14199.029904370269,-0.0009105736515915085
165.0099999999949,upper,14233.974351484407,57321.85122996994,317.83997535285124,767.0013900358313,830.2489881048929,1.2371133884954224,-0.0012896246910821243,8754.841129092385,7554.841129092385,80000.0,1.0,497.45134004279805,57321.85122996994,14233.974351484407,-0.0009074819604405881
165.1199999999948,upper,14268.95470836331,57406.21486547412,318.16655611293623,766.8829494004133,830.264665940833,1.2369717074344488,-0.0012862402111411164,8752.262536369908,7552.262536369908,80000.0,1.0,492.5570913905997,57406.21486547412,14268.95470836331,-0.000904283217652901
165.2299999999947,upper,14303.971003223794,57490.56549148763,318.49339309754976,766.7648537510033,830.2809057147996,1.2368304474065832,-0.0012819814821129374,8749.683943647431,7549.683943647431,80000.0,1.0,487.71240180844825,57490.56549148763,14303.971003223794,-0.0009009796872276396
165.3399999999946,upper,14339.02326421521,57574.9031459297,318.82048565001975,766.6471025625144,830.2977068122091,1.2366897006207926,-0.0012769203773904429,8747.105350924954,7547.105350924954,80000.0,1.0,482.9167531347684,57574.9031459297,14339.02326421521,-0.0008975738765141042
165.4499999999945,upper,14374.111519410188,57659.227866663874,319.1478330333008,766.5296953475828,830.3150686212492,1.236549551417461,-0.0012711280492243848,8744.526758202477,7544.526758202477,80000.0,1.0,478.1696328167371,57659.227866663874,14374.111519410188,-0.0008940685149769154
165.5599999999944,upper,14409.235796796207,57743.539691502076,319.4754344376098,766.4126316538546,830.3329905331274,1.2364100763604942,-0.0012646746992357697,8741.94816548,7541.94816548,80000.0,1.0,473.4705338473801,57743.539691502076,14409.235796796207,-0.0008904665333273423
165.6699999999943,upper,14444.396124268025,57827.83865820824,319.8032889879504,766.2959110613069,830.351471942327,1.2362713443537157,-0.001257629366240281,8739.369572757523,7539.369572757523,80000.0,1.0,468.81895470342397,57827.83865820824,14444.396124268025,-0.0008867710431994303
165.7799999999942,upper,14479.592529620897,57912.12480450178,320.1313957515036,766.1795331796089,830.37051224687,1.2361334167796614,-0.0012500597311403358,8736.790980035046,7536.790980035046,80000.0,1.0,464.2143992838931,57912.12480450178,14479.592529620897,-0.0008829853172402622
165.8899999999941,upper,14514.82504054462,57996.39816806067,320.4597537448645,766.0634976455332,830.390110848586,1.2359963476589102,-0.0012420319385778185,8734.21238731257,7534.212387312569,80000.0,1.0,459.656376849436,57996.39816806067,14514.82504054462,-0.0008791127698673543
165.999999999994,upper,14550.093684618354,58080.6587865243,320.78836194110596,765.9478041204216,830.4102671533834,1.235860183828126,-0.0012336104350011675,8731.633794590092,7531.633794590092,80000.0,1.0,455.1444019623735,58080.6587865243,14550.093684618354,-0.0008751569385538433
166.1099999999939,upper,14585.398489306228,58164.90669749605,321.11721927665394,765.8324522877126,830.4309805715237,1.2357249651350286,-0.0012248578227570606,8729.055201867615,7529.055201867615,80000.0,1.0,450.67799442744797,58164.90669749605,14585.398489306228,-0.0008711214657752199
166.2199999999938,upper,14620.739481953666,58249.14193854562,321.44632465795763,765.7174418505383,830.4522505178979,1.2355907246485525,-0.0012158347297786883,8726.476609145138,7526.476609145138,80000.0,1.0,446.25667923327813,58249.14193854562,14620.739481953666,-0.0008670100815863475
166.3299999999937,upper,14656.11668978445,58333.36454721097,321.7756769679412,765.6027725293891,830.474076412301,1.2354574888825025,-0.0012065996944031338,8723.898016422661,7523.898016422661,80000.0,1.0,441.8799864944963,58333.36454721097,14656.11668978445,-0.0008628265869098715
166.4399999999936,upper,14691.530139898474,58417.57456100018,322.1052750722266,765.4884440598597,830.496457679706,1.2353252780310704,-0.001197209064834109,8721.319423700184,7521.319423700184,80000.0,1.0,437.54745139455974,58417.57456100018,14691.530139898474,-0.0008585748374721974
166.5499999999935,upper,14726.979859270175,58501.77201739302,322.4351178251158,765.3744561904723,830.5193937505359,1.235194106214629,-0.0011877169127229702,8718.740830977707,7518.740830977707,80000.0,1.0,433.2586141292254,58501.77201739302,14726.979859270175,-0.000854258728528351
166.6599999999934,upper,14762.465874747604,58585.95695384214,322.7652040753236,765.2608086805849,830.5428840609303,1.2350639817342797,-0.001178174960338335,8716.16223825523,7516.1622382552305,80000.0,1.0,429.01301985068847,58585.95695384214,14762.465874747604,-0.0008498821802478418
166.7699999999933,upper,14797.988213052116,58670.1294077743,323.0955326714552,765.1475012983854,830.56692805301,1.2349349073336902,-0.0011686325207607097,8713.583645532754,7513.5836455327535,80000.0,1.0,424.81021861235496,58670.1294077743,14797.988213052116,-0.0008454491238499073
166.8799999999932,upper,14833.54690077865,58754.28941659112,323.4261024672208,765.0345338189773,830.5915251751351,1.2348068804668204,-0.0011591364505300894,8711.005052810277,7511.0050528102765,80000.0,1.0,420.64976531426333,58754.28941659112,14833.54690077865,-0.0008409634885166289
166.9899999999931,upper,14869.141964396558,58838.43701766976,323.7569123263834,764.9219060225525,830.6166748821554,1.2346798935701992,-0.0011497311141679537,8708.4264600878,7508.4264600878,80000.0,1.0,416.5312196491251,58838.43701766976,14869.141964396558,-0.0008364291890025487
167.099999999993,upper,14904.773430250976,58922.572248363416,324.08796112743636,764.8096176926604,830.6423766356567,1.2345539343384766,-0.0011404583599767643,8705.847867365323,7505.847867365323,80000.0,1.0,412.4541460489882,58922.572248363416,14904.773430250976,-0.0008318501140102755
167.2099999999929,upper,14940.441324564685,59006.695146001606,324.4192477680087,764.6976686145672,830.6686299041966,1.2344289860020474,-0.001131357506521104,8703.269274642846,7503.269274642846,80000.0,1.0,408.4181136325064,59006.695146001606,14940.441324564685,-0.0008272301153092847
167.3199999999928,upper,14976.14567344045,59090.805747890234,324.75077116899615,764.5860585737129,830.6954341635344,1.2343050276055987,-0.0011224653391914423,8700.690681920369,7500.690681920369,80000.0,1.0,404.42269615281657,59090.805747890234,14976.14567344045,-0.0008225729975720974
167.4299999999927,upper,15011.886502863794,59174.904091311524,325.0825302784192,764.4747873542592,830.7227888968492,1.2341820342865126,-0.0011138161162486141,8698.112089197892,7498.112089197892,80000.0,1.0,400.4674719460094,59174.904091311524,15011.886502863794,-0.0008178825089535686
167.5399999999926,upper,15047.663838706178,59258.990213523844,325.41452407500793,764.3638547377352,830.7506935949518,1.2340599775521055,-0.001105441583750579,8695.533496475415,7495.533496475415,80000.0,1.0,396.55202388017966,59258.990213523844,15047.663838706178,-0.000813162332387889
167.6499999999925,upper,15083.477706728563,59343.06415176135,325.74675157151665,764.2532605017742,830.779147756483,1.2339388255547687,-0.001097370998769337,8692.954903752938,7492.954903752938,80000.0,1.0,392.6759393050619,59343.06415176135,15083.477706728563,-0.0008084160775604535
167.7599999999924,upper,15119.32813258533,59427.125943233434,326.0792118177701,764.143004418947,830.8081508881055,1.2338185433641222,-0.0010896311603064046,8690.37631103046,7490.376311030461,80000.0,1.0,388.8388100022361,59427.125943233434,15119.32813258533,-0.0008036472736317637
167.8699999999923,upper,15155.215141828508,59511.175625124146,326.41190390344536,764.0330862556835,830.837702504681,1.2336990932353737,-0.0010822464473313066,8687.797718307984,7487.797718307984,80000.0,1.0,385.04023213589596,59511.175625124146,15155.215141828508,-0.0007988593625569703
167.9799999999922,upper,15191.138759912295,59595.213234591494,326.7448269605935,763.9235057712888,830.8678021294389,1.2335804348731263,-0.0010752388633693962,8685.219125585507,7485.219125585507,80000.0,1.0,381.27980620417287,59595.213234591494,15191.138759912295,-0.0007940556931443278
168.0899999999921,upper,15227.099012197852,59679.23880876654,327.0779801659064,763.8142627170467,830.898449294133,1.2334625256899476,-0.001068628087083405,8682.64053286303,7482.64053286303,80000.0,1.0,377.5571369910148,59679.23880876654,15227.099012197852,-0.00078923951569585
168.199999999992,upper,15263.095923958326,59763.25238475251,327.41136274273435,763.7053568354114,830.9296435391852,1.233345321059071,-0.0010624315283000697,8680.061940140553,7480.061940140553,80000.0,1.0,373.87183351860216,59763.25238475251,15263.095923958326,-0.0007844139773039166
168.3099999999919,upper,15299.12952038408,59847.2539996238,327.7449739628596,763.5967878592846,830.9613844138204,1.233228774560658,-0.0010566643889533302,8677.483347418076,7477.483347418076,80000.0,1.0,370.22350900030585,59847.2539996238,15299.12952038408,-0.0007795821177481251
168.4199999999918,upper,15335.199826588108,59931.243690424846,328.0788131480342,763.4885555113767,830.9936714761859,1.2331128382211107,-0.001051339728423271,8674.904754695599,7474.904754695599,80000.0,1.0,366.6117807941736,59931.243690424846,15335.199826588108,-0.0007747468659452116
168.5299999999917,upper,15371.30686761161,60015.22149416903,328.41287967128824,763.3806595036483,831.026504293463,1.2329974627449778,-0.001046468532773812,8672.326161973122,7472.326161973122,80000.0,1.0,363.0362703569401,60015.22149416903,15371.30686761161,-0.0007699110369882098
168.6399999999916,upper,15407.450668429687,60099.187447837416,328.7471729580158,763.2730995368292,831.059882441961,1.2328825977390514,-0.0010420597874006643,8669.747569250645,7469.747569250645,80000.0,1.0,359.49660319855633,60099.187447837416,15407.450668429687,-0.0007650773297348042
168.7499999999915,upper,15443.631253957152,60183.141588377504,329.0816924868479,763.1658753000162,831.0938055072052,1.2327681919283102,-0.0010381205526298284,8667.168976528168,7467.168976528168,80000.0,1.0,355.9924088372299,60183.141588377504,15443.631253957152,-0.0007602483248404963
168.8599999999914,upper,15479.84864905443,60267.08395270194,329.4164377903192,763.0589864703405,831.1282730840087,1.2326541933634008,-0.0010346560418112438,8664.590383805691,7464.590383805691,80000.0,1.0,352.5233207549749,60267.08395270194,15479.84864905443,-0.0007554264833812372
168.9699999999913,upper,15516.102878533513,60351.014577687216,329.7514084553382,762.9524327127081,831.1632847765345,1.2325405496194135,-0.001031669701483606,8662.011791083214,7462.011791083214,80000.0,1.0,349.08897635365616,60351.014577687216,15516.102878533513,-0.0007506141458558354
169.0799999999912,upper,15552.393967163955,60434.933500172236,330.0866041234681,762.846213679605,831.1988401983442,1.2324272079857448,-0.0010291632931963752,8659.433198360737,7459.433198360737,80000.0,1.0,345.6890169115361,60434.933500172236,15552.393967163955,-0.0007458135316949933
169.1899999999911,upper,15588.721939678891,60518.84075695702,330.42202449102905,762.7403290109688,831.234938972437,1.2323141156468862,-0.001027136976600765,8656.85460563826,7456.85460563826,80000.0,1.0,342.3230875403051,60518.84075695702,15588.721939678891,-0.0007410267391458883
169.299999999991,upper,15625.086820781067,60602.736384801276,330.7576693090295,762.6347783341198,831.2715807312754,1.23220121985402,-0.0010255893934359936,8654.276012915783,7454.276012915783,80000.0,1.0,338.9908371425993,60602.736384801276,15625.086820781067,-0.0007362557455940096
169.4099999999909,upper,15661.488635148839,60686.62042042303,331.0935383829357,762.5295612637497,831.3087651168,1.2320884680873436,-0.001024517752061432,8651.697420193306,7451.697420193306,80000.0,1.0,335.6919183699943,60686.62042042303,15661.488635148839,-0.0007315024081997901
169.5199999999908,upper,15697.92740744213,60770.49290049721,331.42963157229,762.4246774019668,831.3464917804351,1.2319758082090826,-0.0010239179121994935,8649.11882747083,7449.118827470829,80000.0,1.0,332.42598758147835,60770.49290049721,15697.92740744213,-0.0007267684649413258
169.6299999999907,upper,15734.403162308374,60854.35386165432,331.7659487901848,762.3201263383925,831.3847603830817,1.2318631886071805,-0.0010237844695790384,8646.540234748352,7446.540234748352,80000.0,1.0,329.1927048023849,60854.35386165432,15734.403162308374,-0.0007220555359781547
169.7399999999906,upper,15770.915924388357,60938.20334047902,332.1024900026029,762.2159076503029,831.4235705950992,1.2317505583297021,-0.0010241108401871984,8643.961642025875,7443.961642025875,80000.0,1.0,325.99173368379763,60938.20334047902,15770.915924388357,-0.0007173651252534332
169.8499999999905,upper,15807.465718322,61022.041373508815,332.43925522763305,762.1120209028214,831.4629220962809,1.2316378672099983,-0.001024889343853652,8641.383049303398,7441.383049303398,80000.0,1.0,322.82274146240695,61022.041373508815,15807.465718322,-0.0007126986224406731
169.9599999999904,upper,15844.052568754036,61105.867997232686,332.77624453456986,762.0084656491484,831.5028145758145,1.231525065982729,-0.0010261112869138069,8638.804456580921,7438.804456580921,80000.0,1.0,319.6853989208257,61105.867997232686,15844.052568754036,-0.000708057305140493
170.0699999999903,upper,15880.67650033959,61189.68324808986,333.11345804290585,761.9052414308329,831.5432477322383,1.231412106390853,-0.0010277670437172596,8636.225863858444,7436.225863858444,80000.0,1.0,316.5793803483487,61189.68324808986,15880.67650033959,-0.000703442341288735
170.1799999999902,upper,15917.337537749647,61273.48716246847,333.4508959212263,761.8023477780789,831.5842212733846,1.2312989412837247,-0.001029846136762082,8633.647271135967,7433.6472711359675,80000.0,1.0,313.50436350215926,61273.48716246847,15917.337537749647,-0.0006988547917716662
170.2899999999901,upper,15954.035705676373,61357.27977670439,333.7885583860134,761.6997842100842,831.6257349163155,1.2311855247064631,-0.0010323373152565192,8631.06867841349,7431.0686784134905,80000.0,1.0,310.4600295689725,61357.27977670439,15954.035705676373,-0.0006942956132656871
170.39999999999,upper,15990.771028838333,61441.06112708003,334.1264457003702,761.5975502354114,831.6677883872517,1.2310718119807706,-0.0010352286319269095,8628.490085691014,7428.4900856910135,80000.0,1.0,307.446063127116,61441.06112708003,15990.771028838333,-0.0006897656612389085
170.5099999999899,upper,16027.543531985531,61524.83124982313,334.46455817267133,761.4956453523829,831.7103814214912,1.230957759777411,-0.0010385075179094893,8625.911492968537,7425.911492968537,80000.0,1.0,304.4621521090389,61524.83124982313,16027.543531985531,-0.000685265693089175
170.6199999999898,upper,16064.353239904322,61608.59018110574,334.80289615514863,761.3940690495034,831.7535137633234,1.2308433261805583,-0.001042160855574614,8623.33290024606,7423.33290024606,80000.0,1.0,301.5079877642455,61608.59018110574,16064.353239904322,-0.0006807963714386237
170.7299999999897,upper,16101.200177422143,61692.3379570431,335.1414600424203,761.2928208059009,831.7971851659338,1.230728470744255,-0.0010461750491563356,8620.754307523583,7420.754307523583,80000.0,1.0,298.5832646226508,61692.3379570431,16101.200177422143,-0.0006763582675175041
170.8399999999896,upper,16138.084369412107,61776.07461369269,335.4802502699701,761.1919000917889,831.8413953913027,1.2306131545412307,-0.0010505360930696214,8618.175714801106,7418.175714801106,80000.0,1.0,295.6876804583518,61776.07461369269,16138.084369412107,-0.0006719518646683593
170.9499999999895,upper,16175.005840797403,61859.80018705321,335.81926731258477,761.0913063689424,831.8861442100983,1.2304973402043324,-0.0010552296378137703,8615.597122078629,7415.597122078629,80000.0,1.0,292.8209362538119,61859.80018705321,16175.005840797403,-0.0006675775619341386
171.0599999999894,upper,16211.964616555539,61943.51471306374,336.15851168275657,760.991039091191,831.9314314015649,1.2303809919608473,-0.001060241053378532,8613.018529356152,7413.018529356152,80000.0,1.0,289.98273616445067,61943.51471306374,16211.964616555539,-0.0006632356776857981
171.1699999999893,upper,16248.960721722397,62027.21822760286,336.4979839290572,760.8910977049203,831.9772567534035,1.230264075659987,-0.0010655554900787828,8610.439936633675,7410.439936633675,80000.0,1.0,287.1727874836391,62027.21822760286,16248.960721722397,-0.0006589264533132994
171.2799999999892,upper,16285.994181396103,62110.91076648786,336.8376846344906,760.7914816495835,832.02362006165,1.2301465587938272,-0.0010711579367569607,8607.861343911198,7407.861343911198,80000.0,1.0,284.3908006080929,62110.91076648786,16285.994181396103,-0.0006546500569854603
171.3899999999891,upper,16323.065020740738,62194.592365474025,337.17761441482975,760.6921903582206,832.0705211305487,1.2300284105119919,-0.0010770332763142972,8605.28275118872,7405.282751188721,80000.0,1.0,281.6364890036589,62194.592365474025,16323.065020740738,-0.0006504065873329719
171.499999999989,upper,16360.173264989846,62278.26306025392,337.5177739169446,760.5932232579806,832.1179597724196,1.2299096016303765,-0.001083166338524809,8602.704158466244,7402.704158466244,80000.0,1.0,278.9095691714946,62278.26306025392,16360.173264989846,-0.000646196077278325
171.6099999999889,upper,16397.318939449753,62361.922886456814,337.85816381712556,760.4945797706483,832.1659358075254,1.2297901046342121,-0.0010895419501206697,8600.125565743767,7400.125565743767,80000.0,1.0,276.2097606146306,62361.922886456814,16397.318939449753,-0.0006420184977225428
171.7199999999888,upper,16434.50206950272,62445.571879648094,338.1987848194092,760.3962593131706,832.2144490639342,1.229669893675771,-0.0010961449821282614,8597.54697302129,7397.54697302129,80000.0,1.0,273.5367858049189,62445.571879648094,16434.50206950272,-0.0006378737613287897
171.8299999999887,upper,16471.722680609902,62529.2100753288,338.53963765390995,760.2982612981822,832.2634993773785,1.2295489445670187,-0.001102960394459075,8594.968380298813,7394.968380298813,80000.0,1.0,270.8903701503526,62529.2100753288,16471.722680609902,-0.0006337617261826423
171.9399999999886,upper,16508.980798314133,62612.83750893512,338.88072307516376,760.2005851345291,832.3130865911135,1.229427234767508,-0.0011099732777572445,8592.389787576336,7392.389787576336,80000.0,1.0,268.27024196276875,62612.83750893512,16508.980798314133,-0.0006296821994942085
172.0499999999885,upper,16546.27644824251,62696.454215838035,339.2220418604871,760.1032302277877,832.3632105557738,1.229304743367823,-0.0011171688925247034,8589.811194853859,7389.811194853859,80000.0,1.0,265.6761324259111,62696.454215838035,16546.27644824251,-0.0006256349411991821
172.1599999999884,upper,16583.60965610879,62780.06023134298,339.56359480835613,760.006195980777,832.4138711292265,1.2291814510688666,-0.0011245327055457953,8587.232602131382,7387.232602131382,80000.0,1.0,263.10777556386535,62780.06023134298,16583.60965610879,-0.0006216196675329517
172.2699999999883,upper,16620.980447715694,62863.65559068957,339.90538273681034,759.9094817940656,832.4650681764268,1.2290573401572888,-0.001132050423645408,8584.654009408905,7384.654009408905,80000.0,1.0,260.5649082098511,62863.65559068957,16620.980447715694,-0.0006176360545199922
172.3799999999882,upper,16658.3888489569,62947.240329051376,340.247406481883,759.8130870664695,832.5168015692693,1.2289323944773463,-0.0011397080248183207,8582.075416686428,7382.075416686428,80000.0,1.0,258.04726997537523,62947.240329051376,16658.3888489569,-0.0006136837414035651
172.4899999999881,upper,16695.834885818986,63030.8144815358,340.5896668960627,759.7170111955388,832.5690711864412,1.2288065993994788,-0.001147491786777484,8579.496823963951,7379.496823963951,80000.0,1.0,255.5546032197334,63030.8144815358,16695.834885818986,-0.0006097623339991385
172.599999999988,upper,16733.31858438312,63114.378083183896,340.93216484678896,759.6212535780361,832.6218769132752,1.22867994178589,-0.0011553883129734018,8576.918231241474,7376.918231241474,80000.0,1.0,253.08665301986812,63114.378083183896,16733.31858438312,-0.000605871407947887
172.7099999999879,upper,16770.83997082667,63197.93116897034,341.27490121498425,759.5258136104019,832.6752186416023,1.2285524099533964,-0.001163384556139752,8574.339638518997,7374.339638518997,80000.0,1.0,250.6431671405655,63197.93116897034,16770.83997082667,-0.0006020105118867974
172.8199999999878,upper,16808.399071424556,63281.473773803424,341.61787689362524,759.4306906892075,832.7290962696061,1.2284239936338208,-0.0011714678394289654,8571.76104579652,7371.76104579652,80000.0,1.0,248.22389600499864,63281.473773803424,16808.399071424556,-0.0005981791705394846
172.9299999999877,upper,16845.995912550545,63365.00593252509,341.9610927863554,759.3358842115946,832.7835097016766,1.228294683932195,-0.0011796258752070153,8569.182453074043,7369.182453074043,80000.0,1.0,245.8285926656056,63365.00593252509,16845.995912550545,-0.0005943768876766646
173.0399999999876,upper,16883.630520678314,63448.527679911036,342.3045498061409,759.2413935757007,832.8384588482672,1.2281644732830155,-0.0011878467815740928,8566.603860351566,7366.603860351566,80000.0,1.0,243.45701277530281,63448.527679911036,16883.630520678314,-0.0005906031490029055
173.1499999999875,upper,16921.302922382434,63532.0390506708,342.64824887397214,759.1472181810699,832.8939436257515,1.228033355404804,-0.0011961190966870304,8564.02526762909,7364.025267629089,80000.0,1.0,241.10891455902805,63532.0390506708,16921.302922382434,-0.000586857424898242
173.2599999999874,upper,16959.013144339144,63615.54007944797,342.9921909176103,759.0533574290474,832.9499639562821,1.227901325253213,-0.0012044317909622553,8561.446674906612,7361.446674906612,80000.0,1.0,238.78405878561,63615.54007944797,16959.013144339144,-0.0005831391731061234
173.3699999999873,upper,16996.761213327085,63699.03080082041,343.33637687038396,758.9598107231606,833.0065197676535,1.2277683789729006,-0.0012127742772363441,8558.868082184135,7358.868082184135,80000.0,1.0,236.48220873995973,63699.03080082041,16996.761213327085,-0.0005794478412465371
173.4799999999872,upper,17034.547156227803,63782.5112493005,343.680807670033,758.8665774694805,833.0636109931638,1.227634513848394,-0.0012211364189673082,8556.289489461658,7356.289489461658,80000.0,1.0,234.20313019558188,63782.5112493005,17034.547156227803,-0.0005757828692612063
173.5899999999871,upper,17072.371000026185,63865.98145933546,344.0254842576029,758.7736570769699,833.1212375714817,1.227499728254157,-0.001229508536559758,8553.710896739181,7353.710896739181,80000.0,1.0,231.94659138739902,63865.98145933546,17072.371000026185,-0.0005721436917482826
173.699999999987,upper,17110.23277181076,63949.44146530764,344.370407576389,758.6810489578124,833.1793994465147,1.2273640216040618,-0.0012378814119011954,8551.132304016704,7351.132304016704,80000.0,1.0,229.71236298489094,63949.44146530764,17110.23277181076,-0.0005685297401004811
173.8099999999869,upper,17148.13249877391,64032.89130153496,344.71557857093256,758.5887525277253,833.2380965672796,1.2272273943004526,-0.0012462462911886128,8548.553711294227,7348.5537112942275,80000.0,1.0,227.50021806553667,64032.89130153496,17148.13249877391,-0.0005649404446668114
173.9199999999868,upper,17186.070208211935,64116.33100227125,345.0609981860664,758.4967672062554,833.2973288877776,1.2270898476829937,-0.0012545948861424113,8545.97511857175,7345.9751185717505,80000.0,1.0,225.3099320885659,64116.33100227125,17186.070208211935,-0.0005613752366583875
174.0299999999867,upper,17224.04592752504,64199.76060170671,345.4066673660129,758.4050924170585,833.3570963668712,1.2269513839774637,-0.0012629193736844492,8543.396525849274,7343.3965258492735,80000.0,1.0,223.14128286900655,64199.76060170671,17224.04592752504,-0.0005578335500158622
174.1399999999866,upper,17262.059684217227,64283.1801339684,345.75258705353303,758.3137275881592,833.417398968164,1.226812006244669,-0.0012712123941710357,8540.817933126797,7340.817933126797,80000.0,1.0,220.9940505520317,64283.1801339684,17262.059684217227,-0.0005543148231770821
174.2499999999865,upper,17300.111505896068,64366.58963312069,346.09875818912525,758.2226721521957,833.4782366598846,1.226671718329625,-0.0012794670482703563,8538.23934040432,7338.23934040432,80000.0,1.0,218.86801758759975,64366.58963312069,17300.111505896068,-0.0005508185006468755
174.3599999999864,upper,17338.20142027246,64449.98913316584,346.44518171027636,758.1319255466477,833.5396094147741,1.2265305248111522,-0.001287676892564799,8535.660747681843,7335.660747681843,80000.0,1.0,216.7629687053827,64449.98913316584,17338.20142027246,-0.0005473440345413227
174.4699999999863,upper,17376.329455160198,64533.37866804447,346.79185855076054,758.0414872140454,833.6015172099752,1.2263884309520234,-0.0012958359339669738,8533.082154959366,7333.082154959366,80000.0,1.0,214.6786908899843,64533.37866804447,17376.329455160198,-0.0005438908859729077
174.5799999999862,upper,17414.495638475575,64616.7582716362,347.1387896399896,757.9513566021637,833.6639600269268,1.2262454426497853,-0.0013039386230333184,8530.503562236889,7330.503562236889,80000.0,1.0,212.6149733564366,64616.7582716362,17414.495638475575,-0.0005404585263418407
174.6899999999861,upper,17452.699998236847,64700.12797776017,347.4859759024105,757.8615331641995,833.7269378512617,1.2261015663883725,-0.0013119798462556686,8527.924969514412,7327.924969514412,80000.0,1.0,210.57160752598222,64700.12797776017,17452.699998236847,-0.000537046438509919
174.799999999986,upper,17490.942562563658,64783.48782017572,347.8334182569505,757.7720163589318,833.7904506727069,1.2259568091906212,-0.0013199549174155712,8525.346376791935,7325.346376791935,80000.0,1.0,208.5483870021256,64783.48782017572,17490.942562563658,-0.0005336541178764504
174.9099999999859,upper,17529.22335967641,64866.83783258288,348.1811176165101,757.6828056508672,833.8544984849885,1.2258111785717836,-0.0013278595680785944,8522.767784069458,7322.767784069458,80000.0,1.0,206.5451075469655,64866.83783258288,17529.22335967641,-0.0005302810733644658
175.0199999999858,upper,17567.54241789556,64950.1780486232,348.52907488750026,757.5939005103692,833.9190812857396,1.2256646824941295,-0.0013356899373079272,8520.18919134698,7320.189191346981,80000.0,1.0,204.56156705778824,64950.1780486232,17567.54241789556,-0.0005269268282792792
175.1299999999857,upper,17605.899765640912,65033.508501880264,348.8772909694248,757.5053004137723,833.9841990764119,1.2255173293227217,-0.0013434425606737661,8517.610598624504,7317.610598624504,80000.0,1.0,202.59756554393408,65033.508501880264,17605.899765640912,-0.000523590921082547
175.2399999999856,upper,17644.295431430797,65116.82922588036,349.2257667545064,757.4170048434818,834.0498518621916,1.2253691277824337,-0.0013511143586310008,8515.032005902027,7315.032005902027,80000.0,1.0,200.65290510392524,65116.82922588036,17644.295431430797,-0.0005202729060940665
175.3499999999855,upper,17682.729443881308,65200.14025409321,349.5745031273535,757.3290132880586,834.1160396519183,1.2252200869162755,-0.0013587026243375992,8512.45341317955,7312.45341317955,80000.0,1.0,198.72738990285188,65200.14025409321,17682.729443881308,-0.0005169723540423672
175.4599999999854,upper,17721.20183170537,65283.44161993259,349.92350096466873,757.2413252422905,834.1827624580064,1.2250702160450908,-0.0013662050109841816,8509.874820457073,7309.874820457073,80000.0,1.0,196.82082615001704,65283.44161993259,17721.20183170537,-0.00051368885261234
175.5699999999853,upper,17759.71262371193,65366.73335675708,350.27276113499624,757.1539402072501,834.2500202963727,1.224919524728671,-0.0013736195187009671,8507.296227734596,7307.296227734596,80000.0,1.0,194.93302207683462,65366.73335675708,17759.71262371193,-0.0005104220068437341
175.6799999999852,upper,17798.261848805014,65450.015497870685,350.6222844985066,757.0668576903395,834.3178131863639,1.2247680227283262,-0.0013809444811067326,8504.717635012119,7304.717635012119,80000.0,1.0,193.0637879149778,65450.015497870685,17798.261848805014,-0.0005071714394617089
175.7899999999851,upper,17836.849535982772,65533.28807652361,350.9720719068182,756.9800772053227,834.3861411506911,1.2246157199709569,-0.0013881785515630874,8502.139042289642,7302.139042289642,80000.0,1.0,191.21293587477496,65533.28807652361,17836.849535982772,-0.000503936791122974
175.899999999985,upper,17875.47571433659,65616.55112591293,351.3221242028532,756.8935982723466,834.4550042153653,1.2244626265146483,-0.0013953206891901926,8499.560449567165,7299.560449567165,80000.0,1.0,189.38028012385072,65616.55112591293,17875.47571433659,-0.0005007177206629662
176.0099999999849,upper,17914.14041305007,65699.80467918323,351.67244222072674,756.8074204179491,834.5244024096363,1.2243087525158145,-0.0014023701447070903,8496.981856844688,7296.981856844688,80000.0,1.0,187.56563676600933,65699.80467918323,17914.14041305007,-0.0004975139051286377
176.1199999999848,upper,17952.843661398085,65783.04876942746,352.023026785668,756.7215431750582,834.5943357659364,1.2241541081979093,-0.0014093264461449216,8494.403264122211,7294.403264122211,80000.0,1.0,185.76882382035404,65783.04876942746,17952.843661398085,-0.0004943250398908552
176.2299999999847,upper,17991.585488745786,65866.28342968745,352.3738787139708,756.6359660829787,834.6648043198244,1.2239987038217073,-0.0014161893844868356,8491.824671399734,7291.824671399734,80000.0,1.0,183.98966120064574,65866.28342968745,17991.585488745786,-0.0004911508385847934
176.3399999999846,upper,18030.36592454763,65949.50869295474,352.72499881297335,756.5506886873717,834.7358081099363,1.2238425496571754,-0.0014229589992864632,8489.246078677257,7289.246078677257,80000.0,1.0,182.22797069489204,65949.50869295474,18030.36592454763,-0.00048799103306196295
176.4499999999845,upper,18069.18499834639,66032.72459217129,353.0763878810642,756.4657105402218,834.8073471779356,1.223685655956916,-0.0014296355643043414,8486.66748595478,7286.66748595478,80000.0,1.0,180.48357594516645,66032.72459217129,18069.18499834639,-0.00048484537324096333
176.5599999999844,upper,18108.042739772165,66115.93116023001,353.42804670771415,756.3810311997978,834.879421568468,1.2235280329311928,-0.0014362195732136077,8484.088893232303,7284.088893232303,80000.0,1.0,178.7563024276582,66115.93116023001,18108.042739772165,-0.0004817136269402719
176.6699999999843,upper,18146.93917854141,66199.12842997567,353.77997607353154,756.2966502306043,834.9520313291187,1.2233696907245224,-0.0014427117254118373,8481.510300509826,7281.510300509826,80000.0,1.0,177.0459774329413,66199.12842997567,18146.93917854141,-0.000478595579609024
176.7799999999842,upper,18185.874344455962,66282.31643420542,354.1321767503398,756.2125672033259,835.0251765103724,1.2232106393938182,-0.0014491129119753668,8478.93170778735,7278.931707787349,80000.0,1.0,175.35243004646946,66282.31643420542,18185.874344455962,-0.0004754910341020057
176.8899999999841,upper,18224.848267402085,66365.49520566958,354.48464950127567,756.1287816947641,835.0988571655757,1.22305088888807,-0.0014554242017980868,8476.353115064872,7276.353115064872,80000.0,1.0,173.6754911292885,66365.49520566958,18224.848267402085,-0.000472399810298544
176.999999999984,upper,18263.860977349515,66448.66477707215,354.83739508090645,756.0452932877677,835.1730733509012,1.2228904490295367,-0.001461646827941933,8473.774522342395,7273.774522342395,80000.0,1.0,172.01499329896706,66448.66477707215,18263.860977349515,-0.00046932174476585367
177.1099999999839,upper,18302.91250435052,66531.82518107169,355.1904142353654,755.9621015711565,835.2478251253157,1.222729329496427,-0.0014677821742309206,8471.195929619918,7271.195929619918,80000.0,1.0,170.37077091073687,66531.82518107169,18302.91250435052,-0.00046625669037868815
177.2199999999838,upper,18342.002878538977,66614.97645028174,355.5437077025025,755.8792061396406,835.3231125505482,1.2225675398070408,-0.0014738317621215836,8468.617336897441,7268.617336897441,80000.0,1.0,168.7426600388512,66614.97645028174,18342.002878538977,-0.0004632045158472352
177.3299999999837,upper,18381.13213012951,66698.11861727171,355.89727621205043,755.7966065937338,835.3989356910624,1.2224050893053393,-0.001479797237867026,8466.038744174964,7266.038744174964,80000.0,1.0,167.13049845814268,66698.11861727171,18381.13213012951,-0.00046016510529653425
177.4399999999836,upper,18420.300289416547,66781.25171456726,356.2511204858041,755.7143025396622,835.4752946140293,1.2222419871479073,-0.001485680360008144,8463.460151452487,7263.4601514524875,80000.0,1.0,165.5341256257983,66781.25171456726,18420.300289416547,-0.00045713835773776476
177.5499999999835,upper,18459.507386773497,66864.37577465107,356.6052412378115,755.6322935892696,835.5521893893031,1.2220782422922751,-0.0014914829872017584,8460.88155873001,7260.8815587300105,80000.0,1.0,163.95338266332988,66864.37577465107,18459.507386773497,-0.0004541241866150686
177.6599999999834,upper,18498.753452651876,66947.49082996348,356.9596391745758,755.5505793599176,835.6296200893973,1.221913863486556,-0.0014972070664152856,8458.302966007534,7258.3029660075335,80000.0,1.0,162.38811233874662,66947.49082996348,18498.753452651876,-0.00045112251921181155
177.7699999999833,upper,18538.038517580535,67030.59691290301,357.31431499526644,755.4691594743855,835.7075867894649,1.2217488592603682,-0.0015028546214979801,8455.724373285057,7255.724373285057,80000.0,1.0,160.83815904893186,67030.59691290301,18538.038517580535,-0.0004481332961389613
177.8799999999832,upper,18577.362612164852,67113.69405582701,357.66926939193866,755.3880335607631,835.7860895672767,1.2215832379169846,-0.0015084277421442123,8453.14578056258,7253.14578056258,80000.0,1.0,159.3033688022101,67113.69405582701,18577.362612164852,-0.00044515647075955795
177.9899999999831,upper,18616.72576708591,67196.78229105212,358.0245030497593,755.307201252345,835.8651285032039,1.2214170075266806,-0.0015139285732632963,8450.567187840103,7250.567187840103,80000.0,1.0,157.78358920111364,67196.78229105212,18616.72576708591,-0.00044219200860630566
178.099999999983,upper,18656.12801309982,67279.86165085497,358.3800166472388,755.2266621875208,835.9447036802009,1.2212501759212258,-0.0015193593047649922,8447.988595117626,7247.988595117626,80000.0,1.0,156.27866942533598,67279.86165085497,18656.12801309982,-0.000439239886821817
178.2099999999829,upper,18695.56938103697,67362.93216747271,358.73581085646833,755.1464160096657,836.0248151837905,1.2210827506894752,-0.001524722161770723,8445.410002395149,7245.410002395149,80000.0,1.0,154.7884602148777,67362.93216747271,18695.56938103697,-0.00043630009351037824
178.3199999999828,upper,18735.049901801325,67445.99387310355,359.09188634335914,755.0664623670267,836.105463102047,1.2209147391740152,-0.0015300193952536435,8442.831409672672,7242.831409672672,80000.0,1.0,153.31281385337823,67445.99387310355,18735.049901801325,-0.0004333726271879407
178.4299999999827,upper,18774.569606369794,67529.04679990721,359.4482437678858,754.9868009126116,836.1866475255849,1.220746148468815,-0.0015352532731191654,8440.252816950195,7240.252816950195,80000.0,1.0,151.85158415163548,67529.04679990721,18774.569606369794,-0.0004304574961452436
178.5399999999826,upper,18814.128525791544,67612.09098000551,359.80488378433,754.907431304075,836.2683685475447,1.2205769854178337,-0.0015404260717236952,8437.674224227718,7237.674224227718,80000.0,1.0,150.4046264313054,67612.09098000551,18814.128525791544,-0.0004275547178647521
178.6499999999825,upper,18853.72669118742,67695.12644548289,360.1618070415258,754.8283532036056,836.3506262635811,1.220407256614538,-0.0015455400678356422,8435.09563150524,7235.095631505241,80000.0,1.0,148.97179750878126,67695.12644548289,18853.72669118742,-0.0004246643184113483
178.7599999999824,upper,18893.364133749357,67778.15322838686,360.51901418310405,754.7495662778126,836.4334207718528,1.220236968402277,-0.0015505975310416682,8432.517038782764,7232.517038782764,80000.0,1.0,147.55295567925586,67778.15322838686,18893.364133749357,-0.00042178633180452315
178.8699999999823,upper,18933.0408847398,67861.17136072848,360.8765058477362,754.6710701976133,836.5167521730107,1.2200661268754711,-0.001555600716593316,8429.938446060287,7229.938446060287,80000.0,1.0,146.14796070095625,67861.17136072848,18933.0408847398,-0.0004189207994497714
178.9799999999822,upper,18972.756975491196,67944.1808744829,361.2342826693761,754.5928646381215,836.6006205701888,1.2198947378815617,-0.0015605518586930555,8427.35985333781,7227.35985333781,80000.0,1.0,144.75667377955358,67944.1808744829,18972.756975491196,-0.00041606776952950126
179.0899999999821,upper,19012.51243740548,68027.1818015897,361.5923452774991,754.5149492785367,836.6850260689951,1.219722807023675,-0.001565453164218932,8424.781260615333,7224.781260615333,80000.0,1.0,143.3789575527482,68027.1818015897,19012.51243740548,-0.0004132272964459635
179.199999999982,upper,19052.307301953584,68110.17417395336,361.9506942973379,754.4373238020341,836.7699687775012,1.2195503396639533,-0.001570306806880776,8422.202667892856,7222.202667892856,80000.0,1.0,142.0146760750215,68110.17417395336,19052.307301953584,-0.0004103994401962389
179.3099999999819,upper,19092.141600675015,68193.15802344384,362.30933035011526,754.3599878956571,836.855448806235,1.2193773409275062,-0.0015751149218021345,8419.624075170379,7219.624075170379,80000.0,1.0,140.66369480255491,68193.15802344384,19092.141600675015,-0.00040758426585379645
179.4199999999818,upper,19132.01536517738,68276.1333818968,362.6682540532713,754.2829412502103,836.9414662681712,1.2192038157069327,-0.0015798796005239192,8417.045482447902,7217.045482447902,80000.0,1.0,139.3258805783218,68276.1333818968,19132.01536517738,-0.0004047818429728793
179.5299999999817,upper,19171.928627136014,68359.10028111408,363.02746602068646,754.2061835601555,837.0280212787238,1.219029768667372,-0.0015846028864183585,8414.466889725425,7214.466889725425,80000.0,1.0,138.00110161733653,68359.10028111408,19171.928627136014,-0.0004019922450750634
179.6399999999816,upper,19211.8814182936,68442.05875286415,363.3869668628986,754.1297145235095,837.1151139557375,1.2188552042520349,-0.001589286770508247,8411.888297002948,7211.888297002948,80000.0,1.0,136.68922749207073,68442.05875286415,19211.8814182936,-0.00039921554912256065
179.7499999999815,upper,19251.873770459788,68525.0088288824,363.7467571873144,754.0535338417432,837.2027444194792,1.2186801266881742,-0.001593933187682342,8409.309704280471,7209.309704280471,80000.0,1.0,135.39012911802723,68525.0088288824,19251.873770459788,-0.00039645183497565245
179.8599999999814,upper,19291.905715510908,68607.95054087168,364.1068375984144,753.9776412196849,837.2909127926315,1.2185045399934509,-0.0015985440132935656,8406.731111557994,7206.731111557994,80000.0,1.0,134.10367873947357,68607.95054087168,19291.905715510908,-0.0003937011849226173
179.9699999999813,upper,19331.977285389614,68690.88392050238,364.46720869795126,753.902036365424,837.3796192002819,1.2183284479826508,-0.0016031210601338507,8404.152518835517,7204.152518835517,80000.0,1.0,132.82974991533564,68690.88392050238,19331.977285389614,-0.00039096368317029527
180.0799999999812,upper,19372.08851210461,68773.80899941312,364.8278710851411,753.82671899022,837.4688637699174,1.2181518542747178,-0.0016076660757717359,8401.57392611304,7201.57392611304,80000.0,1.0,131.56821750523898,68773.80899941312,19372.08851210461,-0.00038823941540064977
180.1899999999811,upper,19412.239427730372,68856.72580921081,365.1888253568475,753.7516888084112,837.5586466314141,1.2179747623000587,-0.0016121807402424413,8398.995333390563,7198.995333390563,80000.0,1.0,130.31895765571176,68856.72580921081,19412.239427730372,-0.0003855284683104289
180.299999999981,upper,19452.430064406944,68939.63438147116,365.5500721077581,753.6769455373286,837.6489679170295,1.2177971753080816,-0.0016166666640782142,8396.416740668086,7196.416740668086,80000.0,1.0,129.08184778653322,68939.63438147116,19452.430064406944,-0.00038283092918315367
180.4099999999809,upper,19492.66045433965,69022.53474773894,365.9116119305531,753.6024888972115,837.7398277613925,1.217619096374936,-0.0016211253866663567,8393.83814794561,7193.838147945609,80000.0,1.0,127.85676657723447,69022.53474773894,19492.66045433965,-0.00038014688545829207
180.5199999999808,upper,19532.930629798906,69105.42693952832,366.27344541606584,753.528318611128,837.8312263014965,1.2174405284114131,-0.0016255583749220004,8391.259555223132,7191.259555223132,80000.0,1.0,126.64359395374704,69105.42693952832,19532.930629798906,-0.00037747642436445586
180.6299999999807,upper,19573.24062312003,69188.31098832311,366.63557315343627,753.4544344048949,837.9231636766874,1.2172614741709786,-0.0016299670222643177,8388.680962500655,7188.680962500655,80000.0,1.0,125.44221107519745,69188.31098832311,19573.24062312003,-0.0003748196325122285
180.7399999999806,upper,19613.590466703048,69271.18692557716,366.9979957302547,753.3808360070044,838.0156400286553,1.2170819362579,-0.0016343526478812963,8386.102369778178,7186.102369778178,80000.0,1.0,124.25250032084597,69271.18692557716,19613.590466703048,-0.00037217659557035524
180.8499999999805,upper,19653.980193012565,69354.05478271456,367.36071373269834,753.3075231485526,838.108655501424,1.2169019171354376,-0.0016387164962691789,8383.523777055701,7183.523777055701,80000.0,1.0,123.07434527717015,69354.05478271456,19653.980193012565,-0.0003695473978925345
180.9599999999804,upper,19694.40983457758,69436.91459113001,367.72372774565986,753.2344955631701,838.2022102413399,1.2167214191340756,-0.001643059737035079,8380.945184333224,7180.9451843332245,80000.0,1.0,121.90763072508709,69436.91459113001,19694.40983457758,-0.0003669321222287633
181.0699999999803,upper,19734.87942399135,69519.76638218896,368.0870383528667,753.1617529869573,838.2963043970618,1.2165404444597592,-0.0016473834649504576,8378.366591610747,7178.3665916107475,80000.0,1.0,120.75224262731905,69519.76638218896,19734.87942399135,-0.0003643308493927813
181.1799999999802,upper,19775.38899391131,69602.61018722804,368.45064613699253,753.0892951584229,838.390938119549,1.2163589952021128,-0.001651688700236409,8375.78799888827,7175.7879988882705,80000.0,1.0,119.60806811589207,69602.61018722804,19775.38899391131,-0.00036174365800089036
181.2899999999801,upper,19815.93857705892,69685.44603755519,368.8145516797604,753.0171218184239,838.4861115620495,1.2161770733426132,-0.0016559763890732122,8373.209406165794,7173.209406165794,80000.0,1.0,118.47499547977715,69685.44603755519,19815.93857705892,-0.0003591706242103354
181.39999999998,upper,19856.52820621959,69768.27396445005,369.17875556203836,752.94523271011,838.5818248800871,1.2159946807626993,-0.001660247404318229,8370.630813443317,7170.630813443317,80000.0,1.0,117.35291415266009,69768.27396445005,19856.52820621959,-0.00035661182146387783
181.5099999999799,upper,19897.157914242576,69851.09399916408,369.5432583639259,752.8736275788714,838.678078231449,1.2158118192517862,-0.0016645025464175488,8368.05222072084,7168.05222072084,80000.0,1.0,116.24171470085193,69851.09399916408,19897.157914242576,-0.00035406732027735185
181.6199999999798,upper,19937.827734040908,69933.9061729208,369.9080606648331,752.8023061722898,838.7748717761733,1.215628490515173,-0.0016687425445014513,8365.473627998363,7165.473627998363,80000.0,1.0,115.14128881132562,69933.9061729208,19937.827734040908,-0.00035153718801827073
181.7299999999797,upper,19978.537698591314,70016.71051691617,370.2731630435519,752.7312682400906,838.8722056765332,1.21544469618182,-0.0016729680576471305,8362.895035275886,7162.895035275886,80000.0,1.0,114.0515292798853,70016.71051691617,19978.537698591314,-0.0003490214887307069
181.8399999999796,upper,20019.28784093417,70099.50706231869,370.6385660783197,752.6605135341,838.9700800970247,1.2152604378119767,-0.0016771796763000182,8360.316442553409,7160.316442553409,80000.0,1.0,112.97232999946443,70099.50706231869,20019.28784093417,-0.0003465202829331829
181.9499999999795,upper,20060.078194173413,70182.29584026974,371.0042703468746,752.5900418082052,839.0684952043504,1.2150757169046469,-0.0016813779238340123,8357.737849830932,7157.737849830932,80000.0,1.0,111.90358594855175,70182.29584026974,20060.078194173413,-0.00034403362752353085
182.0599999999794,upper,20100.908791476515,70265.07688188364,371.3702764265047,752.5198528183153,839.167451167404,1.2148905349048766,-0.0016855632582491393,8355.159257108455,7155.159257108455,80000.0,1.0,110.84519317974384,70265.07688188364,20100.908791476515,-0.0003415615755773735
182.1699999999793,upper,20141.77966607443,70347.85021824802,371.73658489408876,752.4499463223274,839.2669481572556,1.2147048932108435,-0.0016897360739821453,8352.580664385978,7152.580664385978,80000.0,1.0,109.79704880842071,70347.85021824802,20141.77966607443,-0.0003391041762636977
182.2799999999792,upper,20182.69085126155,70430.615880424,372.1031963261312,752.380322080095,839.3669863471346,1.2145187931807453,-0.0016938967038282464,8350.0020716635,7150.002071663501,80000.0,1.0,108.75905100154586,70430.615880424,20182.69085126155,-0.00033666147473958145
182.3899999999791,upper,20223.642380395646,70513.37389944638,372.47011129878933,752.3109798533974,839.467565912413,1.2143322361394702,-0.001698045420957277,8347.423478941024,7147.423478941024,80000.0,1.0,107.73109896658785,70513.37389944638,20223.642380395646,-0.00033423351203724824
182.499999999979,upper,20264.634286897857,70596.1243063238,372.8373303878946,752.2419194059139,839.5686870305881,1.2141452233850414,-0.0017021824410140645,8344.844886218547,7144.844886218547,80000.0,1.0,106.71309294056414,70596.1243063238,20264.634286897857,-0.0003318203250183756
182.6099999999789,upper,20305.666604252663,70678.86713203911,373.20485416896764,752.1731405031989,839.6703498812647,1.2139577561948256,-0.0017063079242939127,8342.26629349607,7142.26629349607,80000.0,1.0,105.70493417919931,70678.86713203911,20305.666604252663,-0.0003294219462941577
182.7199999999788,upper,20346.739366007812,70761.60240754942,373.5726832172264,752.1046429126611,839.7725546461373,1.2137698358314988,-0.0017104219779787919,8339.687700773593,7139.687700773593,80000.0,1.0,104.70652494620741,70761.60240754942,20346.739366007812,-0.00032703840419973746
182.8299999999787,upper,20387.852605774315,70844.33016378636,373.94081810758973,752.0364264035429,839.875301508971,1.2135814635487616,-0.0017145246584304439,8337.109108051116,7137.109108051116,80000.0,1.0,103.71776850268591,70844.33016378636,20387.852605774315,-0.0003246697227257588
182.9399999999786,upper,20429.006357226408,70927.05043165626,374.3092594146744,751.968490746904,839.9785906555825,1.2133926405968054,-0.0017186159735227786,8334.530515328639,7134.530515328639,80000.0,1.0,102.7385690966276,70927.05043165626,20429.006357226408,-0.0003223159215445152
183.0499999999785,upper,20470.20065410152,71009.7632420404,374.67800771278746,751.9008357156061,840.0824222738211,1.2132033682275127,-0.001722695885012333,8331.951922606162,7131.951922606162,80000.0,1.0,101.76883195254452,71009.7632420404,20470.20065410152,-0.00031997701597515803
183.1599999999784,upper,20511.43553020025,71092.46862579515,375.04706357591346,751.8334610842992,840.1867965535472,1.2130136476993987,-0.0017267643109300887,8329.373329883685,7129.373329883685,80000.0,1.0,100.80846326120604,71092.46862579515,20511.43553020025,-0.0003176530169964137
183.2699999999783,upper,20552.711019386286,71175.16661375221,375.41642757769637,751.7663666294125,840.2917136866149,1.21282348028229,-0.001730821127994282,8326.794737161208,7126.794737161208,80000.0,1.0,99.8573701694878,71175.16661375221,20552.711019386286,-0.0003153439312529424
183.3799999999782,upper,20594.02715558644,71257.85723671876,375.78610029141817,751.6995521291433,840.3971738668488,1.2126328672617352,-0.0017348661740267824,8324.216144438731,7124.216144438731,80000.0,1.0,98.91546077032991,71257.85723671876,20594.02715558644,-0.0003130497610994751
183.4899999999781,upper,20635.383972790507,71340.54052547771,376.1560822899717,751.6330173634515,840.5031772900246,1.2124418099431509,-0.0017388992503749744,8321.637551716254,7121.637551716254,80000.0,1.0,97.9826440928056,71340.54052547771,20635.383972790507,-0.00031077050462754367
183.599999999978,upper,20676.781505051327,71423.21651078781,376.52637414583137,751.5667621140516,840.6097241538465,1.2122503096557005,-0.0017429201243238316,8319.058958993777,7119.058958993777,80000.0,1.0,97.05883009229642,71423.21651078781,20676.781505051327,-0.00030850615570807773
183.7099999999779,upper,20718.219786484664,71505.88522338391,376.89697643101835,751.5007861644111,840.7168146579272,1.21205836775591,-0.0017469285314963094,8316.4803662713,7116.4803662713,80000.0,1.0,96.14392964077442,71505.88522338391,20718.219786484664,-0.00030625670405933983
183.8199999999778,upper,20759.69885126919,71588.54669397719,377.2678897170638,751.4350892997471,840.8244490037653,1.2118659856310172,-0.00175092417823244,8313.901773548823,7113.901773548823,80000.0,1.0,95.23785451718824,71588.54669397719,20759.69885126919,-0.00030402213529855674
183.9299999999777,upper,20801.218733646398,71671.20095325528,377.639114574968,751.3696713070245,840.9326273947229,1.2116731647020667,-0.0017549067439435646,8311.323180826346,7111.323180826346,80000.0,1.0,94.34051739795547,71671.20095325528,20801.218733646398,-0.00030180243102630796
184.0399999999776,upper,20842.77946792057,71753.84803188243,378.0106515751574,751.3045319749567,841.0413500360038,1.2114799064267405,-0.0017588758834347947,8308.74458810387,7108.744588103869,80000.0,1.0,93.45183184755747,71753.84803188243,20842.77946792057,-0.000299597568875507
184.1499999999775,upper,20884.3810884587,71836.48796049977,378.3825012874384,751.2396710940071,841.1506171346308,1.211286212301942,-0.0017628312291887956,8306.165995381392,7106.165995381392,80000.0,1.0,92.57171230923407,71836.48796049977,20884.3810884587,-0.0002974075226362365
184.2599999999774,upper,20926.023629690448,71919.1207697255,378.7546642809489,751.1750884563911,841.2604288994231,1.2110920838661245,-0.0017667723936097242,8303.587402658915,7103.587402658915,80000.0,1.0,91.70007409578106,71919.1207697255,20926.023629690448,-0.0002952322623257546
184.3699999999773,upper,20967.707126108005,72001.746490155,379.127141124108,751.1107838560802,841.3707855409733,1.2108975227013812,-0.0017706989712183616,8301.008809936438,7101.008809936438,80000.0,1.0,90.83683338044644,72001.746490155,20967.707126108005,-0.00029307175428024525
184.4799999999772,upper,21009.431612266064,72084.36515236115,379.49993238456375,751.046757088806,841.4816872716247,1.2107025304352919,-0.0017746105407984917,8298.430217213961,7098.430217213961,80000.0,1.0,89.98190718792452,72084.36515236115,21009.431612266064,-0.0002909259612696001
184.5899999999771,upper,21051.197122781712,72166.97678689443,379.8730386291387,750.9830079520655,841.5931343054476,1.2105071087425399,-0.0017785066674875086,8295.851624491484,7095.8516244914845,80000.0,1.0,89.13521338544841,72166.97678689443,21051.197122781712,-0.00028879484260385815
184.699999999977,upper,21093.003692334332,72249.58142428314,380.2464604237749,750.9195362451278,841.705126858217,1.2103112593463008,-0.0017823869048099936,8293.273031769008,7093.2730317690075,80000.0,1.0,88.29667067397811,72249.58142428314,21093.003692334332,-0.0002866783542213157
184.8099999999769,upper,21134.851355665516,72332.17909503359,380.6201983334774,750.8563417690389,841.8176651473877,1.21011498401941,-0.0017862507966490172,8290.69443904653,7090.6944390465305,80000.0,1.0,87.46619857948372,72332.17909503359,21134.851355665516,-0.0002845764488330335
184.9199999999768,upper,21176.740147578952,72414.76982963031,380.99425292225607,750.7934243266311,841.9307493920726,1.2099182845853178,-0.001790097879153374,8288.115846324054,7088.115846324054,80000.0,1.0,86.64371744432272,72414.76982963031,21176.740147578952,-0.00028248907602876697
185.0299999999767,upper,21218.670102940312,72497.35365853632,381.36862475306793,750.7307837225303,842.0443798130184,1.2097211629188387,-0.0017939276825814014,8285.537253601577,7085.537253601577,80000.0,1.0,85.82914841871073,72497.35365853632,21218.670102940312,-0.0002804161823857453
185.1399999999766,upper,21260.641256677125,72579.93061219306,381.743314387758,750.6684197631632,842.1585566325829,1.2095236209467015,-0.0017977397330728006,8282.9586608791,7082.9586608791,80000.0,1.0,85.02241345228522,72579.93061219306,21260.641256677125,-0.0002783577115969598
185.2499999999765,upper,21302.65364377868,72662.50072102093,382.1183223870001,750.6063322567669,842.2732800747102,1.2093256606479075,-0.0018015335543528344,8280.380068156623,7080.380068156623,80000.0,1.0,84.22343528575692,72662.50072102093,21302.65364377868,-0.0002763136046005662
185.3599999999764,upper,21344.707299295846,72745.06401541931,382.4936493102374,750.5445210133973,842.3885503649091,1.209127284053906,-0.0018053086693632675,8277.801475434146,7077.801475434146,80000.0,1.0,83.43213744265431,72745.06401541931,21344.707299295846,-0.00027428379970080504
185.4699999999763,upper,21386.802258340977,72827.62052576675,382.86929571562314,750.4829858449389,842.5043677302284,1.208928493248593,-0.0018090646018216,8275.222882711669,7075.222882711669,80000.0,1.0,82.64844422115681,72827.62052576675,21386.802258340977,-0.000272268232686592
185.5799999999762,upper,21428.938556087745,72910.17028242121,383.2452621599613,750.4217265651123,842.620732399234,1.2087292903681452,-0.00181280087770519,8272.644289989192,7072.644289989192,80000.0,1.0,81.87228068601412,72910.17028242121,21428.938556087745,-0.00027026683697458173
185.6899999999761,upper,21471.116227771,72992.71331572029,383.621549198648,750.3607429894856,842.7376446019863,1.2085296776006917,-0.0018165170266632408,8270.065697266715,7070.065697266715,80000.0,1.0,81.10357266055448,72992.71331572029,21471.116227771,-0.000268279543715831
185.799999999976,upper,21513.33530868659,73075.24965598143,383.9981573856126,750.3000349354833,842.8551045700162,1.2083296571858375,-0.0018202125833514432,8267.487104544238,7067.487104544238,80000.0,1.0,80.3422467187778,73075.24965598143,21513.33530868659,-0.00026630628193976874
185.9099999999759,upper,21555.595834191226,73157.77933350204,384.3750872732603,750.2396022223942,842.9731125363031,1.2081292314140415,-0.0018238870886932547,8264.90851182176,7064.908511821761,80000.0,1.0,79.58823017753468,73157.77933350204,21555.595834191226,-0.00026434697865518585
186.0199999999758,upper,21597.897839702302,73240.30237855975,384.7523394124156,750.1794446713818,843.0916687352506,1.2079284026258608,-0.001827540091064091,8262.329919099284,7062.329919099284,80000.0,1.0,78.84145108878919,73240.30237855975,21597.897839702302,-0.0002624015590119587
186.1299999999757,upper,21640.241360697695,73322.81882141263,385.1299143522658,750.1195621054936,843.2107734026654,1.207727173211071,-0.0018311711474038237,8259.751326376807,7059.751326376807,80000.0,1.0,78.10183823196479,73322.81882141263,21640.241360697695,-0.00026046994640305574
186.2399999999756,upper,21682.62643271561,73405.32869229942,385.5078126403058,750.0599543496699,843.3304267757342,1.2075255456076652,-0.0018347798242531023,8257.17273365433,7057.17273365433,80000.0,1.0,77.36932110637237,73405.32869229942,21682.62643271561,-0.00025855206256467604
186.3499999999755,upper,21725.053091354384,73487.83202143968,385.88603482228484,750.0006212307516,843.4506290930009,1.207323522300744,-0.0018383656987153937,8254.594140931853,7054.594140931853,80000.0,1.0,76.64382992371998,73487.83202143968,21725.053091354384,-0.00025664782775627437
186.4599999999754,upper,21767.521372272284,73570.32883903403,386.2645814421536,749.9415625774899,843.571380594345,1.2071211058213038,-0.0018419283593480158,8252.015548209376,7052.015548209376,80000.0,1.0,75.92529560070341,73570.32883903403,21767.521372272284,-0.00025475716081230535
186.5699999999753,upper,21810.031311187304,73652.81917526438,386.64345304201333,749.8827782205535,843.6926815209596,1.2069182987449338,-0.0018454674069810619,8249.436955486899,7049.436955486899,80000.0,1.0,75.21364975167559,73652.81917526438,21810.031311187304,-0.0002528799793237535
186.6799999999752,upper,21852.582943876976,73735.30306029407,387.0226501620654,749.8242679925368,843.8145321153293,1.2067151036904202,-0.0018489824554641095,8246.858362764422,7046.858362764422,80000.0,1.0,74.50882468139488,73735.30306029407,21852.582943876976,-0.0002510161996944826
186.7899999999751,upper,21895.17630617815,73817.78052426815,387.40217334056393,749.766031727967,843.936932621209,1.2065115233182797,-0.001852473132346779,8244.279770041945,7044.279770041945,80000.0,1.0,73.81075337785163,73817.78052426815,21895.17630617815,-0.00024916573728434233
186.899999999975,upper,21937.811433986764,73900.25159731365,387.7820231137682,749.7080692633112,844.0598832836026,1.2063075603292166,-0.0018559390794877888,8241.701177319468,7041.701177319468,80000.0,1.0,73.11936950517013,73900.25159731365,21937.811433986764,-0.00024732850653668445
187.0099999999749,upper,21980.488363257635,73982.71630953957,388.1622000158983,749.6503804369834,844.1833843487422,1.206103217462517,-0.0018593799535995212,8239.122584596991,7039.122584596991,80000.0,1.0,72.43460739659037,73982.71630953957,21980.488363257635,-0.0002455044210375504
187.1199999999748,upper,22023.207130004223,74065.17469103742,388.5427045790921,749.5929650893491,844.3074360640666,1.2058984974943907,-0.0018627954267297787,8236.543991874514,7036.543991874514,80000.0,1.0,71.75640204751953,74065.17469103742,22023.207130004223,-0.00024369339366332786
187.2299999999747,upper,22065.96777029843,74147.62677188111,388.9235373333629,749.5358230627328,844.4320386782017,1.2056934032362585,-0.001866185186676927,8233.965399152037,7033.965399152037,80000.0,1.0,71.0846891086635,74147.62677188111,22065.96777029843,-0.00024189533666488087
187.3399999999746,upper,22108.77032027032,74230.07258212738,389.30469880656057,749.4789542014213,844.55719244094,1.2054879375330012,-0.0018695489373480134,8231.38680642956,7031.38680642956,80000.0,1.0,70.41940487922783,74230.07258212738,22108.77032027032,-0.00024011016174582583
187.4499999999745,upper,22151.614816107907,74312.51215181594,389.686189524333,749.4223583516698,844.6828976032207,1.2052821032611696,-0.001872886399054631,8228.808213707083,7028.808213707083,80000.0,1.0,69.7604863001939,74312.51215181594,22151.614816107907,-0.00023833778019330425
187.5599999999744,upper,22194.5012940569,74394.9455109697,390.0680100100909,749.3660353617043,844.8091544171095,1.2050759033271674,-0.0018761973087536592,8226.229620984606,7026.229620984606,80000.0,1.0,69.10787094766539,74394.9455109697,22194.5012940569,-0.00023657810295717982
187.6699999999743,upper,22237.42979042046,74477.37268959497,390.4501607849735,749.309985081726,844.93596313578,1.204869340665407,-0.0018794814202321047,8223.65102826213,7023.651028262129,80000.0,1.0,68.46149702628756,74477.37268959497,22237.42979042046,-0.000234831040720174
187.7799999999742,upper,22280.400341558954,74559.79371768174,390.8326423678164,749.2542073639142,845.0633240134947,1.2046624182364543,-0.0018827385042417032,8221.072435539652,7021.072435539652,80000.0,1.0,67.82130336273562,74559.79371768174,22280.400341558954,-0.0002330965039927048
187.8899999999741,upper,22323.41298388968,74642.20862520376,391.21545527512137,749.198702062428,845.1912373055859,1.2044551390251537,-0.0018859683485773764,8218.493842817175,7018.493842817175,80000.0,1.0,67.1872293992737,74642.20862520376,22323.41298388968,-0.00023137440322592865
187.999999999974,upper,22366.467753886634,74724.6174421189,391.5986000210287,749.1434690334079,845.3197032684368,1.2042475060387543,-0.0018891707581147066,8215.915250094698,7015.915250094698,80000.0,1.0,66.55921518738135,74724.6174421189,22366.467753886634,-0.00022966464882305093
188.1099999999739,upper,22409.56468808023,74807.02019836931,391.9820771172902,749.0885081349775,845.4487221594645,1.2040395223050293,-0.0018923455547952004,8213.336657372221,7013.336657372221,80000.0,1.0,65.9372013814501,74807.02019836931,22409.56468808023,-0.00022796715126331506
188.2199999999738,upper,22452.70382305704,74889.41692388165,392.36588707324563,749.0338192272436,845.5782942371014,1.2038311908704022,-0.0018954925775699417,8210.758064649744,7010.7580646497445,80000.0,1.0,65.32112923254451,74889.41692388165,22452.70382305704,-0.00022628182117520417
188.3299999999737,upper,22495.885195459534,74971.80764856731,392.75003039579997,748.9794021722956,845.7084197607774,1.2036225147980808,-0.0018986116823025922,8208.179471927268,7008.1794719272675,80000.0,1.0,64.71094058223277,74971.80764856731,22495.885195459534,-0.0002246085693582655
188.4399999999736,upper,22539.10884198581,75054.19240232259,393.1345075894032,748.9252568342063,845.8390989909041,1.2034134971662038,-0.0019017027416308218,8205.60087920479,7005.6008792047905,80000.0,1.0,64.10657785648148,75054.19240232259,22539.10884198581,-0.0002229473069085514
188.5499999999735,upper,22582.374799389305,75136.57121502895,393.5193191560318,748.8713830790288,845.9703321888564,1.2032041410660044,-0.001904765644793265,8203.022286482314,7003.022286482314,80000.0,1.0,63.50798405961606,75136.57121502895,22582.374799389305,-0.00022129794521191646
188.6599999999734,upper,22625.683104478547,75218.94411655328,393.9044655951723,748.8177807747954,846.1021196169572,1.2029944495999962,-0.0019078002974185198,8200.443693759837,7000.443693759837,80000.0,1.0,62.91510276834469,75218.94411655328,22625.683104478547,-0.00021966039605188388
188.7699999999733,upper,22669.033794116876,75301.31113674797,394.2899474038066,748.764449791516,846.2344615384604,1.202784425880184,-0.0019108066212849442,8197.86510103736,6997.86510103736,80000.0,1.0,62.32787812584758,75301.31113674797,22669.033794116876,-0.00021803457163699488
188.8799999999732,upper,22712.426905222157,75383.67230545128,394.67576507639876,748.7113900011727,846.3673582175348,1.202574073026301,-0.0019137845540474511,8195.286508314883,6995.286508314883,80000.0,1.0,61.746254835927616,75383.67230545128,22712.426905222157,-0.0002164203846653389
188.9899999999731,upper,22755.8624747665,75466.02765248746,395.0619191048844,748.658601277719,846.5008099192491,1.2023633941640774,-0.001916734048937499,8192.707915592406,6992.707915592406,80000.0,1.0,61.17017815722439,75466.02765248746,22755.8624747665,-0.00021481774834846063
189.099999999973,upper,22799.340539775996,75548.37720766703,395.4484099786613,748.6060834970732,846.6348169095565,1.2021523924235475,-0.0019196550744364372,8190.129322869929,6990.129322869929,80000.0,1.0,60.59959389748898,75548.37720766703,22799.340539775996,-0.00021322657647262008
189.2099999999729,upper,22842.86113733042,75630.72100078697,395.8352381845818,748.5538365371158,846.7693794552798,1.2019410709373888,-0.0019225476139254909,8187.550730147452,6987.550730147452,80000.0,1.0,60.03444840791974,75630.72100078697,22842.86113733042,-0.0002116467834277447
189.3199999999728,upper,22886.424304562974,75713.05906163095,396.222404206947,748.5018602776819,846.9044978240956,1.2017294328393058,-0.0019254116653138866,8184.972137424975,6984.972137424975,80000.0,1.0,59.47468857755968,75713.05906163095,22886.424304562974,-0.0002100782842558159
189.4299999999727,upper,22930.030078659987,75795.3914199695,396.6099085275026,748.4501546005578,847.040172284522,1.201517481262451,-0.0019282472406471972,8182.393544702498,6982.393544702498,80000.0,1.0,58.920261827751645,75795.3914199695,22930.030078659987,-0.0002085209946678034
189.5399999999726,upper,22973.678496860637,75877.71810556026,396.997751625437,748.3987193894731,847.176403105903,1.2013052193378924,-0.0019310543656974374,8179.814951980021,6979.814951980021,80000.0,1.0,58.37111610665336,75877.71810556026,22973.678496860637,-0.00020697483107988353
189.6499999999725,upper,23017.369596456672,75960.03914814818,397.3859339773788,748.347554530094,847.3131905583942,1.2010926501931292,-0.0019338330795389182,8177.236359257544,6977.236359257544,80000.0,1.0,57.827199883810806,75960.03914814818,23017.369596456672,-0.00020543971064524745
189.7599999999724,upper,23061.103414792127,76042.35457746573,397.7744560573989,748.2966599100173,847.4505349129515,1.2008797769506494,-0.0019365834341077415,8174.657766535067,6974.657766535067,80000.0,1.0,57.28846214478857,76042.35457746573,23061.103414792127,-0.0002039155512720579
189.8699999999723,upper,23104.879989263052,76124.66442323317,398.1633183370116,748.2460354187614,847.5884364413159,1.200666602726542,-0.0019393054937525364,8172.07917381259,6972.07917381259,80000.0,1.0,56.75485238585761,76124.66442323317,23104.879989263052,-0.00020240227164597215
189.9799999999722,upper,23148.69935731722,76206.96871515868,398.5525212851784,748.1956809477584,847.7268954160015,1.2004531306291562,-0.001941999334771729,8169.500581090113,6969.500581090113,80000.0,1.0,56.22632060874015,76206.96871515868,23148.69935731722,-0.00020089979124555043
190.0899999999721,upper,23192.561556453842,76289.26748293861,398.94206536831274,748.1455963903461,847.8659121102828,1.200239363757812,-0.0019446650449450177,8166.921988367636,6966.921988367636,80000.0,1.0,55.702817315408595,76289.26748293861,23192.561556453842,-0.0001994080303662113
190.199999999972,upper,23236.466624223303,76371.56075625765,399.3319510502858,748.0957816417579,848.0054867981813,1.200025305201565,-0.0019473027230558387,8164.343395645159,6964.343395645159,80000.0,1.0,55.18429350294127,76371.56075625765,23236.466624223303,-0.0001979269101225317
190.3099999999719,upper,23280.414598226886,76453.8485647891,399.72217879243453,748.0462365991144,848.1456197544554,1.1998109580380207,-0.0019499124784102706,8161.764802922682,6961.764802922682,80000.0,1.0,54.67070065843183,76453.8485647891,23280.414598226886,-0.000196456352472707
190.4199999999718,upper,23324.405516116454,76536.13093819506,400.1127490535694,747.9969611614133,848.2863112545866,1.1995963253322046,-0.0019524944303507279,8159.186210200205,6959.186210200205,80000.0,1.0,54.16199075395242,76536.13093819506,23324.405516116454,-0.0001949962802124107
190.5299999999717,upper,23368.439415594217,76618.40790612658,400.5036622899848,747.9479552295192,848.4275615747694,1.1993814101354852,-0.0019550487077693796,8156.607617477728,6956.607617477728,80000.0,1.0,53.65811624157132,76618.40790612658,23368.439415594217,-0.00019354661699522524
190.6399999999716,upper,23412.516334412434,76700.67949822395,400.8949189554693,747.899218706153,848.5693709918985,1.1991662154845497,-0.001957575448619276,8154.029024755251,6954.029024755251,80000.0,1.0,53.1590300484217,76700.67949822395,23412.516334412434,-0.00019210728730381492
190.7499999999715,upper,23456.63631037315,76782.94574411682,401.2865195013177,747.8507514958812,848.7117397835591,1.1989507444004355,-0.0019600747994250657,8151.450432032774,6951.450432032774,80000.0,1.0,52.66468557182418,76782.94574411682,23456.63631037315,-0.00019067821651396518
190.8599999999714,upper,23500.79938132791,76865.20667342452,401.67846437634415,747.8025535051054,848.8546682280154,1.1987349998876116,-0.0019625469147982197,8148.871839310297,6948.871839310297,80000.0,1.0,52.17503667445943,76865.20667342452,23500.79938132791,-0.0001892593308392367
190.9699999999713,upper,23545.005585177503,76947.46231575606,402.07075402689566,747.7546246420493,848.9981566041993,1.1985189849331186,-0.0019649919569533097,8146.29324658782,6946.29324658782,80000.0,1.0,51.6900376795939,76947.46231575606,23545.005585177503,-0.00018785055735052572
191.0799999999712,upper,23589.254959871665,77029.71270071056,402.4633888968666,747.7069648167492,849.1422051917017,1.1983027025057562,-0.001967410095228523,8143.714653865343,6943.714653865343,80000.0,1.0,51.20964336635326,77029.71270071056,23589.254959871665,-0.00018645182396285115
191.1899999999711,upper,23633.54754340884,77111.9578578773,402.8563694277141,747.6595739410404,849.2868142707604,1.1980861555553273,-0.0019698015056120034,8141.136061142866,6941.136061142866,80000.0,1.0,50.73380896504835,77111.9578578773,23633.54754340884,-0.00018506305945019885
191.299999999971,upper,23677.883373835888,77194.19781683596,403.24969605847485,747.6124519285463,849.4319841222517,1.1978693470119333,-0.0019721663702736984,8138.557468420389,6938.557468420389,80000.0,1.0,50.262490152549304,77194.19781683596,23677.883373835888,-0.00018368419343067438
191.4099999999709,upper,23722.262489247845,77276.43260715685,403.64336922578116,747.5655986946653,849.5777150276799,1.1976522797853155,-0.001974504877104907,8135.978875697912,6935.978875697912,80000.0,1.0,49.79564304770809,77276.43260715685,23722.262489247845,-0.00018231515633768537
191.5199999999708,upper,23766.684927787628,77358.66225840103,404.03738936387924,747.5190141565585,849.7240072691674,1.1974349567642553,-0.001976817219265617,8133.400282975435,6933.400282975435,80000.0,1.0,49.33322420683045,77358.66225840103,23766.684927787628,-0.00018095587942896707
191.6299999999707,upper,23811.150727645792,77440.88680012057,404.4317569046472,747.4726982331368,849.8708611294458,1.1972173808160163,-0.001979103594738901,8130.821690252958,6930.821690252958,80000.0,1.0,48.87519061919529,77440.88680012057,23811.150727645792,-0.00017960629480880672
191.7399999999706,upper,23855.659927060293,77523.1062618587,404.82647227761373,747.4266508450493,850.0182768918471,1.1969995547858387,-0.0019813642058991283,8128.2430975304815,6928.2430975304815,80000.0,1.0,48.421499702620466,77523.1062618587,23855.659927060293,-0.00017826633534984666
191.8499999999705,upper,23900.21256431618,77605.32067315002,405.22153590997726,747.3808719146684,850.1662548402936,1.1967814814964801,-0.0019835992590854657,8125.6645048080045,6925.6645048080045,80000.0,1.0,47.972109299076834,77605.32067315002,23900.21256431618,-0.00017693593472138073
191.9599999999704,upper,23944.808677745386,77687.53006352068,405.61694822662616,747.3353613660785,850.3147952592902,1.196563163747801,-0.0019858089641890436,8123.0859120855275,6923.0859120855275,80000.0,1.0,47.52697767034705,77687.53006352068,23944.808677745386,-0.00017561502737108408
192.0699999999703,upper,23989.448305726433,77769.73446248859,406.0127096501585,747.2901191250614,850.463898433915,1.1963446043163972,-0.0019879935342504342,8120.507319363051,6920.507319363051,80000.0,1.0,47.08606349373106,77769.73446248859,23989.448305726433,-0.00017430354851817226
192.1799999999702,upper,24034.13148668422,77851.93389956355,406.40882060090246,747.2451451190843,850.6135646498109,1.1961258059552753,-0.0019901531850696403,8117.928726640574,6917.928726640574,80000.0,1.0,46.6493258577965,77851.93389956355,24034.13148668422,-0.0001730014341223288
192.2899999999701,upper,24078.85825908976,77934.12840424753,406.8052814969377,747.2004392772855,850.7637941931774,1.1959067713935698,-0.0019922881348280724,8115.350133918097,6915.350133918097,80000.0,1.0,46.21672425817386,77934.12840424753,24078.85825908976,-0.0001717086208716892
192.39999999997,upper,24123.62866145993,78016.31800603477,407.20209275411617,747.1560015304615,850.9145873507628,1.1956875033363,-0.001994398603722002,8112.77154119562,6912.77154119562,80000.0,1.0,45.78821859339582,78016.31800603477,24123.62866145993,-0.00017042504617468987
192.5099999999699,upper,24168.442732357224,78098.50273441199,407.59925478608335,747.1118318110534,851.065944409855,1.1954680044641697,-0.001996484813611208,8110.192948473143,6910.192948473143,80000.0,1.0,45.36376916078056,78098.50273441199,24168.442732357224,-0.00016915064813353988
192.6199999999698,upper,24213.300510389516,78180.68261885854,407.9967680043002,747.0679300531336,851.2178656582747,1.1952482774334026,-0.001998546987679043,8107.614355750666,6907.614355750666,80000.0,1.0,44.9433366523585,78180.68261885854,24213.300510389516,-0.00016788536554575642
192.7299999999697,upper,24258.20203420982,78262.85768884665,408.39463281806485,747.0242961923924,851.3703513843674,1.1950283248756137,-0.0020005853501066074,8105.035763028189,6905.035763028189,80000.0,1.0,44.52688215084096,78262.85768884665,24258.20203420982,-0.00016662913786736323
192.8399999999696,upper,24303.147342516062,78345.02797384154,408.7928496345345,746.9809301661238,851.5234018769952,1.1948081493977176,-0.0020026001257612194,8102.457170305712,6902.457170305712,80000.0,1.0,44.114367125632405,78345.02797384154,24303.147342516062,-0.00016538190518941996
192.9499999999695,upper,24348.136474050843,78427.19350330165,409.19141885874706,746.937831913213,851.6770174255296,1.1945877535818707,-0.0020045915398974453,8099.878577583235,6899.878577583235,80000.0,1.0,43.70575342888387,78427.19350330165,24348.136474050843,-0.00016414360825123955
193.0599999999694,upper,24393.169467601198,78509.35430667872,409.5903408936436,746.8950013741228,851.8311983198444,1.1943671399854416,-0.0020065598178727823,8097.299984860758,6897.299984860758,80000.0,1.0,43.30100329158808,78509.35430667872,24393.169467601198,-0.00016291418839028588
193.1699999999693,upper,24438.24636199835,78591.5104134181,409.9896161400907,746.8524384908795,851.9859448503079,1.1941463111410175,-0.0020085051848771854,8094.721392138281,6894.721392138281,80000.0,1.0,42.900079319715296,78591.5104134181,24438.24636199835,-0.00016169358754240673
193.2799999999692,upper,24483.367196117542,78673.6618529588,410.38924499690154,746.8101432070608,852.1412573077762,1.1939252695564357,-0.002010427865676343,8092.142799415804,6892.142799415804,80000.0,1.0,42.50294449038985,78673.6618529588,24483.367196117542,-0.00016048174822248535
193.3899999999691,upper,24528.532008877748,78755.80865473372,410.7892278608591,746.7681154677811,852.2971359835852,1.193704017714844,-0.0020123280843692857,8089.564206693327,6889.564206693327,80000.0,1.0,42.10956214810732,78755.80865473372,24528.532008877748,-0.00015927861348991924
193.499999999969,upper,24573.740839241484,78837.95084816978,411.1895651267376,746.7263552196792,852.4535811695451,1.193482558074785,-0.002014206064158404,8086.98561397085,6886.98561397085,80000.0,1.0,41.71989600099026,78837.95084816978,24573.740839241484,-0.00015808412695394515
193.6099999999689,upper,24618.993726214583,78920.08846268819,411.5902571873242,746.6848624109053,852.6105931579318,1.1932608930703104,-0.002016062027136109,8084.407021248373,6884.407021248373,80000.0,1.0,41.33391011708402,78920.08846268819,24618.993726214583,-0.00015689823274334528
193.7199999999688,upper,24664.29070884598,79002.22152770449,411.99130443344126,746.6436369911071,852.7681722414812,1.1930390251111107,-0.0020178961940805827,8081.828428525896,6881.828428525896,80000.0,1.0,40.95156892069137,79002.22152770449,24664.29070884598,-0.00015572087549718317
193.8299999999687,upper,24709.631826227484,79084.35007262877,412.39270725396807,746.6026789114179,852.9263187133827,1.1928169565826727,-0.002019708784271208,8079.249835803419,6879.249835803419,80000.0,1.0,40.5728371887452,79084.35007262877,24709.631826227484,-0.00015455200030941712
193.9399999999686,upper,24755.01711749359,79166.47412686581,412.794466035862,746.5619881244427,853.085032867271,1.1925946898464523,-0.002021500015309395,8076.671243080942,6876.671243080942,80000.0,1.0,40.19768004721946,79166.47412686581,24755.01711749359,-0.0001533915527827477
194.0499999999685,upper,24800.44662182124,79248.59371981527,413.19658116418015,746.5215645842464,853.2443149972217,1.192372227240069,-0.0020232701029601684,8074.092650358465,6874.092650358465,80000.0,1.0,39.826062967577464,79248.59371981527,24800.44662182124,-0.00015223947894750295
194.1599999999684,upper,24845.92037842962,79330.70888087181,413.59905302210063,746.4814082463408,853.4041653977432,1.192149571077517,-0.0020250192610016342,8071.514057635988,6871.514057635988,80000.0,1.0,39.457951763257526,79330.70888087181,24845.92037842962,-0.00015109572526284567
194.2699999999683,upper,24891.43842657999,79412.81963942535,414.0018819909433,746.4415190676717,853.5645843637705,1.1919267236493893,-0.0020267477010871243,8068.935464913511,6868.935464913511,80000.0,1.0,39.093312586194884,79412.81963942535,24891.43842657999,-0.00014996023864101071
194.3799999999682,upper,24937.00080557544,79494.92602486107,414.4050684501905,746.4018970066073,853.7255721906596,1.1917036872231204,-0.0020284556326227764,8066.356872191034,6866.356872191034,80000.0,1.0,38.732111923381176,79494.92602486107,24937.00080557544,-0.00014883296635563852
194.4899999999681,upper,24982.60755476069,79577.02806655968,414.8086127775081,746.3625420229255,853.8871291741807,1.191480464043239,-0.002030143262654009,8063.778279468557,6863.778279468557,80000.0,1.0,38.374316593458644,79577.02806655968,24982.60755476069,-0.00014771385608912163
194.599999999968,upper,25028.258713521926,79659.12579389758,415.21251534876495,746.323454077802,854.0492556105119,1.1912570563316331,-0.0020318107957643106,8061.19968674608,6861.19968674608,80000.0,1.0,38.019893743350345,79659.12579389758,25028.258713521926,-0.0001466028558887317
194.7099999999679,upper,25073.95432128657,79741.2192362469,415.61677653805384,746.284633133798,854.211951796233,1.1910334662878266,-0.0020334584339860057,8058.621094023603,6858.621094023603,80000.0,1.0,37.66881084492594,79741.2192362469,25073.95432128657,-0.00014549991416610322
194.8199999999678,upper,25119.694417523107,79823.30842297578,416.02139671771073,746.246079154849,854.3752180283203,1.1908096960892627,-0.0020350863767205096,8056.042501301126,6856.042501301126,80000.0,1.0,37.321035691702086,79823.30842297578,25119.694417523107,-0.0001444049796673957
194.9299999999677,upper,25165.479041740877,79905.39338344846,416.4263762583343,746.2077921062524,854.5390546041391,1.190585747891599,-0.0020366948206709595,8053.463908578649,6853.463908578649,80000.0,1.0,36.97653639557655,79905.39338344846,25165.479041740877,-0.00014331800148651946
195.0399999999676,upper,25211.308233489875,79987.47414702544,416.8317155288052,746.1697719546569,854.7034618214387,1.1903616238290076,-0.0020382839597843784,8050.885315856172,6850.885315856172,80000.0,1.0,36.635281383597835,79987.47414702544,25211.308233489875,-0.0001422389290005067
195.1499999999675,upper,25257.182032360608,80069.5507430636,417.237414896305,746.1320186680503,854.868439978346,1.1901373260144794,-0.0020398539852017374,8048.306723133695,6848.306723133695,80000.0,1.0,36.29723939476733,80069.5507430636,25257.182032360608,-0.00014116771191836956
195.2599999999674,upper,25303.10047798386,80151.6232009164,417.6434747263351,746.0945322157488,855.0339893733604,1.189912856540136,-0.002041405085219731,8045.728130411218,6845.728130411218,80000.0,1.0,35.96237947687546,80151.6232009164,25303.10047798386,-0.00014010430024317722
195.3699999999673,upper,25349.06361003054,80233.69154993395,418.0498953827344,746.0573125683861,855.200110305347,1.189688217477544,-0.002042937445261686,8043.1495376887415,6843.1495376887415,80000.0,1.0,35.630670983370486,80233.69154993395,25349.06361003054,-0.00013904864422975804
195.4799999999672,upper,25395.07146821148,80315.7558194633,418.45667722769804,746.0203596979018,855.366803073531,1.189463410878033,-0.0020444512478545434,8040.5709449662645,6840.5709449662645,80000.0,1.0,35.302083570259704,80315.7558194633,25395.07146821148,-0.0001380006944320471
195.5899999999671,upper,25441.124092277274,80397.8160388484,418.86382062179484,745.9836735775317,855.5340679774923,1.1892384387730153,-0.002045946672616505,8037.9923522437875,6837.9923522437875,80000.0,1.0,34.976587193044125,80397.8160388484,25441.124092277274,-0.0001369604016494096
195.699999999967,upper,25487.22152201808,80479.87223743033,419.2713259239846,745.9472541817963,855.7019053171598,1.189013303174304,-0.0020474238962516467,8035.413759521311,6835.413759521311,80000.0,1.0,34.65415210368356,80479.87223743033,25487.22152201808,-0.00013592771693652478
195.8099999999669,upper,25533.363797263464,80561.92444454749,419.6791934916354,745.9111014864911,855.8703153928053,1.1887880060744362,-0.002048883092551788,8032.835166798834,6832.835166798834,80000.0,1.0,34.33474884759418,80561.92444454749,25533.363797263464,-0.00013490259156957097
195.9199999999668,upper,25579.5509578822,80643.97268953563,420.08742368054027,745.8752154686762,856.0392985050381,1.1885625494469905,-0.002050324432404251,8030.256574076357,6830.256574076357,80000.0,1.0,34.01834826067741,80643.97268953563,25579.5509578822,-0.00013388497708053835
196.0299999999667,upper,25625.78304378213,80726.01700172805,420.496016844934,745.8395961066656,856.2088549547996,1.188336935246908,-0.0020517480838090243,8027.67798135388,6827.67798135388,80000.0,1.0,33.70492146637923,80726.01700172805,25625.78304378213,-0.0001328748252079453
196.1399999999666,upper,25672.060094909968,80808.05741045579,420.90497333750875,745.804243380018,856.3789850433568,1.1881111654108072,-0.0020531542118993715,8025.099388631403,6825.099388631403,80000.0,1.0,33.39443987278031,80808.05741045579,25672.060094909968,-0.00013187208791535043
196.2499999999665,upper,25718.382151251135,80890.09394504767,421.31429350943097,745.7691572695271,856.5496890722987,1.1878852418572978,-0.0020545429789693647,8022.520795908926,6822.520795908926,80000.0,1.0,33.08687516971655,80890.09394504767,25718.382151251135,-0.00013087671736448396
196.3599999999664,upper,25764.749252829617,80972.12663483042,421.7239777103561,745.7343377572117,856.720967343529,1.1876591664872935,-0.002055914544506781,8019.942203186449,6819.942203186449,80000.0,1.0,32.782199325929746,80972.12663483042,25764.749252829617,-0.00012988866592892123
196.4699999999663,upper,25811.16143970776,81054.15550912896,422.13402628844415,745.6997848263062,856.8928201592613,1.1874329411843156,-0.002057269065231243,8017.363610463972,6817.363610463972,80000.0,1.0,32.48038458624688,81054.15550912896,25811.16143970776,-0.00012890788616742602
196.5799999999662,upper,25857.618751986134,81136.18059726633,422.5444395903747,745.6654984612511,857.0652478220138,1.1872065678147972,-0.002058606695136068,8014.785017741495,6814.785017741495,80000.0,1.0,32.181403468790194,81136.18059726633,25857.618751986134,-0.00012793433082520305
196.6899999999661,upper,25904.12122980336,81218.20192856403,422.9552179613618,745.6314786476847,857.2382506346038,1.1869800482283794,-0.002059927585534348,8012.206425019018,6812.206425019018,80000.0,1.0,31.885228762214663,81218.20192856403,25904.12122980336,-0.0001269679528527207
196.799999999966,upper,25950.668913335958,81300.21953234196,423.36636174516866,745.5977253724334,857.4118289001427,1.1867533842582043,-0.002061231885111117,8009.627832296541,6809.627832296541,80000.0,1.0,31.591833522975747,81300.21953234196,25950.668913335958,-0.00012600870535206112
196.9099999999659,upper,25997.26184279817,81382.23343791867,423.7778712841213,745.564238623503,857.5859829220304,1.1865265777212013,-0.002062519739975803,8007.049239574064,6807.049239574064,80000.0,1.0,31.301191072624263,81382.23343791867,25997.26184279817,-0.0001250565416238103
197.0199999999658,upper,26043.900058441835,81464.24367461143,424.1897469191228,745.5310183900697,857.7607130039495,1.1862996304183657,-0.0020637912937206686,8004.470646851587,6804.470646851587,80000.0,1.0,31.0132749951299,81464.24367461143,26043.900058441835,-0.00012411141512913914
197.1299999999657,upper,26090.5836005562,81546.25027173644,424.6019889896669,745.4980646624724,857.9360194498615,1.1860725441350342,-0.002065046687479759,8001.89205412911,6801.89205412911,80000.0,1.0,30.728059134232428,81546.25027173644,26090.5836005562,-0.00012317327949566576
197.2399999999656,upper,26137.31250946779,81628.2532586088,425.0145978338515,745.4653774322031,858.1119025639998,1.1858453206411506,-0.0020662860599919607,7999.313461406633,6799.313461406633,80000.0,1.0,30.44551759082039,81628.2532586088,26137.31250946779,-0.00012224208852266018
197.3499999999655,upper,26184.086825540224,81710.25266454286,425.4275737883916,745.4329566918996,858.2883626508661,1.1856179616915266,-0.002067509547665261,7996.734868684156,6796.734868684156,80000.0,1.0,30.165624720336634,81710.25266454286,26184.086825540224,-0.0001213177961754589
197.4599999999654,upper,26230.9065891741,81792.24851885214,425.8409171886327,745.4008024353367,858.4654000152248,1.185390469026094,-0.002068717284644983,7994.156275961679,6794.156275961679,80000.0,1.0,29.888355130211476,81792.24851885214,26230.9065891741,-0.0001204003565690965
197.5699999999653,upper,26277.771840806836,81874.2408508496,426.2546283685629,745.3689146574185,858.6430149620969,1.18516284437015,-0.002069909402879396,7991.577683239202,6791.577683239202,80000.0,1.0,29.613683677321486,81874.2408508496,26277.771840806836,-0.00011948972399444111
197.6799999999652,upper,26324.682620912492,81956.22968984759,426.6687076608258,745.3372933541702,858.8212077967565,1.1849350894345954,-0.0020710860321915413,7988.999090516725,6788.999090516725,80000.0,1.0,29.34158546547595,81956.22968984759,26324.682620912492,-0.00011858585287943319
197.7899999999651,upper,26371.638970001677,82038.21506515819,427.0831553967326,745.3059385227308,858.9999788247251,1.1847072059161636,-0.0020722473003475547,7986.420497794248,6786.420497794248,80000.0,1.0,29.072035842927615,82038.21506515819,26371.638970001677,-0.00011768869782964867
197.899999999965,upper,26418.640928621335,82120.19700609322,427.4979719062742,745.2748501613446,859.1793283517663,1.1844791954976437,-0.002073393333129727,7983.841905071771,6783.841905071771,80000.0,1.0,28.805010399910664,82120.19700609322,26418.640928621335,-0.00011679821360576073
198.0099999999649,upper,26465.68853735467,82202.1755419643,427.9131575181333,745.2440282693545,859.3592566838814,1.184251059848095,-0.002074524254407526,7981.263312349294,6781.263312349294,80000.0,1.0,28.54048496620358,82202.1755419643,26465.68853735467,-0.0001159143551024288
198.1199999999648,upper,26512.781836820945,82284.15070208308,428.32871255969536,745.213472847194,859.5397641273042,1.1840228006230529,-0.0020756401862095956,7978.684719626817,6778.684719626817,80000.0,1.0,28.278435608717274,82284.15070208308,26512.781836820945,-0.00011503707740111131
198.2299999999647,upper,26559.92086767537,82366.12251576135,428.7446373570608,745.1831838963802,859.7208509884961,1.1837944194647272,-0.002076741248794826,7976.10612690434,6776.10612690434,80000.0,1.0,28.018838629107904,82366.12251576135,26559.92086767537,-0.00011416633572076335
198.3399999999646,upper,26607.10567060898,82448.09101231105,429.16093223505595,745.1531614195061,859.9025175741416,1.1835659180021938,-0.0020778275607263473,7973.527534181863,6773.527534181863,80000.0,1.0,27.7616705614152,82448.09101231105,26607.10567060898,-0.00011330208544403955
198.4499999999645,upper,26654.33628634844,82530.05622104456,429.5775975172444,745.123405420234,860.0847641911429,1.1833372978515762,-0.002078899238940895,7970.948941459386,6770.948941459386,80000.0,1.0,27.506908169723935,82530.05622104456,26654.33628634844,-0.00011244428211745492
198.5599999999644,upper,26701.612755655944,82612.01817127461,429.99463352593756,745.0939159032879,860.2675911466159,1.1831085606162217,-0.002079956398820579,7968.370348736909,6768.370348736909,80000.0,1.0,27.254528445851065,82612.01817127461,26701.612755655944,-0.00011159288144014417
198.6699999999643,upper,26748.935119329082,82693.97689231457,430.4120405822061,745.064692874447,860.4509987478849,1.1828797078868671,-0.0020809991542636973,7965.791756014432,6765.791756014432,80000.0,1.0,27.004508607055413,82693.97689231457,26748.935119329082,-0.00011074783926758679
198.7799999999642,upper,26796.303418200707,82775.93241347854,430.8298190058898,745.0357363405385,860.6349873024778,1.1826507412417993,-0.002082027617751681,7963.213163291955,6763.213163291955,80000.0,1.0,26.756826093771508,82775.93241347854,26796.303418200707,-0.00010990911162559684
198.8899999999641,upper,26843.71769313875,82857.88476408133,431.247969115609,745.0070463094315,860.8195571181226,1.1824216622470067,-0.0020830419004194485,7960.6345705694785,6760.6345705694785,80000.0,1.0,26.511458567367495,82857.88476408133,26843.71769313875,-0.00010907665471867252
198.999999999964,upper,26891.177985046146,82939.83397343877,431.66649122877436,744.9786227900289,861.0047085027409,1.1821924724563244,-0.0020840421121220225,7958.0559778470015,6758.0559778470015,80000.0,1.0,26.268383907924726,82939.83397343877,26891.177985046146,-0.00010825042487798463
199.1099999999639,upper,26938.684334860678,83021.78007086767,432.0853856615974,744.9504657922624,861.1904417644452,1.181963173411571,-0.002085028361498273,7955.4773851245245,6755.4773851245245,80000.0,1.0,26.027580212041883,83021.78007086767,26938.684334860678,-0.00010743037864629087
199.2199999999638,upper,26986.236783554843,83103.72308568598,432.5046527291008,744.9225753270849,861.3767572115331,1.1817337666426775,-0.0020860007560367416,7952.898792402048,6752.898792402048,80000.0,1.0,25.789025790660475,83103.72308568598,26986.236783554843,-0.00010661647270478344
199.3299999999637,upper,27033.835372135738,83185.66304721296,432.92429274512824,744.8949514064641,861.5636551524838,1.181504253667813,-0.0020869594021374876,7950.320199679571,6750.320199679571,80000.0,1.0,25.552699166913516,83185.66304721296,27033.835372135738,-0.00010580866391050794
199.4399999999636,upper,27081.48014164489,83267.59998476923,433.3443060223543,744.867594043377,861.7511358959529,1.1812746359934985,-0.002087904405171105,7947.741606957094,6747.741606957094,80000.0,1.0,25.318579073995895,83267.59998476923,27081.48014164489,-0.00010500690933136718
199.5499999999635,upper,27129.171133158194,83349.53392767685,433.76469287229475,744.8405032518025,861.9391997507681,1.1810449151147195,-0.0020888358695417323,7945.163014234617,6745.163014234617,80000.0,1.0,25.08664445305717,83349.53392767685,27129.171133158194,-0.000104211166153199
199.6599999999634,upper,27176.90838778572,83431.4649052595,434.18545360531573,744.8136790467155,862.1278470259255,1.180815092515026,-0.0020897538987392815,7942.58442151214,6742.58442151214,80000.0,1.0,24.85687445111577,83431.4649052595,27176.90838778572,-0.0001034213917922011
199.7699999999633,upper,27224.69194667163,83513.3929468426,434.60658853064405,744.7871214440805,862.3170780305838,1.1805851696666332,-0.0020906585953973764,7940.005828789663,6740.005828789663,80000.0,1.0,24.62924841899445,83513.3929468426,27224.69194667163,-0.00010263754382241124
199.8799999999632,upper,27272.521850994028,83595.31808175331,435.0280979563767,744.7608304608467,862.5068930740629,1.1803551480305103,-0.0020915500613459185,7937.427236067186,6737.427236067186,80000.0,1.0,24.403745909277852,83595.31808175331,27272.521850994028,-0.00010185958000921802
199.9899999999631,upper,27320.39814196486,83677.24033932075,435.44998218949,744.7348061149402,862.6972924658363,1.180125029056468,-0.002092428397661443,7934.848643344709,6734.848643344709,80000.0,1.0,24.180346674289964,83677.24033932075,27320.39814196486,-0.00010108745830417275
200.099999999963,upper,27368.32086082975,83759.15974887603,435.8722415358498,744.7090484252584,862.888276515529,1.1798948141832366,-0.0020932937047167467,7932.270050622232,6732.270050622232,80000.0,1.0,23.95903066409335,83759.15974887603,27368.32086082975,-0.00010032113684980355
200.2099999999629,upper,27416.29004886795,83841.07633975244,436.29487630022,744.6835574116649,863.0798455329127,1.179664504838543,-0.002094146082227211,7929.691457899755,6729.691457899755,80000.0,1.0,23.739778024508357,83841.07633975244,27416.29004886795,-9.956057397807959e-05
200.3199999999628,upper,27464.305747392147,83922.99014128554,436.717886786273,744.6583330949825,863.2719998279023,1.1794341024391792,-0.002094985629294952,7927.112865177278,6727.112865177278,80000.0,1.0,23.522569095152804,83922.99014128554,27464.305747392147,-9.880572822611351e-05
200.4299999999627,upper,27512.367997748373,84004.9011828131,437.14127329659834,744.6333754969878,863.4647397105509,1.1792036083910677,-0.002095812444451729,7924.534272454801,6724.534272454801,80000.0,1.0,23.3073844075025,84004.9011828131,27512.367997748373,-9.805655832970588e-05
200.5399999999626,upper,27560.476841315893,84086.80949367546,437.56503613271195,744.6086846404052,863.6580654910459,1.1789730240893221,-0.0020966266256994973,7921.955679732324,6721.955679732324,80000.0,1.0,23.09420468297038,84086.80949367546,27560.476841315893,-9.731302320206337e-05
200.6499999999625,upper,27608.63231950708,84168.71510321545,437.9891755950662,744.5842605489016,863.851977479707,1.1787423509183033,-0.002097428270546766,7919.377087009847,6719.377087009847,80000.0,1.0,22.88301083100673,84168.71510321545,27608.63231950708,-9.657508200454587e-05
200.7599999999624,upper,27656.834473767292,84250.61804077859,438.4136919830581,744.5601032470796,864.0464759869793,1.1785115902516712,-0.002098217476046544,7916.79849428737,6716.79849428737,80000.0,1.0,22.67378394721795,84250.61804077859,27656.834473767292,-9.584269405854391e-05
200.8699999999623,upper,27705.08334557478,84332.51833571313,438.8385855950394,744.5362127604728,864.2415613234316,1.178280743452434,-0.002098994338827648,7914.219901564893,6714.219901564893,80000.0,1.0,22.46650531150512,84332.51833571313,27705.08334557478,-9.511581892103385e-05
200.9799999999622,upper,27753.378976440545,84414.41601737015,439.263856728325,744.5125891155395,864.4372337997517,1.1780498118729925,-0.0020997589551269994,7911.641308842416,6711.641308842416,80000.0,1.0,22.261156386221845,84414.41601737015,27753.378976440545,-9.439441637063674e-05
201.0899999999621,upper,27801.721407908215,84496.31111510376,439.68950567920274,744.4892323396572,864.633493726743,1.1778187968551814,-0.002100511420819975,7909.062716119939,6709.062716119939,80000.0,1.0,22.057718814350206,84496.31111510376,27801.721407908215,-9.367844636729456e-05
201.199999999962,upper,27850.110681554,84578.20365827114,440.1155327429424,744.4661424611164,864.8303414153203,1.1775876997303079,-0.002101251831444767,7906.484123397462,6706.484123397462,80000.0,1.0,21.856174417696234,84578.20365827114,27850.110681554,-9.296786911464641e-05
201.3099999999619,upper,27898.546838986487,84660.09367623257,440.5419382138044,744.4433195091167,865.0277771765068,1.177356521819188,-0.0021019802822296904,7903.905530674985,6703.905530674985,80000.0,1.0,21.656505195103797,84660.09367623257,27898.546838986487,-9.226264502870163e-05
201.4199999999618,upper,27947.02992184661,84741.98119835161,440.9687223850493,744.420763513759,865.2258013214299,1.1771252644321772,-0.002102696868115059,7901.326937952508,6701.326937952508,80000.0,1.0,21.458693320686365,84741.98119835161,27947.02992184661,-9.156273473692663e-05
201.5299999999617,upper,27995.559971807485,84823.86625399519,441.39588554894715,744.3984745060415,865.4244141613183,1.1768939288692037,-0.0021034016837731912,7898.748345230031,6698.748345230031,80000.0,1.0,21.26272114207721,84823.86625399519,27995.559971807485,-9.08680991132685e-05
201.6399999999616,upper,28044.137030574348,84905.7488725337,441.82342799678554,744.3764525178533,865.623616007497,1.176662516419795,-0.002104094823629206,7896.169752507554,6696.169752507554,80000.0,1.0,21.068571178697503,84905.7488725337,28044.137030574348,-9.017869922472517e-05
201.7499999999615,upper,28092.76113988439,84987.62908334109,442.2513500188798,744.3546975819698,865.823407171386,1.1764310283631048,-0.0021047763818752953,7893.591159785077,6693.591159785077,80000.0,1.0,20.876226120042134,84987.62908334109,28092.76113988439,-8.949449640720041e-05
201.8599999999614,upper,28141.432341506723,85069.50691579496,442.67965190458165,744.3332097320464,866.0237879644947,1.176199465967938,-0.0021054464524882157,7891.0125670626,6691.0125670626,80000.0,1.0,20.685668823983157,85069.50691579496,28141.432341506723,-8.881545218673995e-05
201.9699999999613,upper,28190.150677242204,85151.38239927661,443.108333942288,744.3119890026135,866.2247586984205,1.1759678304927732,-0.002106105129240703,7888.433974340123,6688.433974340123,80000.0,1.0,20.49688231509058,85151.38239927661,28190.150677242204,-8.814152834618604e-05
202.0799999999612,upper,28238.916188923373,85233.25556317127,443.5373964194506,744.2910354290709,866.426319684844,1.1757361231857841,-0.0021067525057129584,7885.855381617646,6685.855381617646,80000.0,1.0,20.309849782970094,85233.25556317127,28238.916188923373,-8.747268689240396e-05
202.1899999999611,upper,28287.728918414334,85315.12643686807,443.96683962258453,744.2703490476822,866.6284712355257,1.1755043452848621,-0.0021073886753034334,7883.276788895169,6683.276788895169,80000.0,1.0,20.124554580618145,85315.12643686807,28287.728918414334,-8.680889006530613e-05
202.299999999961,upper,28336.58890761066,85396.99504976021,444.3966638372773,744.2499298955697,866.8312136623038,1.175272498017633,-0.0021080137312348085,7880.698196172692,6680.698196172692,80000.0,1.0,19.940980222793794,85396.99504976021,28336.58890761066,-8.615010035023605e-05
202.4099999999609,upper,28385.496198439294,85478.86143124495,444.8268693481984,744.2297780107092,867.0345472770902,1.1750405826014783,-0.0021086277665617256,7878.119603450215,6678.119603450215,80000.0,1.0,19.759110384407172,85478.86143124495,28385.496198439294,-8.549628046549035e-05
202.5199999999608,upper,28434.45083285843,85560.7256107238,445.25745643910784,744.2098934319241,867.2384723918674,1.1748086002435516,-0.002109230874175547,7875.5410107277385,6675.5410107277385,80000.0,1.0,19.578928898924296,85560.7256107238,28434.45083285843,-8.484739336199937e-05
202.6299999999607,upper,28483.452852857437,85642.58761760266,445.68842539286555,744.1902761988808,867.4429893186863,1.174576552140799,-0.0021098231468068837,7872.9624180052615,6672.9624180052615,80000.0,1.0,19.40041975678826,85642.58761760266,28483.452852857437,-8.42034022403699e-05
202.7399999999606,upper,28532.50230045674,85724.44748129176,446.1197764914404,744.1709263520821,867.6480983696608,1.1743444394799731,-0.0021104046770277674,7870.3838252827845,6670.3838252827845,80000.0,1.0,19.2235671038567,85724.44748129176,28532.50230045674,-8.35642705347139e-05
202.8499999999605,upper,28581.599217707742,85806.30523120581,446.5515100159188,744.1518439328638,867.8537998569681,1.1741122634376537,-0.0021109755572524874,7867.805232560308,6667.805232560308,80000.0,1.0,19.048355239855255,85806.30523120581,28581.599217707742,-8.292996192884812e-05
202.9599999999604,upper,28630.743646692707,85888.16089676425,446.9836262465146,744.133028983388,868.0600940928432,1.1738800251802632,-0.0021115358797365994,7865.226639837831,6665.226639837831,80000.0,1.0,18.874768616846136,85888.16089676425,28630.743646692707,-8.230044034590592e-05
203.0699999999603,upper,28679.935629524683,85970.01450739102,447.41612546257744,744.114481546638,868.2669813895762,1.1736477258640847,-0.00211208573657437,7862.648047115354,6662.648047115354,80000.0,1.0,18.702791837713693,85970.01450739102,28679.935629524683,-8.167566996275635e-05
203.1799999999602,upper,28729.175208347395,86051.86609251495,447.8490079426021,744.0962016664133,868.4744620595108,1.17341536663528,-0.0021126252196971033,7860.069454392877,6660.069454392877,80000.0,1.0,18.532409654663933,86051.86609251495,28729.175208347395,-8.105561517829817e-05
203.2899999999601,upper,28778.46242533515,86133.71568156971,448.2822739642374,744.0781893873249,868.68253641504,1.1731829486299072,-0.002113154420867941,7857.4908616704,6657.4908616704,80000.0,1.0,18.363606967740342,86133.71568156971,28778.46242533515,-8.044024065844294e-05
203.39999999996,upper,28827.797322692775,86215.56330399391,448.7159238042954,744.060444754789,868.8912047686043,1.17295047297394,-0.002113673431676414,7854.912268947923,6654.912268947923,80000.0,1.0,18.19636882335449,86215.56330399391,28827.797322692775,-7.982951129858391e-05
203.5099999999599,upper,28877.179942655464,86297.4089892312,449.14995773876063,744.0429678150231,869.1004674326887,1.172717940783288,-0.0021141823435335146,7852.333676225446,6652.333676225446,80000.0,1.0,18.030680412831874,86297.4089892312,28877.179942655464,-7.92233922525454e-05
203.6199999999598,upper,28926.61032748875,86379.25276673038,449.5843760427987,744.025758615039,869.3103247198188,1.1724853531638146,-0.002114681247663543,7849.755083502969,6649.755083502969,80000.0,1.0,17.86652707097201,86379.25276673038,28926.61032748875,-7.862184891462136e-05
203.7299999999597,upper,28976.08851948839,86461.09466594543,450.01917899076585,744.0088172026394,869.5207769425601,1.17225271121136,-0.0021151702350973053,7847.176490780492,6647.176490780492,80000.0,1.0,17.703894274623973,86461.09466594543,28976.08851948839,-7.802484692828495e-05
203.8399999999596,upper,29025.614560980262,86542.93471633564,450.45436685621746,743.9921436264125,869.7318244135143,1.1720200160117626,-0.00211564939666369,7844.597898058015,6644.597898058015,80000.0,1.0,17.54276764127587,86542.93471633564,29025.614560980262,-7.743235216844474e-05
203.9499999999595,upper,29075.1884943203,86624.77294736572,450.88993991191796,743.9757379357258,869.9434674453166,1.1717872686408788,-0.0021161188229785535,7842.019305335538,6642.019305335538,80000.0,1.0,17.38313292765888,86624.77294736572,29075.1884943203,-7.68443307701058e-05
204.0599999999594,upper,29124.810361894404,86706.60938850585,451.3258984298485,743.9596001807221,870.1557063506335,1.1715544701646117,-0.0021165786044375083,7839.440712613061,6639.440712613061,80000.0,1.0,17.224976028365514,86706.60938850585,29124.810361894404,-7.626074911339801e-05
204.1699999999593,upper,29174.480206118336,86788.44406923171,451.7622426812173,743.9437304123138,870.3685414421598,1.1713216216389328,-0.0021170288312044247,7836.862119890584,6636.862119890584,80000.0,1.0,17.06828297448213,86788.44406923171,29174.480206118336,-7.568157382297583e-05
204.2799999999592,upper,29224.19806943766,86870.27701902467,452.19897293646795,743.9281286821783,870.5819730326169,1.1710887241099084,-0.0021174695932002258,7834.283527168107,6634.283527168107,80000.0,1.0,16.913039932234945,86870.27701902467,29224.19806943766,-7.51067717650677e-05
204.3899999999591,upper,29273.963994327634,86952.1082673718,452.6360894652886,743.9127950427527,870.7960014347501,1.1708557786137275,-0.0021179009800926935,7831.70493444563,6631.70493444563,80000.0,1.0,16.759233201650137,86952.1082673718,29273.963994327634,-7.453631004277072e-05
204.499999999959,upper,29323.77802329316,87033.93784376609,453.073592536621,743.8977295472282,871.0106269613254,1.1706227861767313,-0.0021183230812842125,7829.126341723153,6629.126341723153,80000.0,1.0,16.60684921522739,87033.93784376609,29323.77802329316,-7.39701560099732e-05
204.6099999999589,upper,29373.640198868663,87115.7657777062,453.51148241866935,743.8829322495466,871.2258499251285,1.1703897478154404,-0.0021187359858992304,7826.547749000676,6626.547749000676,80000.0,1.0,16.455874536627494,87115.7657777062,29373.640198868663,-7.34082772798122e-05
204.7199999999588,upper,29423.550563618042,87197.59209869696,453.94975937890956,743.8684032043939,871.4416706389617,1.170156664536587,-0.0021191397827739016,7823.969156278199,6623.969156278199,80000.0,1.0,16.30629585937218,87197.59209869696,29423.550563618042,-7.285064167604612e-05
204.8299999999587,upper,29473.50916013458,87279.41683624918,454.3884236840978,743.8541424671961,871.6580894156417,1.1699235373371504,-0.002119534560441905,7821.390563555722,6621.390563555722,80000.0,1.0,16.15810000555826,87279.41683624918,29473.50916013458,-7.229721728094591e-05
204.9399999999586,upper,29523.516031040854,87361.24001987981,454.82747560027946,743.8401500941134,871.8751065679968,1.1696903672043857,-0.002119920407123193,7818.811970833245,6618.811970833245,80000.0,1.0,16.01127392458422,87361.24001987981,29523.516031040854,-7.174797241785982e-05
205.0499999999585,upper,29573.57121898868,87443.06167911206,455.26691539279864,743.8264261420364,872.0927224088664,1.1694571551158637,-0.002120297410710318,7816.233378110768,6616.233378110768,80000.0,1.0,15.865804691890103,87443.06167911206,29573.57121898868,-7.120287564491737e-05
205.1599999999584,upper,29623.674766659024,87524.88184347533,455.7067433263062,743.8129706685811,872.310937251097,1.1692239020395039,-0.0021206656587565743,7813.654785388291,6613.654785388291,80000.0,1.0,15.721679507709819,87524.88184347533,29623.674766659024,-7.066189575312852e-05
205.2699999999583,upper,29673.826716761905,87606.70054250552,456.14695966476916,743.7997837320826,872.5297514075411,1.168990608933616,-0.002121025238462527,7811.076192665814,6611.076192665814,80000.0,1.0,15.578885695836403,87606.70054250552,29673.826716761905,-7.012500179401507e-05
205.3799999999582,upper,29724.02711203636,87688.51780574492,456.5875646714795,743.7868653915918,872.7491651910544,1.1687572767469356,-0.0021213762366643642,7808.497599943337,6608.497599943337,80000.0,1.0,15.437410702399708,87688.51780574492,29724.02711203636,-6.959216302511009e-05
205.4899999999581,upper,29774.275995250355,87770.33366274239,457.0285586090627,743.7742157068702,872.9691789144949,1.1685239064186685,-0.002121718739819936,7805.91900722086,6605.91900722086,80000.0,1.0,15.297242094656488,87770.33366274239,29774.275995250355,-6.906334895089364e-05
205.599999999958,upper,29824.573409200686,87852.14814305337,457.4699417394868,743.7618347383843,873.1897928907192,1.168290498878531,-0.002122052833997229,7803.340414498383,6603.340414498383,80000.0,1.0,15.158367559792786,87852.14814305337,29824.573409200686,-6.853852931401121e-05
205.7099999999579,upper,29874.91939671295,87933.96127624004,457.911714324071,743.7497225473021,873.4110074325824,1.168057055046794,-0.002122378604861378,7800.761821775906,6600.761821775906,80000.0,1.0,15.02077490373863,87933.96127624004,29874.91939671295,-6.801767408662545e-05
205.8199999999578,upper,29925.314000641454,88015.77309187126,458.35387662349456,743.7378791954874,873.6328228529346,1.1678235758343276,-0.0021226961376636434,7798.183229053429,6598.183229053429,80000.0,1.0,14.8844520499943,88015.77309187126,29925.314000641454,-6.750075345637444e-05
205.9299999999577,upper,29975.75726386913,88097.58361952279,458.7964288978053,743.7263047454951,873.8552394646198,1.1675900621426483,-0.002123005517227226,7795.604636330952,6595.604636330952,80000.0,1.0,14.749387038469026,88097.58361952279,29975.75726386913,-6.698773786019594e-05
206.0399999999576,upper,30026.249229307487,88179.39288877734,459.2393714064281,743.7149992605672,874.0782575804735,1.1673565148639657,-0.002123306827937392,7793.026043608475,6593.026043608475,80000.0,1.0,14.615568024330933,88179.39288877734,30026.249229307487,-6.647859795635881e-05
206.1499999999575,upper,30076.789939896546,88261.20092922456,459.68270440817395,743.7039628046277,874.301877513322,1.1671229348812315,-0.002123600153729156,7790.4474508859985,6590.4474508859985,80000.0,1.0,14.482983276869184,88261.20092922456,30076.789939896546,-6.597330461861287e-05
206.2599999999574,upper,30127.379438604756,88343.00777046116,460.1264281612483,743.6931954422776,874.5260995759784,1.1668893230681903,-0.0021238855780761003,7787.8688581635215,6587.8688581635215,80000.0,1.0,14.35162117836721,88343.00777046116,30127.379438604756,-6.547182896324078e-05
206.3699999999573,upper,30178.01776842893,88424.81344209104,460.5705429232596,743.6826972387904,874.750924081243,1.1666556802894297,-0.0021241631839792703,7785.2902654410445,6585.2902654410445,80000.0,1.0,14.22147022298751,88424.81344209104,30178.01776842893,-6.49741423120492e-05
206.4799999999572,upper,30228.704972394207,88506.61797372528,461.0150489512279,743.6724682601081,874.9763513419003,1.1664220074004348,-0.002124433053957565,7782.711672718568,6582.711672718568,80000.0,1.0,14.092519015667767,88506.61797372528,30228.704972394207,-6.448021621067762e-05
206.5899999999571,upper,30279.441093553945,88588.4213949823,461.45994650159315,743.6625085728358,875.2023816707175,1.1661883052476396,-0.002124695270035829,7780.133079996091,6580.133079996091,80000.0,1.0,13.964756271028048,88588.4213949823,30279.441093553945,-6.399002243843315e-05
206.699999999957,upper,30330.226174989682,88670.22373548783,461.9052358302237,743.6528182442382,875.4290153804434,1.1659545746684838,-0.0021249499137365613,7777.554487273614,6577.554487273614,80000.0,1.0,13.838170812289267,88670.22373548783,30330.226174989682,-6.350353297199718e-05
206.8099999999569,upper,30381.06025981108,88752.02502487504,462.3509171924246,743.6433973422343,875.6562527838057,1.1657208164914665,-0.002125197066069051,7774.975894551137,6574.975894551137,80000.0,1.0,13.712751570202277,88752.02502487504,30381.06025981108,-6.302072001754949e-05
206.9199999999568,upper,30431.943391155844,88833.82529278465,462.7969908429463,743.6342459353923,875.8840941935101,1.1654870315362058,-0.0021254368075214465,7772.39730182866,6572.39730182866,80000.0,1.0,13.588487581987952,88833.82529278465,30431.943391155844,-6.254155598576059e-05
207.0299999999567,upper,30482.875612189684,88915.6245688649,463.24345703599226,743.6253640929268,876.112539922238,1.165253220613495,-0.0021256692180512764,7769.818709106183,6569.818709106183,80000.0,1.0,13.4653679902881,88915.6245688649,30482.875612189684,-6.20660135115217e-05
207.1399999999566,upper,30533.856966106225,88997.42288277176,463.69031602522784,743.6167518846931,876.3415902826459,1.165019384525361,-0.002125894377078373,7767.240116383706,6567.240116383706,80000.0,1.0,13.34338204212673,88997.42288277176,30533.856966106225,-6.159406542338045e-05
207.2499999999565,upper,30584.887496126972,89079.22026416879,464.1375680637882,743.6084093811836,876.5712455873634,1.1647855240651246,-0.002126112363474582,7764.661523661229,6564.661523661229,80000.0,1.0,13.222519087882088,89079.22026416879,30584.887496126972,-6.112568477922662e-05
207.3599999999564,upper,30635.967245501255,89161.01674272746,464.58521340428643,743.6003366535224,876.8015061489905,1.1645516400174616,-0.002126323255559133,7762.082930938752,6562.082930938752,80000.0,1.0,13.102768580268723,89161.01674272746,30635.967245501255,-6.066084482457563e-05
207.4699999999563,upper,30687.096257506157,89242.81234812702,465.03325229882154,743.5925337734618,877.032372280098,1.1643177331584633,-0.0021265271310901275,7759.504338216275,6559.504338216275,80000.0,1.0,12.984120073330255,89242.81234812702,30687.096257506157,-6.01995190186209e-05
207.5799999999562,upper,30738.27457544647,89324.60711005471,465.48168499898674,743.5850008133782,877.2638442932249,1.1640838042556985,-0.002126724067257921,7756.925745493798,6556.925745493798,80000.0,1.0,12.86656322144184,89324.60711005471,30738.27457544647,-5.974168103251698e-05
207.6899999999561,upper,30789.502242654613,89406.40105820571,465.9305117558772,743.5777378462674,877.4959225008774,1.1638498540682765,-0.002126914140679896,7754.347152771321,6554.347152771321,80000.0,1.0,12.750087778323284,89406.40105820571,30789.502242654613,-5.9287304719912426e-05
207.799999999956,upper,30840.779302490628,89488.19422228333,466.37973282009835,743.5707449457398,877.728607215527,1.1636158833469104,-0.0021270974273946033,7751.768560048844,6551.768560048844,80000.0,1.0,12.634683596061409,89488.19422228333,30840.779302490628,-5.883636414201503e-05
207.9099999999559,upper,30892.105798342072,89569.98663199895,466.8293484417732,743.564022186017,877.9618987496087,1.1633818928339814,-0.0021272740028560246,7749.189967326367,6549.189967326367,80000.0,1.0,12.520340624142971,89569.98663199895,30892.105798342072,-5.838883357048614e-05
208.0199999999558,upper,30943.481773624004,89651.7783170722,467.2793588705507,743.5575696419281,878.1957974155215,1.1631478832636035,-0.00212744394192954,7746.61137460389,6546.61137460389,80000.0,1.0,12.407048908496861,89651.7783170722,30943.481773624004,-5.7944687457656e-05
208.1299999999557,upper,30994.907271778917,89733.5693072309,467.72976435561304,743.5513873889038,878.4303035256246,1.1629138553616882,-0.0021276073188880207,7744.032781881413,6544.032781881413,80000.0,1.0,12.29479859054618,89733.5693072309,30994.907271778917,-5.750390044618561e-05
208.2399999999556,upper,31046.38233627668,89815.35963221126,468.18056514568354,743.545475502974,878.6654173922377,1.1626798098460094,-0.0021277642074065822,7741.454189158936,6541.454189158936,80000.0,1.0,12.183579906269694,89815.35963221126,31046.38233627668,-5.7066447392131174e-05
208.3499999999555,upper,31097.90701061451,89897.14932175787,468.63176148903483,743.539834060763,878.9011393276394,1.1624457474262686,-0.0021279146805600556,7738.875596436459,6538.875596436459,80000.0,1.0,12.07338318527304,89897.14932175787,31097.90701061451,-5.6632303320568785e-05
208.4599999999554,upper,31149.481338316906,89978.93840562378,469.08335363349545,743.5344631394854,879.1374696440653,1.1622116688041637,-0.002128058810820493,7736.297003713982,6536.297003713982,80000.0,1.0,11.964198849868932,89978.93840562378,31149.481338316906,-5.620144345951468e-05
208.5699999999553,upper,31201.105362935592,90060.72691357056,469.5353418264582,743.5293628169424,879.3744086537072,1.161977574673454,-0.0021281966700538806,7733.718410991505,6533.718410991505,80000.0,1.0,11.856017414166843,90060.72691357056,31201.105362935592,-5.577384322275853e-05
208.67999999995519,upper,31252.779128049493,90142.51487536838,469.9877263148872,743.5245331715171,879.6119566687117,1.161743465720026,-0.002128328329519035,7731.139818269028,6531.139818269028,80000.0,1.0,11.74882948317186,90142.51487536838,31252.779128049493,-5.5349478195570925e-05
208.78999999995509,upper,31304.502677264674,90224.30232079604,470.4405073453255,743.5199742821718,879.8501140011796,1.1615093426219625,-0.002128453859864883,7728.561225546551,6528.561225546551,80000.0,1.0,11.642625751892604,90224.30232079604,31304.502677264674,-5.4928324165414184e-05
208.89999999995499,upper,31356.276054214297,90306.08927964109,470.89368516390243,743.5156862284429,880.0888809631631,1.1612752060496068,-0.002128573331129362,7725.982632824074,6525.982632824074,80000.0,1.0,11.537397004457874,90306.08927964109,31356.276054214297,-5.451035709186434e-05
209.00999999995489,upper,31408.099302558578,90387.87578169987,471.34726001634095,743.5116690904375,880.3282578666666,1.1610410566656328,-0.0021286868127391913,7723.404040101597,6523.404040101597,80000.0,1.0,11.433134113242563,90387.87578169987,31408.099302558578,-5.4095553118974684e-05
209.11999999995479,upper,31459.972465984734,90469.66185677753,471.80123214796475,743.50792294883,880.5682450236444,1.160806895125112,-0.0021287943735092524,7720.82544737912,6520.82544737912,80000.0,1.0,11.32982803800221,90469.66185677753,31459.972465984734,-5.36838885649447e-05
209.22999999995469,upper,31511.89558820695,90551.44753468815,472.2556018037055,743.5044478848572,880.8088427459992,1.160572722075578,-0.0021288960816419553,7718.246854656643,6518.246854656643,80000.0,1.0,11.22746982501606,90551.44753468815,31511.89558820695,-5.327533992650962e-05
209.33999999995459,upper,31563.868712966327,90633.23284525472,472.71036922811004,743.5012439803153,881.0500513455819,1.1603385381570968,-0.002128992004727698,7715.668261934166,6515.668261934166,80000.0,1.0,11.126050606239128,90633.23284525472,31563.868712966327,-5.286988387952097e-05
209.44999999995449,upper,31615.891884030865,90715.01781830937,473.16553466534754,743.498311317556,881.29187113419,1.1601043440023333,-0.0021290822097461107,7713.089669211689,6513.089669211689,80000.0,1.0,11.0255615984623,90715.01781830937,31615.891884030865,-5.2467497264915325e-05
209.55999999995439,upper,31667.96514519538,90796.80248369319,473.6210983592162,743.4956499794831,881.5343024235667,1.159870140236618,-0.002129166763066115,7710.511076489212,6510.511076489212,80000.0,1.0,10.925994102481457,90796.80248369319,31667.96514519538,-5.20681571125304e-05
209.66999999995429,upper,31720.0885402815,90878.58687125648,474.0770605531506,743.493260049548,881.7773455253998,1.159635927478014,-0.0021292457304479067,7707.9324837667355,6507.9324837667355,80000.0,1.0,10.82733950227434,90878.58687125648,31720.0885402815,-5.167184059698057e-05
209.77999999995419,upper,31772.262113137593,90960.3710108588,474.53342149022836,743.4911416117467,882.0210007513206,1.1594017063373843,-0.002129319177043965,7705.3538910442585,6505.3538910442585,80000.0,1.0,10.729589264186071,90960.3710108588,31772.262113137593,-5.1278525090011707e-05
209.88999999995409,upper,31824.485907638766,91042.1549323689,474.99018141317697,743.4892947506156,882.2652684129023,1.1591674774184586,-0.002129387167401658,7702.7752983217815,6502.7752983217815,80000.0,1.0,10.632734936122747,91042.1549323689,31824.485907638766,-5.088818811271661e-05
209.99999999995399,upper,31876.759967686794,91123.93866566493,475.4473405643807,743.4877195512292,882.5101488216606,1.1589332413179003,-0.002129449765464894,7700.196705599305,6500.196705599305,80000.0,1.0,10.536768146753142,91123.93866566493,31876.759967686794,-5.0500807355919865e-05
210.10999999995389,upper,31929.084337210108,91205.7222406343,475.9048991858869,743.4864160991953,882.7556422890509,1.1586989986253704,-0.002129507034576875,7697.618112876828,6497.618112876828,80000.0,1.0,10.441680604718432,91205.7222406343,31929.084337210108,-5.0116360682426254e-05
210.21999999995379,upper,31981.459060163736,91287.50568717402,476.36285751941364,743.4853844806511,883.0017491264684,1.158464749923597,-0.00212955903748299,7695.039520154351,6495.039520154351,80000.0,1.0,10.347464097849677,91287.50568717402,31981.459060163736,-4.9734826105723564e-05
210.32999999995369,upper,32033.884180529272,91369.2890351905,476.82121580635516,743.4846247822614,883.2484696452469,1.158230495788437,-0.002129605836333067,7692.460927431874,6492.460927431874,80000.0,1.0,10.25411049239342,91369.2890351905,32033.884180529272,-4.935618181106691e-05
210.43999999995359,upper,32086.359742314864,91451.07231459973,477.2799742877892,743.4841370912139,883.4958041566579,1.1579962367889451,-0.002129647492686086,7689.882334709397,6489.882334709397,80000.0,1.0,10.161611732244854,91451.07231459973,32086.359742314864,-4.898040613256507e-05
210.54999999995349,upper,32138.885789555145,91532.85555532739,477.73913320448315,743.4839214952154,883.743752971909,1.1577619734874365,-0.0021296840675115772,7687.30374198692,6487.30374198692,80000.0,1.0,10.069959838188671,91532.85555532739,32138.885789555145,-4.8607477589389684e-05
210.65999999995338,upper,32191.46236631123,91614.63878730877,478.19869279690073,743.4839780824901,883.9923164021445,1.157527706439551,-0.002129715621195754,7684.725149264443,6484.725149264443,80000.0,1.0,9.979146907147785,91614.63878730877,32191.46236631123,-4.823737482326841e-05
210.76999999995328,upper,32244.089516670658,91696.42204048889,478.6586533052079,743.4843069417745,884.2414947584433,1.1572934361943186,-0.0021297422135428076,7682.146556541966,6482.146556541966,80000.0,1.0,9.889165111439164,91696.42204048889,32244.089516670658,-4.787007665605324e-05
210.87999999995318,upper,32296.767284747362,91778.20534482258,479.11901496927976,743.4849081623148,884.4912883518178,1.1570591632942235,-0.002129763903781247,7679.567963819489,6479.567963819489,80000.0,1.0,9.800006698037526,91778.20534482258,32296.767284747362,-4.750556205841742e-05
210.98999999995308,upper,32349.49571468167,91859.98873027452,479.5797780287063,743.4857818338638,884.7416974932147,1.1568248882752643,-0.00212978075056664,7676.989371097012,6476.989371097012,80000.0,1.0,9.711663987846016,91859.98873027452,32349.49571468167,-4.7143810147685976e-05
211.09999999995298,upper,32402.27485064023,91941.77222681926,480.0409427227992,743.4869280466769,884.9927224935119,1.1565906116670204,-0.0021297928119869552,7674.410778374535,6474.410778374535,80000.0,1.0,9.624129374974537,91941.77222681926,32402.27485064023,-4.678480020653408e-05
211.20999999995288,upper,32455.104736816007,92023.55586444131,480.50250929059706,743.48834689151,885.2443636635201,1.1563563339927114,-0.0021298001455659185,7671.832185652058,6471.832185652058,80000.0,1.0,9.537395326025099,92023.55586444131,32455.104736816007,-4.642851165863921e-05
211.31999999995278,upper,32507.985417428237,92105.33967313525,480.9644779708727,743.4900384596153,885.4966213139802,1.156122055769261,-0.002129802808269464,7669.253592929581,6469.253592929581,80000.0,1.0,9.451454379384236,92105.33967313525,32507.985417428237,-4.6074924083034864e-05
211.42999999995268,upper,32560.916936722417,92187.12368290566,481.4268490021379,743.4920028427383,885.7494957555627,1.155887777507357,-0.002129800856508888,7666.675000207104,6466.675000207104,80000.0,1.0,9.366299144522875,92187.12368290566,32560.916936722417,-4.572401720276771e-05
211.53999999995258,upper,32613.89933897026,92268.90792376726,481.8896226226507,743.4942401331147,886.0029872988681,1.1556534997115122,-0.0021297943461466118,7664.096407484627,6464.096407484627,80000.0,1.0,9.281922301302757,92268.90792376726,32613.89933897026,-4.537577089217177e-05
211.64999999995248,upper,32666.932668469668,92350.69242574493,482.3527990704202,743.4967504234675,886.2570962544249,1.155419222880124,-0.002129783332500914,7661.51781476215,6461.51781476215,80000.0,1.0,9.198316599290058,92350.69242574493,32666.932668469668,-4.503016517600502e-05
211.75999999995238,upper,32720.016969544744,92432.47721887381,482.8163785832132,743.4995338070038,886.5118229326897,1.1551849475055351,-0.0021297678703515407,7658.939222039673,6458.939222039673,80000.0,1.0,9.115474857075839,92432.47721887381,32720.016969544744,-4.468718021399731e-05
211.86999999995228,upper,32773.15228654569,92514.26233319932,483.28036139855976,743.5025903774117,886.7671676440461,1.1549506740740916,-0.002129748013944212,7656.360629317196,6456.360629317196,80000.0,1.0,9.033389961603184,92514.26233319932,32773.15228654569,-4.4346796311074384e-05
211.97999999995218,upper,32826.33866384883,92596.04779877717,483.74474775375876,743.505920228857,887.0231306988038,1.1547164030662012,-0.0021297238169953794,7653.782036594719,6453.782036594719,80000.0,1.0,8.952054867501202,92596.04779877717,32826.33866384883,-4.4008993931335656e-05
212.08999999995208,upper,32879.57614585661,92677.83364567347,484.20953788588395,743.509523455981,887.2797124071988,1.154482134956393,-0.0021296953327001214,7651.203443872242,6451.203443872242,80000.0,1.0,8.871462596425584,92677.83364567347,32879.57614585661,-4.367375365636429e-05
212.19999999995198,upper,32932.86477699751,92759.61990396478,484.6747320317896,743.5134001538962,887.5369130793913,1.1542478702133712,-0.002129662613733707,7648.624851149765,6448.624851149765,80000.0,1.0,8.791606236405705,92759.61990396478,32932.86477699751,-4.334105622883773e-05
212.30999999995188,upper,32986.20460172606,92841.40660373811,485.140330428116,743.5175504181848,887.7947330254666,1.1540136093000757,-0.0021296257122601146,7646.046258427288,6446.046258427288,80000.0,1.0,8.712478941198368,92841.40660373811,32986.20460172606,-4.3010882519036206e-05
212.41999999995178,upper,33039.59566452283,92923.19377509107,485.60633331129503,743.5219743448946,888.0531725554335,1.1537793526737352,-0.0021295846799356593,7643.467665704811,6443.467665704811,80000.0,1.0,8.634073929647943,92923.19377509107,33039.59566452283,-4.268321354776003e-05
212.52999999995168,upper,33093.03800989435,93004.98144813183,486.07274091755573,743.5266720305368,888.312231979224,1.1535451007859248,-0.002129539567916,7640.889072982334,6440.889072982334,80000.0,1.0,8.556384485052774,93004.98144813183,33093.03800989435,-4.235803045879029e-05
212.63999999995158,upper,33146.53168237314,93086.76965297919,486.53955348292976,743.5316435720829,888.5719116066924,1.153310854082619,-0.0021294904268593377,7638.310480259857,6438.310480259857,80000.0,1.0,8.47940395453816,93086.76965297919,33146.53168237314,-4.2035314544204566e-05
212.74999999995148,upper,33200.07672651769,93168.55841976267,487.0067712432571,743.5368890669616,888.8322117476151,1.1530766130042471,-0.002129437306933925,7635.73188753738,6435.73188753738,80000.0,1.0,8.403125748435288,93168.55841976267,33200.07672651769,-4.171504723031482e-05
212.85999999995138,upper,33253.673186912405,93250.34777862248,487.47439443419086,743.5424086130566,889.09313271169,1.152842377985747,-0.002129380257823032,7633.153294814903,6433.153294814903,80000.0,1.0,8.327543339666663,93250.34777862248,33253.673186912405,-4.139721007306568e-05
212.96999999995128,upper,33307.3211081676,93332.13775970972,487.9424232912031,743.5482023087031,889.3546748085354,1.1526081494566178,-0.002129319328729098,7630.574702092426,6430.574702092426,80000.0,1.0,8.252650263137324,93332.13775970972,33307.3211081676,-4.108178476277575e-05
213.07999999995118,upper,33361.020534919466,93413.9283931862,488.4108580495898,743.5542702526861,889.6168383476906,1.1523739278409726,-0.0021292545683809045,7627.996109369949,6427.996109369949,80000.0,1.0,8.178440115132505,93413.9283931862,33361.020534919466,-4.0768753134954154e-05
213.18999999995108,upper,33414.771511830106,93495.71970922475,488.87969894447644,743.5606125442357,889.8796236386138,1.15213971355759,-0.002129186025038407,7625.417516647472,6425.417516647472,80000.0,1.0,8.104906552720884,93495.71970922475,33414.771511830106,-4.045809714327809e-05
213.29999999995098,upper,33468.57408358745,93577.51173800905,489.34894621082304,743.567229283027,890.1430309906833,1.1519055070199649,-0.0021291137464964868,7622.8389239249955,6422.8389239249955,80000.0,1.0,8.032043293164225,93577.51173800905,33468.57408358745,-4.014979887433422e-05
213.40999999995088,upper,33522.428294905316,93659.3045097338,489.8186000834291,743.5741205691747,890.4070607131953,1.1516713086363606,-0.0021290377800927698,7620.2603312025185,6420.2603312025185,80000.0,1.0,7.959844113332445,93659.3045097338,33522.428294905316,-3.9843840557515564e-05
213.51999999995078,upper,33576.33419052325,93741.09805460472,490.2886607969389,743.5812865032328,890.6717131153648,1.1514371188098589,-0.002128958172711502,7617.6817384800415,6417.6817384800415,80000.0,1.0,7.888302849124901,93741.09805460472,33576.33419052325,-3.9540204531540593e-05
213.62999999995068,upper,33630.291815206685,93822.89240283864,490.7591285858469,743.5887271861906,890.9369885063246,1.1512029379384083,-0.002128874970789351,7615.103145757565,6415.103145757565,80000.0,1.0,7.8174133948971045,93822.89240283864,33630.291815206685,-3.923887327299757e-05
213.73999999995058,upper,33684.301213746796,93904.68758466357,491.23000368450175,743.59644271947,891.2028871951244,1.1509687664148733,-0.0021287882203187294,7612.524553035088,6412.524553035088,80000.0,1.0,7.7471697028932995,93904.68758466357,33684.301213746796,-3.893982940590675e-05
213.84999999995048,upper,33738.36243096051,93986.48363031854,491.70128632711265,743.6044332049238,891.4694094907313,1.1507346046270848,-0.002128697966856683,7609.945960312611,6409.945960312611,80000.0,1.0,7.677565782684884,93986.48363031854,33738.36243096051,-3.864305564078808e-05
213.95999999995038,upper,33792.475511690565,94068.28057005399,492.17297674775307,743.6126987448323,891.7365557020285,1.150500452957884,-0.0021286042555251974,7607.367367590134,6407.367367590134,80000.0,1.0,7.6085957006139155,94068.28057005399,33792.475511690565,-3.834853485205456e-05
214.06999999995028,upper,33846.640500805406,94150.07843413153,492.6450751803664,743.6212394419017,892.004326137816,1.1502663117851744,-0.0021285071310203677,7604.788774867657,6404.788774867657,80000.0,1.0,7.540253579242626,94150.07843413153,33846.640500805406,-3.8056250019033284e-05
214.17999999995018,upper,33900.85744319921,94231.87725282411,493.1175818587705,743.6300553992598,892.272721106808,1.1500321814819654,-0.002128406637614756,7602.21018214518,6402.21018214518,80000.0,1.0,7.472533596808144,94231.87725282411,33900.85744319921,-3.776618425152213e-05
214.28999999995008,upper,33955.12638379187,94313.67705641605,493.59049701666254,743.6391467204559,892.5417409176355,1.1497980624164192,-0.002128302819163386,7599.631589422703,6399.631589422703,80000.0,1.0,7.405429986682723,94313.67705641605,33955.12638379187,-3.7478320778014214e-05
214.39999999994998,upper,34009.44736752897,94395.47787520313,494.0638208876238,743.648513509456,892.8113858788438,1.1495639549518972,-0.0021281957191076214,7597.052996700226,6397.052996700226,80000.0,1.0,7.338937036839335,94395.47787520313,34009.44736752897,-3.71926429582965e-05
214.50999999994988,upper,34063.820439381816,94477.27973949249,494.53755370512425,743.6581558706424,893.0816562988927,1.1493298594470043,-0.002128085380480792,7594.474403977749,6394.474403977749,80000.0,1.0,7.273049089322556,94477.27973949249,34063.820439381816,-3.690913426552833e-05
214.61999999994978,upper,34118.24564434732,94559.08267960284,495.0116957025275,743.6680739088098,893.3525524861564,1.1490957762556346,-0.002127971845912399,7591.895811255272,6391.895811255272,80000.0,1.0,7.207760539724672,94559.08267960284,34118.24564434732,-3.6627778293825756e-05
214.72999999994968,upper,34172.72302744813,94640.88672586446,495.4862471130954,743.6782677291632,893.6240747489228,1.1488617057270138,-0.0021278551576316995,7589.317218532795,6389.317218532795,80000.0,1.0,7.143065836667026,94640.88672586446,34172.72302744813,-3.634855878101003e-05
214.83999999994958,upper,34227.252633732525,94722.69190861918,495.9612081699924,743.6887374373158,893.8962233953936,1.1486276482057465,-0.002127735357474867,7586.738625810318,6386.738625810318,80000.0,1.0,7.078959481286514,94722.69190861918,34227.252633732525,-3.607145954154377e-05
214.94999999994948,upper,34281.8345082744,94804.49825822048,496.43657910629054,743.6994831392866,894.1689987336837,1.1483936040318536,-0.0021276124868855975,7584.160033087841,6384.160033087841,80000.0,1.0,7.0154360267271745,94804.49825822048,34281.8345082744,-3.5796464545221525e-05
215.05999999994938,upper,34336.46869617332,94886.30580503354,496.9123601549737,743.7105049414979,894.4424010718209,1.148159573540821,-0.002127486586921845,7581.581440365364,6381.581440365364,80000.0,1.0,6.952490077636779,94886.30580503354,34336.46869617332,-3.552355787129827e-05
215.16999999994928,upper,34391.15524255444,94968.11457943523,497.3885515489422,743.7218029507732,894.7164307177461,1.1479255570636384,-0.0021273576982605625,7579.002847642887,6379.002847642887,80000.0,1.0,6.890116289668447,94968.11457943523,34391.15524255444,-3.52527237072851e-05
215.27999999994918,upper,34445.894192568565,95049.92461181426,497.865153521017,743.7333772743343,894.9910879793123,1.1476915549268414,-0.0021272258611990153,7576.42425492041,6376.42425492041,80000.0,1.0,6.828309368987213,95049.92461181426,34445.894192568565,-3.498394636333472e-05
215.38999999994908,upper,34500.685591392095,95131.73593257107,498.34216630394457,743.7452280197998,895.2663731642848,1.1474575674525551,-0.002127091115662262,7573.845662197933,6373.845662197933,80000.0,1.0,6.767064071781484,95131.73593257107,34500.685591392095,-3.471721026760822e-05
215.49999999994898,upper,34555.529484227,95213.54857211806,498.8195901304012,743.7573552951823,895.5422865803409,1.1472235949585317,-0.002126953501204284,7571.267069475456,6371.267069475456,80000.0,1.0,6.706375203779251,95213.54857211806,34555.529484227,-3.445249995553427e-05
215.60999999994888,upper,34610.42591630086,95295.36256087944,499.2974252329969,743.7697592088865,895.81882853507,1.1469896377581927,-0.002126813057012801,7568.688476752979,6368.688476752979,80000.0,1.0,6.64623761976927,95295.36256087944,34610.42591630086,-3.4189800088143444e-05
215.71999999994878,upper,34665.37493286686,95377.17792929141,499.7756718442805,743.7824398697066,896.0959993359728,1.1467556961606697,-0.0021266698219133203,7566.109884030502,6366.109884030502,80000.0,1.0,6.5866462231267775,95377.17792929141,34665.37493286686,-3.392909543927722e-05
215.82999999994868,upper,34720.376579203745,95458.9947078022,500.2543301967431,743.7953973868243,896.3737992904612,1.1465217704708426,-0.0021265238343733945,7563.531291308025,6363.531291308025,80000.0,1.0,6.527595965344069,95458.9947078022,34720.376579203745,-3.367037087283449e-05
215.93999999994858,upper,34775.43090061581,95540.81292687196,500.73340052282305,743.8086318698067,896.6522287058588,1.14628786098938,-0.0021263751325040618,7560.952698585548,6360.952698585548,80000.0,1.0,6.469081845565669,95540.81292687196,34775.43090061581,-3.341361140553469e-05
216.04999999994848,upper,34830.53794243294,95622.632616973,501.2128830549096,743.8221434286037,896.9312878893994,1.1460539680127777,-0.0021262237540660566,7558.374105863071,6358.374105863071,80000.0,1.0,6.411098910128017,95622.632616973,34830.53794243294,-3.315880212868567e-05
216.15999999994838,upper,34885.69775001057,95704.45380858975,501.6927780253473,743.8359321735467,897.2109771482287,1.1458200918333965,-0.0021260697364712403,7555.795513140594,6355.795513140594,80000.0,1.0,6.353642252103821,95704.45380858975,34885.69775001057,-3.290592826954197e-05
216.26999999994828,upper,34940.910368729725,95786.27653221873,502.1730856664406,743.8499982153454,897.4912967894027,1.1455862327395008,-0.0021259131167869366,7553.216920418117,6353.216920418117,80000.0,1.0,6.29670701085092,95786.27653221873,34940.910368729725,-3.265497514274057e-05
216.37999999994818,upper,34996.17584399693,95868.10081836874,502.65380621045716,743.8643416650867,897.7722471198878,1.145352391015297,-0.0021257539317386213,7550.63832769564,6350.63832769564,80000.0,1.0,6.240288371565491,95868.10081836874,34996.17584399693,-3.2405928195904054e-05
216.48999999994808,upper,35051.49422124429,95949.92669756078,503.1349398896326,743.8789626342319,898.053828446561,1.1451185669409696,-0.0021255922177137285,7548.059734973163,6348.059734973163,80000.0,1.0,6.184381564839774,95949.92669756078,35051.49422124429,-3.215877297224803e-05
216.59999999994798,upper,35106.86554592941,96031.75420032813,503.61648693617394,743.8938612346149,898.3360410762099,1.14488476079272,-0.0021254280107649154,7545.481142250686,6345.481142250686,80000.0,1.0,6.128981866224154,96031.75420032813,35106.86554592941,-3.19134951207666e-05
216.70999999994788,upper,35162.289863535516,96113.58335721635,504.09844758226444,743.9090375784398,898.6188853155322,1.144650972842801,-0.00212526134661198,7542.902549528209,6342.902549528209,80000.0,1.0,6.074084595793609,96113.58335721635,35162.289863535516,-3.167008040433736e-05
216.81999999994778,upper,35217.7672195713,96195.41419878346,504.58082206006674,743.9244917782798,898.9023614711359,1.1444172033595552,-0.0021250922606460805,7540.323956805732,6340.323956805732,80000.0,1.0,6.019685117718248,96195.41419878346,35217.7672195713,-3.142851468814381e-05
216.92999999994768,upper,35273.29765957103,96277.2467555998,505.06361060172753,743.9402239470741,899.1864698495391,1.1441834526074497,-0.002124920787931724,7537.7453640832555,6337.7453640832555,80000.0,1.0,5.9657788398383635,96277.2467555998,35273.29765957103,-3.118878395079721e-05
217.03999999994758,upper,35328.88122909449,96359.08105824818,505.54681343938086,743.9562341981261,899.47121075717,1.143949720847112,-0.002124746963210434,7535.1667713607785,6335.1667713607785,80000.0,1.0,5.912361213243476,96359.08105824818,35328.88122909449,-3.095087427001093e-05
217.14999999994748,upper,35384.51797372702,96440.91713732394,506.03043080515266,743.9725226451025,899.7565845003669,1.1437160083353672,-0.0021245708209033974,7532.5881786383015,6332.5881786383015,80000.0,1.0,5.859427731855619,96440.91713732394,35384.51797372702,-3.071477182078012e-05
217.25999999994738,upper,35440.20793907945,96522.75502343483,506.514462931164,743.9890894020298,900.0425913853783,1.1434823153252698,-0.0021243923951135297,7530.009585915825,6330.009585915825,80000.0,1.0,5.806973932016777,96522.75502343483,35440.20793907945,-3.048046289692791e-05
217.36999999994728,upper,35495.95117078822,96604.59474720126,506.9989100495355,744.005934583293,900.3292317183622,1.1432486420661405,-0.002124211719628212,7527.430993193348,6327.430993193348,80000.0,1.0,5.754995392080267,96604.59474720126,35495.95117078822,-3.0247933881426706e-05
217.47999999994718,upper,35551.7477145152,96686.43633925625,507.4837723923906,744.023058303634,900.6165058053869,1.143014988803602,-0.0021240288279230205,7524.852400470871,6324.852400470871,80000.0,1.0,5.703487732006201,96686.43633925625,35551.7477145152,-3.0017171274950884e-05
217.58999999994708,upper,35607.597615947896,96768.2798302454,507.9690501918597,744.0404606781494,900.9044139524309,1.1427813557796112,-0.0021238437531629285,7522.273807748394,6322.273807748394,80000.0,1.0,5.6524466129610875,96768.2798302454,35607.597615947896,-2.9788161670208552e-05
217.69999999994698,upper,35663.5009207993,96850.125250827,508.4547436800839,744.0581418222883,901.1929564653823,1.1425477432324924,-0.0021236565282055564,7519.695215025917,6319.695215025917,80000.0,1.0,5.6018677369211565,96850.125250827,35663.5009207993,-2.956089175524682e-05
217.80999999994688,upper,35719.45767480791,96931.97263167209,508.9408530892184,744.0761018518513,901.4821336500396,1.142314151396974,-0.0021234671856031344,7517.11662230344,6317.11662230344,80000.0,1.0,5.551746846279689,96931.97263167209,35719.45767480791,-2.933534833387086e-05
217.91999999994678,upper,35775.46792373784,97013.82200346448,509.42737865143664,744.0943408829874,901.7719458121114,1.1420805805042196,-0.0021232757576056093,7514.538029580963,6314.538029580963,80000.0,1.0,5.50207972345824,97013.82200346448,35775.46792373784,-2.9111518294895093e-05
218.02999999994668,upper,35831.531713378674,97095.6733969007,509.9143205989335,744.1128590321927,902.0623932572157,1.141847030781863,-0.0021230822761623266,7511.959436858486,6311.959436858486,80000.0,1.0,5.452862190521684,97095.6733969007,35831.531713378674,-2.8889388637645327e-05
218.13999999994658,upper,35887.64908954555,97177.52684269019,510.4016791639294,744.1316564163089,902.3534762908815,1.1416135024540384,-0.0021228867729245556,7509.380844136009,6309.380844136009,80000.0,1.0,5.404090108797027,97177.52684269019,35887.64908954555,-2.8668946449525923e-05
218.24999999994648,upper,35943.820098079195,97259.38237155523,510.8894545786734,744.1507331525218,902.6451952185477,1.1413799957414148,-0.002122689279247477,7506.802251413532,6306.802251413532,80000.0,1.0,5.355759378495962,97259.38237155523,35943.820098079195,-2.8450178916398715e-05
218.35999999994638,upper,36000.04478484584,97341.24001423099,511.37764707544744,744.170089358358,902.9375503455637,1.1411465108612295,-0.002122489826192554,7504.223658691055,6304.223658691055,80000.0,1.0,5.30786593834121,97341.24001423099,36000.04478484584,-2.82330733366188e-05
218.46999999994628,upper,36056.32319573729,97423.09980146562,511.8662568865692,744.1897251516847,903.2305419771894,1.1409130480273184,-0.0021222884445300425,7501.645065968578,6301.645065968578,80000.0,1.0,5.260405765196431,97423.09980146562,36056.32319573729,-2.801761708714954e-05
218.57999999994618,upper,36112.655376670904,97504.96176402026,512.355284244396,744.2096406507069,903.5241704185948,1.1406796074501484,-0.002122085164740745,7499.066473246101,6299.066473246101,80000.0,1.0,5.213374873699842,97504.96176402026,36112.655376670904,-2.7803797650729265e-05
218.68999999994608,upper,36169.0413735896,97586.82593266903,512.844729381328,744.2298359739663,903.8184359748612,1.14044618933685,-0.0021218800170183056,7496.487880523624,6296.487880523624,80000.0,1.0,5.166769315901518,97586.82593266903,36169.0413735896,-2.759160259347849e-05
218.79999999994598,upper,36225.48123246186,97668.69233819915,513.334592529812,744.2503112403391,904.1133389509799,1.1402127938912474,-0.0021216730312707942,7493.909287801147,6293.909287801147,80000.0,1.0,5.120585180904029,97668.69233819915,36225.48123246186,-2.7381019587783934e-05
218.90999999994588,upper,36281.97499928174,97750.56101141089,513.8248739223449,744.2710665690347,904.4088796518542,1.1399794213138907,-0.002121464237123435,7491.33069507867,6291.33069507867,80000.0,1.0,5.074818594506924,97750.56101141089,36281.97499928174,-2.7172036391419222e-05
219.01999999994578,upper,36338.522720068875,97832.43198311767,514.3155737914766,744.2921020795935,904.7050583822972,1.1397460718020869,-0.0021212536639195496,7488.752102356193,6288.752102356193,80000.0,1.0,5.02946571885438,97832.43198311767,36338.522720068875,-2.6964640874144058e-05
219.12999999994568,upper,36395.124440868494,97914.30528414613,514.8066923698141,744.3134178918856,905.0018754470341,1.1395127455499308,-0.0021210413407243786,7486.173509633716,6286.173509633716,80000.0,1.0,4.984522752086558,97914.30528414613,36395.124440868494,-2.6758820965618393e-05
219.23999999994558,upper,36451.7802077514,97996.18094533605,515.2982298900242,744.335014126109,905.2993311507013,1.1392794427483346,-0.002120827296325075,7483.594916911239,6283.594916911239,80000.0,1.0,4.939985927994337,97996.18094533605,36451.7802077514,-2.6554564706535775e-05
219.34999999994548,upper,36508.490066814,98078.05899754044,515.7901865848373,744.3568909027875,905.5974257978462,1.1390461635850597,-0.0021206115592330723,7481.016324188762,6281.016324188762,80000.0,1.0,4.895851515677319,98078.05899754044,36508.490066814,-2.63518602345474e-05
219.45999999994538,upper,36565.25406417829,98159.93947162565,516.2825626870504,744.3790483427705,905.8961596929289,1.1388129082447465,-0.002120394157687299,7478.437731466285,6278.437731466285,80000.0,1.0,4.8521158192053315,98159.93947162565,36565.25406417829,-2.615069576553243e-05
219.56999999994528,upper,36622.07224599191,98241.8223984713,516.7753584295306,744.4014865672297,906.1955331403212,1.1385796769089427,-0.002120175119654315,7475.859138743808,6275.859138743808,80000.0,1.0,4.808775177283186,98241.8223984713,36622.07224599191,-2.5951059606758517e-05
219.67999999994518,upper,36678.9446584281,98323.70780897034,517.2685740452176,744.4242056976578,906.4955464443063,1.1383464697561363,-0.0021199544728312987,7473.280546021331,6273.280546021331,80000.0,1.0,4.765825962918744,98323.70780897034,36678.9446584281,-2.5752940150724503e-05
219.78999999994508,upper,36735.87134768573,98405.59573402916,517.7622097671286,744.447205855868,906.7961999090805,1.1381132869617823,-0.0021197322446471767,7470.701953298854,6270.701953298854,80000.0,1.0,4.723264583094224,98405.59573402916,36735.87134768573,-2.5556325893045054e-05
219.89999999994498,upper,36792.85235998928,98487.48620456748,518.25626582836,744.4704871639913,907.0974938387528,1.1378801286983335,-0.0021195084622646623,7468.123360576377,6268.123360576377,80000.0,1.0,4.6810874784408005,98487.48620456748,36792.85235998928,-2.5361205411060303e-05
220.00999999994488,upper,36849.88774158891,98569.37925151855,518.7507424620906,744.4940497444755,907.3994285373448,1.1376469951352695,-0.002119283152582767,7465.5447678539,6265.5447678539,80000.0,1.0,4.639291122916232,98569.37925151855,36849.88774158891,-2.5167567355217587e-05
220.11999999994478,upper,36906.977538760424,98651.27490582905,519.245639901586,744.5178937200833,907.7020043087912,1.1374138864391252,-0.002119056342237416,7462.966175131423,6262.966175131423,80000.0,1.0,4.597872023485889,98651.27490582905,36906.977538760424,-2.4975400477475442e-05
220.22999999994468,upper,36964.1217978053,98733.17319845926,519.7409583802004,744.5420192138907,908.0052214569401,1.1371808027735202,-0.0021188280576043177,7460.387582408946,6260.387582408946,80000.0,1.0,4.556826719806641,98733.17319845926,36964.1217978053,-2.478469360590746e-05
220.33999999994458,upper,37021.3205650507,98815.07416038297,520.2366981313799,744.5664263492861,908.3090802855531,1.1369477442991867,-0.0021185983247991695,7457.808989686469,6257.808989686469,80000.0,1.0,4.5161517839141005,98815.07416038297,37021.3205650507,-2.459543567185816e-05
220.44999999994448,upper,37078.57388684941,98896.9778225875,520.7328593886665,744.5911152499681,908.613581098306,1.136714711173998,-0.0021183671696812724,7455.2303969639925,6255.2303969639925,80000.0,1.0,4.475843819912782,98896.9778225875,37078.57388684941,-2.4407615666369264e-05
220.55999999994438,upper,37135.88180957996,98978.8842160739,521.2294423857003,744.6160860399442,908.9187241987887,1.136481703552998,-0.0021181346178544675,7452.6518042415155,6252.6518042415155,80000.0,1.0,4.435899463669262,98978.8842160739,37135.88180957996,-2.4221222678716338e-05
220.66999999994428,upper,37193.244379646596,99060.7933718568,521.7264473562227,744.6413388435296,909.2245098905054,1.1362487215884276,-0.0021179006946682637,7450.0732115190385,6250.0732115190385,80000.0,1.0,4.396315382508478,99060.7933718568,37193.244379646596,-2.403624588599926e-05
220.77999999994418,upper,37250.66164347925,99142.70532096455,522.2238745340791,744.6668737853455,909.5309384768751,1.1360157654297531,-0.002117665425220472,7447.494618796562,6247.494618796562,80000.0,1.0,4.357088274912905,99142.70532096455,37250.66164347925,-2.3852674527755904e-05
220.88999999994408,upper,37308.13364753359,99224.6200944392,522.7217241532226,744.6926909903173,909.8380102612321,1.1357828352236936,-0.002117428834358759,7444.916026074085,6244.916026074085,80000.0,1.0,4.318214870224706,99224.6200944392,37308.13364753359,-2.3670497944257298e-05
220.99999999994398,upper,37365.66043829102,99306.5377233366,523.2199964477162,744.718790583674,910.145725546826,1.135549931114249,-0.002117190946681504,7442.337433351608,6242.337433351608,80000.0,1.0,4.279691928350783,99306.5377233366,37365.66043829102,-2.3489705558102738e-05
221.10999999994388,upper,37423.24206225872,99388.45823872644,523.7186916517363,744.7451726909461,910.4540846368221,1.1353170532427268,-0.002116951786541184,7439.758840629131,6239.758840629131,80000.0,1.0,4.24151623947069,99388.45823872644,37423.24206225872,-2.3310286852885475e-05
221.21999999994378,upper,37480.87856596964,99470.38167169207,524.2178099995756,744.7718374379641,910.7630878343019,1.1350842017477698,-0.0021167113780440503,7437.180247906654,6237.180247906654,80000.0,1.0,4.203684623747585,99470.38167169207,37480.87856596964,-2.3132231415317307e-05
221.32999999994368,upper,37538.56999598247,99552.30805333085,524.7173517256454,744.7987849508579,911.0727354422636,1.1348513767653814,-0.0021164697450535676,7434.601655184177,6234.601655184177,80000.0,1.0,4.16619393104167,99552.30805333085,37538.56999598247,-2.2955528892435645e-05
221.43999999994358,upper,37596.31639888172,99634.237414754,525.2173170644788,744.8260153560544,911.3830277636218,1.1346185784289542,-0.0021162269111914406,7432.0230624617,6232.0230624617,80000.0,1.0,4.129041040626757,99634.237414754,37596.31639888172,-2.278016902565192e-05
221.54999999994348,upper,37654.11782127769,99716.16978708656,525.7177062507337,744.8535287802772,911.6939651012086,1.1343858068692956,-0.0021159828998384236,7429.444469739223,6229.444469739223,80000.0,1.0,4.092222860909441,99716.16978708656,37654.11782127769,-2.260614162450823e-05
221.65999999994338,upper,37711.974309806516,99798.1052014677,526.2185195191954,744.8813253505436,912.0055477577735,1.1341530622146536,-0.002115737734137918,7426.865877016746,6226.865877016746,80000.0,1.0,4.055736329150993,99798.1052014677,37711.974309806516,-2.2433436583025723e-05
221.76999999994328,upper,37769.88591113016,99880.04368905038,526.7197571047793,744.9094051941656,912.3177760359837,1.1339203445907444,-0.002115491436995959,7424.287284294269,6224.287284294269,80000.0,1.0,4.019578411192154,99880.04368905038,37769.88591113016,-2.226204385835653e-05
221.87999999994318,upper,37827.852671936445,99961.98528100176,527.2214192425338,744.9377684387468,912.6306502384256,1.1336876541207774,-0.002115244031083951,7421.708691571792,6221.708691571792,80000.0,1.0,3.983746101180331,99961.98528100176,37827.852671936445,-2.209195350998828e-05
221.98999999994308,upper,37885.87463893904,100043.93000850297,527.723506167643,744.966415212181,912.9441706676033,1.1334549909254796,-0.002114995538839577,7419.130098849315,6219.130098849315,80000.0,1.0,3.948236421299726,100043.93000850297,37885.87463893904,-2.192315564460716e-05
222.09999999994298,upper,37943.95185887747,100125.87790274921,528.2260181154293,744.9953456426522,913.2583376259406,1.1332223551231244,-0.0021147459824687738,7416.551506126838,6216.551506126838,80000.0,1.0,3.9130464215039824,100125.87790274921,37943.95185887747,-2.175564046896987e-05
222.20999999994288,upper,38002.0843785172,100207.82899494984,528.7289553213565,745.0245598586321,913.5731514157809,1.1329897468295542,-0.002114495383948164,7413.972913404361,6213.972913404361,80000.0,1.0,3.8781731792513927,100207.82899494984,38002.0843785172,-2.1589398244852944e-05
222.31999999994278,upper,38060.272244649575,100289.78331632834,529.232318021032,745.0540579888794,913.8886123393875,1.1327571661582063,-0.002114243765025466,7411.394320681884,6211.394320681884,80000.0,1.0,3.8436137992428163,100289.78331632834,38060.272244649575,-2.1424419317415175e-05
222.42999999994268,upper,38118.51550409187,100371.74089812234,529.7361064502097,745.0838401624387,914.2047206989441,1.1325246132201394,-0.0021139911472221346,7408.815727959407,6208.815727959407,80000.0,1.0,3.809365413162034,100371.74089812234,38118.51550409187,-2.12606941071436e-05
222.53999999994258,upper,38176.8142036873,100453.70177158374,530.2403208447927,745.1139065086384,914.5214767965554,1.1322920881240561,-0.002113737551834619,7406.23713523693,6206.23713523693,80000.0,1.0,3.7754251794187006,100453.70177158374,38176.8142036873,-2.109821310063132e-05
222.64999999994248,upper,38235.16839030507,100535.66596797868,530.7449614408349,745.1442571570904,914.8388809342471,1.1320595909763296,-0.002113482999936057,7403.658542514453,6203.658542514453,80000.0,1.0,3.7417902828937746,100535.66596797868,38235.16839030507,-2.0936966869361095e-05
222.75999999994238,upper,38293.5781108403,100617.63351858749,531.2500284745456,745.1748922376885,915.1569334139671,1.131827121881026,-0.0021132275123784414,7401.079949791976,6201.079949791976,80000.0,1.0,3.7084579346875195,100617.63351858749,38293.5781108403,-2.0776946032111243e-05
222.86999999994228,upper,38352.04341221414,100699.60445470491,531.7555221822904,745.2058118806068,915.4756345375855,1.1315946809399318,-0.002112971109793215,7398.501357069499,6198.501357069499,80000.0,1.0,3.675425371869755,100699.60445470491,38352.04341221414,-2.0618141311425413e-05
222.97999999994218,upper,38410.564341373756,100781.57880763996,532.2614428005938,745.2370162162995,915.7949846068948,1.1313622682525732,-0.002112713812593994,7395.922764347022,6195.922764347022,80000.0,1.0,3.642689857232788,100781.57880763996,38410.564341373756,-2.0460543479434447e-05
223.08999999994208,upper,38469.14094529232,100863.55660871604,532.7677905661429,745.2685053754984,916.1149839236115,1.1311298839162454,-0.002112455640978068,7393.344171624545,6193.344171624545,80000.0,1.0,3.6102486790465904,100863.55660871604,38469.14094529232,-2.0304143386016955e-05
223.19999999994198,upper,38527.77327096904,100945.53788927093,533.274565715789,745.3002794892129,916.435632789375,1.1308975280260332,-0.002112196614928139,7390.765578902068,6190.765578902068,80000.0,1.0,3.578099150816411,100945.53788927093,38527.77327096904,-2.0148931935641807e-05
223.30999999994188,upper,38586.46136542922,101027.52268065682,533.7817684865496,745.3323386887281,916.7569315057494,1.130665200674835,-0.002111936754213601,7388.186986179591,6188.186986179591,80000.0,1.0,3.5462386110427566,101027.52268065682,38586.46136542922,-1.9994900130551217e-05
223.41999999994178,upper,38645.20527572421,101109.51101424042,534.2893991156118,745.3646831056037,917.0788803742231,1.1304329019533843,-0.0021116760783915713,7385.608393457114,6185.608393457114,80000.0,1.0,3.5146644229836688,101109.51101424042,38645.20527572421,-1.984203901188237e-05
223.52999999994168,upper,38704.00504893148,101191.50292140285,534.7974578403348,745.3973128716733,917.4014796962101,1.130200631950277,-0.0021114146068105565,7383.029800734637,6183.029800734637,80000.0,1.0,3.483373974419367,101191.50292140285,38704.00504893148,-1.9690339714124394e-05
223.63999999994158,upper,38762.860732154615,101273.49843353983,535.3059448982513,745.430228119043,917.7247297730503,1.129968390751992,-0.002111152358610417,7380.45120801216,6180.45120801216,80000.0,1.0,3.452364677419155,101273.49843353983,38762.860732154615,-1.9539793419235687e-05
223.74999999994148,upper,38821.77237252334,101355.49758206155,535.8148605270709,745.4634289800902,918.0486309060094,1.1297361784429136,-0.002110889352725078,7377.872615289683,6177.872615289683,80000.0,1.0,3.4216339681105987,101355.49758206155,38821.77237252334,-1.9390391383267388e-05
223.85999999994138,upper,38880.74001719352,101437.50039839283,536.3242049646819,745.496915587462,918.3731833962802,1.1295039951053547,-0.00211062560788313,7375.294022567206,6175.294022567206,80000.0,1.0,3.3911793064509412,101437.50039839283,38880.74001719352,-1.9242124933656997e-05
223.96999999994128,upper,38939.76371334724,101519.50691397306,536.8339784491541,745.5306880740757,918.6983875449829,1.1292718408195794,-0.002110361142610557,7372.715429844729,6172.715429844729,80000.0,1.0,3.360998176000754,101519.50691397306,38939.76371334724,-1.9094985465922506e-05
224.07999999994118,upper,38998.84350819275,101601.51716025628,537.3441812187405,745.5647465731159,919.0242436531656,1.129039715663825,-0.002110095975231659,7370.1368371222525,6170.1368371222525,80000.0,1.0,3.331088083699792,101601.51716025628,38998.84350819275,-1.8948964427391323e-05
224.18999999994108,upper,39057.97944896453,101683.53116871118,537.8548135118798,745.5990912180349,919.3507520218051,1.1288076197143235,-0.0021098301238714487,7367.5582443997755,6167.5582443997755,80000.0,1.0,3.3014465596449902,101683.53116871118,39057.97944896453,-1.8804053337095094e-05
224.29999999994098,upper,39117.1715829233,101765.5489708212,538.3658755671993,745.6337221425505,919.6779129518069,1.1285755530453252,-0.0021095636064562976,7364.9796516772985,6164.9796516772985,80000.0,1.0,3.272071156870669,101765.5489708212,39117.1715829233,-1.866024378606359e-05
224.40999999994088,upper,39176.419957356,101847.57059808442,538.8773676235166,745.6686394806451,920.0057267440062,1.1283435157291184,-0.00210929644071688,7362.401058954822,6162.401058954822,80000.0,1.0,3.2429594511308455,101847.57059808442,39176.419957356,-1.8517527414029804e-05
224.51999999994078,upper,39235.72461957592,101929.59608201371,539.3892899198422,745.7038433665656,920.3341936991687,1.1281115078360526,-0.0021090286441889715,7359.822466232345,6159.822466232345,80000.0,1.0,3.2141090406836805,101929.59608201371,39235.72461957592,-1.8375895938534397e-05
224.62999999994068,upper,39295.08561692259,102011.62545413674,539.9016426953813,745.7393339348215,920.6633141179909,1.1278795294345583,-0.002108760234214772,7357.243873509868,6157.243873509868,80000.0,1.0,3.1855175460779623,102011.62545413674,39295.08561692259,-1.823534113730696e-05
224.73999999994058,upper,39354.5029967619,102093.65874599597,540.4144261895359,745.7751113201839,920.9930883011001,1.127647580591169,-0.0021084912279458416,7354.665280787391,6154.665280787391,80000.0,1.0,3.1571826099417297,102093.65874599597,39354.5029967619,-1.8095854839156606e-05
224.84999999994048,upper,39413.97680648607,102175.69598914875,540.9276406419079,745.811175657685,921.3235165490564,1.1274156613705424,-0.0021082216423435433,7352.086688064914,6152.086688064914,80000.0,1.0,3.1291018967729203,102175.69598914875,39413.97680648607,-1.7957428954900288e-05
224.95999999994038,upper,39473.5070935137,102257.73721516723,541.4412862923004,745.8475270826165,921.6545991623517,1.1271837718354805,-0.00210795149418152,7349.508095342437,6149.508095342437,80000.0,1.0,3.1012730927320526,102257.73721516723,39473.5070935137,-1.7820055431978464e-05
225.06999999994028,upper,39533.09390528976,102339.78245563844,541.9553633807207,745.8841657305292,921.9863364414119,1.1269519120469502,-0.002107680800046014,7346.92950261996,6146.92950261996,80000.0,1.0,3.073693905436933,102339.78245563844,39533.09390528976,-1.7683726303292465e-05
225.17999999994018,upper,39592.737289285644,102421.83174216443,542.4698721473807,745.9210917372317,922.3187286865963,1.1267200820641048,-0.002107409576339718,7344.350909897483,6144.350909897483,80000.0,1.0,3.0463620637592785,102421.83174216443,39592.737289285644,-1.7548433646256923e-05
225.28999999994008,upper,39652.43729299918,102503.88510636213,542.9848128327012,745.9583052387898,922.6517761981987,1.1264882819443025,-0.002107137839281204,7341.772317175006,6141.772317175006,80000.0,1.0,3.0192753176234497,102503.88510636213,39652.43729299918,-1.741416959911415e-05
225.39999999993998,upper,39712.19396395467,102585.94257986345,543.5001856773131,745.9958063715247,922.9854792764485,1.1262565117431282,-0.002106865604907429,7339.193724452529,6139.193724452529,80000.0,1.0,2.9924314378070003,102585.94257986345,39712.19396395467,-1.7280926374943668e-05
225.50999999993988,upper,39772.00734970286,102668.00419431535,544.0159909220591,746.0335952720128,923.3198382215099,1.1260247715144123,-0.0021065928890762354,7336.615131730052,6136.615131730052,80000.0,1.0,2.965828215743228,102668.00419431535,39772.00734970286,-1.7148696225720795e-05
225.61999999993978,upper,39831.877497821006,102750.06998137981,544.5322288079965,746.0716720770848,923.6548533334849,1.1257930613102507,-0.002106319707466138,7334.036539007575,6134.036539007575,80000.0,1.0,2.939463463325651,102750.06998137981,39831.877497821006,-1.701747147371431e-05
225.72999999993968,upper,39891.80445591293,102832.13997273384,545.0488995763983,746.1100369238243,923.9905249124112,1.1255613811810248,-0.002106046075579606,7331.457946285098,6131.457946285098,80000.0,1.0,2.913335012714335,102832.13997273384,39891.80445591293,-1.688724449749146e-05
225.83999999993958,upper,39951.78827160898,102914.21420006962,545.5660034687559,746.1486899495673,924.3268532582649,1.12532973117542,-0.0021057720087433634,7328.879353562621,6128.879353562621,80000.0,1.0,2.8874407161440945,102914.21420006962,39951.78827160898,-1.6758007736526553e-05
225.94999999993948,upper,40011.828992566094,102996.29269509437,546.0835407267809,746.1876312919012,924.6638386709604,1.1250981113404455,-0.0021054975221109456,7326.300760840144,6126.300760840144,80000.0,1.0,2.8617784457346165,102996.29269509437,40011.828992566094,-1.662975368287769e-05
226.05999999993938,upper,40071.926666467785,103078.3754895305,546.601511592408,746.2268610886637,925.0014814503515,1.1248665217214522,-0.0021052226306637533,7323.722168117667,6123.722168117667,80000.0,1.0,2.8363460933023434,103078.3754895305,40071.926666467785,-1.6502474882024426e-05
226.16999999993928,upper,40132.08134102421,103160.4626151156,547.1199163077956,746.266379477942,925.3397818962313,1.1246349623621537,-0.0021049473492127722,7321.14357539519,6121.14357539519,80000.0,1.0,2.811141570174237,103160.4626151156,40132.08134102421,-1.637616394138603e-05
226.27999999993918,upper,40192.29306397219,103242.55410360242,547.6387551153281,746.3061865980723,925.6787403083334,1.1244034333046429,-0.0021046716923997432,7318.564982672713,6118.564982672713,80000.0,1.0,2.786162807003286,103242.55410360242,40192.29306397219,-1.6250813530983626e-05
226.38999999993908,upper,40252.56188307518,103324.64998675903,548.1580282576188,746.3462825876384,926.0183569863328,1.1241719345894123,-0.002104395674700009,7315.986389950236,6115.986389950236,80000.0,1.0,2.761407753585846,103324.64998675903,40252.56188307518,-1.6126416362255035e-05
226.49999999993898,upper,40312.88784612336,103406.75029636871,548.6777359775103,746.3866675854713,926.3586322298462,1.12394046625537,-0.0021041193104223473,7313.407797227759,6113.407797227759,80000.0,1.0,2.7368743786807443,103406.75029636871,40312.88784612336,-1.6002965212186683e-05
226.60999999993888,upper,40373.27100093364,103488.85506422997,549.197878518078,746.4273417306481,926.6995663384328,1.1237090283398605,-0.0021038426137116664,7310.829204505282,6110.829204505282,80000.0,1.0,2.7125606698301223,103488.85506422997,40373.27100093364,-1.5880452907810428e-05
226.71999999993878,upper,40433.71139534967,103570.96432215665,549.7184561226313,746.4683051624914,927.0411596115956,1.1234776208786796,-0.0021035655985497184,7308.250611782805,6108.250611782805,80000.0,1.0,2.688464633181989,103570.96432215665,40433.71139534967,-1.5758872336414005e-05
226.82999999993868,upper,40494.20907724187,103653.078101978,550.239469034715,746.5095580205682,927.3834123487809,1.1232462439060957,-0.002103288278757395,7305.672019060328,6105.672019060328,80000.0,1.0,2.6645842933145034,103653.078101978,40494.20907724187,-1.5638216427779193e-05
226.93999999993858,upper,40554.76409450749,103735.19643553857,550.7609174981113,746.551100444689,927.72632484938,1.1230148974548646,-0.0021030106679961165,7303.093426337851,6103.093426337851,80000.0,1.0,2.640917693061974,103735.19643553857,40554.76409450749,-1.5518478177337657e-05
227.04999999993848,upper,40615.3764950706,103817.31935469837,551.2828017568435,746.5929325749075,928.0698974127303,1.1227835815562486,-0.002102732779768631,7300.514833615374,6100.514833615374,80000.0,1.0,2.617462893342523,103817.31935469837,40615.3764950706,-1.5399650626103872e-05
227.15999999993838,upper,40676.046326882104,103899.44689133274,551.8051220551745,746.6350545515193,928.4141303381138,1.1225522962400325,-0.00210245462742088,7297.936240892897,6097.936240892897,80000.0,1.0,2.5942179729874226,103899.44689133274,40676.046326882104,-1.5281726868974557e-05
227.26999999993828,upper,40736.77363791981,103981.57907733256,552.3278786376115,746.6774665150614,928.759023924761,1.1223210415345433,-0.002102176224144194,7295.35764817042,6095.35764817042,80000.0,1.0,2.571181028572063,103981.57907733256,40736.77363791981,-1.5164700063190293e-05
227.37999999993818,upper,40797.55847618841,104063.71594460409,552.8510717489066,746.7201686063113,929.1045784718492,1.1220898174666636,-0.00210189758297576,7292.779055447943,6092.779055447943,80000.0,1.0,2.5483501742485686,104063.71594460409,40797.55847618841,-1.5048563401279096e-05
227.48999999993808,upper,40858.400889719574,104145.85752506915,553.374701634059,746.7631609662868,929.4507942785051,1.1218586240618518,-0.002101618716800692,7290.200462725466,6090.200462725466,80000.0,1.0,2.525723541580028,104145.85752506915,40858.400889719574,-1.4933310133204061e-05
227.59999999993798,upper,40919.30092657191,104228.00385066506,553.8987685383158,746.8064437362441,929.7976716438037,1.1216274613441557,-0.002101339638352421,7287.621870002989,6087.621870002989,80000.0,1.0,2.5032992793763076,104228.00385066506,40919.30092657191,-1.4818933567570118e-05
227.70999999993788,upper,40980.25863483102,104310.15495334468,554.4232727071751,746.8500170576783,930.1452108667706,1.1213963293362323,-0.0021010603602161673,7285.0432772805125,6085.0432772805125,80000.0,1.0,2.4810755535314772,104310.15495334468,40980.25863483102,-1.4705427054635874e-05
227.81999999993778,upper,41041.274062609526,104392.31086507649,554.9482143863871,746.8938810723215,930.4934122463816,1.1211652280593611,-0.0021007808948279028,7282.4646845580355,6082.4646845580355,80000.0,1.0,2.4590505468627613,104392.31086507649,41041.274062609526,-1.4592784004435778e-05
227.92999999993768,upper,41102.347258047084,104474.47161784455,555.4735938219555,746.9380359221427,930.8422760815643,1.1209341575334626,-0.0021005012544778,7279.886091835559,6079.886091835559,80000.0,1.0,2.4372224589510942,104474.47161784455,41102.347258047084,-1.44809978655533e-05
228.03999999993758,upper,41163.47826931043,104556.63724364857,555.9994112601402,746.9824817493477,931.191802671199,1.1207031177771125,-0.002100221451310636,7277.307499113082,6077.307499113082,80000.0,1.0,2.4155895059831756,104556.63724364857,41163.47826931043,-1.4370062141108023e-05
228.14999999993748,upper,41224.66714459343,104638.80777450383,556.5256669474578,747.0272186963767,931.5419923141184,1.1204721088075595,-0.002099941497326768,7274.728906390605,6074.728906390605,80000.0,1.0,2.394149920595078,104638.80777450383,41224.66714459343,-1.4259970392601989e-05
228.25999999993738,upper,41285.91393211705,104720.9832424414,557.0523611306845,747.0722469059051,931.8928453091097,1.120241130640739,-0.0020996614043849115,7272.150313668128,6072.150313668128,80000.0,1.0,2.3729019517173104,104720.9832424414,41285.91393211705,-1.4150716212670803e-05
228.36999999993728,upper,41347.21868012942,104803.16367950803,557.5794940568567,747.1175665208426,932.2443619549147,1.1200101832912908,-0.0020993811842022862,7269.571720945651,6069.571720945651,80000.0,1.0,2.351843864421426,104803.16367950803,41347.21868012942,-1.4042293256475466e-05
228.47999999993718,upper,41408.58143690586,104885.34911776613,558.1070659732737,747.1631776843321,932.5965425502311,1.119779266772573,-0.0020991008483565066,7266.993128223174,6066.993128223174,80000.0,1.0,2.330973939768109,104885.34911776613,41408.58143690586,-1.3934695218674573e-05
228.58999999993708,upper,41470.0022507489,104967.53958929397,558.6350771274982,747.2090805397489,932.9493873937122,1.1195483810966778,-0.0020988204082863803,7264.414535500697,6064.414535500697,80000.0,1.0,2.310290474656653,104967.53958929397,41470.0022507489,-1.3827915851791456e-05
228.69999999993698,upper,41531.48116998835,105049.73512618555,559.1635277673587,747.2552752307004,933.3028967839688,1.119317526274447,-0.0020985398752945343,7261.83594277822,6061.83594277822,80000.0,1.0,2.28979178167599,105049.73512618555,41531.48116998835,-1.3721948937619956e-05
228.80999999993688,upper,41593.01824298128,105131.93576055067,559.6924181409512,747.301761901025,933.6570710195696,1.1190867023154856,-0.0020982592605465,7259.257350055743,6059.257350055743,80000.0,1.0,2.2694761889570723,105131.93576055067,41593.01824298128,-1.3616788328513599e-05
228.91999999993678,upper,41654.61351811203,105214.141524515,560.2217484966407,747.3485406947925,934.0119103990426,1.1188559092281785,-0.002097978575073858,7256.678757333266,6056.678757333266,80000.0,1.0,2.249342040026717,105214.141524515,41654.61351811203,-1.351242791421902e-05
229.02999999993668,upper,41716.26704379232,105296.35245022005,560.7515190830624,747.3956117563026,934.3674152208754,1.118625147019705,-0.0020976978297757793,7254.100164610789,6054.100164610789,80000.0,1.0,2.2293876936628445,105296.35245022005,41716.26704379232,-1.3408861616066512e-05
229.13999999993658,upper,41777.978868461214,105378.56856982318,561.2817301491234,747.442975230084,934.7235857835157,1.1183944156960521,-0.0020974170354184397,7251.521571888312,6051.521571888312,80000.0,1.0,2.2096115237511085,105378.56856982318,41777.978868461214,-1.3306083429716473e-05
229.24999999993648,upper,41839.749040585164,105460.78991549776,561.8123819440049,747.4906312608941,935.0804223853723,1.1181637152620298,-0.002097136202638153,7248.942979165835,6048.942979165835,80000.0,1.0,2.1900119191428837,105460.78991549776,41839.749040585164,-1.3204087360508751e-05
229.35999999993638,upper,41901.57760865807,105543.01651943302,562.343474717163,747.5385799937193,935.4379253248175,1.1179330457212855,-0.0020968553419418406,7246.364386443358,6046.364386443358,80000.0,1.0,2.1705872835146853,105543.01651943302,41901.57760865807,-1.3102867493451176e-05
229.46999999993628,upper,41963.46462120129,105625.24841383414,562.875008718331,747.5868215737726,935.7960949001854,1.117702407076317,-0.002096574463707272,7243.785793720881,6043.785793720881,80000.0,1.0,2.1513360352288604,105625.24841383414,41963.46462120129,-1.3002417942669427e-05
229.57999999993618,upper,42025.41012676362,105707.48563092231,563.4069841975199,747.6353561464948,936.154931409775,1.1174717993284895,-0.002096293578186664,7241.207200998404,6041.207200998404,80000.0,1.0,2.132256607195659,105707.48563092231,42025.41012676362,-1.290273286194499e-05
229.68999999993608,upper,42087.41417392144,105789.72820293478,563.9394014050208,747.6841838575525,936.5144351518494,1.1172412224780446,-0.002096012695505801,7238.628608275927,6038.628608275927,80000.0,1.0,2.1133474467366207,105789.72820293478,42087.41417392144,-1.2803806456760585e-05
229.79999999993598,upper,42149.47681127862,105871.97616212475,564.472260591406,747.7333048528377,936.8746064246371,1.1170106765241192,-0.0020957318256655494,7236.05001555345,6036.05001555345,80000.0,1.0,2.094607015449296,105871.97616212475,42149.47681127862,-1.2705632987249148e-05
229.90999999993588,upper,42211.59808746662,105954.22954076152,565.0055620075306,747.7827192784688,937.2354455263344,1.1167801614647563,-0.002095450978544993,7233.471422830973,6033.471422830973,80000.0,1.0,2.076033789073228,105954.22954076152,42211.59808746662,-1.2608206729349024e-05
230.01999999993578,upper,42273.778051144545,106036.4883711305,565.5393059045343,747.8324272807879,937.5969527551043,1.1165496772969181,-0.002095170163899349,7230.892830108496,6030.892830108496,80000.0,1.0,2.0576262573572355,106036.4883711305,42273.778051144545,-1.2511522026520524e-05
230.12999999993568,upper,42336.016750999115,106118.75268553314,566.0734925338425,747.8824290063612,937.959128409078,1.1163192240165019,-0.002094889391364626,7228.314237386019,6028.314237386019,80000.0,1.0,2.039382923928007,106118.75268553314,42336.016750999115,-1.2415573253452342e-05
230.23999999993558,upper,42398.314235744714,106201.02251628714,566.6081221471678,747.932724601979,938.3219727863564,1.11608880161835,-0.0020946086704550873,7225.735644663542,6025.735644663542,80000.0,1.0,2.0213023061598556,106201.02251628714,42398.314235744714,-1.2320354842426402e-05
230.34999999993548,upper,42460.67055412344,106283.29789572624,567.1431949965114,747.9833142146538,938.68548618501,1.1158584100962656,-0.0020943280105686878,7223.157051941065,6023.157051941065,80000.0,1.0,2.003382935045881,106283.29789572624,42460.67055412344,-1.2225861234854046e-05
230.45999999993538,upper,42523.08575490515,106365.57885620042,567.6787113341647,748.0341979916212,939.0496689030809,1.1156280494430248,-0.0020940474209838033,7220.578459218588,6020.578459218588,80000.0,1.0,1.9856233550702058,106365.57885620042,42523.08575490515,-1.2132086954557646e-05
230.56999999993528,upper,42585.559886887444,106447.86543007586,568.2146714127108,748.0853760803385,939.4145212385832,1.1153977196503886,-0.002093766910863651,7217.999866496111,6017.999866496111,80000.0,1.0,1.9680221240815374,106447.86543007586,42585.559886887444,-1.2039026544199711e-05
230.67999999993518,upper,42648.0929988957,106530.15764973496,568.7510754850255,748.1368486284841,939.7800434895031,1.1151674207091178,-0.002093486489256722,7215.421273773634,6015.421273773634,80000.0,1.0,1.9505778131679106,106530.15764973496,42648.0929988957,-1.1946674579409765e-05
230.78999999993508,upper,42710.68513978318,106612.4555475764,569.2879238042792,748.1886157839576,940.1462359538017,1.1149371526089824,-0.0020932061650955664,7212.842681051157,6012.842681051157,80000.0,1.0,1.9332890065326211,106612.4555475764,42710.68513978318,-1.1855025707124542e-05
230.89999999993498,upper,42773.33635843096,106694.75915601512,569.8252166239382,748.2406776948786,940.5130989294138,1.1147069153387776,-0.0020929259472014855,7210.26408832868,6010.26408832868,80000.0,1.0,1.916154301371377,106694.75915601512,42773.33635843096,-1.1764074587146661e-05
231.00999999993488,upper,42836.04670374807,106777.06850748241,570.3629541977659,748.2930345095868,940.8806327142505,1.1144767088863334,-0.0020926458442832746,7207.685495606203,6007.685495606203,80000.0,1.0,1.899172307750589,106777.06850748241,42836.04670374807,-1.1673815927435101e-05
231.11999999993478,upper,42898.81622467142,106859.38363442583,570.9011367798242,748.345686376641,941.2488376061993,1.1142465332385278,-0.0020923658649378814,7205.106902883726,6005.106902883726,80000.0,1.0,1.8823416484868782,106859.38363442583,42898.81622467142,-1.1584244491420088e-05
231.22999999993468,upper,42961.64497016591,106941.70456930934,571.4397646244751,748.3986334448191,941.6177139031254,1.1140163883813003,-0.0020920860176542578,7202.5283101612495,6002.5283101612495,80000.0,1.0,1.8656609590276698,106941.70456930934,42961.64497016591,-1.1495355053866554e-05
231.33999999993458,upper,43024.53298922442,107024.03134461322,571.9788379863816,748.451875863117,941.9872619028721,1.113786274299662,-0.002091806310811486,7199.9497174387725,5999.9497174387725,80000.0,1.0,1.8491288873329979,107024.03134461322,43024.53298922442,-1.1407142450081632e-05
231.44999999993448,upper,43087.480330867875,107106.36399283423,572.5183571205093,748.5054137807488,942.357481903262,1.1135561909777083,-0.0020915267526811086,7197.3711247162955,5997.3711247162955,80000.0,1.0,1.8327440937583936,107106.36399283423,43087.480330867875,-1.1319601551776186e-05
231.55999999993438,upper,43150.48704414526,107188.70254648545,573.0583222821283,748.5592473471462,942.7283742020995,1.11332613839863,-0.0020912473514281067,7194.792531993819,5994.792531993819,80000.0,1.0,1.816505250938925,107188.70254648545,43150.48704414526,-1.123272726192223e-05
231.66999999993428,upper,43213.55317813364,107271.04703809653,573.5987337268131,748.6133767119575,943.0999390971683,1.1130961165447266,-0.002090968115111598,7192.213939271342,5992.213939271342,80000.0,1.0,1.8004110436743068,107271.04703809653,43213.55317813364,-1.1146514535174414e-05
231.77999999993418,upper,43276.67878193824,107353.39750021351,574.1395917104454,748.6678020250473,943.4721768862356,1.112866125397416,-0.0020906890516866872,7189.635346548865,5989.635346548865,80000.0,1.0,1.7844601688151611,107353.39750021351,43276.67878193824,-1.1060958342670431e-05
231.88999999993408,upper,43339.863904692415,107435.75396539897,574.6808964892147,748.7225234364969,943.8450878670519,1.1126361649372472,-0.002090410169004109,7187.056753826388,5987.056753826388,80000.0,1.0,1.7686513351503343,107435.75396539897,43339.863904692415,-1.09760537183555e-05
231.99999999993398,upper,43403.108595557744,107518.11646623201,575.2226483196195,748.777541096603,944.218672337352,1.1124062351439115,-0.0020901314748126526,7184.478161103911,5984.478161103911,80000.0,1.0,1.7529832632952755,107518.11646623201,43403.108595557744,-1.0891795716192421e-05
232.10999999993388,upper,43466.41290372402,107600.48503530821,575.764847458469,748.8328551558769,944.592930594855,1.112176335996253,-0.0020898529767586333,7181.899568381434,5981.899568381434,80000.0,1.0,1.7374546855815434,107600.48503530821,43466.41290372402,-1.0808179446603605e-05
232.21999999993378,upper,43529.77687840932,107682.85970523978,576.3074941628838,748.8884657650453,944.9678629372672,1.11194646747228,-0.0020895746823889096,7179.320975658957,5979.320975658957,80000.0,1.0,1.722064345947296,107682.85970523978,43529.77687840932,-1.0725200022518724e-05
232.32999999993368,upper,43593.200568860026,107765.24050865554,576.8505886902977,748.9443730750493,945.3434696622819,1.1117166295491772,-0.0020892965991491175,7176.74238293648,5976.74238293648,80000.0,1.0,1.7068109998288574,107765.24050865554,43593.200568860026,-1.0642852635779784e-05
232.43999999993358,upper,43656.68402435082,107847.62747820087,577.394131298459,749.0005772370431,945.7197510675802,1.1114868222033147,-0.00208901873438775,7174.163790214003,5974.163790214003,80000.0,1.0,1.6916934140533444,107847.62747820087,43656.68402435082,-1.0561132487785317e-05
232.54999999993348,upper,43720.22729418476,107930.02064653783,577.9381222454309,749.0570784023951,946.0967074508327,1.11125704541026,-0.0020887410953543506,7171.585197491526,5971.585197491526,80000.0,1.0,1.6767103667322814,107930.02064653783,43720.22729418476,-1.0480034819581046e-05
232.65999999993338,upper,43783.830427693356,108012.42004634508,578.4825617895937,749.113876722687,946.4743391097004,1.1110272991447883,-0.0020884636892020453,7169.006604769049,5969.006604769049,80000.0,1.0,1.6618606471562567,108012.42004634508,43783.830427693356,-1.0399554915385886e-05
232.76999999993328,upper,43847.49347423649,108094.82571031808,579.0274501896455,749.1709723497125,946.852646341835,1.1107975833808938,-0.0020881865229880254,7166.428012046572,5966.428012046572,80000.0,1.0,1.6471430556905573,108094.82571031808,43847.49347423649,-1.0319688098193071e-05
232.87999999993318,upper,43911.2164832026,108177.23767116886,579.5727877046037,749.2283654354782,947.2316294448808,1.1105678980917992,-0.0020879096036743984,7163.849419324095,5963.849419324095,80000.0,1.0,1.6325564036718403,108177.23767116886,43911.2164832026,-1.0240429709396528e-05
232.98999999993308,upper,43974.99950400857,108259.65596162628,580.118574593806,749.286056132202,947.6112887164751,1.1103382432499664,-0.0020876329381289463,7161.270826601618,5961.270826601618,80000.0,1.0,1.618099513305735,108259.65596162628,43974.99950400857,-1.0161775142185749e-05
233.09999999993298,upper,44038.842586099825,108342.08061443592,580.6648111169116,749.3440445923139,947.9916244542493,1.1101086188271072,-0.0020873565331268706,7158.692233879141,5958.692233879141,80000.0,1.0,1.6037712175654855,108342.08061443592,44038.842586099825,-1.0083719817827948e-05
233.20999999993288,upper,44102.7457789504,108424.51166236018,581.2114975339027,749.4023309684549,948.3726369558304,1.109879024794193,-0.002087080395350393,7156.113641156664,5956.113641156664,80000.0,1.0,1.5895703600914983,108424.51166236018,44102.7457789504,-1.0006259197705737e-05
233.31999999993278,upper,44166.70913206292,108506.94913817817,581.758634105085,749.4609154134769,948.7543265188417,1.1096494611214662,-0.002086804531391267,7153.535048434187,5953.535048434187,80000.0,1.0,1.575495795091905,108506.94913817817,44166.70913206292,-9.929388764432228e-06
233.42999999993268,upper,44230.732694968705,108589.39307468593,582.3062210910896,749.5197980804421,949.1366934409035,1.109419927778448,-0.0020865289477493424,7150.95645571171,5950.95645571171,80000.0,1.0,1.5615463872440152,108589.39307468593,44230.732694968705,-9.853104058865246e-06
233.53999999993258,upper,44294.81651722772,108671.84350469631,582.854258752874,749.5789791226226,949.5197380196345,1.1091904247339495,-0.0020862536508364097,7148.377862989233,5948.377862989233,80000.0,1.0,1.5477210115967608,108671.84350469631,44294.81651722772,-9.77740062381386e-06
233.64999999993248,upper,44358.96064842868,108754.30046103899,583.402747351723,749.6384586935009,949.9034605526532,1.1089609519560815,-0.002085978646973786,7145.799270266756,5945.799270266756,80000.0,1.0,1.534018553474048,108754.30046103899,44358.96064842868,-9.702274060355657e-06
233.75999999993238,upper,44423.165138189026,108836.76397656059,583.9516871492496,749.6982369467681,950.2878613375779,1.1087315094122652,-0.0020857039423966767,7143.220677544279,5943.220677544279,80000.0,1.0,1.5204379083790078,108836.76397656059,44423.165138189026,-9.627719995716875e-06
233.86999999993228,upper,44487.43003615506,108919.23408412462,584.5010784073969,749.7583140363255,950.672940672029,1.1085020970692399,-0.0020854295432515446,7140.642084821802,5940.642084821802,80000.0,1.0,1.5069779818992048,108919.23408412462,44487.43003615506,-9.553734092913923e-06
233.97999999993218,upper,44551.75539200183,109001.71081661158,585.0509213884387,749.8186901162818,951.0586988536289,1.1082727148930736,-0.0020851554555994726,7138.063492099325,5938.063492099325,80000.0,1.0,1.493637689612698,109001.71081661158,44551.75539200183,-9.480312037901586e-06
234.08999999993208,upper,44616.141255433315,109084.19420691887,585.6012163549809,749.8793653409552,951.4451361800043,1.1080433628491728,-0.00208488168541627,7135.484899376848,5935.484899376848,80000.0,1.0,1.4804159569950535,109084.19420691887,44616.141255433315,-9.40744956171003e-06
234.19999999993198,upper,44680.58767618237,109166.68428796092,586.1519635699624,749.9403398648715,951.8322529487858,1.1078140409022903,-0.002084608238592399,7132.906306654371,5932.906306654371,80000.0,1.0,1.4673117193271799,109166.68428796092,44680.58767618237,-9.335142421736152e-06
234.30999999993188,upper,44745.09470401079,109249.18109266913,586.7031632966558,750.0016138427641,952.2200494576099,1.1075847490165367,-0.0020843351209356925,7130.327713931894,5930.327713931894,80000.0,1.0,1.4543239216040924,109249.18109266913,44745.09470401079,-9.263386402972772e-06
234.41999999993178,upper,44809.66238870938,109331.68465399196,587.2548157986699,750.0631874295744,952.6085260041202,1.107355487155388,-0.0020840623381699476,7127.749121209417,5927.749121209417,80000.0,1.0,1.4414515184445125,109331.68465399196,44809.66238870938,-9.19217733217708e-06
234.52999999993168,upper,44874.29078009794,109414.19500489498,587.806921339949,750.1250607804508,952.997682885968,1.1071262552816945,-0.0020837898959373247,7125.17052848694,5925.17052848694,80000.0,1.0,1.4286934740013353,109414.19500489498,44874.29078009794,-9.121511065556043e-06
234.63999999993158,upper,44938.97992802529,109496.71217836073,588.3594801847753,750.1872340507484,953.3875204008134,1.106897053357691,-0.0020835177997985664,7122.591935764463,5922.591935764463,80000.0,1.0,1.416048761872971,109496.71217836073,44938.97992802529,-9.051383485158085e-06
234.74999999993148,upper,45003.7298823694,109579.23620738892,588.9124925977694,750.2497073960293,953.7780388463268,1.1066678813450042,-0.002083246055233744,7120.013343041986,5920.013343041986,80000.0,1.0,1.4035163650154867,109579.23620738892,45003.7298823694,-8.981790501429837e-06
234.85999999993138,upper,45068.540693037336,109661.76712499635,589.4659588438913,750.3124809720615,954.1692385201894,1.106438739204663,-0.002082974667642924,7117.4347503195095,5917.4347503195095,80000.0,1.0,1.391095275655627,109661.76712499635,45068.540693037336,-8.912728075007319e-06
234.96999999993128,upper,45133.41240996532,109744.30496421694,590.0198791884418,750.3755549348191,954.5611197200948,1.1062096268971073,-0.0020827036423478125,7114.8561575970325,5914.8561575970325,80000.0,1.0,1.3787844952046353,109744.30496421694,45133.41240996532,-8.844192174472469e-06
235.07999999993118,upper,45198.34508311879,109826.84975810187,590.5742538970633,750.4389294404822,954.9536827437496,1.1059805443821955,-0.002082432984591722,7112.2775648745555,5912.2775648745555,80000.0,1.0,1.3665830341728709,109826.84975810187,45198.34508311879,-8.776178813797244e-06
235.18999999993108,upper,45263.338762492414,109909.40153971949,591.1290832357408,750.502604645436,955.3469278888748,1.1057514916192128,-0.002082162699540293,7109.698972152079,5909.698972152079,80000.0,1.0,1.354489912085308,109909.40153971949,45263.338762492414,-8.708684021547977e-06
235.29999999993098,upper,45328.393498110156,109991.96034215526,591.6843674708036,750.5665807062717,955.7408554532077,1.1055224685668812,-0.0020818927922824637,7107.120379429602,5907.120379429602,80000.0,1.0,1.3425041573977843,109991.96034215526,45328.393498110156,-8.641703879824055e-06
235.40999999993087,upper,45393.50934002529,110074.526198512,592.2401068689253,750.6308577797844,956.1354657345008,1.1052934751833665,-0.002081623267831178,7104.541786707125,5904.541786707125,80000.0,1.0,1.330624807414029,110074.526198512,45393.50934002529,-8.575234473596473e-06
235.51999999993077,upper,45458.68633832042,110157.09914190971,592.7963016971252,750.6954360229751,956.5307590305257,1.1050645114262878,-0.002081354131124097,7101.963193984648,5901.963193984648,80000.0,1.0,1.3188509082035385,110157.09914190971,45458.68633832042,-8.50927194958836e-06
235.62999999993067,upper,45523.92454310756,110239.67920548572,593.3529522227698,750.760315593048,956.9267356390715,1.1048355772527243,-0.0020810853870249133,7099.384601262171,5899.384601262171,80000.0,1.0,1.307181514520174,110239.67920548572,45523.92454310756,-8.443812442318016e-06
235.73999999993057,upper,45589.224004528136,110322.26642239462,593.9100587135734,750.8254966474126,957.3233958579483,1.1046066726192252,-0.002080817040322568,7096.806008539694,5896.806008539694,80000.0,1.0,1.2956156897215692,110322.26642239462,45589.224004528136,-8.378852160159113e-06
235.84999999993047,upper,45654.58477275309,110404.86082580834,594.4676214375986,750.8909793436821,957.7207399849865,1.1043777974818167,-0.002080549095734241,7094.227415817217,5894.227415817217,80000.0,1.0,1.2841525056892868,110404.86082580834,45654.58477275309,-8.314387306152472e-06
235.95999999993037,upper,45720.00689798279,110487.46244891621,595.0256406632585,750.956763839673,958.1187683180389,1.1041489517960101,-0.002080281557903955,7091.64882309474,5891.64882309474,80000.0,1.0,1.2727910427497127,110487.46244891621,45720.00689798279,-8.25041413099869e-06
236.06999999993027,upper,45785.490430447244,110570.07132492487,595.5841166593167,751.0228502934059,958.5174811549814,1.1039201355168091,-0.0020800144314046354,7089.070230372263,5889.070230372263,80000.0,1.0,1.2615303895957555,110570.07132492487,45785.490430447244,-8.186928894976758e-06
236.17999999993017,upper,45851.03542040595,110652.68748705836,596.1430496948883,751.0892388631045,958.9168787937147,1.1036913485987194,-0.002079747720737356,7086.491637649786,5886.491637649786,80000.0,1.0,1.2503696432092342,110652.68748705836,45851.03542040595,-8.123927919492617e-06
236.28999999993007,upper,45916.64191814809,110735.31096855816,596.7024400394417,751.1559297071957,959.3169615321648,1.1034625909957547,-0.002079481430334746,7083.913044927309,5883.913044927309,80000.0,1.0,1.2393079087840237,110735.31096855816,45916.64191814809,-8.061407513712778e-06
236.39999999992997,upper,45982.309973992495,110817.94180268317,597.2622879627986,751.2229229843093,959.7177296682845,1.1032338626614449,-0.0020792155645580966,7081.334452204832,5881.334452204832,80000.0,1.0,1.2283442996499276,110817.94180268317,45982.309973992495,-7.999364046209892e-06
236.50999999992987,upper,46048.03963828769,110900.58002270975,597.8225937351359,751.2902188532772,960.1191835000541,1.1030051635488445,-0.002078950127701139,7078.755859482355,5878.755859482355,80000.0,1.0,1.2174779371972757,110900.58002270975,46048.03963828769,-7.93779390055329e-06
236.61999999992977,upper,46113.83096141193,110983.22566193175,598.3833576269855,751.357817473135,960.5213233254833,1.1027764936105393,-0.0020786851239892948,7076.177266759878,5876.177266759878,80000.0,1.0,1.2067079508022232,110983.22566193175,46113.83096141193,-7.876693483290258e-06
236.72999999992967,upper,46179.683993773266,111065.87875366054,598.9445799092364,751.4257190031195,960.9241494426117,1.1025478527986532,-0.002078420557580032,7073.598674037401,5873.598674037401,80000.0,1.0,1.196033477752762,111065.87875366054,46179.683993773266,-7.816059234117034e-06
236.83999999992957,upper,46245.59878580954,111148.53933122497,599.5062608531347,751.4939236026702,961.3276621495102,1.102319241064858,-0.002078156432564594,7071.020081314924,5871.020081314924,80000.0,1.0,1.185453663175454,111148.53933122497,46245.59878580954,-7.75588762512668e-06
236.94999999992947,upper,46311.57538798848,111231.2074279715,600.0684007302851,751.5624314314281,961.7318617442817,1.102090658360378,-0.002077892752968445,7068.441488592447,5868.441488592447,80000.0,1.0,1.1749676599628174,111231.2074279715,46311.57538798848,-7.696175142786694e-06
237.05999999992937,upper,46377.61385080772,111313.88307726412,600.630999812652,751.6312426492361,962.1367485250634,1.101862104635998,-0.0020776295227503453,7065.86289586997,5865.86289586997,80000.0,1.0,1.1645746287014362,111313.88307726412,46377.61385080772,-7.636918314113612e-06
237.16999999992927,upper,46443.71422479477,111396.56631248446,601.1940583725601,751.7003574161388,962.5423227900268,1.1016335798420718,-0.00207736674580555,7063.284303147493,5863.284303147493,80000.0,1.0,1.15427373760073,111396.56631248446,46443.71422479477,-7.5781136732986505e-06
237.27999999992917,upper,46509.87656050718,111479.2571670317,601.7575766826948,751.7697758923819,962.9485848373793,1.101405083928528,-0.002077104425964941,7060.705710425016,5860.705710425016,80000.0,1.0,1.1440641624224057,111479.2571670317,46509.87656050718,-7.519757802760749e-06
237.38999999992907,upper,46576.10090853248,111561.95567432269,602.3215550161038,751.8394982384128,963.3555349653656,1.1011766168448767,-0.0020768425669950665,7058.127117702539,5858.127117702539,80000.0,1.0,1.1339450864105787,111561.95567432269,46576.10090853248,-7.4618472963638565e-06
237.49999999992897,upper,46642.387319488254,111644.66186779193,602.8859936461985,751.9095246148794,963.7631734722686,1.1009481785402178,-0.0020765811726011093,7055.548524980062,5855.548524980062,80000.0,1.0,1.1239157002225377,111644.66186779193,46642.387319488254,-7.404378774969749e-06
237.60999999992887,upper,46708.7358440222,111727.37578089163,603.4508928467535,751.9798551826307,964.1715006564103,1.1007197689632473,-0.002076320246424925,7052.969932257585,5852.969932257585,80000.0,1.0,1.1139752018601863,111727.37578089163,46708.7358440222,-7.347348888384195e-06
237.71999999992877,upper,46775.146532812156,111810.09744709168,604.0162528919084,752.0504901027163,964.5805168161534,1.100491388062263,-0.002076059792047302,7050.391339535108,5850.391339535108,80000.0,1.0,1.1041227966021152,111810.09744709168,46775.146532812156,-7.290754316491007e-06
237.82999999992867,upper,46841.61943656611,111892.82689987973,604.5820740561686,752.1214295363866,964.9902222499024,1.1002630357851733,-0.002075799812987842,7047.812746812631,5847.812746812631,80000.0,1.0,1.094357696936331,111892.82689987973,46841.61943656611,-7.234591751702322e-06
237.93999999992857,upper,46908.15460602229,111975.56417276114,605.1483566144062,752.1926736450926,965.4006172561053,1.100034712079502,-0.002075540312706125,7045.234154090154,5845.234154090154,80000.0,1.0,1.084679122493613,111975.56417276114,46908.15460602229,-7.178857926508397e-06
238.04999999992847,upper,46974.75209194914,112058.30929925902,605.7151008418608,752.2642225904848,965.8117021332533,1.0998064168923958,-0.0020752812946015936,7042.655561367677,5842.655561367677,80000.0,1.0,1.0750862999814954,112058.30929925902,46974.75209194914,-7.123549587283434e-06
238.15999999992837,upper,47041.41194514546,112141.06231291434,606.2823070141401,752.3360765344149,966.2234771798836,1.0995781501706308,-0.0020750227620152406,7040.0769686452,5840.0769686452,80000.0,1.0,1.0655784631188778,112141.06231291434,47041.41194514546,-7.0686635006652875e-06
238.26999999992827,upper,47108.13421644033,112223.82324728582,606.8499754072215,752.408235638934,966.6359426945797,1.0993499118606185,-0.0020747647182290953,7037.498375922723,5837.498375922723,80000.0,1.0,1.0561548525712499,112223.82324728582,47108.13421644033,-7.014196471828455e-06
238.37999999992817,upper,47174.91895669325,112306.59213595006,607.4181062974518,752.4807000662934,967.049098975973,1.0991217019084134,-0.002074507166467195,7034.9197832002465,5834.9197832002465,80000.0,1.0,1.046814715886537,112306.59213595006,47174.91895669325,-6.960145324803706e-06
238.48999999992807,upper,47241.766216794116,112389.36901250153,607.9866999615493,752.5534699789438,967.4629463227437,1.0988935202597176,-0.002074250109896456,7032.3411904777695,5832.3411904777695,80000.0,1.0,1.0375573074315312,112389.36901250153,47241.766216794116,-6.906506907717486e-06
238.59999999992797,upper,47308.67604766332,112472.15391055254,608.5557566766041,752.6265455395359,967.8774850336221,1.0986653668598885,-0.0020739935516275246,7029.7625977552925,5829.7625977552925,80000.0,1.0,1.0283818883289497,112472.15391055254,47308.67604766332,-6.853278084133414e-06
238.70999999992787,upper,47375.648500251686,112554.9468637333,609.1252767200781,752.69992691092,968.2927154073897,1.0984372416539443,-0.002073737494714483,7027.184005032816,5827.184005032816,80000.0,1.0,1.019287726395065,112554.9468637333,47375.648500251686,-6.800455755629799e-06
238.81999999992777,upper,47442.68362554064,112637.747905692,609.6952603698077,752.7736142561455,968.7086377428807,1.0982091445865703,-0.0020734819421553644,7024.605412310339,5824.605412310339,80000.0,1.0,1.010274096077924,112637.747905692,47442.68362554064,-6.7480368402822765e-06
238.92999999992767,upper,47509.78147454214,112720.5570700947,610.2657079040033,752.8476077384614,969.1252523389836,1.0979810756021242,-0.002073226896894283,7022.026819587862,5822.026819587862,80000.0,1.0,1.0013402783961671,112720.5570700947,47509.78147454214,-6.696018275695185e-06
239.03999999992757,upper,47576.94209829882,112803.3743906255,610.8366196012502,752.9219075213158,969.542559494641,1.097753034644645,-0.0020729723618207133,7019.448226865385,5819.448226865385,80000.0,1.0,0.9924855608784056,112803.3743906255,47576.94209829882,-6.64439702079304e-06
239.14999999992747,upper,47644.165547883946,112886.19990098642,611.4079957405096,752.996513768356,969.9605595088518,1.0975250216578547,-0.002072718339769831,7016.869634142908,5816.869634142908,80000.0,1.0,0.9837092375031757,112886.19990098642,47644.165547883946,-6.593170067554209e-06
239.25999999992737,upper,47711.45187440151,112969.03363489757,611.9798366011197,753.0714266434283,970.3792526806731,1.0972970365851673,-0.0020724648335235093,7014.291041420431,5814.291041420431,80000.0,1.0,0.9750106086394666,112969.03363489757,47711.45187440151,-6.542334430146755e-06
239.36999999992727,upper,47778.801128986226,113051.87562609705,612.5521424627965,753.1466463105779,970.79863930922,1.0970690793696927,-0.0020722118458108853,7011.712448697954,5811.712448697954,80000.0,1.0,0.9663889809877921,113051.87562609705,47778.801128986226,-6.491887143561418e-06
239.47999999992717,upper,47846.21336280363,113134.72590834102,613.1249136056339,753.2221729340494,971.2187196936676,1.0968411499542454,-0.0020719593793100547,7009.133855975477,5809.133855975477,80000.0,1.0,0.9578436675218411,113134.72590834102,47846.21336280363,-6.4418252514581196e-06
239.58999999992707,upper,47913.688627050054,113217.58451540367,613.6981503101053,753.298006678285,971.6394941332521,1.0966132482813469,-0.002071707436646267,7006.555263253,5806.555263253,80000.0,1.0,0.9493739874306569,113217.58451540367,47913.688627050054,-6.392145837456334e-06
239.69999999992697,upper,47981.22697295273,113300.45148107738,614.2718528570643,753.3741477079267,972.0609629272723,1.096385374293233,-0.0020714560203941804,7003.976670530523,5803.976670530523,80000.0,1.0,0.9409792660613525,113300.45148107738,47981.22697295273,-6.342846002797202e-06
239.80999999992687,upper,48048.8284517698,113383.32683917259,614.8460215277449,753.4505961878148,972.4831263750903,1.0961575279318583,-0.0020712051330774237,7001.398077808046,5801.398077808046,80000.0,1.0,0.9326588348624115,113383.32683917259,48048.8284517698,-6.293922871923683e-06
239.91999999992677,upper,48116.49311479035,113466.21062351791,615.420656603763,753.5273522829879,972.9059847761329,1.0959297091389038,-0.0020709547771705617,6998.819485085569,5798.819485085569,80000.0,1.0,0.9244120313274572,113466.21062351791,48116.49311479035,-6.24537358056397e-06
240.02999999992667,upper,48184.221013334485,113549.10286796013,615.9957583671165,753.6044161586834,973.3295384298932,1.0957019178557803,-0.002070704955097689,6996.240892363092,5796.240892363092,80000.0,1.0,0.9162381989396061,113549.10286796013,48184.221013334485,-6.197195298570107e-06
240.13999999992657,upper,48252.01219875333,113632.00360636419,616.571327100187,753.6817879803372,973.753787635932,1.0954741540236348,-0.002070455669234798,6993.662299640615,5793.662299640615,80000.0,1.0,0.9081366871163215,113632.00360636419,48252.01219875333,-6.149385205701655e-06
240.24999999992647,upper,48319.866722429106,113714.91287261323,617.1473630857394,753.7594679135833,974.1787326938778,1.0952464175833558,-0.0020702069219085185,6991.083706918138,5791.083706918138,80000.0,1.0,0.9001068511547788,113714.91287261323,48319.866722429106,-6.101940519971096e-06
240.35999999992637,upper,48387.78463577516,113797.83070060867,617.7238666069242,753.8374561242543,974.6043739034296,1.0950187084755783,-0.0020699587153985544,6988.505114195661,5788.505114195661,80000.0,1.0,0.8921480521777587,113797.83070060867,48387.78463577516,-6.0548584591303105e-06
240.46999999992627,upper,48455.765990236,113880.75712427017,618.3008379472765,753.915752778381,975.0307115643574,1.094791026640689,-0.002069711051936687,6985.926521473184,5785.926521473184,80000.0,1.0,0.8842596570800377,113880.75712427017,48455.765990236,-6.008136280648085e-06
240.57999999992617,upper,48523.81083728734,113963.69217753562,618.8782773907182,753.9943580421922,975.4577459765031,1.0945633720188324,-0.0020694639337075237,6983.347928750707,5783.347928750707,80000.0,1.0,0.8764410384752984,113963.69217753562,48523.81083728734,-5.961771254012032e-06
240.68999999992607,upper,48591.919228436156,114046.63589436123,619.4561852215577,754.073272082115,975.8854774397824,1.094335744549914,-0.0020692173628493508,6980.76933602823,5780.76933602823,80000.0,1.0,0.868691574643519,114046.63589436123,48591.919228436156,-5.915760670351252e-06
240.79999999992597,upper,48660.09121522073,114129.58830872156,620.0345617244922,754.1524950647745,976.3139062541861,1.0941081441736076,-0.0020689713414553178,6978.190743305753,5778.190743305753,80000.0,1.0,0.8610106494788615,114129.58830872156,48660.09121522073,-5.870101840374129e-06
240.90999999992587,upper,48728.32684921065,114212.5494546095,620.6134071846061,754.2320271569946,976.743032719781,1.0938805708293589,-0.0020687258715721486,6975.612150583276,5775.612150583276,80000.0,1.0,0.853397652438068,114212.5494546095,48728.32684921065,-5.824792094832909e-06
241.01999999992577,upper,48796.626182006905,114295.51936603626,621.1927218873738,754.3118685257964,977.1728571367107,1.0936530244563916,-0.0020684809552022937,6973.033557860799,5773.033557860799,80000.0,1.0,0.84585197848932,114295.51936603626,48796.626182006905,-5.779828785157609e-06
241.12999999992567,upper,48864.98926524191,114378.49807703144,621.7725061186599,754.3920193383997,977.6033798051985,1.0934255049937105,-0.0020682365943034383,6970.454965138322,5770.454965138322,80000.0,1.0,0.8383730280615819,114378.49807703144,48864.98926524191,-5.7352092835906594e-06
241.23999999992557,upper,48933.416150579535,114461.48562164312,622.3527601647194,754.4724797622222,978.0346010255472,1.0931980123801075,-0.002067992790789118,6967.876372415845,5767.876372415845,80000.0,1.0,0.830960206994428,114461.48562164312,48933.416150579535,-5.690930986862041e-06
241.34999999992547,upper,49001.90688971518,114544.4820339377,622.9334843121989,754.5532499648791,978.4665210981404,1.092970546554168,-0.0020677495465295133,6965.297779693368,5765.297779693368,80000.0,1.0,0.823612926488332,114544.4820339377,49001.90688971518,-5.646991309459111e-06
241.45999999992537,upper,49070.461534375776,114627.4873480001,623.5146788481369,754.6343301141842,978.8991403234446,1.0927431074542724,-0.002067506863352584,6962.719186970891,5762.719186970891,80000.0,1.0,0.8163306030554299,114627.4873480001,49070.461534375776,-5.603387669810662e-06
241.56999999992527,upper,49139.08013631988,114710.50159793366,624.0963440599658,754.7157203781491,979.3324590020101,1.0925156950186028,-0.0020672647430424722,6960.140594248414,5760.140594248414,80000.0,1.0,0.8091126584707389,114710.50159793366,49139.08013631988,-5.560117528180715e-06
241.67999999992517,upper,49207.762747337634,114793.52481786028,624.6784802355107,754.7974209249836,979.7664774344722,1.0922883091851476,-0.002067023187341702,6957.562001525937,5757.562001525937,80000.0,1.0,0.8019585197238324,114793.52481786028,49207.762747337634,-5.5171783550410885e-06
241.78999999992507,upper,49276.50941925091,114876.55704192037,625.2610876629917,754.8794319230948,980.2011959215525,1.092060949891706,-0.0020667821979515276,6954.98340880346,5754.98340880346,80000.0,1.0,0.794867618970972,114876.55704192037,49276.50941925091,-5.474567632807149e-06
241.89999999992497,upper,49345.320203913296,114959.59830427277,625.8441666310237,754.961753541088,980.6366147640598,1.0918336170758915,-0.002066541776531435,6952.404816080983,5752.404816080983,80000.0,1.0,0.7878393934877008,114959.59830427277,49345.320203913296,-5.432282878581861e-06
242.00999999992487,upper,49414.195153210145,115042.64863909499,626.4277174286177,755.0443859477671,981.0727342628928,1.0916063106751386,-0.002066301924701033,6949.8262233585065,5749.8262233585065,80000.0,1.0,0.7808732856218499,115042.64863909499,49414.195153210145,-5.390321607743709e-06
242.11999999992477,upper,49483.13431905862,115125.70808058306,627.0117403451814,755.1273293121335,981.5095547190401,1.0913790306267042,-0.0020660626440378725,6947.2476306360295,5747.2476306360295,80000.0,1.0,0.7739687427470113,115125.70808058306,49483.13431905862,-5.3486813820306555e-06
242.22999999992467,upper,49552.13775340774,115208.77666295166,627.5962356705193,755.2105838033864,981.9470764335814,1.091151776867676,-0.002065823936082272,6944.6690379135525,5744.6690379135525,80000.0,1.0,0.7671252172164387,115208.77666295166,49552.13775340774,-5.307359748410131e-06
242.33999999992457,upper,49621.20550823841,115291.85442043403,628.1812036948339,755.2941495909231,982.3852997076891,1.090924549334972,-0.0020655858023325546,6942.090445191076,5742.090445191076,80000.0,1.0,0.760342166317378,115291.85442043403,49621.20550823841,-5.266354305503844e-06
242.44999999992447,upper,49690.33763556353,115374.94138728207,628.7666447087269,755.378026844339,982.8242248426304,1.0906973479653492,-0.002065348244249973,6939.511852468599,5739.511852468599,80000.0,1.0,0.7536190522258296,115374.94138728207,49690.33763556353,-5.225662637453697e-06
242.55999999992437,upper,49759.53418742794,115458.0375977664,629.3525590031986,755.4622157334278,983.2638521397676,1.0904701726954058,-0.0020651112632557355,6936.933259746122,5736.933259746122,80000.0,1.0,0.7469553419617261,115458.0375977664,49759.53418742794,-5.1852823800032765e-06
242.66999999992427,upper,49828.795215908525,115541.14308617628,629.9389468696505,755.5467164281806,983.70418190056,1.0902430234615847,-0.0020648748607340252,6934.354667023645,5734.354667023645,80000.0,1.0,0.7403505073445382,115541.14308617628,49828.795215908525,-5.145211157068575e-06
242.77999999992417,upper,49898.120773114264,115624.2578868197,630.525808599884,755.631529098787,984.1452144265645,1.0900159002001806,-0.0020646390380309227,6931.776074301168,5731.776074301168,80000.0,1.0,0.7338040249492956,115624.2578868197,49898.120773114264,-5.105446635166825e-06
242.88999999992407,upper,49967.510911186226,115707.38203402338,631.1131444861023,755.7166539156345,984.5869500194377,1.08978880284734,-0.0020644037964550927,6929.197481578691,5729.197481578691,80000.0,1.0,0.7273153760630121,115707.38203402338,49967.510911186226,-5.065986477508563e-06
242.99999999992397,upper,50036.96568229766,115790.51556213276,631.7009548209102,755.8020910493088,985.0293889809366,1.089561731339069,-0.0020641691372787576,6926.618888856214,5726.618888856214,80000.0,1.0,0.7208840466415278,115790.51556213276,50036.96568229766,-5.0268283799744034e-06
243.10999999992387,upper,50106.48513865401,115873.65850551212,632.289239897316,755.8878406705941,985.4725316129208,1.089334685611235,-0.0020639350617371547,6924.040296133737,5724.040296133737,80000.0,1.0,0.7145095272667418,115873.65850551212,50106.48513865401,-4.987970044334825e-06
243.21999999992377,upper,50176.06933249302,115956.81089854449,632.8780000087311,755.9739029504723,985.9163782173524,1.0891076655995717,-0.002063701571029531,6921.46170341126,5721.46170341126,80000.0,1.0,0.7081913131042611,115956.81089854449,50176.06933249302,-4.94940920165647e-06
243.32999999992367,upper,50245.71831608466,116039.97277563169,633.4672354489718,756.0602780601237,986.3609290962993,1.0888806712396837,-0.0020634686663202895,6918.883110688783,5718.883110688783,80000.0,1.0,0.7019289038614359,116039.97277563169,50245.71831608466,-4.911143592677993e-06
243.43999999992357,upper,50315.432141731304,116123.14417119444,634.0569465122583,756.1469661709266,986.8061845519337,1.0886537024670475,-0.002063236348737112,6916.304517966306,5716.304517966306,80000.0,1.0,0.6957218037457797,116123.14417119444,50315.432141731304,-4.873170977381459e-06
243.54999999992347,upper,50385.210861767664,116206.3251196723,634.6471334932164,756.2339674544583,987.2521448865366,1.0884267592170191,-0.0020630046193742695,6913.725925243829,5713.725925243829,80000.0,1.0,0.6895695214237956,116206.3251196723,50385.210861767664,-4.835489126376323e-06
243.65999999992337,upper,50455.054528560926,116289.51565552372,635.237796686879,756.321282082494,987.6988104024972,1.0881998414248357,-0.0020627734792904836,6911.147332521352,5711.147332521352,80000.0,1.0,0.683471569980172,116289.51565552372,50455.054528560926,-4.798095839694556e-06
243.76999999992327,upper,50524.96319451074,116372.71581322604,635.8289363886853,756.4089102270074,988.1461814023144,1.08797294902562,-0.0020625429295110737,6908.568739798875,5708.568739798875,80000.0,1.0,0.6774274668773704,116372.71581322604,50524.96319451074,-4.760988926726465e-06
243.87999999992317,upper,50594.93691204925,116455.92562727556,636.4205528944816,756.4968520601705,988.5942581885984,1.0877460819543836,-0.0020623129710278416,6905.990147076398,5705.990147076398,80000.0,1.0,0.6714367339155809,116455.92562727556,50594.93691204925,-4.724166208102451e-06
243.98999999992307,upper,50664.97573364119,116539.14513218749,637.012646500523,756.5851077543543,989.0430410640723,1.08751924014603,-0.0020620836047982277,6903.411554353921,5703.411554353921,80000.0,1.0,0.6654988971930589,116539.14513218749,50664.97573364119,-4.687625528415412e-06
244.09999999992297,upper,50735.0797117839,116622.37436249609,637.6052175034733,756.6736774821286,989.4925303315736,1.0872924235353607,-0.002061854831747404,6900.832961631444,5700.832961631444,80000.0,1.0,0.6596134870668233,116622.37436249609,50735.0797117839,-4.651364754184359e-06
244.20999999992287,upper,50805.24889900738,116705.6133527545,638.1982662004059,756.7625614162606,989.9427262940537,1.0870656320570766,-0.0020616266527686616,6898.254368908967,5698.254368908967,80000.0,1.0,0.6537800381137401,116705.6133527545,50805.24889900738,-4.615381748081108e-06
244.31999999992277,upper,50875.48334787432,116788.86213753493,638.791792888804,756.8517597297177,990.3936292545823,1.0868388656457817,-0.002061399068721736,6895.67577618649,5695.67577618649,80000.0,1.0,0.6479980890919451,116788.86213753493,50875.48334787432,-4.5796744120695155e-06
244.42999999992267,upper,50945.78311098018,116872.12075142862,639.3857978665621,756.9412725956652,990.845239516346,1.086612124235988,-0.0020611720804355363,6893.097183464013,5693.097183464013,80000.0,1.0,0.6422671829026402,116872.12075142862,50945.78311098018,-4.544240647991129e-06
244.53999999992257,upper,51016.148240953175,116955.38922904592,639.9802814319858,757.0311001874676,991.2975573826515,1.086385407762117,-0.0020609456887070573,6890.518590741536,5690.518590741536,80000.0,1.0,0.6365868665522381,116955.38922904592,51016.148240953175,-4.509078377909871e-06
244.64999999992247,upper,51086.578790454376,117038.66760501619,640.5752438837927,757.1212426786884,991.7505831569255,1.086158716158505,-0.002060719894302148,6887.939998019059,5687.939998019059,80000.0,1.0,0.6309566911148788,117038.66760501619,51086.578790454376,-4.4741855459754625e-06
244.75999999992237,upper,51157.074812177736,117121.95591398793,641.1706855211136,757.2117002430903,992.2043171427175,1.0859320493594058,-0.00206049469795637,6885.361405296582,5685.361405296582,80000.0,1.0,0.6253762116952691,117121.95591398793,51157.074812177736,-4.4395601025491985e-06
244.86999999992227,upper,51227.636358850126,117205.25419062875,641.7666066434921,757.3024730546344,992.6587596436995,1.0857054072989938,-0.0020602701003747705,6882.782812574105,5682.782812574105,80000.0,1.0,0.6198449873918853,117205.25419062875,51227.636358850126,-4.405200009888243e-06
244.97999999992217,upper,51298.263483231414,117288.56246962541,642.3630075508867,757.393561287482,993.1139109636695,1.085478789911367,-0.002060046102231498,6880.204219851628,5680.204219851628,80000.0,1.0,0.6143625812605192,117288.56246962541,51298.263483231414,-4.371103269202323e-06
245.08999999992207,upper,51368.95623811446,117371.88078568385,642.9598885436693,757.4849651159933,993.5697714065506,1.0852521971305518,-0.002059822704172159,6877.625627129151,5677.625627129151,80000.0,1.0,0.6089285602781475,117371.88078568385,51368.95623811446,-4.3372678748192165e-06
245.19999999992197,upper,51439.71467632519,117455.20917352918,643.5572499226282,757.5766847147275,994.0263412763939,1.0850256288905042,-0.0020595999068123753,6875.047034406674,5675.047034406674,80000.0,1.0,0.6035424953071652,117455.20917352918,51439.71467632519,-4.303691836515734e-06
245.30999999992187,upper,51510.53885072265,117538.54766790575,644.155091988967,757.6687202584442,994.4836208773793,1.0847990851251148,-0.0020593777107386687,6872.468441684197,5672.468441684197,80000.0,1.0,0.5982039610599195,117538.54766790575,51510.53885072265,-4.270373191827854e-06
245.41999999992177,upper,51581.42881419904,117621.89630357712,644.753415044306,757.7610719221016,994.9416105138168,1.0845725657682115,-0.002059156116509756,6869.88984896172,5669.88984896172,80000.0,1.0,0.5929125360636017,117621.89630357712,51581.42881419904,-4.237309980731623e-06
245.52999999992167,upper,51652.38461967974,117705.25511532612,645.3522193906829,757.8537398808578,995.4003104901481,1.0843460707535615,-0.002058935124655067,6867.311256239243,5667.311256239243,80000.0,1.0,0.5876678026254508,117705.25511532612,51652.38461967974,-4.204500260743651e-06
245.63999999992157,upper,51723.4063201234,117788.62413795484,645.9515053305528,757.9467243100714,995.8597211109477,1.0841196000148752,-0.002058714735676092,6864.7326635167665,5664.7326635167665,80000.0,1.0,0.5824693467982862,117788.62413795484,51723.4063201234,-4.171942115791969e-06
245.74999999992147,upper,51794.49396852197,117872.00340628471,646.5512731667895,758.0400253853002,996.3198426809249,1.083893153485811,-0.0020584949500474206,6862.1540707942895,5662.1540707942895,80000.0,1.0,0.5773167583463583,117872.00340628471,51794.49396852197,-4.139633625660792e-06
245.85999999992137,upper,51865.64761790074,117955.39295515642,647.1515232026861,758.1336432823019,996.7806755049244,1.0836667310999748,-0.0020582757682153165,6859.5754780718125,5659.5754780718125,80000.0,1.0,0.5722096307115196,117955.39295515642,51865.64761790074,-4.107572904889743e-06
245.96999999992127,upper,51936.86732131834,118038.79281943008,647.7522557419546,758.2275781770352,997.242219887928,1.0834403327909259,-0.0020580571905998873,6856.996885349336,5656.996885349336,80000.0,1.0,0.5671475609797018,118038.79281943008,51936.86732131834,-4.075758062100634e-06
246.07999999992117,upper,52008.15313186689,118122.20303398508,648.3534710887278,758.3218302456582,997.7044761350561,1.0832139584921778,-0.0020578392175936116,6854.418292626859,5654.418292626859,80000.0,1.0,0.5621301498477277,118122.20303398508,52008.15313186689,-4.04418723098203e-06
246.18999999992107,upper,52079.50510267196,118205.62363372027,648.9551695475595,758.4163996645296,998.1674445515688,1.0829876081372032,-0.0020576218495629863,6851.839699904382,5651.839699904382,80000.0,1.0,0.557157001590396,118205.62363372027,52079.50510267196,-4.012858564972105e-06
246.29999999992097,upper,52150.92328689262,118289.05465355392,649.5573514234246,758.5112866102085,998.6311254428675,1.0827612816594363,-0.0020574050868489317,6849.261107181905,5649.261107181905,80000.0,1.0,0.5522277240279043,118289.05465355392,52150.92328689262,-3.981770212721991e-06
246.40999999992087,upper,52222.40773772157,118372.49612842368,650.1600170217206,758.6064912594544,999.0955191144963,1.082534978992274,-0.0020571889297655373,6846.682514459428,5646.682514459428,80000.0,1.0,0.5473419284935604,118372.49612842368,52222.40773772157,-3.9509203641007015e-06
246.51999999992077,upper,52293.95850838509,118455.94809328666,650.7631666482672,758.7020137892281,999.5606258721431,1.082308700069081,-0.002056973378602492,6844.103921736951,5644.103921736951,80000.0,1.0,0.5424992298017934,118455.94809328666,52293.95850838509,-3.920307194511059e-06
246.62999999992067,upper,52365.57565214311,118539.41058311945,651.3668006093076,758.797854376691,1000.0264460216417,1.0820824448231912,-0.0020567584336238,6841.525329014474,5641.525329014474,80000.0,1.0,0.5376992462164646,118539.41058311945,52365.57565214311,-3.8899289023250004e-06
246.73999999992057,upper,52437.25922228929,118622.88363291816,651.9709192115092,758.894013199205,1000.492979868972,1.0818562131879108,-0.0020565440950683946,6838.946736291997,5638.946736291997,80000.0,1.0,0.5329415994194687,118622.88363291816,52437.25922228929,-3.859783710855503e-06
246.84999999992047,upper,52509.00927215107,118706.36727769842,652.5755227619638,758.9904904343338,1000.960227720263,1.0816300050965215,-0.0020563303631508266,6836.36814356952,5636.36814356952,80000.0,1.0,0.5282259144796368,118706.36727769842,52509.00927215107,-3.829869853900375e-06
246.95999999992037,upper,52580.82585508962,118789.86155249538,653.1806115681883,759.0872862598418,1001.4281898817925,1.0814038204822818,-0.0020561172380614634,6833.789550847043,5633.789550847043,80000.0,1.0,0.5235518198219123,118789.86155249538,52580.82585508962,-3.8001855688770346e-06
247.06999999992027,upper,52652.709024500065,118873.36649236374,653.7861859381253,759.1844008536954,1001.8968666599898,1.0811776592784317,-0.002055904719966905,6831.210958124566,5631.210958124566,80000.0,1.0,0.5189189471968315,118873.36649236374,52652.709024500065,-3.7707291006155696e-06
247.17999999992017,upper,52724.65883381132,118956.88213237788,654.3922461801436,759.2818343940615,1002.3662583614359,1.0809515214181926,-0.002055692809009178,6828.632365402089,5628.632365402089,80000.0,1.0,0.5143269316502623,118956.88213237788,52724.65883381132,-3.7414987358063955e-06
247.28999999992007,upper,52796.67533648632,119040.40850763168,654.9987926030393,759.3795870593099,1002.8363652928663,1.0807254068347734,-0.0020554815053074847,6826.053772679612,5626.053772679612,80000.0,1.0,0.5097754114934574,119040.40850763168,52796.67533648632,-3.7124927478184025e-06
247.39999999991997,upper,52868.758586021955,119123.94565323871,655.6058255160357,759.4776590280109,1003.3071877611712,1.08049931546137,-0.002055270808958462,6823.475179957135,5623.475179957135,80000.0,1.0,0.5052640282733539,119123.94565323871,52868.758586021955,-3.6837094274428068e-06
247.50999999991987,upper,52940.90863594916,119207.49360433216,656.2133452287845,759.5760504789375,1003.7787260733978,1.0802732472311698,-0.0020550607200350173,6820.896587234658,5620.896587234658,80000.0,1.0,0.5007924267431644,119207.49360433216,52940.90863594916,-3.655147091255538e-06
247.61999999991977,upper,53013.125539832974,119291.05239606496,656.821352051366,759.674761591065,1004.2509805367511,1.0800472020773522,-0.002054851238587953,6818.317994512181,5618.317994512181,80000.0,1.0,0.49636025483323604,119291.05239606496,53013.125539832974,-3.62680404936952e-06
247.72999999991967,upper,53085.409351272545,119374.62206360968,657.4298462942899,759.7737925435704,1004.7239514585954,1.079821179933093,-0.0020546423646451884,6815.739401789704,5615.739401789704,80000.0,1.0,0.49196716362218246,119374.62206360968,53085.409351272545,-3.5986786407494145e-06
247.83999999991957,upper,53157.76012390121,119458.20264215862,658.0388282684952,759.8731435158335,1005.1976391464559,1.079595180731567,-0.0020544340982139244,6813.160809067227,5613.160809067227,80000.0,1.0,0.4876128073082857,119458.20264215862,53157.76012390121,-3.5707692064721345e-06
247.94999999991947,upper,53230.17791138652,119541.7941669238,658.6482982853526,759.9728146874364,1005.6720439080204,1.079369204405948,-0.0020542264392782914,6810.58221634475,5610.58221634475,80000.0,1.0,0.4832968431811521,119541.7941669238,53230.17791138652,-3.5430741157253116e-06
248.05999999991937,upper,53302.6627674303,119625.39667313707,659.2582566566628,760.072806238164,1006.1471660511398,1.079143250889413,-0.0020540193878014605,6808.003623622273,5608.003623622273,80000.0,1.0,0.479018931593639,119625.39667313707,53302.6627674303,-3.5155917281694328e-06
248.16999999991927,upper,53375.21474576874,119709.01019605002,659.8687036946586,760.1731183480043,1006.6230058838304,1.0789173201151447,-0.002053812943725248,6805.425030899796,5605.425030899796,80000.0,1.0,0.47477873593404396,119709.01019605002,53375.21474576874,-3.488320434130103e-06
248.27999999991917,upper,53447.83390017236,119792.63477093406,660.4796397120049,760.2737511971482,1007.099563714275,1.078691412016333,-0.0020536071069706236,6802.846438177319,5602.846438177319,80000.0,1.0,0.470575922598545,119792.63477093406,53447.83390017236,-3.4612586228594045e-06
248.38999999991907,upper,53520.5202844461,119876.27043308044,661.0910650217995,760.3747049659895,1007.5768398508238,1.0784655265261773,-0.002053401877437997,6800.267845454842,5600.267845454842,80000.0,1.0,0.46641016096389964,119876.27043308044,53520.5202844461,-3.4344047042341765e-06
248.49999999991897,upper,53593.27395242938,119959.91721780023,661.7029799375736,760.4759798351259,1008.0548346019972,1.0782396635778904,-0.0020531972550072524,6797.689252732365,5597.689252732365,80000.0,1.0,0.4622811233603974,119959.91721780023,53593.27395242938,-3.407757096206656e-06
248.60999999991887,upper,53666.094957996094,120043.57516042447,662.3153847732923,760.5775759853585,1008.5335482764855,1.0780138231046976,-0.0020529932395378413,6795.110660009888,5595.110660009888,80000.0,1.0,0.4581884850450524,120043.57516042447,53666.094957996094,-3.3813142357811357e-06
248.71999999991877,upper,53738.98335505474,120127.24429630396,662.9282798433557,760.6794935976918,1009.0129811831517,1.0777880050398425,-0.0020527898308699776,6792.532067287411,5592.532067287411,80000.0,1.0,0.4541319241750696,120127.24429630396,53738.98335505474,-3.3550745552318266e-06
248.82999999991867,upper,53811.93919754843,120210.92466080956,663.5416654625985,760.7817328533343,1009.4931336310323,1.0775622093165866,-0.002052587028823586,6789.953474564934,5589.953474564934,80000.0,1.0,0.4501111217815195,120210.92466080956,53811.93919754843,-3.329036517620953e-06
248.93999999991857,upper,53884.96253945489,120294.61628933197,664.1555419462912,760.8842939336993,1009.9740059293388,1.0773364358682114,-0.0020523848331987725,6787.374881842457,5587.374881842457,80000.0,1.0,0.44612576174329116,120294.61628933197,53884.96253945489,-3.303198590578864e-06
249.04999999991847,upper,53958.05343478657,120378.31921728187,664.769909610141,760.9871770204032,1010.4555983874588,1.0771106846280227,-0.002052183243777767,6784.79628911998,5584.79628911998,80000.0,1.0,0.44217553076126503,120378.31921728187,53958.05343478657,-3.2775592406645085e-06
249.15999999991837,upper,54031.211937590655,120462.03348009,665.3847687702913,761.0903822952675,1010.9379113149583,1.0768849555293512,-0.002051982260322478,6782.2176963975035,5582.2176963975035,80000.0,1.0,0.43826011833272666,120462.03348009,54031.211937590655,-3.2521169724105957e-06
249.26999999991827,upper,54104.43810194917,120545.75911320705,666.0001197433235,761.1939099403185,1011.4209450215824,1.076659248505554,-0.0020517818825775353,6779.6391036750265,5579.6391036750265,80000.0,1.0,0.43437921672603086,120545.75911320705,54104.43810194917,-3.226870277796344e-06
249.37999999991817,upper,54177.73198197895,120629.49615210379,666.6159628462569,761.2977601377869,1011.9046998172572,1.0764335634900182,-0.002051582110267368,6777.0605109525495,5577.0605109525495,80000.0,1.0,0.4305325209554799,120629.49615210379,54177.73198197895,-3.2018176793028006e-06
249.48999999991807,upper,54251.09363183173,120713.24463227097,667.2322983965494,761.401933070109,1012.3891760120911,1.0762079004161613,-0.0020513829431003127,6774.481918230073,5574.481918230073,80000.0,1.0,0.4267197287564521,120713.24463227097,54251.09363183173,-3.176957677129041e-06
249.59999999991797,upper,54324.52310569424,120797.0045892195,667.8491267120979,761.5064289199256,1012.8743739163755,1.0759822592174348,-0.0020511843807642692,6771.903325507596,5571.903325507596,80000.0,1.0,0.42294054056074465,120797.0045892195,54324.52310569424,-3.152288834797958e-06
249.70999999991787,upper,54398.02045778813,120880.77605848038,668.4664481112388,761.6112478700833,1013.360293840587,1.0757566398273255,-0.0020509864229319138,6769.324732785119,5569.324732785119,80000.0,1.0,0.4191946594721555,120880.77605848038,54398.02045778813,-3.127809681094157e-06
249.81999999991777,upper,54471.58574237014,120964.55907560467,669.0842629127496,761.7163901036342,1013.8469360953898,1.0755310421793562,-0.0020507890692567084,6766.746140062642,5566.746140062642,80000.0,1.0,0.4154817912422881,120964.55907560467,54471.58574237014,-3.1035187746448383e-06
249.92999999991767,upper,54545.21901373207,121048.35367616364,669.7025714358477,761.821855803836,1014.3343009916343,1.0753054662070898,-0.002050592319375076,6764.167547340165,5564.167547340165,80000.0,1.0,0.4118016442465735,121048.35367616364,54545.21901373207,-3.079414687449315e-06
250.03999999991757,upper,54618.920326200874,121132.1598957487,670.3213740001931,761.9276451541526,1014.8223888403621,1.0750799118441292,-0.0020503961729069144,6761.588954617688,5561.588954617688,80000.0,1.0,0.40815392946052026,121132.1598957487,54618.920326200874,-3.0554959962565088e-06
250.14999999991747,upper,54692.689734138694,121215.97776997149,670.9406709258865,762.0337583382544,1015.3111999528045,1.0748543790241214,-0.002050200629454896,6759.010361895211,5559.010361895211,80000.0,1.0,0.4045383604361827,121215.97776997149,54692.689734138694,-3.0317612892391653e-06
250.25999999991737,upper,54766.527291942904,121299.80733446381,671.5604625334718,762.1401955400174,1015.8007346403854,1.0746288676807565,-0.0020500056886054567,6756.431769172734,5556.431769172734,80000.0,1.0,0.4009546532788432,121299.80733446381,54766.527291942904,-3.0082091643609763e-06
250.36999999991727,upper,54840.43305404617,121383.64862487774,672.180749143936,762.246956943525,1016.2909932147226,1.0744033777477715,-0.0020498113499274697,6753.853176450257,5553.853176450257,80000.0,1.0,0.397402526623913,121383.64862487774,54840.43305404617,-2.9848382381744615e-06
250.47999999991717,upper,54914.40707491647,121467.50167688559,672.8015310787101,762.3540427330669,1016.7819759876289,1.074177909158952,-0.002049617612975381,6751.27458372778,5551.27458372778,80000.0,1.0,0.3938817016140431,121467.50167688559,54914.40707491647,-2.9616471239428337e-06
250.58999999991707,upper,54988.44940905715,121551.36652617996,673.4228086596689,762.4614530931398,1017.2736832711142,1.0739524618481342,-0.0020494244772862433,6748.695991005303,5548.695991005303,80000.0,1.0,0.3903919018764477,121551.36652617996,54988.44940905715,-2.9386344579733523e-06
250.69999999991697,upper,55062.56011100709,121635.24320847377,674.044582209132,762.569188208448,1017.7661153773861,1.0737270357492041,-0.002049231942381751,6746.117398282826,5546.117398282826,80000.0,1.0,0.3869328535004372,121635.24320847377,55062.56011100709,-2.9157988849003917e-06
250.80999999991687,upper,55136.739235340516,121719.13175950029,674.6668520498646,762.6772482639035,1018.2592726188522,1.073501630796103,-0.0020490400077685655,6743.538805560349,5543.538805560349,80000.0,1.0,0.38350428501515554,121719.13175950029,55136.739235340516,-2.8931390507775693e-06
250.91999999991677,upper,55210.986836667245,121803.03221501311,675.2896185050773,762.785633444625,1018.7531553081201,1.0732762469228265,-0.0020488486729375874,6740.960212837872,5540.960212837872,80000.0,1.0,0.3801059273675275,121803.03221501311,55210.986836667245,-2.8706536164773808e-06
251.02999999991667,upper,55285.302969632685,121886.94461078619,675.9128818984282,762.8943439359399,1019.2477637580014,1.0730508840634265,-0.002048657937364052,6738.381620115395,5538.381620115395,80000.0,1.0,0.3767375139004054,121886.94461078619,55285.302969632685,-2.848341265180069e-06
251.13999999991657,upper,55359.68768891784,121970.86898261389,676.5366425540216,763.0033799233834,1019.7430982815108,1.0728255421520148,-0.0020484678005091472,6735.803027392918,5535.803027392918,80000.0,1.0,0.37339878033091684,121970.86898261389,55359.68768891784,-2.826200667220471e-06
251.24999999991647,upper,55434.14104923941,122054.80536631099,677.1609007964096,763.1127415926991,1020.2391591918682,1.072600221122763,-0.0020482782618192735,6733.224434670441,5533.224434670441,80000.0,1.0,0.3700894647290153,122054.80536631099,55434.14104923941,-2.8042305197385526e-06
251.35999999991637,upper,55508.66310534981,122138.75379771275,677.7856569505927,763.2224291298393,1020.7359468025015,1.0723749209099034,-0.0020480893207258976,6730.645841947964,5530.645841947964,80000.0,1.0,0.366809307496222,122138.75379771275,55508.66310534981,-2.7824295223854122e-06
251.46999999991627,upper,55583.25391203725,122222.71431267486,678.4109113420202,763.3324427209648,1021.2334614270458,1.0721496414477327,-0.002047900976646178,6728.067249225487,5528.067249225487,80000.0,1.0,0.3635580513445721,122222.71431267486,55583.25391203725,-2.7607963927042058e-06
251.57999999991617,upper,55657.913524125725,122306.68694707351,679.0366642965903,763.4427825524454,1021.7317033793464,1.0719243826706113,-0.0020477132289831467,6725.48865650301,5525.48865650301,80000.0,1.0,0.3603354412757453,122306.68694707351,55657.913524125725,-2.7393298479073838e-06
251.68999999991607,upper,55732.64199647512,122390.6717368054,679.6629161406511,763.5534488108603,1022.23067297346,1.0716991445129673,-0.0020475260771263513,6722.910063780533,5522.910063780533,80000.0,1.0,0.3571412245603995,122390.6717368054,55732.64199647512,-2.7180286207091793e-06
251.79999999991597,upper,55807.43938398127,122474.66871778773,680.2896672010012,763.6644416829985,1022.730370523656,1.0714739269092959,-0.0020473395204506644,6720.331471058056,5520.331471058056,80000.0,1.0,0.3539751507176814,122474.66871778773,55807.43938398127,-2.6968914537329484e-06
251.90999999991587,upper,55882.30574157594,122558.67792595834,680.9169178048904,763.7757613558583,1023.2307963444185,1.0712487297941624,-0.0020471535583188494,6717.752878335579,5517.752878335579,80000.0,1.0,0.3508369714949353,122558.67792595834,55882.30574157594,-2.6759170951775855e-06
252.01999999991577,upper,55957.24112422696,122642.69939727559,681.5446682800197,763.887408016648,1023.7319507504467,1.0710235531022025,-0.0020469681900789865,6715.174285613102,5515.174285613102,80000.0,1.0,0.3477264408475975,122642.69939727559,55957.24112422696,-2.6551043062681985e-06
252.12999999991567,upper,56032.24558693818,122726.73316771846,682.1729189545423,763.9993818527862,1024.233834056657,1.0707983967681245,-0.0020467834150665128,6712.595692890625,5512.595692890625,80000.0,1.0,0.3446433149192687,122726.73316771846,56032.24558693818,-2.6344518527181024e-06
252.23999999991557,upper,56107.319184749635,122810.77927328653,682.8016701570637,764.1116830519021,1024.7364465781855,1.0705732607267104,-0.002046599232603994,6710.017100168148,5510.017100168148,80000.0,1.0,0.3415873520219818,122810.77927328653,56107.319184749635,-2.6139585156198573e-06
252.34999999991547,upper,56182.46197273749,122894.8377500001,683.430922216643,764.2243118018351,1025.2397886303866,1.0703481449128174,-0.002046415642000956,6707.438507445671,5507.438507445671,80000.0,1.0,0.33855831261663477,122894.8377500001,56182.46197273749,-2.5936230857549175e-06
252.45999999991537,upper,56257.67400601413,122978.90863390004,684.060675462793,764.3372682906361,1025.743860528838,1.0701230492613796,-0.0020462326425544144,6704.859914723194,5504.859914723194,80000.0,1.0,0.3355559592936209,122978.90863390004,56257.67400601413,-2.573444352563822e-06
252.56999999991527,upper,56332.95533972822,123062.99196104803,684.6909302254804,764.4505527065666,1026.2486625893398,1.0698979737074084,-0.0020460502335483697,6702.281322000717,5502.281322000717,80000.0,1.0,0.33258005675362157,123062.99196104803,56332.95533972822,-2.5534211323488022e-06
252.67999999991517,upper,56408.30602906476,123147.0877675264,685.3216868351273,764.5641652380998,1026.754195127917,1.0696729181859956,-0.0020458684142557458,6699.70272927824,5499.70272927824,80000.0,1.0,0.32963037178858673,123147.0877675264,56408.30602906476,-2.533552232858428e-06
252.78999999991507,upper,56483.72612924512,123231.19608943825,685.9529456226103,764.6781060739205,1027.2604584608198,1.069447882632314,-0.0020456871839367396,6697.1241365557635,5497.1241365557635,80000.0,1.0,0.32670667326288294,123231.19608943825,56483.72612924512,-2.5138364809253625e-06
252.89999999991497,upper,56559.21569552708,123315.31696290743,686.5847069192628,764.7923754029257,1027.7674529045273,1.0692228669816164,-0.002045506541839219,6694.5455438332865,5494.5455438332865,80000.0,1.0,0.3238087320946201,123315.31696290743,56559.21569552708,-2.4942727072454238e-06
253.00999999991487,upper,56634.77478320486,123399.45042407859,687.2169710568743,764.9069734142241,1028.2751787757466,1.0689978711692407,-0.0020453264872001904,6691.9669511108095,5491.9669511108095,80000.0,1.0,0.32093632123714205,123399.45042407859,56634.77478320486,-2.474859753276676e-06
253.11999999991477,upper,56710.40344760928,123483.59650911721,687.8497383676915,765.0219002971376,1028.783636391416,1.0687728951306095,-0.0020451470192443862,6689.388358388333,5489.388358388333,80000.0,1.0,0.31808921566069664,123483.59650911721,56710.40344760928,-2.4555964733340847e-06
253.22999999991467,upper,56786.10174410765,123567.75525420955,688.4830091844186,765.1371562411998,1029.2928260687054,1.0685479388012302,-0.0020449681371854625,6686.809765665856,5486.809765665856,80000.0,1.0,0.3152671923342668,123567.75525420955,56786.10174410765,-2.4364817210051825e-06
253.33999999991457,upper,56861.86972810394,123651.92669556284,689.1167838402179,765.2527414361581,1029.802748125019,1.0683230021166978,-0.0020447898402256907,6684.231172943379,5484.231172943379,80000.0,1.0,0.31247003020756625,123651.92669556284,56861.86972810394,-2.417514368936052e-06
253.44999999991447,upper,56937.70745503883,123736.11086940503,689.7510626687105,765.3686560719725,1030.3134028779946,1.068098085012696,-0.0020446121275564453,6681.652580220902,5481.652580220902,80000.0,1.0,0.30969751019321545,123736.11086940503,56937.70745503883,-2.398693291544698e-06
253.55999999991437,upper,57013.61498038964,123820.30781198513,690.3858460039764,765.4849003388168,1030.8247906455076,1.0678731874249974,-0.0020444349983576235,6679.073987498425,5479.073987498425,80000.0,1.0,0.306949415149058,123820.30781198513,57013.61498038964,-2.3800173776374295e-06
253.66999999991427,upper,57089.59235967055,123904.51755957303,691.0211341805565,765.6014744270788,1031.3369117456716,1.0676483092894657,-0.00204425845179948,6676.495394775948,5476.495394775948,80000.0,1.0,0.3042255298606577,123904.51755957303,57089.59235967055,-2.3614855172139627e-06
253.77999999991417,upper,57165.63964843249,123988.74014845953,691.6569275334504,765.7183785273594,1031.849766496839,1.0674234505420575,-0.0020440824870412147,6673.916802053471,5473.916802053471,80000.0,1.0,0.3015256410239498,123988.74014845953,57165.63964843249,-2.3430966049596185e-06
253.88999999991407,upper,57241.75690226333,124072.97561495648,692.2932263981198,765.835612830475,1032.3633552176034,1.0671986111188203,-0.002043907103231021,6671.338209330994,5471.338209330994,80000.0,1.0,0.29884953722804863,124072.97561495648,57241.75690226333,-2.324849563515414e-06
253.99999999991397,upper,57317.94417678783,124157.22399539668,692.9300311104877,765.9531775274559,1032.8776782268014,1.0669737909558978,-0.002043732299507635,6668.759616608517,5468.759616608517,80000.0,1.0,0.2961970089382174,124157.22399539668,57317.94417678783,-2.30674330032217e-06
254.10999999991387,upper,57394.20152766773,124241.48532613396,693.5673420069384,766.0710728095466,1033.3927358435124,1.066748989989528,-0.002043558074999435,6666.18102388604,5466.18102388604,80000.0,1.0,0.29356784847899114,124241.48532613396,57394.20152766773,-2.2887767411183515e-06
254.21999999991377,upper,57470.52901060179,124325.75964354326,694.2051594243198,766.1892988682081,1033.9085283870627,1.066524208156045,-0.002043384428823981,6663.602431163563,5463.602431163563,80000.0,1.0,0.2909618500174527,124325.75964354326,57470.52901060179,-2.270948838279351e-06
254.32999999991367,upper,57546.92668132588,124410.04698402049,694.8434836999421,766.3078558951156,1034.4250561770248,1.0662994453918822,-0.002043211360090998,6661.023838441086,5461.023838441086,80000.0,1.0,0.2883788095466699,124410.04698402049,57546.92668132588,-2.253258512522195e-06
254.43999999991357,upper,57623.39459561297,124494.34738398273,695.4823151715793,766.4267440821606,1034.94231953322,1.0660747016335694,-0.002043038867898444,6658.445245718609,5458.445245718609,80000.0,1.0,0.2858185248692721,124494.34738398273,57623.39459561297,-2.2357047286845206e-06
254.54999999991347,upper,57699.93280927321,124578.66087986817,696.1216541774703,766.54596362145,1035.4603187757198,1.0658499768177374,-0.002042866951336528,6655.866652996132,5455.866652996132,80000.0,1.0,0.28328079558118846,124578.66087986817,57699.93280927321,-2.21828643644324e-06
254.65999999991337,upper,57776.54137815401,124662.98750813611,696.7615010563177,766.6655147053076,1035.9790542248463,1.0656252708811178,-0.0020426956094849614,6653.288060273655,5453.288060273655,80000.0,1.0,0.2807654230555265,124662.98750813611,57776.54137815401,-2.2010026095768284e-06
254.76999999991327,upper,57853.220358140046,124747.32730526704,697.4018561472898,766.7853975262731,1036.4985262011758,1.0654005837605425,-0.0020425248414147183,6650.709467551178,5450.709467551178,80000.0,1.0,0.27827221042660544,124747.32730526704,57853.220358140046,-2.183852216874622e-06
254.87999999991317,upper,57929.969805153305,124831.68030776267,698.0427197900211,766.9056122771033,1037.0187350255387,1.0651759153929476,-0.0020423546461879913,6648.130874828701,5448.130874828701,80000.0,1.0,0.2758009625741284,124831.68030776267,57929.969805153305,-2.1668342420310718e-06
254.98999999991307,upper,58006.7897751532,124916.04655214585,698.6840923246124,767.026159150772,1037.5396810190214,1.0649512657153726,-0.002042185022857558,6645.552282106224,5445.552282106224,80000.0,1.0,0.27335148610750776,124916.04655214585,58006.7897751532,-2.149947668344935e-06
255.09999999991297,upper,58083.680324136556,125000.42607496076,699.3259740916312,767.1470383404705,1038.0613645029682,1.06472663466496,-0.0020420159704672017,6642.973689383747,5442.973689383747,80000.0,1.0,0.2709235893503224,125000.42607496076,58083.680324136556,-2.133191507869346e-06
255.20999999991287,upper,58160.64150813771,125084.8189127728,699.9683654321124,767.2682500396072,1038.5837857989814,1.0645020221789607,-0.0020418474880530627,6640.39509666127,5440.39509666127,80000.0,1.0,0.2685170823249307,125084.8189127728,58160.64150813771,-2.1165647485454005e-06
255.31999999991277,upper,58237.673383228495,125169.22510216862,700.6112666875597,767.3897944418092,1039.1069452289253,1.06427742819473,-0.0020416795746421488,6637.816503938793,5437.816503938793,80000.0,1.0,0.2661317767372139,125169.22510216862,58237.673383228495,-2.100066419665912e-06
255.42999999991267,upper,58314.77600551838,125253.64467975622,701.2546781999451,767.5116717409213,1039.6308431149262,1.064052852649732,-0.002041512229253485,6635.237911216316,5435.237911216316,80000.0,1.0,0.2637674859614629,125253.64467975622,58314.77600551838,-2.0836955241669065e-06
255.53999999991257,upper,58391.949431154455,125338.07768216496,701.8986003117095,767.6338821310068,1040.1554797793729,1.063828295481538,-0.0020413454508975506,6632.659318493839,5432.659318493839,80000.0,1.0,0.26142402502540124,125338.07768216496,58391.949431154455,-2.067451095558615e-06
255.64999999991247,upper,58469.1937163215,125422.52414604551,702.5430333657632,767.7564258063481,1040.68085554492,1.063603756627829,-0.0020411792385764,6630.080725771362,5430.080725771362,80000.0,1.0,0.25910121059534913,125422.52414604551,58469.1937163215,-2.0513321736415287e-06
255.75999999991237,upper,58546.508917242056,125506.98410806996,703.1879777054879,767.8793029614468,1041.206970734489,1.0633792360263963,-0.002041013591285092,6627.502133048885,5427.502133048885,80000.0,1.0,0.2567988609615169,125506.98410806996,58546.508917242056,-2.035337799036934e-06
255.86999999991227,upper,58623.895090176455,125591.45760493175,703.833433674735,768.0025137910235,1041.7338256712696,1.0631547336151428,-0.002040848508010121,6624.923540326408,5424.923540326408,80000.0,1.0,0.25451679602343974,125591.45760493175,58623.895090176455,-2.019467019265687e-06
255.97999999991217,upper,58701.35229142287,125675.94467334586,704.4794016178283,768.1260584900187,1042.2614206787207,1.0629302493320822,-0.002040683987731065,6622.344947603931,5422.344947603931,80000.0,1.0,0.252254837275537,125675.94467334586,58701.35229142287,-2.0037188837828397e-06
256.0899999999121,upper,58778.88057731738,125760.44535004861,705.1258818795625,768.2499372535935,1042.7897560805732,1.0627057831153421,-0.0020405200294194166,6619.766354881454,5419.766354881454,80000.0,1.0,0.2500128077928139,125760.44535004861,58778.88057731738,-1.9880924627727147e-06
256.199999999912,upper,58856.48000423405,125844.95967179786,705.7728748052056,768.3741502771285,1043.31883220083,1.0624813349031623,-0.002040356632039461,6617.187762158977,5417.187762158977,80000.0,1.0,0.24779053221668257,125844.95967179786,58856.48000423405,-1.972586828629481e-06
256.3099999999119,upper,58934.15062858489,125929.48767537293,706.4203807404982,768.4986977562249,1043.8486493637688,1.0622569046338977,-0.0020401937945475736,6614.6091694365,5414.6091694365,80000.0,1.0,0.24558783674092094,125929.48767537293,58934.15062858489,-1.9572010575608514e-06
256.4199999999118,upper,59011.89250682001,126014.02939757475,707.0684000316548,768.6235798867058,1044.3792078939427,1.0620324922460183,-0.0020400315158942664,6612.0305767140235,5412.0305767140235,80000.0,1.0,0.24340454909775497,126014.02939757475,59011.89250682001,-1.9419342272463538e-06
256.5299999999117,upper,59089.70569542761,126098.58487522574,707.7169330253641,768.7487968646146,1044.9105081161833,1.0618080976781092,-0.002039869795021591,6609.4519839915465,5409.4519839915465,80000.0,1.0,0.24124049854406948,126098.58487522574,59089.70569542761,-1.9267854380231886e-06
256.6399999999116,upper,59167.59025093408,126183.1541451699,708.3659800687891,768.8743488862168,1045.4425503555995,1.0615837208688745,-0.002039708630865926,6606.8733912690695,5406.8733912690695,80000.0,1.0,0.23909551584774832,126183.1541451699,59167.59025093408,-1.9117537883172064e-06
256.7499999999115,upper,59245.54622990398,126267.73724427285,709.0155415095684,769.0002361479994,1045.9753349375812,1.0613593617571329,-0.002039548022356416,6604.294798546593,5404.294798546593,80000.0,1.0,0.23696943327412942,126267.73724427285,59245.54622990398,-1.8968383721608537e-06
256.8599999999114,upper,59323.57368894017,126352.3342094218,709.6656176958163,769.1264588466719,1046.508862187801,1.0611350202818228,-0.0020393879684151637,6601.716205824116,5401.716205824116,80000.0,1.0,0.23486208457259572,126352.3342094218,59323.57368894017,-1.882038313534703e-06
256.9699999999113,upper,59401.67268468384,126436.94507752568,710.3162089761237,769.2530171791659,1047.0431324322137,1.060910696382001,-0.0020392284679578744,6599.137613101639,5399.137613101639,80000.0,1.0,0.23277330496327617,126436.94507752568,59401.67268468384,-1.8673527276180158e-06
257.0799999999112,upper,59479.8432738145,126521.56988551503,710.9673156995581,769.3799113426364,1047.5781459970603,1.0606863899968446,-0.002039069519894366,6596.559020379162,5396.559020379162,80000.0,1.0,0.23070293112387982,126521.56988551503,59479.8432738145,-1.8527807385304888e-06
257.1899999999111,upper,59558.08551305014,126606.20867034211,711.6189382156648,769.5071415344614,1048.1139032088677,1.06046210106565,-0.002038911123127912,6593.980427656685,5393.980427656685,80000.0,1.0,0.22865080117663833,126606.20867034211,59558.08551305014,-1.8383214703064101e-06
257.299999999911,upper,59636.39945914718,126690.86146898092,712.2710768744671,769.634707952242,1048.6504043944512,1.0602378295278359,-0.0020387532765553796,6591.401834934208,5391.401834934208,80000.0,1.0,0.2266167546753775,126690.86146898092,59636.39945914718,-1.8239740756411916e-06
257.4099999999109,upper,59714.78516890059,126775.52831842715,712.9237320264667,769.7626107938033,1049.187649880915,1.0600135753229412,-0.0020385959790674944,6588.823242211731,5388.823242211731,80000.0,1.0,0.22460063259269952,126775.52831842715,59714.78516890059,-1.8097376959824806e-06
257.5199999999108,upper,59793.24269914395,126860.20925569833,713.5769040226447,769.8908502571944,1049.7256399956555,1.0597893383906278,-0.0020384392295494168,6586.244649489254,5386.244649489254,80000.0,1.0,0.22260227730728568,126860.20925569833,59793.24269914395,-1.7956114755331448e-06
257.6299999999107,upper,59871.77210674943,126944.90431783377,714.230593214462,770.0194265406892,1050.2643750663613,1.0595651186706807,-0.002038283026880073,6583.666056766777,5383.666056766777,80000.0,1.0,0.22062153259131137,126944.90431783377,59871.77210674943,-1.781594579165942e-06
257.7399999999106,upper,59950.37344862789,127029.61354189462,714.8847999538596,770.1483398427858,1050.8038554210148,1.0593409161030085,-0.0020381273699329634,6581.0874640443,5381.0874640443,80000.0,1.0,0.21865824359798033,127029.61354189462,59950.37344862789,-1.7676861688061668e-06
257.8499999999105,upper,60029.046781728954,127114.33696496382,715.5395245932594,770.277590362208,1051.3440813878954,1.0591167306276437,-0.0020379722575761317,6578.508871321823,5378.508871321823,80000.0,1.0,0.2167122568491702,127114.33696496382,60029.046781728954,-1.753885408079876e-06
257.9599999999104,upper,60107.79216304101,127199.07462414625,716.1947674855647,770.4071782979046,1051.8850532955782,1.058892562184744,-0.0020378176886713777,6575.930278599346,5375.930278599346,80000.0,1.0,0.21478342022318614,127199.07462414625,60107.79216304101,-1.7401914858944738e-06
258.0699999999103,upper,60186.60964959133,127283.82655656863,716.8505289841611,770.5371038490498,1052.4267714729385,1.0586684107145925,-0.0020376636620754647,6573.351685876869,5373.351685876869,80000.0,1.0,0.2128715829426357,127283.82655656863,60186.60964959133,-1.7266035830537316e-06
258.1799999999102,upper,60265.499298446055,127368.5927993796,717.5068094429162,770.6673672150449,1052.969236249152,1.0584442761575978,-0.0020375101766404767,6570.773093154392,5370.773093154392,80000.0,1.0,0.21097659556240422,127368.5927993796,60265.499298446055,-1.7131208777312046e-06
258.2899999999101,upper,60344.4611667103,127453.37338974977,718.163609216181,770.7979685955172,1053.5124479536953,1.0582201584542965,-0.002037357231212255,6568.194500431915,5368.194500431915,80000.0,1.0,0.20909830995774378,127453.37338974977,60344.4611667103,-1.6997425813029951e-06
258.39999999991,upper,60423.49531152817,127538.16836487177,718.8209286587904,770.9289081903202,1054.0564069163495,1.057996057545351,-0.0020372048246325284,6565.615907709438,5365.615907709438,80000.0,1.0,0.20723657931246955,127538.16836487177,60423.49531152817,-1.6864678857201687e-06
258.5099999999099,upper,60502.6017900828,127622.97776196015,719.4787681260631,771.0601861995349,1054.6011134672003,1.0577719733715516,-0.0020370529557374286,6563.037314986961,5363.037314986961,80000.0,1.0,0.20539125810726666,127622.97776196015,60502.6017900828,-1.6732959952278359e-06
258.6199999999098,upper,60581.7806595965,127707.80161825151,720.1371279738026,771.1918028234699,1055.1465679366402,1.0575479058738175,-0.002036901623358335,6560.458722264484,5360.458722264484,80000.0,1.0,0.20356220210810014,127707.80161825151,60581.7806595965,-1.6602261276471815e-06
258.7299999999097,upper,60661.0319773307,127792.63997100451,720.7960085582984,771.3237582626613,1055.6927706553697,1.057323854993196,-0.0020367508263213385,6557.880129542007,5357.880129542007,80000.0,1.0,0.20174926835472903,127792.63997100451,60661.0319773307,-1.6472575140962163e-06
258.8399999999096,upper,60740.355800586076,127877.49285749989,721.4554102363253,771.4560527178734,1056.2397219543993,1.0570998206708648,-0.0020366005634495695,6555.30153681953,5355.30153681953,80000.0,1.0,0.19995231514932707,127877.49285749989,60740.355800586076,-1.634389359754323e-06
258.9499999999095,upper,60819.75218670254,127962.36031504042,722.115333365145,771.588686390099,1056.7874221650507,1.0568758028481304,-0.0020364508335598396,6552.722944097053,5352.722944097053,80000.0,1.0,0.19817120204520983,127962.36031504042,60819.75218670254,-1.621620904643294e-06
259.0599999999094,upper,60899.22119305938,128047.24238095107,722.7757783025058,771.7216594805595,1057.335871618958,1.0566518014664301,-0.002036301635464922,6550.144351374576,5350.144351374576,80000.0,1.0,0.19640578983565596,128047.24238095107,60899.22119305938,-1.6089513872528841e-06
259.1699999999093,upper,60978.762877075205,128132.13909257887,723.4367454066443,771.8549721907057,1057.8850706480705,1.056427816467332,-0.002036152967973541,6547.565758652099,5347.565758652099,80000.0,1.0,0.194655940542838,128132.13909257887,60978.762877075205,-1.5963800501582149e-06
259.2799999999092,upper,61058.377296208106,128217.05048729315,724.0982350362846,771.9886247222179,1058.4350195846525,1.0562038477925348,-0.0020360048298898956,6544.987165929622,5344.987165929622,80000.0,1.0,0.192921517406848,128217.05048729315,61058.377296208106,-1.5839061371171297e-06
259.3899999999091,upper,61138.06450795563,128301.97660248532,724.7602475506401,772.1226172770057,1058.9857187612863,1.05597989538387,-0.0020358572200136725,6542.408573207145,5342.408573207145,80000.0,1.0,0.19120238487482794,128301.97660248532,61138.06450795563,-1.5715289089525668e-06
259.499999999909,upper,61217.82456985487,128386.91747556906,725.4227833094131,772.2569500572097,1059.5371685108735,1.055755959183301,-0.002035710137141245,6539.829980484668,5339.829980484668,80000.0,1.0,0.18949840859019448,128386.91747556906,61217.82456985487,-1.5592476265561644e-06
259.6099999999089,upper,61297.65753948252,128471.87314398028,726.0858426727966,772.3916232652005,1060.0893691666363,1.0555320391329235,-0.0020355635800646536,6537.251387762191,5337.251387762191,80000.0,1.0,0.18780945538196403,128471.87314398028,61297.65753948252,-1.5470615432630382e-06
259.7199999999088,upper,61377.563474454946,128556.84364517718,726.749426001473,772.5266371035796,1060.6423210621176,1.0553081351749667,-0.002035417547571235,6534.672795039714,5334.672795039714,80000.0,1.0,0.18613539325417133,128556.84364517718,61377.563474454946,-1.5349699457117502e-06
259.8299999999087,upper,61457.542432428156,128641.82901664027,727.4135336566167,772.6619917751797,1061.1960245311861,1.055084247251793,-0.002035272038446131,6532.094202317237,5332.094202317237,80000.0,1.0,0.1844760913753897,128641.82901664027,61457.542432428156,-1.5229720946658889e-06
259.9399999999086,upper,61537.59447109796,128726.82929587238,728.0781659998933,772.7976874830657,1061.7504799080348,1.0548603753058992,-0.002035127051469072,6529.5156095947605,5329.5156095947605,80000.0,1.0,0.18283142006834105,128726.82929587238,61537.59447109796,-1.5110672891998236e-06
260.0499999999085,upper,61617.71964819997,128811.84452039866,728.7433233934606,772.9337244305337,1062.3056875271836,1.0546365192799168,-0.0020349825854173585,6526.9370168722835,5326.9370168722835,80000.0,1.0,0.18120125079960325,128811.84452039866,61617.71964819997,-1.4992548053774748e-06
260.1599999999084,upper,61697.91802150966,128896.87472776668,729.4090061999694,773.0701028211126,1062.861647723481,1.0544126791166106,-0.0020348386390644105,6524.3584241498065,5324.3584241498065,80000.0,1.0,0.1795854561694087,128896.87472776668,61697.91802150966,-1.4875339401525462e-06
260.2699999999083,upper,61778.18964884241,128981.9199555464,730.075214782564,773.2068228585639,1063.4183608321052,1.0541888547588816,-0.0020346952111796237,6521.77983142733,5321.77983142733,80000.0,1.0,0.17798390990153629,128981.9199555464,61778.18964884241,-1.475903989792848e-06
260.3799999999082,upper,61858.53458805361,129066.98024133014,730.7419495048821,773.3438847468819,1063.9758271885664,1.0539650461497654,-0.002034552300529366,6519.201238704853,5319.201238704853,80000.0,1.0,0.17639648683329806,129066.98024133014,61858.53458805361,-1.4643642575170973e-06
260.4899999999081,upper,61938.95289703863,129152.05562273275,731.4092107310564,773.4812886902946,1064.5340471287077,1.0537412532324353,-0.002034409905877088,6516.622645982376,5316.622645982376,80000.0,1.0,0.17482306290560834,129152.05562273275,61938.95289703863,-1.452914055428067e-06
260.599999999908,upper,62019.44463373296,129237.14613739152,732.0769988257144,773.6190348932632,1065.0930209887065,1.0535174759501984,-0.002034268025982381,6514.044053259899,5314.044053259899,80000.0,1.0,0.17326351515315233,129237.14613739152,62019.44463373296,-1.4415526949766798e-06
260.7099999999079,upper,62100.009856112185,129322.25182296627,732.7453141539796,773.7571235604838,1065.652749105077,1.0532937142465006,-0.002034126659602357,6511.465460537422,5311.465460537422,80000.0,1.0,0.17171772169463792,129322.25182296627,62100.009856112185,-1.4302794961418416e-06
260.8199999999078,upper,62180.64862219213,129407.37271713934,733.4141570814718,773.8955548968868,1066.2132318146714,1.0530699680649238,-0.0020339858054909494,6508.886867814945,5308.886867814945,80000.0,1.0,0.17018556172313676,129407.37271713934,62180.64862219213,-1.419093777733715e-06
260.9299999999077,upper,62261.36099002883,129492.50885761564,734.083527974307,774.0343291076371,1066.7744694546805,1.0528462373491867,-0.002033845462398388,6506.308275092468,5306.308275092468,80000.0,1.0,0.1686669154965144,129492.50885761564,62261.36099002883,-1.4079948833027839e-06
261.0399999999076,upper,62342.14701771864,129577.66028212264,734.7534271990994,774.1734463981348,1067.3364623626367,1.0526225220431458,-0.0020337056290727867,6503.729682369991,5303.729682369991,80000.0,1.0,0.16716166432794635,129577.66028212264,62342.14701771864,-1.3969821307713911e-06
261.1499999999075,upper,62423.00676339827,129662.82702841038,735.4238551229611,774.3129069740163,1067.8992108764148,1.0523988220907958,-0.0020335663042593123,6501.151089647514,5301.151089647514,80000.0,1.0,0.16566969057651998,129662.82702841038,62423.00676339827,-1.3860548706918804e-06
261.2599999999074,upper,62503.940285244804,129748.0091342516,736.0948121135024,774.4527110411531,1068.4627153342337,1.0521751374362702,-0.002033427486700357,6498.572496925037,5298.572496925037,80000.0,1.0,0.1641908776379185,129748.0091342516,62503.940285244804,-1.3752124487097078e-06
261.3699999999073,upper,62584.94764147584,129833.20663744169,736.7662985388331,774.5928588056537,1069.0269760746585,1.0519514680238395,-0.0020332891751356284,6495.99390420256,5295.99390420256,80000.0,1.0,0.16272510993519473,129833.20663744169,62584.94764147584,-1.3644542085976636e-06
261.4799999999072,upper,62666.02889034947,129918.41957579866,737.4383147675627,774.7333504738633,1069.5919934366004,1.0517278137979142,-0.0020331513683024215,6493.415311480083,5293.415311480083,80000.0,1.0,0.16127227290962506,129918.41957579866,62666.02889034947,-1.3537795078658283e-06
261.5899999999071,upper,62747.18409016436,130003.6479871633,738.1108611688011,774.8741862523639,1070.1577677593207,1.0515041747030434,-0.002033014064935512,6490.836718757606,5290.836718757606,80000.0,1.0,0.15983225301164572,130003.6479871633,62747.18409016436,-1.3431876985611144e-06
261.699999999907,upper,62828.41329925982,130088.89190939914,738.7839381121589,775.0153663479749,1070.7242993824302,1.051280550683915,-0.002032877263766564,6488.258126035129,5288.258126035129,80000.0,1.0,0.1584049376918718,130088.89190939914,62828.41329925982,-1.3326781584681445e-06
261.8099999999069,upper,62909.71657601583,130174.15138039243,739.4575459677487,775.1568909677538,1071.291588645892,1.0510569416853568,-0.0020327409635261112,6485.679533312652,5285.679533312652,80000.0,1.0,0.15699021539219846,130174.15138039243,62909.71657601583,-1.3222502426537783e-06
261.9199999999068,upper,62991.0939788531,130259.4264380522,740.1316851061849,775.2987603189965,1071.8596358900234,1.0508333476523375,-0.0020326051629416583,6483.100940590175,5283.100940590175,80000.0,1.0,0.1555879755369823,130259.4264380522,62991.0939788531,-1.3119033348521883e-06
262.0299999999067,upper,63072.54556623318,130344.71712031038,740.8063558985849,775.440974609237,1072.4284414554959,1.0506097685299645,-0.002032469860738483,6480.522347867698,5280.522347867698,80000.0,1.0,0.15419810852429888,130344.71712031038,63072.54556623318,-1.301636808451656e-06
262.1399999999066,upper,63154.0713966584,130430.02346512163,741.481558716569,775.5835340462487,1072.9980056833383,1.0503862042634857,-0.0020323350556395196,6477.943755145221,5277.943755145221,80000.0,1.0,0.1528205057172864,130430.02346512163,63154.0713966584,-1.2914500551702026e-06
262.2499999999065,upper,63235.67152867207,130515.34551046354,742.157293932262,775.7264388380444,1073.5683289149379,1.0501626547982907,-0.0020322007463671045,6475.365162422744,5275.365162422744,80000.0,1.0,0.15145505943555934,130515.34551046354,63235.67152867207,-1.2813424529913476e-06
262.3599999999064,upper,63317.34602085841,130600.68329433662,742.8335619182924,775.8696891928765,1074.139411492041,1.0499391200799084,-0.0020320669316394803,6472.786569700267,5272.786569700267,80000.0,1.0,0.15010166294670566,130600.68329433662,63317.34602085841,-1.2713134012878513e-06
262.4699999999063,upper,63399.09493184268,130686.03685476427,743.5103630477947,776.0132853192376,1074.7112537567568,1.0497156000540095,-0.0020319336101746483,6470.20797697779,5270.20797697779,80000.0,1.0,0.1487602104578592,130686.03685476427,63399.09493184268,-1.2613622962053277e-06
262.5799999999062,upper,63480.918320291225,130771.40622979282,744.187697694409,776.157227425861,1075.2838560515568,1.049492094666406,-0.0020318007806881502,6467.629384255313,5267.629384255313,80000.0,1.0,0.1474305971073473,130771.40622979282,63480.918320291225,-1.2514885289448827e-06
262.6899999999061,upper,63562.816244911475,130856.79145749156,744.8655662322813,776.301515721721,1075.8572187192772,1.0492686038630503,-0.002031668441893221,6465.050791532836,5265.050791532836,80000.0,1.0,0.1461127189564142,130856.79145749156,63562.816244911475,-1.2416915220549803e-06
262.799999999906,upper,63644.78876445208,130942.19257595285,745.543969036064,776.4461504160325,1076.43134210312,1.0490451275900377,-0.0020315365925024447,6462.472198810359,5262.472198810359,80000.0,1.0,0.144806472981019,130942.19257595285,63644.78876445208,-1.231970678743674e-06
262.9099999999059,upper,63726.83593770291,131027.60962329204,746.2229064809184,776.5911317182532,1077.0062265466559,1.0488216657936043,-0.0020314052312262808,6459.893606087882,5259.893606087882,80000.0,1.0,0.14351175706370828,131027.60962329204,63726.83593770291,-1.2223254090983993e-06
263.0199999999058,upper,63808.957823495155,131113.0426376475,746.9023789425125,776.7364598380823,1077.5818723938248,1.0485982184201283,-0.00203127435677296,6457.315013365405,5257.315013365405,80000.0,1.0,0.14222846998556218,131113.0426376475,63808.957823495155,-1.212755147016588e-06
263.1299999999057,upper,63891.15448070134,131198.49165718077,747.5823867970244,776.8821349854614,1078.1582799889377,1.0483747854161305,-0.0020311439678501147,6454.736420642928,5254.736420642928,80000.0,1.0,0.14095651141821194,131198.49165718077,63891.15448070134,-1.2032593011679838e-06
263.2399999999056,upper,63973.425968235395,131283.95672007638,748.2629304211403,777.0281573705753,1078.7354496766775,1.048151366728274,-0.0020310140631639123,6452.157827920451,5252.157827920451,80000.0,1.0,0.13969578191593054,131283.95672007638,63973.425968235395,-1.1938373060893884e-06
263.3499999999055,upper,64055.772345052705,131369.43786454207,748.944010192057,777.174527203852,1079.3133818021024,1.0479279623033635,-0.002030884641418368,6449.579235197974,5249.579235197974,80000.0,1.0,0.13844618290779495,131369.43786454207,64055.772345052705,-1.1844886015655922e-06
263.4599999999054,upper,64138.1936701502,131454.93512880872,749.6256264874818,777.3212446959631,1079.8920767106456,1.0477045720883467,-0.002030755701317104,6447.000642475497,5247.000642475497,80000.0,1.0,0.13720761668991618,131454.93512880872,64138.1936701502,-1.1752126126041272e-06
263.5699999999053,upper,64220.69000256638,131540.4485511304,750.3077796856329,777.4683100578243,1080.4715347481178,1.0474811960303145,-0.0020306272415616055,6444.4220497530205,5244.4220497530205,80000.0,1.0,0.13597998641774484,131540.4485511304,64220.69000256638,-1.1660087921170812e-06
263.6799999999052,upper,64303.26140138136,131625.9781697844,750.9904701652404,777.6157235005962,1081.0517562607095,1.0472578340765004,-0.002030499260852925,6441.8434570305435,5241.8434570305435,80000.0,1.0,0.13476319609844029,131625.9781697844,64303.26140138136,-1.1568765812130014e-06
263.7899999999051,upper,64385.90792571694,131711.52402307125,751.6736983055468,777.7634852356841,1081.6327415949909,1.04703448617428,-0.0020303717578908677,6439.2648643080665,5239.2648643080665,80000.0,1.0,0.13355715058331133,131711.52402307125,64385.90792571694,-1.1478154198811205e-06
263.899999999905,upper,64468.62963473671,131797.08614931474,752.3574644863073,777.9115954747383,1082.2144910979146,1.0468111522711736,-0.0020302447313732285,6436.68627158559,5236.68627158559,80000.0,1.0,0.13236175556032725,131797.08614931474,64468.62963473671,-1.138824780281281e-06
264.0099999999049,upper,64551.42658764601,131882.66458686197,753.041769087791,778.0600544296551,1082.7970051168168,1.0465878323148434,-0.0020301181799981627,6434.107678863113,5234.107678863113,80000.0,1.0,0.13117691754669028,131882.66458686197,64551.42658764601,-1.1299041132829824e-06
264.1199999999048,upper,64634.298843692086,131968.25937408334,753.7266124907812,778.2088623125767,1083.3802839994198,1.0463645262530958,-0.002029992102462377,6431.529086140636,5231.529086140636,80000.0,1.0,0.13000254388148139,131968.25937408334,64634.298843692086,-1.1210528694173236e-06
264.2299999999047,upper,64717.24646216403,132053.8705493726,754.411995076576,778.3580193358922,1083.9643280938321,1.0461412340338794,-0.00202986649746053,6428.950493418159,5228.950493418159,80000.0,1.0,0.12883854271836867,132053.8705493726,64717.24646216403,-1.112270535096418e-06
264.3399999999046,upper,64800.26950239297,132139.49815114684,755.0979172269888,778.5075257122372,1084.5491377485512,1.0459179556052876,-0.0020297413636885496,6426.371900695682,5226.371900695682,80000.0,1.0,0.12768482301838216,132139.49815114684,64800.26950239297,-1.103556558538783e-06
264.4499999999045,upper,64883.368023752024,132225.14221784667,755.784379324349,778.6573816544949,1085.1347133124648,1.0456946909155571,-0.002029616699839483,6423.793307973205,5223.793307973205,80000.0,1.0,0.1265412945427517,132225.14221784667,64883.368023752024,-1.0949104391692238e-06
264.5599999999044,upper,64966.54208565642,132310.80278793606,756.4713817515029,778.8075873757963,1085.7210551348521,1.0454714399130685,-0.0020294925046072656,6421.214715250728,5221.214715250728,80000.0,1.0,0.1254078678458146,132310.80278793606,64966.54208565642,-1.0863316383174225e-06
264.6699999999043,upper,65049.79174756352,132396.47989990245,757.1589248918142,778.9581430895203,1086.308163565386,1.0452482025463452,-0.0020293687766844565,6418.636122528251,5218.636122528251,80000.0,1.0,0.12428445426798206,132396.47989990245,65049.79174756352,-1.0778196423563042e-06
264.7799999999042,upper,65133.11706897285,132482.17359225664,757.8470091291641,779.1090490092946,1086.8960389541342,1.045024978764055,-0.0020292455147628767,6416.057529805774,5216.057529805774,80000.0,1.0,0.12317096592877252,132482.17359225664,65133.11706897285,-1.069373936639969e-06
264.8899999999041,upper,65216.51810942625,132567.8839035332,758.5356348479528,779.260305348996,1087.484681651561,1.04480176851501,-0.0020291227175339294,6413.478937083297,5213.478937083297,80000.0,1.0,0.12206731571990144,132567.8839035332,65216.51810942625,-1.0609940135186083e-06
264.999999999904,upper,65299.99492850784,132653.61087229,759.2248024330993,779.4119123227505,1088.0740920085293,1.044578571748166,-0.0020290003836885844,6410.90034436082,5210.90034436082,80000.0,1.0,0.12097341729844249,132653.61087229,65299.99492850784,-1.0526793624344426e-06
265.1099999999039,upper,65383.5475858441,132739.35453710865,759.9145122700427,779.5638701449338,1088.6642703763011,1.0443553884126227,-0.002028878511917213,6408.321751638343,5208.321751638343,80000.0,1.0,0.11988918508004268,132739.35453710865,65383.5475858441,-1.0444294936806285e-06
265.2199999999038,upper,65467.176141103955,132825.1149365942,760.6047647447423,779.7161790301723,1089.2552171065404,1.044132218457624,-0.0020287571009099587,6405.743158915866,5205.743158915866,80000.0,1.0,0.11881453423220266,132825.1149365942,65467.176141103955,-1.0362438932987701e-06
265.3299999999037,upper,65550.88065399881,132910.89210937545,761.2955602436787,779.8688391933428,1089.846932551314,1.0439090618325577,-0.002028636149356729,6403.164566193389,5203.164566193389,80000.0,1.0,0.11774938066761459,132910.89210937545,65550.88065399881,-1.0281220743514998e-06
265.4399999999036,upper,65634.66118428264,132996.6860941048,761.986899153854,780.0218508495732,1090.4394170630937,1.0436859184869567,-0.002028515655946609,6400.585973470912,5200.585973470912,80000.0,1.0,0.11669364103756136,132996.6860941048,65634.66118428264,-1.0200635528259174e-06
265.5499999999035,upper,65718.51779175196,133082.4969294583,762.6787818627926,780.1752142142428,1091.0326709947567,1.043462788370496,-0.002028395619368887,6398.007380748435,5198.007380748435,80000.0,1.0,0.11564723272537701,133082.4969294583,65718.51779175196,-1.012067825844834e-06
265.6599999999034,upper,65802.45053624596,133168.32465413585,763.3712087585418,780.328929502983,1091.6266946995886,1.0432396714329972,-0.0020282760383124403,6395.428788025958,5195.428788025958,80000.0,1.0,0.11461007383996018,133168.32465413585,65802.45053624596,-1.0041344206727216e-06
265.7699999999033,upper,65886.4594776466,133254.16930686077,764.0641802296728,780.4829969316775,1092.2214885312844,1.0430165676244245,-0.0020281569114662225,6392.850195303481,5192.850195303481,80000.0,1.0,0.11358208320935582,133254.16930686077,65886.4594776466,-9.962628585665044e-07
265.8799999999032,upper,65970.54467587853,133340.03092638054,764.7576966652811,780.6374167164627,1092.8170528439507,1.0427934768948874,-0.0020280382375186244,6390.271602581004,5190.271602581004,80000.0,1.0,0.11256318037438025,133340.03092638054,65970.54467587853,-9.884526568786177e-07
265.9899999999031,upper,66054.70619090927,133425.9095514661,765.4517584549859,780.7921890737283,1093.4133879921058,1.042570399194639,-0.002027920015158364,6387.693009858527,5187.693009858527,80000.0,1.0,0.11155328558231897,133425.9095514661,66054.70619090927,-9.807033526685412e-07
266.099999999903,upper,66138.94408274922,133511.80522091236,766.1463659889338,780.9473142201178,1094.0104943306826,1.0423473344740763,-0.0020278022430743523,6385.11441713605,5185.11441713605,80000.0,1.0,0.11055231978066882,133511.80522091236,66138.94408274922,-9.730144646672248e-07
266.2099999999029,upper,66223.25841145177,133597.71797353806,766.8415196577959,781.1027923725286,1094.6083722150308,1.0421242826837416,-0.002027684919954704,6382.535824413573,5182.535824413573,80000.0,1.0,0.1095602046109435,133597.71797353806,66223.25841145177,-9.653855407454868e-07
266.3199999999028,upper,66307.64923711323,133683.64784818582,767.5372198527712,781.2586237481127,1095.2070220009166,1.0419012437743203,-0.002027568044488209,6379.957231691096,5179.957231691096,80000.0,1.0,0.10857686240253162,133683.64784818582,66307.64923711323,-9.57816112469892e-07
266.4299999999027,upper,66392.11661987302,133769.5948837221,768.2334669655852,781.4148085642765,1095.8064440445255,1.0416782176966433,-0.0020274516153639312,6377.378638968619,5177.378638968619,80000.0,1.0,0.10760221616661055,133769.5948837221,66392.11661987302,-9.503057203696919e-07
266.5399999999026,upper,66476.66061991369,133855.5591190374,768.9302613884925,781.5713470386826,1096.4066387024643,1.0414552044016843,-0.002027335631270836,6374.800046246142,5174.800046246142,80000.0,1.0,0.1066361895901151,133855.5591190374,66476.66061991369,-9.428539151480858e-07
266.6499999999025,upper,66561.28129746093,133941.54059304605,769.6276035142753,781.7282393892489,1097.0076063317615,1.0412322038405626,-0.002027220090898248,6372.221453523665,5172.221453523665,80000.0,1.0,0.1056787070297606,133941.54059304605,66561.28129746093,-9.354602344545762e-07
266.7599999999024,upper,66645.97871278366,134027.5393446865,770.3254937362461,781.8854858341497,1097.6093472898706,1.0410092159645403,-0.002027104992935188,6369.642860801188,5169.642860801188,80000.0,1.0,0.10472969350611783,134027.5393446865,66645.97871278366,-9.281242435057959e-07
266.8699999999023,upper,66730.7529261942,134113.55541292106,771.023932448247,782.043086591816,1098.2118619346695,1.0407862407250255,-0.0020269903360719656,6367.064268078711,5167.064268078711,80000.0,1.0,0.1037890746977442,134113.55541292106,66730.7529261942,-9.208454950185676e-07
266.9799999999022,upper,66815.60399804801,134199.58883673616,771.7229200446507,782.2010418809353,1098.8151506244637,1.0405632780735685,-0.0020268761189982756,6364.485675356234,5164.485675356234,80000.0,1.0,0.10285677693536525,134199.58883673616,66815.60399804801,-9.136235470847495e-07
267.0899999999021,upper,66900.53198874422,134285.63965514235,772.4224569203616,782.3593519204542,1099.419213717989,1.0403403279618646,-0.002026762340405335,6361.907082633757,5161.907082633757,80000.0,1.0,0.10193272719610684,134285.63965514235,66900.53198874422,-9.064579500239387e-07
267.199999999902,upper,66985.53695872524,134371.7079071742,773.1225434708157,782.5180169295757,1100.0240515744094,1.0401173903417524,-0.0020266489989832024,6359.3284899112805,5159.3284899112805,80000.0,1.0,0.10101685309778453,134371.7079071742,66985.53695872524,-8.993482856000192e-07
267.3099999999019,upper,67070.61896847705,134457.79363189047,773.8231800919818,782.6770371277618,1100.6296645533228,1.0398944651652156,-0.002026536093423803,6356.7498971888035,5156.7498971888035,80000.0,1.0,0.10010908289323703,134457.79363189047,67070.61896847705,-8.922941152102779e-07
267.4199999999018,upper,67155.77807852927,134543.89686837402,774.5243671803623,782.8364127347334,1101.2360530147598,1.0396715523843814,-0.0020264236224189526,6354.171304466327,5154.171304466327,80000.0,1.0,0.09920934546471742,134543.89686837402,67155.77807852927,-8.852950148433785e-07
267.5299999999017,upper,67241.0143494551,134630.01765573185,775.2261051329929,782.9961439704705,1101.8432173191864,1.0394486519515205,-0.0020263115846610494,6351.59271174385,5151.59271174385,80000.0,1.0,0.09831757031833002,134630.01765573185,67241.0143494551,-8.783505626790709e-07
267.6399999999016,upper,67326.32784187149,134716.15603309532,775.9283943474444,783.1562310552134,1102.4511578275067,1.0392257638190472,-0.0020261999788436236,6349.014119021373,5149.014119021373,80000.0,1.0,0.09743368757851614,134716.15603309532,67326.32784187149,-8.71460322837735e-07
267.7499999999015,upper,67411.7186164391,134802.31203961992,776.6312352218227,783.3166742094621,1103.0598749010621,1.0390028879395201,-0.0020260888036593232,6346.435526298896,5146.435526298896,80000.0,1.0,0.09655762798259476,134802.31203961992,67411.7186164391,-8.646238937224185e-07
267.8599999999014,upper,67497.18673386244,134888.4857144854,777.3346281547696,783.4774736539778,1103.669368901635,1.0387800242656422,-0.0020259780578039026,6343.856933576419,5143.856933576419,80000.0,1.0,0.09568932287534743,134888.4857144854,67497.18673386244,-8.57840850136297e-07
267.9699999999013,upper,67582.73225488994,134974.67709689587,778.0385735454637,783.6386296097819,1104.2796401914495,1.038557172750258,-0.0020258677399714563,6341.278340853942,5141.278340853942,80000.0,1.0,0.09482870420365266,134974.67709689587,67582.73225488994,-8.51110783606587e-07
268.0799999999012,upper,67668.35524031387,135060.88622607972,778.7430717936206,783.8001422981582,1104.8906891331726,1.0383343333463573,-0.0020257578488582983,6338.699748131465,5138.699748131465,80000.0,1.0,0.09397570451116857,135060.88622607972,67668.35524031387,-8.444332844695032e-07
268.1899999999011,upper,67754.05575097063,135147.11314128977,779.4481232994941,783.9620119406524,1105.502516089918,1.038111506007072,-0.0020256483831603473,6336.121155408988,5136.121155408988,80000.0,1.0,0.0931302569330636,135147.11314128977,67754.05575097063,-8.378079547311901e-07
268.299999999901,upper,67839.83384774055,135233.35788180312,780.1537284638766,784.124238759072,1106.115121425244,1.0378886906856786,-0.0020255393415754813,6333.542562686511,5133.542562686511,80000.0,1.0,0.09229229519079493,135233.35788180312,67839.83384774055,-8.312343846715273e-07
268.4099999999009,upper,67925.68959154817,135319.62048692143,780.8598876880997,784.286822975488,1106.728505503159,1.0376658873355955,-0.0020254307228018353,6330.963969964034,5130.963969964034,80000.0,1.0,0.09146175358693022,135319.62048692143,67925.68959154817,-8.247121705338154e-07
268.5199999999008,upper,68011.62304336217,135405.90099597056,781.5666013740346,784.4497648122347,1107.342668688121,1.0374430959103857,-0.002025322525538518,6328.385377241557,5128.385377241557,80000.0,1.0,0.0906385670000226,135405.90099597056,68011.62304336217,-8.182409266612324e-07
268.6299999999007,upper,68097.63426419544,135492.19944830105,782.273869924094,784.6130644919102,1107.9576113450391,1.037220316363755,-0.0020252147484860848,6325.80678451908,5125.80678451908,80000.0,1.0,0.08982267087952167,135492.19944830105,68097.63426419544,-8.118202517524715e-07
268.7399999999006,upper,68183.72331510524,135578.51588328788,782.9816937412313,784.7767222373767,1108.5733338392765,1.0369975486495504,-0.0020251073903449672,6323.228191796603,5123.228191796603,80000.0,1.0,0.08901400124073912,135578.51588328788,68183.72331510524,-8.054497627902496e-07
268.8499999999005,upper,68269.89025719312,135664.85034033057,783.6900732289417,784.9407382717618,1109.189836536651,1.0367747927217639,-0.0020250004498173326,6320.649599074126,5120.649599074126,80000.0,1.0,0.0882124946598546,135664.85034033057,68269.89025719312,-7.991290644468832e-07
268.9599999999004,upper,68356.13515160503,135751.20285885312,784.3990087912636,785.1051128184572,1109.8071198034365,1.036552048534529,-0.0020248939256063136,6318.071006351649,5118.071006351649,80000.0,1.0,0.08741808826896715,135751.20285885312,68356.13515160503,-7.92857775874865e-07
269.0699999999003,upper,68442.45805953143,135837.57347830423,785.1085008327783,785.2698461011211,1110.4251840063657,1.036329316042122,-0.002024787816416155,6315.492413629172,5115.492413629172,80000.0,1.0,0.08663071975119137,135837.57347830423,68442.45805953143,-7.866355144475442e-07
269.1799999999002,upper,68528.85904220733,135923.96223815723,785.8185497586117,785.4349383436776,1111.0440295126311,1.0361065951989625,-0.0020246821209518647,6312.913820906695,5112.913820906695,80000.0,1.0,0.08585032733579588,135923.96223815723,68528.85904220733,-7.804619082170817e-07
269.2899999999001,upper,68615.33816091229,136010.36917790992,786.5291559744338,785.6003897703173,1111.6636566898865,1.035883885959611,-0.0020245768379201085,6310.335228184218,5110.335228184218,80000.0,1.0,0.08507684979338932,136010.36917790992,68615.33816091229,-7.743365634723884e-07
269.3999999999,upper,68701.89547697055,136096.79433708498,787.2403198864605,785.7662006054978,1112.2840659062485,1.0356611882787714,-0.0020244719660278943,6307.756635461741,5107.756635461741,80000.0,1.0,0.08431022643114273,136096.79433708498,68701.89547697055,-7.682591309649641e-07
269.5099999998999,upper,68788.53105175107,136183.23775522964,787.9520419014533,785.9323710739445,1112.9052575302994,1.0354385021112897,-0.002024367503984265,6305.178042739264,5105.178042739264,80000.0,1.0,0.08355039708806229,136183.23775522964,68788.53105175107,-7.622292286597584e-07
269.6199999998998,upper,68875.24494666758,136269.69947191604,788.664322426721,786.0989014006506,1113.527231931087,1.0352158274121532,-0.0020242634504991836,6302.599450016787,5102.599450016787,80000.0,1.0,0.08279730213029549,136269.69947191604,68875.24494666758,-7.56246485402541e-07
269.7299999998997,upper,68962.03722317862,136356.17952674083,789.3771618701196,786.2657918108773,1114.149989478127,1.034993164136491,-0.0020241598042832322,6300.02085729431,5100.02085729431,80000.0,1.0,0.08205088244648985,136356.17952674083,68962.03722317862,-7.503105519886841e-07
269.8399999998996,upper,69048.90794278764,136442.6779593257,790.0905606400535,786.4330425301558,1114.7735305414062,1.0347705122395745,-0.0020240565640497195,6297.442264571833,5097.442264571833,80000.0,1.0,0.08131107944318224,136442.6779593257,69048.90794278764,-7.444210452203254e-07
269.9499999998995,upper,69135.85716704307,136529.19480931704,790.8045191454753,786.6006537842854,1115.397855491381,1.0345478716768166,-0.0020239537285118322,6294.863671849356,5094.863671849356,80000.0,1.0,0.08057783504023677,136529.19480931704,69135.85716704307,-7.385776220410537e-07
270.0599999998994,upper,69222.88495753832,136615.73011638614,791.519037795888,786.7686257993363,1116.0229646989817,1.034325242403771,-0.002023851296384595,6292.285079126879,5092.285079126879,80000.0,1.0,0.07985109166632147,136615.73011638614,69222.88495753832,-7.327799199445562e-07
270.1699999998993,upper,69309.99137591185,136702.28392022912,792.2341170013447,786.9369588016485,1116.648858535613,1.0341026243761333,-0.002023749266384536,6289.706486404402,5089.706486404402,80000.0,1.0,0.079130792254424,136702.28392022912,69309.99137591185,-7.270275929997418e-07
270.2799999998992,upper,69397.17648384733,136788.85626056703,792.9497571724487,787.1056530178331,1117.275537373156,1.0338800175497402,-0.002023647637229825,6287.127893681925,5087.127893681925,80000.0,1.0,0.07841688023740818,136788.85626056703,69397.17648384733,-7.213202758326405e-07
270.3899999998991,upper,69484.44034307363,136875.4471771459,793.6659587203562,787.2747086747719,1117.9030015839699,1.033657421880569,-0.002023546407639702,6284.549300959448,5084.549300959448,80000.0,1.0,0.07770929954361125,136875.4471771459,69484.44034307363,-7.15657632403095e-07
270.499999999899,upper,69571.78301536477,136962.05670973664,794.3827220567749,787.444125999619,1118.5312515408923,1.033434837324738,-0.0020234455763344303,6281.970708236971,5081.970708236971,80000.0,1.0,0.0770079945924787,136962.05670973664,69571.78301536477,-7.100393171626939e-07
270.6099999998989,upper,69659.20456254014,137048.6848981353,795.1000475939659,787.6139052198006,1119.1602876172437,1.0332122638385062,-0.0020233451420364635,6279.392115514494,5079.392115514494,80000.0,1.0,0.0763129102902383,137048.6848981353,69659.20456254014,-7.044649865540392e-07
270.7199999998988,upper,69746.70504646457,137135.33178216292,795.8179357447437,787.7840465630159,1119.7901101868265,1.0329897013782725,-0.002023245103469817,6276.8135227920175,5076.8135227920175,80000.0,1.0,0.07562399202561387,137135.33178216292,69746.70504646457,-6.98934291699715e-07
270.8299999998987,upper,69834.2845290483,137221.99740166546,796.536386922478,787.9545502572363,1120.4207196239272,1.0327671499005773,-0.0020231454593596806,6274.2349300695405,5074.2349300695405,80000.0,1.0,0.07494118566557761,137221.99740166546,69834.2845290483,-6.934469075208741e-07
270.9399999998986,upper,69921.94307224703,137308.68179651414,797.2554015410929,788.1254165307081,1121.0521163033195,1.0325446093620998,-0.0020230462084326203,6271.6563373470635,5071.6563373470635,80000.0,1.0,0.07426443755113742,137308.68179651414,69921.94307224703,-6.880024919881495e-07
271.0499999998985,upper,70009.68073806202,137395.38500660518,797.974980015069,788.2966456119509,1121.6843006002641,1.0323220797196604,-0.0020229473494172046,6269.077744624587,5069.077744624587,80000.0,1.0,0.07359369449316482,137395.38500660518,70009.68073806202,-6.82600714605559e-07
271.1599999998984,upper,70097.49758854024,137482.10707186008,798.6951227594437,788.4682377297595,1122.3172728905117,1.0320995609302184,-0.002022848881044001,6266.49915190211,5066.49915190211,80000.0,1.0,0.07292890376825709,137482.10707186008,70097.49758854024,-6.772412405435701e-07
271.2699999998983,upper,70185.39368577425,137568.84803222548,799.4158301898112,788.6401931132029,1122.9510335503037,1.031877052950873,-0.002022750802044063,6263.920559179633,5063.920559179633,80000.0,1.0,0.07227001311464062,137568.84803222548,70185.39368577425,-6.719237506326649e-07
271.3799999998982,upper,70273.36909190241,137655.6079276732,800.137102722324,788.8125119916269,1123.5855829563743,1.0316545557388621,-0.0020226531111505537,6261.341966457156,5061.341966457156,80000.0,1.0,0.07161697072810619,137655.6079276732,70273.36909190241,-6.666479144859755e-07
271.4899999998981,upper,70361.42386910885,137742.38679820026,800.8589407736936,788.9851945946526,1124.2209214859524,1.0314320692515644,-0.0020225558070991723,6258.763373734679,5058.763373734679,80000.0,1.0,0.07096972525798438,137742.38679820026,70361.42386910885,-6.614134088549568e-07
271.599999999898,upper,70449.55807962363,137829.18468382905,801.5813447611907,789.1582411521778,1124.857049516763,1.031209593446496,-0.0020224588886258023,6256.184781012202,5056.184781012202,80000.0,1.0,0.07032822580315244,137829.18468382905,70449.55807962363,-6.562199263100916e-07
271.7099999998979,upper,70537.77178572264,137916.0016246072,802.3043151026462,789.3316518943776,1125.4939674270286,1.0309871282813132,-0.0020223623544697164,6253.606188289725,5053.606188289725,80000.0,1.0,0.06969242190808111,137916.0016246072,70537.77178572264,-6.510671314068507e-07
271.8199999998978,upper,70626.06504972787,138002.83766060768,803.0278522164526,789.5054270517044,1126.131675595471,1.0307646737138108,-0.002022266203371241,6251.027595567248,5051.027595567248,80000.0,1.0,0.06906226355891378,138002.83766060768,70626.06504972787,-6.459547154404905e-07
271.9299999998977,upper,70714.43793400728,138089.6928319289,803.7519565215632,789.6795668548887,1126.7701744013132,1.0305422297019209,-0.0020221704340719314,6248.449002844771,5048.449002844771,80000.0,1.0,0.06843770117958094,138089.6928319289,70714.43793400728,-6.408823701539496e-07
272.0399999998976,upper,70802.89050097499,138176.56717869462,804.4766284374946,789.8540715349394,1127.4094642242808,1.0303197962037147,-0.0020220750453155173,6245.870410122294,5045.870410122294,80000.0,1.0,0.06781868562795179,138176.56717869462,70802.89050097499,-6.358497870461691e-07
272.1499999998975,upper,70891.4228130913,138263.46074105392,805.2018683843256,790.0289413231446,1128.0495454446038,1.030097373177402,-0.0020219800358485087,6243.291817399817,5043.291817399817,80000.0,1.0,0.0672051681920167,138263.46074105392,70891.4228130913,-6.308566427680376e-07
272.2599999998974,upper,70980.03493286273,138350.37355918152,805.9276767826999,790.2041764510723,1128.690418443019,1.0298749605813298,-0.0020218854044175712,6240.71322467734,5040.71322467734,80000.0,1.0,0.06659710058610384,138350.37355918152,70980.03493286273,-6.259026466114401e-07
272.3699999998973,upper,71068.72692284215,138437.30567327747,806.6540540538252,790.3797771505696,1129.3320836007697,1.0296525583739826,-0.0020217911497726186,6238.134631954863,5038.134631954863,80000.0,1.0,0.06599443494713353,138437.30567327747,71068.72692284215,-6.209874913399726e-07
272.4799999998972,upper,71157.49884562871,138524.25712356745,807.3810006194749,790.5557436537647,1129.974541299609,1.0294301665139824,-0.00202169727066437,6235.556039232386,5035.556039232386,80000.0,1.0,0.06539712383089988,138524.25712356745,71157.49884562871,-6.161108790938685e-07
272.5899999998971,upper,71246.35076386802,138611.22795030262,808.108516901988,790.7320761930669,1130.617791921801,1.0292077849600894,-0.0020216037658466546,6232.977446509909,5032.977446509909,80000.0,1.0,0.06480512020839121,138611.22795030262,71246.35076386802,-6.11272504462472e-07
272.699999999897,upper,71335.28274025225,138698.21819375976,808.8366033242711,790.9087750011668,1131.261835850123,1.0289854136711996,-0.00202151063407405,6230.398853787432,5030.398853787432,80000.0,1.0,0.06421837746213893,138698.21819375976,71335.28274025225,-6.064720771759354e-07
272.8099999998969,upper,71424.29483752002,138785.22789424125,809.5652603097978,791.0858403110369,1131.9066734678659,1.0287630526063465,-0.0020214178741039517,6227.820261064955,5027.820261064955,80000.0,1.0,0.06363684938260132,138785.22789424125,71424.29483752002,-6.01709305698246e-07
272.9199999998968,upper,71513.38711845661,138872.25709207513,810.2944882826101,791.2632723559324,1132.552305158837,1.0285407017247001,-0.0020213254846959887,6225.241668342478,5025.241668342478,80000.0,1.0,0.06306049016457811,138872.25709207513,71513.38711845661,-5.969838790319628e-07
273.0299999998967,upper,71602.55964589397,138959.30582761508,811.0242876673196,791.4410713693915,1133.1987313073614,1.028318360985567,-0.002021233464610104,6222.663075620001,5022.663075620001,80000.0,1.0,0.062489254403658684,138959.30582761508,71602.55964589397,-5.922955329412232e-07
273.1399999998966,upper,71691.81248271078,139046.3741412405,811.7546588891071,791.6192375852359,1133.8459522982832,1.0280960303483895,-0.0020211418126101412,6220.084482897524,5020.084482897524,80000.0,1.0,0.061923097092699504,139046.3741412405,71691.81248271078,-5.876439629878003e-07
273.2499999998965,upper,71781.14569183256,139133.46207335652,812.4856023737244,791.7977712375714,1134.493968516968,1.027873709772746,-0.002021050527461071,6217.505890175047,5017.505890175047,80000.0,1.0,0.06136197361833412,139133.46207335652,71781.14569183256,-5.830288921096809e-07
273.3599999998964,upper,71870.55933623161,139220.56966439402,813.2171185474945,791.976672560788,1135.1427803493036,1.027651399218351,-0.0020209596079302176,6214.92729745257,5014.92729745257,80000.0,1.0,0.06080583975751555,139220.56966439402,71870.55933623161,-5.78450032183732e-07
273.4699999998963,upper,71960.05347892726,139307.6969548097,813.9492078373123,792.155941789561,1135.7923881817023,1.0274290986450534,-0.0020208690527863207,6212.348704730093,5012.348704730093,80000.0,1.0,0.06025465167408575,139307.6969548097,71960.05347892726,-5.739071085789457e-07
273.5799999998962,upper,72049.62818298578,139394.84398508622,814.6818706706459,792.3355791588513,1136.4427924011025,1.0272068080128391,-0.002020778860801148,6209.770112007616,5009.770112007616,80000.0,1.0,0.0597083659153784,139394.84398508622,72049.62818298578,-5.693998364495894e-07
273.6899999998961,upper,72139.28351152047,139482.01079573177,815.4151074755372,792.5155849039052,1137.0939933949703,1.0269845272818283,-0.0020206890307481215,6207.191519285139,5007.191519285139,80000.0,1.0,0.05916693940885358,139482.01079573177,72139.28351152047,-5.649279449591275e-07
273.799999999896,upper,72229.01952769175,139569.19742728077,816.1489186806016,792.6959592602564,1137.7459915513011,1.0267622564122754,-0.002020599561402593,6204.612926562662,5004.612926562662,80000.0,1.0,0.05863032945875514,139569.19742728077,72229.01952769175,-5.604911579281307e-07
273.9099999998959,upper,72318.83629470726,139656.4039202934,816.8833047150307,792.8767024637257,1138.398787258622,1.0265399953645693,-0.0020205104515427876,6202.034333840185,5002.034333840185,80000.0,1.0,0.05809849374280719,139656.4039202934,72318.83629470726,-5.56089194724975e-07
274.0199999998958,upper,72408.73387582188,139743.63031535587,817.618266008591,793.0578147504207,1139.0523809059912,1.0263177440992344,-0.0020204216999480822,6199.455741117708,4999.455741117708,80000.0,1.0,0.05757139030893239,139743.63031535587,72408.73387582188,-5.517217911800443e-07
274.1299999998957,upper,72498.71233433776,139830.87665308022,818.3538029916267,793.2392963567378,1139.7067728830036,1.0260955025769283,-0.0020203333054006683,6196.877148395231,4996.877148395231,80000.0,1.0,0.057048977572004306,139830.87665308022,72498.71233433776,-5.473886852556975e-07
274.2399999998956,upper,72588.77173360446,139918.14297410476,819.0899160950586,793.4211475193615,1140.3619635797884,1.0258732707584424,-0.00202024526668465,6194.298555672754,4994.298555672754,80000.0,1.0,0.05653121431062373,139918.14297410476,72588.77173360446,-5.430896034666421e-07
274.3499999998955,upper,72678.91213701892,140005.42931909362,819.8266057503859,793.6033684752659,1141.0179533870128,1.025651048604702,-0.002020157582586636,6191.7199629502775,4991.7199629502775,80000.0,1.0,0.056018059663929205,140005.42931909362,72678.91213701892,-5.388242826328513e-07
274.4599999998954,upper,72769.13360802563,140092.73572873714,820.5638723896869,793.7859594617144,1141.674742695884,1.025428836076766,-0.0020200702518953324,6189.1413702278005,4989.1413702278005,80000.0,1.0,0.05550947312843143,140092.73572873714,72769.13360802563,-5.345924643538437e-07
274.5699999998953,upper,72859.4362101166,140180.06224375177,821.3017164456202,793.9689207162605,1142.3323318981502,1.025206633135826,-0.0020199832734017317,6186.5627775053235,4986.5627775053235,80000.0,1.0,0.05500541455487779,140180.06224375177,72859.4362101166,-5.303938807454966e-07
274.6799999998952,upper,72949.8200068315,140267.40890488,822.0401383514242,794.1522524767489,1142.9907213861022,1.024984439743207,-0.002019896645898726,6183.984184782847,4983.984184782847,80000.0,1.0,0.05450584414514451,140267.40890488,72949.8200068315,-5.262282820927394e-07
274.7899999998951,upper,73040.28506175765,140354.77575289062,822.7791385409188,794.3359549813149,1143.6499115525755,1.0247622558603657,-0.0020198103681822624,6181.40559206037,4981.40559206037,80000.0,1.0,0.05401072244915524,140354.77575289062,73040.28506175765,-5.220954047682714e-07
274.899999999895,upper,73130.83143853015,140442.16282857858,823.518717448506,794.5200284683856,1144.3099027909514,1.0245400814488925,-0.0020197244390498443,6178.826999337893,4978.826999337893,80000.0,1.0,0.05352001036182874,140442.16282857858,73130.83143853015,-5.179950022694423e-07
275.0099999998949,upper,73221.45920083192,140529.57017276512,824.2588755091707,794.704473176681,1144.9706954951591,1.0243179164705085,-0.002019638857301483,6176.248406615416,4976.248406615416,80000.0,1.0,0.05303366912005203,140529.57017276512,73221.45920083192,-5.139268129005225e-07
275.1199999998948,upper,73312.16841239376,140616.99782629768,824.9996131584817,794.8892893452132,1145.632290059678,1.0240957608870678,-0.002019553621739606,6173.669813892939,4973.669813892939,80000.0,1.0,0.05255166029968148,140616.99782629768,73312.16841239376,-5.098905943808969e-07
275.2299999998947,upper,73402.95913699437,140704.44583005004,825.7409308325919,795.0744772132878,1146.294686879538,1.0238736146605556,-0.0020194687311690506,6171.091221170462,4971.091221170462,80000.0,1.0,0.0520739458125701,140704.44583005004,73402.95913699437,-5.05886097100546e-07
275.3399999998946,upper,73493.83143846053,140791.91422492237,826.4828289682397,795.2600370205041,1146.957886350322,1.023651477753088,-0.0020193841843963063,6168.512628447985,4968.512628447985,80000.0,1.0,0.05160048790362021,140791.91422492237,73493.83143846053,-5.019130786695833e-07
275.4499999998945,upper,73584.78538066702,140879.40305184113,827.2253080027497,795.4459690067557,1147.6218888681674,1.0234293501269127,-0.0020192999802313657,6165.934035725508,4965.934035725508,80000.0,1.0,0.05113124914786433,140879.40305184113,73584.78538066702,-4.979712786226779e-07
275.5599999998944,upper,73675.82102753682,140966.91235175927,827.9683683740328,795.6322734122317,1148.2866948297687,1.0232072317444085,-0.002019216117485645,6163.355443003031,4963.355443003031,80000.0,1.0,0.05066619244757025,140966.91235175927,73675.82102753682,-4.940604710824293e-07
275.6699999998943,upper,73766.93844304106,141054.44216565607,828.712010520588,795.8189504774159,1148.9523046323773,1.0229851225680848,-0.002019132594973902,6160.776850280554,4960.776850280554,80000.0,1.0,0.05020528102937225,141054.44216565607,73766.93844304106,-4.901804024828027e-07
275.7799999998942,upper,73858.13769119921,141141.99253453733,829.4562348815025,796.0060004430883,1149.6187186738046,1.0227630225605806,-0.002019049411511616,6158.198257558077,4958.198257558077,80000.0,1.0,0.049748478441427046,141141.99253453733,73858.13769119921,-4.863308484352535e-07
275.8899999998941,upper,73949.418836079,141229.5634994354,830.201041896453,796.1934235503252,1150.2859373524236,1.0225409316846659,-0.0020189665659189125,6155.6196648356,4955.6196648356,80000.0,1.0,0.0492957485505967,141229.5634994354,73949.418836079,-4.825115590282973e-07
275.999999999894,upper,74040.78194179658,141317.15510140912,830.946432005706,796.3812200405004,1150.9539610671702,1.0223188499032392,-0.0020188840570167445,6153.041072113123,4953.041072113123,80000.0,1.0,0.04884705553965401,141317.15510140912,74040.78194179658,-4.787222999820236e-07
276.1099999998939,upper,74132.22707251654,141404.7673815439,831.6924056501185,796.5693901552849,1151.6227902175451,1.0220967771793297,-0.0020188018836286795,6150.462479390646,4950.462479390646,80000.0,1.0,0.04840236390451532,141404.7673815439,74132.22707251654,-4.749628437539493e-07
276.2199999998938,upper,74223.75429245208,141492.4003809517,832.4389632711403,796.7579341366475,1152.2924252036153,1.0218747134760948,-0.002018720044581187,6147.883886668169,4947.883886668169,80000.0,1.0,0.047961638451495966,141492.4003809517,74223.75429245208,-4.712329504835179e-07
276.3299999998937,upper,74315.36366586488,141580.05414077127,833.1861053108123,796.9468522268561,1152.9628664260156,1.021652658756822,-0.00201863853870265,6145.305293945692,4945.305293945692,80000.0,1.0,0.047524844294589294,141580.05414077127,74315.36366586488,-4.6753240578247304e-07
276.4399999998936,upper,74407.05525706535,141667.72870216783,833.9338322117694,797.1361446684776,1153.6341142859515,1.0214306129849267,-0.0020185573648246117,6142.726701223215,4942.726701223215,80000.0,1.0,0.047091946852773264,141667.72870216783,74407.05525706535,-4.638609611953967e-07
276.5499999998935,upper,74498.82913041263,141755.42410633343,834.6821444172406,797.3258117043787,1154.3061691851992,1.0212085761239535,-0.002018476521780848,6140.148108500738,4940.148108500738,80000.0,1.0,0.04666291184733667,141755.42410633343,74498.82913041263,-4.6021840391484053e-07
276.6599999998934,upper,74590.6853503146,141843.14039448684,835.4310423710496,797.5158535777257,1154.9790315261082,1.0209865481375746,-0.002018396008407489,6137.569515778261,4937.569515778261,80000.0,1.0,0.046237705299231435,141843.14039448684,74590.6853503146,-4.566045000087759e-07
276.7699999998933,upper,74682.623981228,141930.87760787347,836.1805265176158,797.7062705319868,1155.6527017116034,1.0207645289895897,-0.0020183158235426253,6134.990923055784,4934.990923055784,80000.0,1.0,0.045816293526448906,141930.87760787347,74682.623981228,-4.530190457223708e-07
276.8799999998932,upper,74774.64508765851,142018.63578776576,836.9305973019553,797.8970628109305,1156.327180145186,1.0205425186439268,-0.0020182359660285607,6132.412330333307,4932.412330333307,80000.0,1.0,0.04539864314141592,142018.63578776576,74774.64508765851,-4.4946178862287153e-07
276.9899999998931,upper,74866.7487341608,142106.41497546274,837.6812551696818,798.0882306586276,1157.0024672309355,1.0203205170646406,-0.0020181564347078345,6129.83373761083,4929.83373761083,80000.0,1.0,0.04498472104841898,142106.41497546274,74866.7487341608,-4.459325351332119e-07
277.099999999893,upper,74958.93498533861,142194.2152122905,838.4325005670062,798.2797743194511,1157.6785633735112,1.0200985242159142,-0.0020180772284274394,6127.255144888353,4927.255144888353,80000.0,1.0,0.04457449444104597,142194.2152122905,74958.93498533861,-4.4243105690806764e-07
277.2099999998929,upper,75051.20390584471,142282.03653960183,839.1843339407394,798.4716940380772,1158.355468978154,1.0198765400620553,-0.0020179983460360622,6124.676552165876,4924.676552165876,80000.0,1.0,0.04416793079965543,142282.03653960183,75051.20390584471,-4.389571329074128e-07
277.3199999998928,upper,75143.55556038108,142369.87899877664,839.9367557382922,798.6639900594856,1159.0331844506893,1.0196545645675006,-0.002017919786384902,6122.097959443399,4922.097959443399,80000.0,1.0,0.04376499788886343,142369.87899877664,75143.55556038108,-4.3551055810058757e-07
277.4299999998927,upper,75235.99001369906,142457.74263122166,840.689766407675,798.8566626289598,1159.7117101975261,1.0194325976968106,-0.002017841548327655,6119.519366720922,4919.519366720922,80000.0,1.0,0.043365663755056134,142457.74263122166,75235.99001369906,-4.3209111889493926e-07
277.5399999998926,upper,75328.50733059915,142545.6274783707,841.443366397501,799.0497119920885,1160.3910466256618,1.0192106394146734,-0.0020177636307212444,6116.940773998445,4916.940773998445,80000.0,1.0,0.0429698967239234,142545.6274783707,75328.50733059915,-4.286985943044647e-07
277.6499999998925,upper,75421.10757593135,142633.5335816847,842.197556156985,799.2431383947646,1161.071194142681,1.0189886896859022,-0.002017686032424362,6114.362181275968,4914.362181275968,80000.0,1.0,0.04257766539801243,142633.5335816847,75421.10757593135,-4.253327864906843e-07
277.7599999998924,upper,75513.79081459505,142721.46098265142,842.9523361359447,799.4369420831872,1161.7521531567584,1.0187667484754355,-0.0020176087522987707,6111.783588553491,4911.783588553491,80000.0,1.0,0.04218893865430719,142721.46098265142,75513.79081459505,-4.219934808403803e-07
277.8699999998923,upper,75606.55711153915,142809.40972278584,843.7077067848026,799.6311233038617,1162.4339240766617,1.0185448157483366,-0.002017531789208853,6109.2049958310145,4909.2049958310145,80000.0,1.0,0.0418036856418241,142809.40972278584,75606.55711153915,-4.1868046648869855e-07
277.9799999998922,upper,75699.40653176214,142897.37984363013,844.4636685545855,799.8256823036004,1163.1165073117518,1.0183228914697944,-0.0020174551420211163,6106.6264031085375,4906.6264031085375,80000.0,1.0,0.04142187577923266,142897.37984363013,75699.40653176214,-4.1539354743423723e-07
278.0899999998921,upper,75792.33914031216,142985.3713867536,845.2202218969263,800.0206193295226,1163.7999032719854,1.0181009756051214,-0.0020173788096055894,6104.0478103860605,4904.0478103860605,80000.0,1.0,0.04104347875249506,142985.3713867536,75792.33914031216,-4.1213251082683484e-07
278.199999999892,upper,75885.35500228706,143073.3843937527,845.9773672640641,800.2159346290558,1164.4841123679148,1.0178790681197551,-0.0020173027908337035,6101.469217663584,4901.469217663584,80000.0,1.0,0.040668464512528334,143073.3843937527,75885.35500228706,-4.088971673384622e-07
278.3099999998919,upper,75978.45418283442,143161.41890625114,846.7351051088458,800.4116284499361,1165.169135010693,1.0176571689792562,-0.002017227084579987,6098.890624941107,4898.890624941107,80000.0,1.0,0.040296803272885866,143161.41890625114,75978.45418283442,-4.056873147051165e-07
278.4199999998918,upper,76071.63674715179,143249.47496589992,847.4934358847262,800.6077010402084,1165.8549716120724,1.01743527814931,-0.0020171516897230677,6096.31203221863,4896.31203221863,80000.0,1.0,0.03992846550745912,143249.47496589992,76071.63674715179,-4.025027367842723e-07
278.5299999998917,upper,76164.9027604865,143337.55261437737,848.2523600457693,800.8041526482273,1166.5416225844078,1.017213395595724,-0.0020170766051418954,6093.733439496153,4893.733439496153,80000.0,1.0,0.03956342194820109,143337.55261437737,76164.9027604865,-3.9934325492088673e-07
278.6399999998916,upper,76258.25228813596,143425.651893389,849.0118780466489,801.0009835226575,1167.2290883406574,1.0169915212844296,-0.0020170018297193766,6091.154846773676,4891.154846773676,80000.0,1.0,0.039201643582869074,143425.651893389,76258.25228813596,-3.9620866598642487e-07
278.7499999998915,upper,76351.68539544761,143513.77284466792,849.7719903426499,801.1981939124743,1167.9173692943862,1.0167696551814807,-0.002016927362340672,6088.576254051199,4888.576254051199,80000.0,1.0,0.03884310165278594,143513.77284466792,76351.68539544761,-3.9309878402139523e-07
278.8599999998914,upper,76445.20214781891,143601.91550997444,850.532697389669,801.3957840669646,1168.6064658597654,1.0165477972530534,-0.002016853201894524,6085.997661328722,4885.997661328722,80000.0,1.0,0.03848776765062439,143601.91550997444,76445.20214781891,-3.900134011845959e-07
278.9699999998913,upper,76538.80261069763,143690.0799310965,851.293999644215,801.593754235727,1169.2963784515764,1.016325947465447,-0.0020167793472707428,6083.419068606245,4883.419068606245,80000.0,1.0,0.038135613318207154,143690.0799310965,76538.80261069763,-3.8695233749007777e-07
279.0799999998912,upper,76632.48684958169,143778.26614984934,852.0558975634104,801.7921046686727,1169.9871074852101,1.0161041057850806,-0.002016705797363034,6080.840475883768,4880.840475883768,80000.0,1.0,0.03778661064432964,143778.26614984934,76632.48684958169,-3.8391540119503845e-07
279.1899999998911,upper,76726.25493001936,143866.47420807582,852.8183916049919,801.9908356160254,1170.678653376671,1.0158822721784966,-0.0020166325510671585,6078.261883161291,4878.261883161291,80000.0,1.0,0.03744073186259971,143866.47420807582,76726.25493001936,-3.809024025185694e-07
279.299999999891,upper,76820.10691760937,143954.70414764626,853.5814822273118,802.1899473283227,1171.3710165425775,1.0156604466123589,-0.0020165596072821436,6075.683290438814,4875.683290438814,80000.0,1.0,0.03709794944929752,143954.70414764626,76820.10691760937,-3.779131548725371e-07
279.4099999998909,upper,76914.04287800082,144042.95601045867,854.3451698893374,802.3894400564166,1172.064197400164,1.0154386290534516,-0.002016486964909544,6073.104697716337,4873.104697716337,80000.0,1.0,0.036758236121253604,144042.95601045867,76914.04287800082,-3.749474779368783e-07
279.5199999998908,upper,77008.06287689335,144131.22983843854,855.1094550506539,802.589314051473,1172.758196367282,1.0152168194686788,-0.0020164146228531295,6070.52610499386,4870.52610499386,80000.0,1.0,0.03642156483374656,144131.22983843854,77008.06287689335,-3.7200517397852266e-07
279.6299999998907,upper,77102.16698003716,144219.525673539,855.8743381714636,802.7895695649742,1173.4530138624032,1.014995017825066,-0.002016342580019646,6067.947512271383,4867.947512271383,80000.0,1.0,0.03608790877841849,144219.525673539,77102.16698003716,-3.690860753330279e-07
279.7399999998906,upper,77196.35525323317,144307.84355774103,856.639819712588,802.9902068487171,1174.1486503046199,1.0147732240897593,-0.0020162708353189097,6065.368919548906,4865.368919548906,80000.0,1.0,0.03575724138120836,144307.84355774103,77196.35525323317,-3.6618999304565635e-07
279.8499999998905,upper,77290.62776233294,144396.18353305318,857.4059001354675,803.191226154816,1174.8451061136477,1.0145514382300238,-0.0020161993876632854,6062.790326826429,4862.790326826429,80000.0,1.0,0.03542953630030543,144396.18353305318,77290.62776233294,-3.6331675015648485e-07
279.9599999998904,upper,77384.9845732389,144484.54564151182,858.1725799021636,803.392627735702,1175.5423817098267,1.0143296602132439,-0.002016128235967768,6060.211734103952,4860.211734103952,80000.0,1.0,0.03510476742411847,144484.54564151182,77384.9845732389,-3.6046616314858626e-07
280.0699999998903,upper,77479.42575190432,144572.929925181,858.9398594753585,803.5944118441231,1176.2404775141224,1.0141078900069234,-0.002016057379149727,6057.633141381475,4857.633141381475,80000.0,1.0,0.03478290886926488,144572.929925181,77479.42575190432,-3.5763806321331067e-07
280.1799999998902,upper,77573.95136433336,144661.33642615282,859.7077393183567,803.7965787331462,1176.9393939481295,1.013886127578686,-0.002015986816129943,6055.054548658998,4855.054548658998,80000.0,1.0,0.03446393497857506,144661.33642615282,77573.95136433336,-3.548322728639849e-07
280.2899999998901,upper,77668.56147658126,144749.76518654692,860.4762198950863,803.9991286561569,1177.6391314340724,1.0136643728962722,-0.0020159165458319126,6052.475955936521,4852.475955936521,80000.0,1.0,0.03414782031911826,144749.76518654692,77668.56147658126,-3.5204860458768797e-07
280.39999999989,upper,77763.25615475423,144838.2162485111,861.2453016700991,804.2020618668597,1178.3396903948067,1.0134426259275429,-0.002015846567181377,6049.897363214044,4849.897363214044,80000.0,1.0,0.033834539680240784,144838.2162485111,77763.25615475423,-3.4928690574645146e-07
280.5099999998899,upper,77858.03546500969,144926.68965422089,862.0149851085715,804.4053786192794,1179.0410712538207,1.0132208866404746,-0.002015776879107039,6047.318770491567,4847.318770491567,80000.0,1.0,0.03352406807162623,144926.68965422089,77858.03546500969,-3.465469937523596e-07
280.6199999998898,upper,77952.8994735562,145015.1854458799,862.7852706763059,804.6090791677609,1179.7432744352386,1.0129991550031632,-0.0020157074805401756,6044.74017776909,4844.74017776909,80000.0,1.0,0.03321638072136892,145015.1854458799,77952.8994735562,-3.438286957583052e-07
280.7299999998897,upper,78047.84824665364,145103.70366571972,863.5561588397312,804.8131637669703,1180.4463003638205,1.0127774309838216,-0.00201563837041541,6042.161585046613,4842.161585046613,80000.0,1.0,0.032911453074067405,145103.70366571972,78047.84824665364,-3.4113185035616716e-07
280.8399999998896,upper,78142.88185061324,145192.2443559999,864.3276500659043,805.0176326718955,1181.1501494649658,1.012555714550779,-0.0020155695476692425,6039.582992324136,4839.582992324136,80000.0,1.0,0.03260926078893257,145192.2443559999,78142.88185061324,-3.3845629071028696e-07
280.9499999998895,upper,78238.00035179757,145280.80755900816,865.0997448225102,805.2224861378464,1181.8548221647134,1.0123340056724832,-0.002015501011242285,6037.004399601659,4837.004399601659,80000.0,1.0,0.03230977973791333,145280.80755900816,78238.00035179757,-3.358018375147913e-07
281.0599999998894,upper,78333.2038166208,145369.3933170602,865.8724435778631,805.4277244204561,1182.5603188897444,1.0121123043174962,-0.0020154327600762733,6034.425806879182,4834.425806879182,80000.0,1.0,0.03201298600383945,145369.3933170602,78333.2038166208,-3.331683388538901e-07
281.1699999998893,upper,78428.49231154853,145458.0016725,866.6457468009081,805.6333477756808,1183.2666400673834,1.011890610454498,-0.0020153647931167927,6031.847214156705,4831.847214156705,80000.0,1.0,0.03171885587857836,145458.0016725,78428.49231154853,-3.3055562548771445e-07
281.2799999998892,upper,78523.86590309802,145546.63266769954,867.4196549612212,805.8393564598007,1183.9737861256008,1.0116689240522834,-0.0020152971093119836,6029.268621434228,4829.268621434228,80000.0,1.0,0.03142736586121161,145546.63266769954,78523.86590309802,-3.279635301980125e-07
281.3899999998891,upper,78619.32465783828,145635.28634505923,868.1941685290103,806.0457507294208,1184.6817574930135,1.011447245079763,-0.0020152297076128285,6026.690028711751,4826.690028711751,80000.0,1.0,0.03113849265622369,145635.28634505923,78619.32465783828,-3.2539190346128885e-07
281.499999999889,upper,78714.86864238998,145723.96274700758,868.9692879751166,806.252530841471,1185.3905545988875,1.011225573505963,-0.002015162586972687,6024.1114359892745,4824.1114359892745,80000.0,1.0,0.03085221317171011,145723.96274700758,78714.86864238998,-3.228405781093382e-07
281.6099999998889,upper,78810.49792342565,145812.66191600135,869.7450137710154,806.4596970532073,1186.1001778731402,1.0110039093000245,-0.0020150957463485218,6021.5328432667975,4821.5328432667975,80000.0,1.0,0.030568504517599123,145812.66191600135,78810.49792342565,-3.203093924932085e-07
281.7199999998888,upper,78906.21256766972,145901.38389452573,870.5213463888166,806.6672496222119,1186.81062774634,1.0107822524312022,-0.0020150291846990033,6018.9542505443205,4818.9542505443205,80000.0,1.0,0.0302873440038894,145901.38389452573,78906.21256766972,-3.177981945917468e-07
281.8299999998887,upper,79002.01264189863,145990.12872509417,871.2982863012659,806.875188806394,1187.5219046497107,1.0105606028688672,-0.002014962900986864,6016.375657821844,4816.375657821844,80000.0,1.0,0.030008709138904136,145990.12872509417,79002.01264189863,-3.1530681856872554e-07
281.9399999998886,upper,79097.89821294084,146078.89645024855,872.075833981746,807.0835148639904,1188.2340090151313,1.0103389605825026,-0.0020148968941765947,6013.797065099367,4813.797065099367,80000.0,1.0,0.0297325776275593,146078.89645024855,79097.89821294084,-3.1283512262528896e-07
282.0499999998885,upper,79193.86934767682,146167.68711255913,872.8539899042773,807.2922280535661,1188.9469412751382,1.010117325541706,-0.002014831163235893,6011.21847237689,4811.21847237689,80000.0,1.0,0.029458927369647992,146167.68711255913,79193.86934767682,-3.103829432509587e-07
282.1599999998884,upper,79289.92611303934,146256.50075462466,873.6327545435183,807.5013286340147,1189.660701862928,1.0098956977161881,-0.0020147657071345935,6008.639879654413,4808.639879654413,80000.0,1.0,0.029187736458139518,146256.50075462466,79289.92611303934,-3.079501360675539e-07
282.2699999998883,upper,79386.06857601342,146345.33741907246,874.4121283747677,807.7108168645597,1190.3752912123578,1.0096740770757735,-0.0020147005248469774,6006.061286931936,4806.061286931936,80000.0,1.0,0.028918983177492873,146345.33741907246,79386.06857601342,-3.055365320045554e-07
282.3799999998882,upper,79482.29680363632,146434.19714855825,875.1921118739641,807.9206930047538,1191.0907097579475,1.0094524635903992,-0.0020146356153481963,6003.482694209459,4803.482694209459,80000.0,1.0,0.02865264600198679,146434.19714855825,79482.29680363632,-3.031420074042329e-07
282.4899999998881,upper,79578.61086299768,146523.07998576638,875.9727055176883,808.1309573144811,1191.8069579348823,1.009230857230115,-0.0020145709776183017,6000.904101486982,4800.904101486982,80000.0,1.0,0.028388703594062085,146523.07998576638,79578.61086299768,-3.007663839880385e-07
282.599999999888,upper,79675.01082123967,146611.98597340984,876.7539097831625,808.341610053956,1192.524036179013,1.0090092579650811,-0.0020145066106377484,5998.325508764505,4798.325508764505,80000.0,1.0,0.028127134802680243,146611.98597340984,79675.01082123967,-2.984095343804694e-07
282.7099999998879,upper,79771.49674555694,146700.91515423023,877.5357251482525,808.5526514837258,1193.2419449268587,1.0087876657655717,-0.0020144425133913303,5995.746916042028,4795.746916042028,80000.0,1.0,0.027867918661696106,146700.91515423023,79771.49674555694,-2.960713098919363e-07
282.8199999998878,upper,79868.06870319681,146789.86757099777,878.318152091469,808.7640818646692,1193.9606846156091,1.0085660806019718,-0.00201437868486708,5993.168323319551,4793.168323319551,80000.0,1.0,0.027611034388244683,146789.86757099777,79868.06870319681,-2.937515488710802e-07
282.9299999998877,upper,79964.72676145917,146878.8432665116,879.1011910919666,808.9759014579981,1194.6802556831242,1.0083445024447768,-0.0020143151240539347,5990.589730597074,4790.589730597074,80000.0,1.0,0.02735646138114126,146878.8432665116,79964.72676145917,-2.9145012749855164e-07
283.0399999998876,upper,80061.47098769671,146967.8422835993,879.8848426295475,809.1881105252586,1195.4006585679388,1.0081229312645945,-0.0020142518299457565,5988.011137874597,4788.011137874597,80000.0,1.0,0.02710417921929788,146967.8422835993,80061.47098769671,-2.8916688308218455e-07
283.1499999998875,upper,80158.30144931492,147056.86466511746,880.6691071846604,809.4007093283305,1196.1218937092622,1.007901367032143,-0.0020141888015380214,5985.43254515212,4785.43254515212,80000.0,1.0,0.02685416766015116,147056.86466511746,80158.30144931492,-2.869016806484172e-07
283.2599999998874,upper,80255.21821377224,147145.9104539515,881.4539852384016,809.6136981294288,1196.8439615469806,1.0076798097182496,-0.0020141260378291424,5982.853952429643,4782.853952429643,80000.0,1.0,0.026606406638104995,147145.9104539515,80255.21821377224,-2.8465438697484786e-07
283.3699999998873,upper,80352.22134857999,147234.97969301554,882.2394772725173,809.8270771911037,1197.5668625216592,1.0074582592938524,-0.002014063537820574,5980.275359707166,4780.275359707166,80000.0,1.0,0.02636087626298802,147234.97969301554,80352.22134857999,-2.8242484859408204e-07
283.4799999998872,upper,80449.31092130247,147324.0724252527,883.0255837694027,810.0408467762418,1198.2905970745433,1.0072367157299997,-0.0020140013005168294,5977.696766984689,4777.696766984689,80000.0,1.0,0.026117556818522052,147324.0724252527,80449.31092130247,-2.8021293472379897e-07
283.5899999998871,upper,80546.48699955722,147413.1886936351,883.8123052121048,810.2550071480657,1199.0151656475605,1.007015178997848,-0.002013939324924532,5975.118174262212,4775.118174262212,80000.0,1.0,0.025876428760806446,147413.1886936351,80546.48699955722,-2.7801850319987534e-07
283.699999999887,upper,80643.74965101486,147502.32854116373,884.5996420843222,810.4695585701362,1199.7405686833226,1.0067936490686644,-0.002013877610054047,5972.539581539735,4772.539581539735,80000.0,1.0,0.02563747271681448,147502.32854116373,80643.74965101486,-2.7584141458605395e-07
283.8099999998869,upper,80741.09894339925,147591.4920108687,885.3875948704065,810.6845013063516,1200.4668066251274,1.006572125913823,-0.0020138161549177564,5969.960988817258,4769.960988817258,80000.0,1.0,0.02540066948290291,147591.4920108687,80741.09894339925,-2.736815377676167e-07
283.9199999998868,upper,80838.53494448762,147680.67914580903,886.1761640553631,810.8998356209487,1201.1938799169598,1.006350609504807,-0.002013754958530354,5967.382396094781,4767.382396094781,80000.0,1.0,0.02516600002333588,147680.67914580903,80838.53494448762,-2.715387440563685e-07
284.0299999998867,upper,80936.05772211052,147769.88998907286,886.9653501248519,811.1155617785035,1201.9217890034936,1.0061290998132082,-0.002013694019911344,5964.803803372304,4764.803803372304,80000.0,1.0,0.02493344546881944,147769.88998907286,80936.05772211052,-2.694128863185312e-07
284.1399999998866,upper,81033.66734415201,147859.12458377754,887.7551535651894,811.3316800439322,1202.6505343300948,1.0059075968107267,-0.0020136333380816763,5962.225210649827,4762.225210649827,80000.0,1.0,0.02470298711505115,147859.12458377754,81033.66734415201,-2.673038355510411e-07
284.2499999998865,upper,81131.36387854964,147948.3829730695,888.5455748633484,811.5481906824908,1203.3801163428216,1.0056861004691686,-0.002013572912065083,5959.64661792735,4759.64661792735,80000.0,1.0,0.024474606421281134,147948.3829730695,81131.36387854964,-2.6521146406709946e-07
284.3599999998864,upper,81229.1473932946,148037.6652001244,889.3366145069591,811.765093959777,1204.1105354884264,1.0054646107604488,-0.00201351274088874,5957.068025204873,4757.068025204873,80000.0,1.0,0.024248285008886393,148037.6652001244,81229.1473932946,-2.631356303028513e-07
284.4699999998863,upper,81327.01795643172,148126.97130814713,890.1282729843114,811.9823901417296,1204.8417922143592,1.0052431276565874,-0.0020134528235814784,5954.489432482396,4754.489432482396,80000.0,1.0,0.024024004659957122,148126.97130814713,81327.01795643172,-2.6107622261523435e-07
284.5799999998862,upper,81424.97563605962,148216.30134037184,890.9205507843543,812.2000794946299,1205.5738869687666,1.0050216511297123,-0.002013393159176523,5951.910839759919,4751.910839759919,80000.0,1.0,0.023801747315895953,148216.30134037184,81424.97563605962,-2.590330940363615e-07
284.6899999998861,upper,81523.02050033073,148305.65534006202,891.7134483966978,812.4181622851024,1206.3068202004968,1.004800181152057,-0.002013333746708583,5949.332247037442,4749.332247037442,80000.0,1.0,0.02358149507602851,148305.65534006202,81523.02050033073,-2.570061288306269e-07
284.799999999886,upper,81621.15261745133,148395.03335051038,892.5069663116135,812.6366387801149,1207.0405923590981,1.0045787176959624,-0.0020132745852166024,5946.753654314965,4746.753654314965,80000.0,1.0,0.023363230196228088,148395.03335051038,81621.15261745133,-2.549951890280295e-07
284.9099999998859,upper,81719.3720556817,148484.43541503925,893.3011050200358,812.8555092469796,1207.775203894824,1.0043572607338729,-0.00201321567374063,5944.175061592488,4744.175061592488,80000.0,1.0,0.023146935087549267,148484.43541503925,81719.3720556817,-2.530001590540299e-07
285.0199999998858,upper,81817.67888333618,148573.86157700018,894.0958650135631,813.0747739533534,1208.5106552586321,1.0041358102383398,-0.0020131570113248558,5941.596468870011,4741.596468870011,80000.0,1.0,0.02293259231487704,148573.86157700018,81817.67888333618,-2.5102090926423986e-07
285.1299999998857,upper,81916.07316878317,148663.31187977424,894.891246784458,813.2944331672388,1209.2469469021876,1.003914366182019,-0.002013098597015587,5939.0178761475345,4739.0178761475345,80000.0,1.0,0.022720184595585113,148663.31187977424,81916.07316878317,-2.490573184459841e-07
285.2399999998856,upper,82014.55498044532,148752.78636677208,895.6872508256495,813.5144871569842,1209.984079277864,1.0036929285376706,-0.002013040429862594,5936.4392834250575,4736.4392834250575,80000.0,1.0,0.022509694798207098,148752.78636677208,82014.55498044532,-2.471092573590135e-07
285.3499999998855,upper,82113.12438679949,148842.28508143377,896.4838776307329,813.7349361912845,1210.7220528387465,1.0034714972781598,-0.002012982508917433,5933.8606907025805,4733.8606907025805,80000.0,1.0,0.02230110594111925,148842.28508143377,82113.12438679949,-2.45176614702372e-07
285.4599999998854,upper,82211.78145637686,148931.80806722905,897.2811276939713,813.955780539183,1211.4608680386318,1.003250072376456,-0.002012924833235906,5931.282097980104,4731.282097980104,80000.0,1.0,0.022094401191234528,148931.80806722905,82211.78145637686,-2.4325925815484147e-07
285.5699999998853,upper,82310.5262577631,149021.35536765715,898.0790015102966,814.17702047007,1212.200525332031,1.0030286538056314,-0.0020128674018755274,5928.703505257627,4728.703505257627,80000.0,1.0,0.021889563862708624,149021.35536765715,82310.5262577631,-2.413570706062668e-07
285.6799999998852,upper,82409.35885959826,149110.92702624708,898.877499575311,814.3986562536849,1212.9410251741717,1.0028072415388636,-0.0020128102138967353,5926.12491253515,4726.12491253515,80000.0,1.0,0.021686577415656046,149110.92702624708,82409.35885959826,-2.3946994083245414e-07
285.7899999998851,upper,82508.27933057702,149200.52308655748,899.6766223852869,814.6206881601164,1213.682368020999,1.002585835549431,-0.0020127532683638302,5923.546319812673,4723.546319812673,80000.0,1.0,0.021485425454879185,149200.52308655748,82508.27933057702,-2.3759773479467855e-07
285.899999999885,upper,82607.28773944858,149290.1435921767,900.4763704371687,814.8431164598032,1214.4245543291777,1.0023644358107164,-0.0020126965643422656,5920.967727090196,4720.967727090196,80000.0,1.0,0.021286091728607136,149290.1435921767,82607.28773944858,-2.3574035127830064e-07
286.0099999998849,upper,82706.38415501697,149379.78858672292,901.2767442285738,815.0659414235348,1215.1675845560937,1.0021430422962048,-0.002012640100901527,5918.389134367719,4718.389134367719,80000.0,1.0,0.021088560127246078,149379.78858672292,82706.38415501697,-2.3389766155662006e-07
286.1199999998848,upper,82805.56864614092,149469.45811384416,902.0777442577935,815.2891633224514,1215.9114591598566,1.0019216549794827,-0.0020125838771134614,5915.810541645242,4715.810541645242,80000.0,1.0,0.020892814682140548,149469.45811384416,82805.56864614092,-2.320695577475682e-07
286.2299999998847,upper,82904.84128173401,149559.15221721813,902.8793710237939,815.5127824280454,1216.6561785993008,1.0017002738342398,-0.0020125278920525356,5913.231948922765,4713.231948922765,80000.0,1.0,0.020698839564346084,149559.15221721813,82904.84128173401,-2.3025592449539276e-07
286.3399999998846,upper,83004.2021307648,149648.87094055253,903.6816250262166,815.7367990121618,1217.4017433339873,1.0014788988342673,-0.0020124721447970216,5910.653356200288,4710.653356200288,80000.0,1.0,0.020506619083411243,149648.87094055253,83004.2021307648,-2.2845664318101684e-07
286.4499999998845,upper,83103.65126225678,149738.61432758498,904.4845067653811,815.9612133469983,1218.1481538242056,1.0012575299534565,-0.002012416634426936,5908.074763477811,4708.074763477811,80000.0,1.0,0.020316137686171746,149738.61432758498,83103.65126225678,-2.2667160302939847e-07
286.5599999998844,upper,83203.18874528856,149828.38242208303,905.2880167422843,816.1860257051078,1218.8954105309763,1.0010361671658006,-0.002012361360025954,5905.496170755334,4705.496170755334,80000.0,1.0,0.020127379955554386,149828.38242208303,83203.18874528856,-2.2490069048744435e-07
286.6699999998843,upper,83302.81464899385,149918.17526784432,906.0921554586024,816.4112363593958,1219.6435139160515,1.0008148104453933,-0.002012306320678977,5902.917578032857,4702.917578032857,80000.0,1.0,0.019940330609391183,149918.17526784432,83302.81464899385,-2.2314380790063657e-07
286.7799999998842,upper,83402.52904256163,150007.99290869635,906.8969234166918,816.6368455831248,1220.3924644419178,1.0005934597664288,-0.002012251515475918,5900.33898531038,4700.33898531038,80000.0,1.0,0.019754974499245105,150007.99290869635,83402.52904256163,-2.2140082285391366e-07
286.8899999998841,upper,83502.33199523615,150097.83538849684,907.7023211195897,816.8628536499118,1221.1422625717971,1.000372115103201,-0.002012196943507128,5897.760392587903,4697.760392587903,80000.0,1.0,0.019571296609244546,150097.83538849684,83502.33199523615,-2.1967164019909163e-07
286.999999999884,upper,83602.22357631706,150187.70275113362,908.5083490710156,817.089260833731,1221.8929087696495,1.0001507764301045,-0.0020121426038680374,5895.181799865426,4695.181799865426,80000.0,1.0,0.019389282054928812,150187.70275113362,83602.22357631706,-2.179561427529977e-07
287.1099999998839,upper,83702.2038551594,150277.5950405246,909.3150077753724,817.3160674089135,1222.6444035001743,0.9999294437216324,-0.0020120884956551814,5892.603207142949,4692.603207142949,80000.0,1.0,0.01920891608210388,150277.5950405246,83702.2038551594,-2.1625423260256107e-07
287.2199999998838,upper,83802.27290117377,150367.512300618,910.1222977377474,817.5432736501479,1223.396747228812,0.9997081169523775,-0.0020120346179688738,5890.024614420472,4690.024614420472,80000.0,1.0,0.01903018406570748,150367.512300618,83802.27290117377,-2.145657927200109e-07
287.3299999998837,upper,83902.43078382636,150457.45457539213,910.9302194639131,817.7708798324817,1224.149940421746,0.9994867960970311,-0.0020119809699117325,5887.446021697995,4687.446021697995,80000.0,1.0,0.018853071508684864,150457.45457539213,83902.43078382636,-2.1289072421832658e-07
287.4399999998836,upper,84002.67757263905,150547.42190885573,911.7387734603283,817.9988862313212,1224.9039835459046,0.9992654811303832,-0.0020119275505893625,5884.867428975518,4684.867428975518,80000.0,1.0,0.018677564040873517,150547.42190885573,84002.67757263905,-2.1122891928396477e-07
287.5499999998835,upper,84103.01333718945,150637.4143450478,912.5479602341392,818.2272931224329,1225.6588770689632,0.999044172027322,-0.002011874359109727,5882.288836253041,4682.288836253041,80000.0,1.0,0.018503647417898752,150637.4143450478,84103.01333718945,-2.0958027894396875e-07
287.6599999998834,upper,84203.43814711102,150727.43192803752,913.3577802931809,818.4561007819434,1226.4146214593452,0.9988228687628339,-0.002011821394584641,5879.710243530564,4679.710243530564,80000.0,1.0,0.01833130752007808,150727.43192803752,84203.43814711102,-2.0794468913365093e-07
287.7699999998833,upper,84303.95207209306,150817.47470192477,914.1682341459784,818.6853094863405,1227.1712171862252,0.9986015713120027,-0.0020117686561277708,5877.131650808087,4677.131650808087,80000.0,1.0,0.018160530351334917,150817.47470192477,84303.95207209306,-2.0632205148755236e-07
287.8799999998832,upper,84404.5551818809,150907.54271083968,914.9793223017467,818.9149195124738,1227.9286647195288,0.9983802796500091,-0.0020117161428555522,5874.55305808561,4674.55305808561,80000.0,1.0,0.017991302038122884,150907.54271083968,84404.5551818809,-2.047122667831841e-07
287.9899999998831,upper,84505.24754627592,150997.63599894274,915.7910452703926,819.1449311375557,1228.6869645299364,0.9981589937521314,-0.0020116638538876883,5871.974465363133,4671.974465363133,80000.0,1.0,0.01782360882835903,150997.63599894274,84505.24754627592,-2.0311522848896087e-07
288.099999999883,upper,84606.0292351356,151087.7546104253,916.6034035625162,819.3753446391611,1229.4461170888835,0.9979377135937447,-0.002011611788346597,5869.395872640656,4669.395872640656,80000.0,1.0,0.017657437090365043,151087.7546104253,84606.0292351356,-2.0153083580914076e-07
288.2099999998829,upper,84706.90031837363,151177.89858950907,917.416397689411,819.6061602952291,1230.2061228685639,0.9977164391503199,-0.002011559945356787,5866.817279918179,4666.817279918179,80000.0,1.0,0.017492773311820205,151177.89858950907,84706.90031837363,-1.9995899971620801e-07
288.3199999998828,upper,84807.86086595998,151268.06798044618,918.2300281630661,819.8373783840631,1230.9669823419306,0.9974951703974246,-0.002011508324046478,5864.238687195702,4664.238687195702,80000.0,1.0,0.017329604098722116,151268.06798044618,84807.86086595998,-1.9839961257649608e-07
288.4299999998827,upper,84908.910947921,151358.26282751965,919.044295496166,820.0689991843317,1231.7286959826972,0.9972739073107216,-0.002011456923546178,5861.660094473225,4661.660094473225,80000.0,1.0,0.017167916174355487,151358.26282751965,84908.910947921,-1.968525722105801e-07
288.5399999998826,upper,85010.05063433947,151448.483175043,919.8592002020932,820.3010229750696,1232.4912642653417,0.9970526498659696,-0.00201140574298906,5859.081501750748,4659.081501750748,80000.0,1.0,0.017007696378272198,151448.483175043,85010.05063433947,-1.9531779183948198e-07
288.6499999998825,upper,85111.27999535465,151538.72906736072,920.6747427949275,820.5334500356774,1233.2546876651058,0.9968313980390223,-0.0020113547815111448,5856.5029090282715,4656.5029090282715,80000.0,1.0,0.016848931665277875,151538.72906736072,85111.27999535465,-1.9379516652906852e-07
288.7599999998824,upper,85212.59910116241,151629.0005488477,921.490923789449,820.7662806459238,1234.0189666579988,0.9966101518058286,-0.0020113040382514122,5853.9243163057945,4653.9243163057945,80000.0,1.0,0.01669160910443002,151629.0005488477,85212.59910116241,-1.9228460664047748e-07
288.8699999998823,upper,85314.0080220153,151719.29766390985,922.3077437011376,820.9995150859443,1234.7841017207984,0.9963889111424318,-0.002011253512351653,5851.3457235833175,4651.3457235833175,80000.0,1.0,0.01653571587804215,151719.29766390985,85314.0080220153,-1.9078600964590021e-07
288.9799999998822,upper,85415.50682822257,151809.62045698392,923.1252030461749,821.2331536362436,1235.5500933310523,0.9961676760249689,-0.0020112032029561146,5848.767130860841,4648.767130860841,80000.0,1.0,0.016381239280698217,151809.62045698392,85415.50682822257,-1.89299284478737e-07
289.0899999998821,upper,85517.0955901503,151899.9689725375,923.943302341445,821.4671965776959,1236.3169419670805,0.9959464464296718,-0.002011153109211628,5846.188538138364,4646.188538138364,80000.0,1.0,0.01622816671827544,151899.9689725375,85517.0955901503,-1.8782434139219936e-07
289.199999999882,upper,85618.77437822151,151990.343255069,924.7620421045365,821.7016441915446,1237.0846481079782,0.9957252223328653,-0.002011103230268174,5843.609945415887,4643.609945415887,80000.0,1.0,0.016076485706975674,151990.343255069,85618.77437822151,-1.8636108300467596e-07
289.3099999998819,upper,85720.54326291614,152080.74334910794,925.581422853742,821.9364967594041,1237.853212233615,0.9955040037109684,-0.002011053565278796,5841.03135269341,4641.03135269341,80000.0,1.0,0.015926183872364278,152080.74334910794,85720.54326291614,-1.8490941486350167e-07
289.4199999998818,upper,85822.4023147712,152171.1692992147,926.4014451080604,822.1717545632603,1238.6226348246396,0.9952827905404924,-0.0020110041133981228,5838.452759970933,4638.452759970933,80000.0,1.0,0.015777248948419295,152171.1692992147,85822.4023147712,-1.8346924998655123e-07
289.5299999998817,upper,85924.35160438079,152261.62114998087,927.2221093871979,822.4074178854704,1239.3929163624794,0.9950615827980414,-0.0020109548737844603,5835.874167248456,4635.874167248456,80000.0,1.0,0.015629668776586496,152261.62114998087,85924.35160438079,-1.82040499626899e-07
289.6399999998816,upper,86026.39120239635,152352.09894602888,928.0434162115687,822.643487008765,1240.1640573293432,0.9948403804603125,-0.0020109058455987385,5833.295574525979,4633.295574525979,80000.0,1.0,0.015483431304845377,152352.09894602888,86026.39120239635,-1.8062306711240232e-07
289.7499999998815,upper,86128.52117952643,152442.6027320125,928.8653661022962,822.8799622162477,1240.9360582082245,0.9946191835040946,-0.002010857028004249,5830.716981803502,4630.716981803502,80000.0,1.0,0.015338524586780552,152442.6027320125,86128.52117952643,-1.7921686816932888e-07
289.8599999998814,upper,86230.74160653709,152533.1325526166,929.6879595812142,823.1168437913965,1241.7089194829002,0.9943979919062684,-0.002010808420167402,5828.138389081025,4628.138389081025,80000.0,1.0,0.01519493678066346,152533.1325526166,86230.74160653709,-1.7782181158309342e-07
289.9699999998813,upper,86333.05255425171,152623.68845255714,930.511197170869,823.3541320180636,1242.4826416379356,0.9941768056438065,-0.002010760021256986,5825.559796358548,4625.559796358548,80000.0,1.0,0.01505265614854085,152623.68845255714,86333.05255425171,-1.764378098233148e-07
290.0799999998812,upper,86435.45409355126,152714.2704765815,931.3350793945181,823.5918271804771,1243.257225158684,0.9939556246937725,-0.0020107118304451043,5822.981203636071,4622.981203636071,80000.0,1.0,0.014911671055331617,152714.2704765815,86435.45409355126,-1.7506477350835893e-07
290.1899999998811,upper,86537.94629537428,152804.87866946822,932.1596067761341,823.8299295632412,1244.0326705312896,0.993734449033321,-0.0020106638469058143,5820.402610913594,4620.402610913594,80000.0,1.0,0.014771969967931531,152804.87866946822,86537.94629537428,-1.7370261956822612e-07
290.299999999881,upper,86640.52923071703,152895.51307602727,932.984779840404,824.0684394513369,1244.8089782426896,0.9935132786396972,-0.0020106160698161097,5817.824018191117,4617.824018191117,80000.0,1.0,0.014633541454325593,152895.51307602727,86640.52923071703,-1.723512624494391e-07
290.4099999998809,upper,86743.20297063347,152986.1737410999,933.8105991127314,824.3073571301226,1245.5861487806155,0.9932921134902368,-0.002010568498355853,5815.24542546864,4615.24542546864,80000.0,1.0,0.014496374182708403,152986.1737410999,86743.20297063347,-1.7101061463383372e-07
290.5199999998808,upper,86845.96758623543,153076.86070955874,934.6370651192361,824.5466828853354,1246.364182633595,0.9930709535623654,-0.0020105211317076217,5812.666832746163,4612.666832746163,80000.0,1.0,0.014360456920611962,153076.86070955874,86845.96758623543,-1.696805893145327e-07
290.6299999998807,upper,86948.82314869267,153167.574026308,935.4641783867573,824.7864170030908,1247.1430802909533,0.9928497988335987,-0.0020104739690567225,5810.088240023686,4610.088240023686,80000.0,1.0,0.014225778534041054,153167.574026308,86948.82314869267,-1.683611072725492e-07
290.7399999998806,upper,87051.76972923281,153258.31373628322,936.2919394428534,825.0265597698844,1247.9228422428168,0.9926286492815417,-0.0020104270095911035,5807.509647301209,4607.509647301209,80000.0,1.0,0.014092327986616518,153258.31373628322,87051.76972923281,-1.6705207607433277e-07
290.8499999998805,upper,87154.80739914172,153349.07988445164,937.1203488158033,825.2671114725922,1248.7034689801133,0.9924075048838886,-0.002010380252501225,5804.931054578732,4604.931054578732,80000.0,1.0,0.013960094338725377,153349.07988445164,87154.80739914172,-1.6575342436764257e-07
290.9599999998804,upper,87257.93622976329,153439.872515812,937.9494070346083,825.5080723984707,1249.484960994574,0.9921863656184224,-0.002010333696979987,5802.352461856255,4602.352461856255,80000.0,1.0,0.013829066746679015,153439.872515812,87257.93622976329,-1.6446506982358262e-07
291.0699999998803,upper,87361.15629249974,153530.69167539474,938.7791146289923,825.749442835159,1250.2673187787361,0.9919652314630149,-0.002010287342224087,5799.773869133778,4599.773869133778,80000.0,1.0,0.013699234461878113,153530.69167539474,87361.15629249974,-1.6318692391646154e-07
291.1799999998802,upper,87464.46765881154,153621.53740826173,939.6094721294032,825.9912230706782,1251.0505428259446,0.9917441023956256,-0.0020102411874316673,5797.195276411301,4597.195276411301,80000.0,1.0,0.013570586829985888,153621.53740826173,87464.46765881154,-1.6191890592259155e-07
291.2899999998801,upper,87567.87040021755,153712.40975950682,940.4404800670147,826.2334133934327,1251.834633630353,0.9915229783943028,-0.0020101952318038268,5794.616683688824,4594.616683688824,80000.0,1.0,0.013443113290106763,153712.40975950682,87567.87040021755,-1.6066094118008872e-07
291.39999999988,upper,87671.36458829514,153803.30877425542,941.2721389737263,826.476014092211,1252.6195916869265,0.9913018594371822,-0.0020101494745453333,5792.038090966347,4592.038090966347,80000.0,1.0,0.013316803373973908,153803.30877425542,87671.36458829514,-1.594129441342165e-07
291.5099999998799,upper,87774.95029468017,153894.23449766485,942.1044493821659,826.7190254561859,1253.4054174914434,0.9910807455024868,-0.002010103914861999,5789.45949824387,4589.45949824387,80000.0,1.0,0.013191646705143091,153894.23449766485,87774.95029468017,-1.581748446751731e-07
291.6199999998798,upper,87878.62759106718,153985.18697492415,942.93741182569,826.9624477749159,1254.1921115404973,0.9908596365685268,-0.00201005855196349,5786.880905521393,4586.880905521393,80000.0,1.0,0.013067632998193456,153985.18697492415,87878.62759106718,-1.5694655593971435e-07
291.7299999998797,upper,87982.39654920937,154076.1662512543,943.771026838385,827.2062813383455,1254.9796743314982,0.9906385326136993,-0.0020100133850617227,5784.302312798916,4584.302312798916,80000.0,1.0,0.012944752057935702,154076.1662512543,87982.39654920937,-1.5572800493188438e-07
291.8399999998796,upper,88086.25724091877,154167.17237190824,944.6052949550681,827.4505264368062,1255.768106362675,0.9904174336164877,-0.002009968413371201,5781.723720076439,4581.723720076439,80000.0,1.0,0.012822993778626595,154167.17237190824,88086.25724091877,-1.545191120799972e-07
291.9499999998795,upper,88190.20973806626,154258.20538217074,945.4402167112895,827.6951833610167,1256.5574081330774,0.990196339555462,-0.002009923636109433,5779.145127353962,4579.145127353962,80000.0,1.0,0.01270234814319095,154258.20538217074,88190.20973806626,-1.5331979978677628e-07
292.0599999998794,upper,88294.25411258166,154349.26532735868,946.2757926433329,827.9402524020842,1257.3475801425773,0.9899752504092778,-0.0020098790524958536,5776.566534631485,4576.566534631485,80000.0,1.0,0.01258280522244992,154349.26532735868,88294.25411258166,-1.5212999735883425e-07
292.1699999998793,upper,88398.3904364539,154440.35225282086,947.1120232882162,828.1857338515046,1258.1386228918711,0.9897541661566768,-0.002009834661753167,5773.987941909008,4573.987941909008,80000.0,1.0,0.01246435517435617,154440.35225282086,88398.3904364539,-1.5094962588392542e-07
292.2799999998792,upper,88502.61878173094,154531.4662039383,947.9489091836934,828.431628001164,1258.9305368824814,0.9895330867764857,-0.00200979046310679,5771.4093491865315,4571.4093491865315,80000.0,1.0,0.012346988243235619,154531.4662039383,88502.61878173094,-1.4977861100396152e-07
292.3899999998791,upper,88606.93922051994,154622.60722612418,948.7864508682561,828.6779351433386,1259.7233226167598,0.9893120122476164,-0.0020097464557843094,5768.8307564640545,4568.8307564640545,80000.0,1.0,0.012230694759035854,154622.60722612418,88606.93922051994,-1.4861688262826444e-07
292.499999999879,upper,88711.35182498733,154713.7753648236,949.6246488811338,828.9246555706954,1260.5169805978867,0.9890909425490658,-0.0020097026390162947,5766.2521637415775,4566.2521637415775,80000.0,1.0,0.012115465136581481,154713.7753648236,88711.35182498733,-1.4746435417295154e-07
292.6099999998789,upper,88815.85666735894,154804.97066551418,950.4635037622951,829.1717895762938,1261.3115113298743,0.9888698776599149,-0.0020096590120352526,5763.673571019101,4563.673571019101,80000.0,1.0,0.012001289874834932,154804.97066551418,88815.85666735894,-1.4632096831618887e-07
292.7199999998788,upper,88920.45381992003,154896.19317370566,951.3030160524505,829.419337453586,1262.106915317571,0.9886488175593291,-0.0020096155740772052,5761.094978296624,4561.094978296624,80000.0,1.0,0.011888159556164814,154896.19317370566,88920.45381992003,-1.4518664933564883e-07
292.8299999998787,upper,89025.14335501533,154987.44293494002,952.143186293051,829.667299496417,1262.903193066658,0.988427762226558,-0.0020095723243803254,5758.516385574147,4558.516385574147,80000.0,1.0,0.011776064845619988,154987.44293494002,89025.14335501533,-1.4406132214653608e-07
292.9399999998786,upper,89129.92534504921,155078.71999479175,952.9840150262917,829.9156759990261,1263.7003450836562,0.9882067116409347,-0.002009529262185808,5755.93779285167,4555.93779285167,80000.0,1.0,0.011664996490210116,155078.71999479175,89129.92534504921,-1.4294490896342438e-07
293.0499999998785,upper,89234.79986248573,155170.02439886754,953.8255027951119,830.164467256048,1264.4983718759254,0.9879856657818753,-0.0020094863867364896,5753.359200129193,4553.359200129193,80000.0,1.0,0.011554945318192705,155170.02439886754,89234.79986248573,-1.4183734868059954e-07
293.1599999998784,upper,89339.76697984872,155261.35619280662,954.6676501431955,830.4136735625123,1265.297273951666,0.9877646246288796,-0.002009443697278938,5750.780607406716,4550.780607406716,80000.0,1.0,0.011445902238365786,155261.35619280662,89339.76697984872,-1.407385676120159e-07
293.2699999998783,upper,89444.8267697218,155352.71542228066,955.5104576149746,830.6632952138449,1266.0970518199233,0.9875435881615298,-0.0020094011930613304,5748.202014684239,4548.202014684239,80000.0,1.0,0.011337858239367338,155352.71542228066,89444.8267697218,-1.396485022175768e-07
293.3799999998782,upper,89549.97930474853,155444.10213299384,956.3539257556284,830.9133325058692,1266.8977059905867,0.9873225563594905,-0.0020093588733349948,5745.623421961762,4545.623421961762,80000.0,1.0,0.011230804388980529,155444.10213299384,89549.97930474853,-1.385670746666069e-07
293.4899999998781,upper,89655.22465763259,155535.5163706829,957.1980551110855,831.163785734806,1267.6992369743934,0.987101529202509,-0.0020093167373539454,5743.044829239285,4543.044829239285,80000.0,1.0,0.01112473183344498,155535.5163706829,89655.22465763259,-1.37494221807482e-07
293.599999999878,upper,89760.56290113756,155626.95818111734,958.0428462280248,831.4146551972747,1268.501645282929,0.9868805066704142,-0.002009274784374675,5740.466236516808,4540.466236516808,80000.0,1.0,0.011019631796773942,155626.95818111734,89760.56290113756,-1.3642986861951983e-07
293.7099999998779,upper,89865.99410808737,155718.42761009908,958.888299653877,831.6659411902945,1269.3049314286309,0.9866594887431165,-0.0020092330136557016,5737.887643794331,4537.887643794331,80000.0,1.0,0.010915495580077997,155718.42761009908,89865.99410808737,-1.3537395654859992e-07
293.8199999998778,upper,89971.51835136615,155809.9247034629,959.734415936826,831.9176440112842,1270.1090959247897,0.9864384754006077,-0.0020091914244585248,5735.309051071854,4535.309051071854,80000.0,1.0,0.010812314560893722,155809.9247034629,89971.51835136615,-1.3432641498910107e-07
293.9299999998777,upper,90077.13570391835,155901.44950707624,960.5811956258095,832.1697639580632,1270.914139285549,0.9862174666229613,-0.0020091500160473526,5732.730458349377,4532.730458349377,80000.0,1.0,0.010710080192518899,155901.44950707624,90077.13570391835,-1.3328718123308302e-07
294.0399999998776,upper,90182.84623874887,155993.00206683922,961.4286392705205,832.4223013288529,1271.7200620259116,0.9859964623903309,-0.002009108787688708,5730.1518656269,4530.1518656269,80000.0,1.0,0.010608784003353395,155993.00206683922,90182.84623874887,-1.322561824669766e-07
294.1499999998775,upper,90288.65002892309,156084.58242868504,962.2767474214089,832.6752564222766,1272.5268646617367,0.9857754626829511,-0.0020090677386520755,5727.573272904423,4527.573272904423,80000.0,1.0,0.010508417596245184,156084.58242868504,90288.65002892309,-1.3123335471444038e-07
294.2599999998774,upper,90394.54714756703,156176.1906385796,963.125520629682,832.9286295373608,1273.3345477097455,0.9855544674811368,-0.0020090268682088877,5724.994680181946,4524.994680181946,80000.0,1.0,0.010408972647842938,156176.1906385796,90394.54714756703,-1.3021863323582027e-07
294.3699999998773,upper,90500.5376678673,156267.82674252175,963.9749594473069,833.1824209735362,1274.1431116875215,0.9853334767652823,-0.0020089861756333607,5722.416087459469,4522.416087459469,80000.0,1.0,0.01031044090795376,156267.82674252175,90500.5376678673,-1.292119621252425e-07
294.4799999998772,upper,90606.62166307136,156359.49078654323,964.8250644270104,833.4366310306376,1274.9525571135123,0.9851124905158619,-0.002008945660202336,5719.837494736992,4519.837494736992,80000.0,1.0,0.010212814198906546,156359.49078654323,90606.62166307136,-1.2821326518613977e-07
294.5899999998771,upper,90712.79920648747,156451.18281670896,965.6758361222812,833.6912600089051,1275.7628845070321,0.9848915087134298,-0.002008905321195267,5717.258902014515,4517.258902014515,80000.0,1.0,0.010116084414920685,156451.18281670896,90712.79920648747,-1.2722248548495673e-07
294.699999999877,upper,90819.07037148482,156542.90287911677,966.5272750873712,833.9463082089852,1276.5740943882633,0.9846705313386187,-0.002008865157893647,5714.680309292038,4514.680309292038,80000.0,1.0,0.010020243521480818,156542.90287911677,90819.07037148482,-1.2623956566576817e-07
294.8099999998769,upper,90925.43523149361,156634.6510198975,967.3793818772957,834.2017759319311,1277.3861872782588,0.9844495583721402,-0.0020088251695822017,5712.101716569561,4512.101716569561,80000.0,1.0,0.00992528355471667,156634.6510198975,90925.43523149361,-1.2526442894628262e-07
294.9199999998768,upper,91031.89386000512,156726.42728521535,968.2321570478363,834.4576634792032,1278.199163698943,0.9842285897947846,-0.002008785355547302,5709.523123847084,4509.523123847084,80000.0,1.0,0.009831196620787746,156726.42728521535,91031.89386000512,-1.2429702949184402e-07
295.0299999998767,upper,91138.44633057184,156818.23172126754,969.0856011555404,834.713971152671,1279.013024173115,0.9840076255874207,-0.0020087457150785594,5706.944531124607,4506.944531124607,80000.0,1.0,0.009737974895274625,156818.23172126754,91138.44633057184,-1.2333729370253166e-07
295.1399999998766,upper,91245.09271680747,156910.06437428464,969.9397147577242,834.9706992546128,1279.82776922445,0.983786665730995,-0.0020087062474679275,5704.36593840213,4504.36593840213,80000.0,1.0,0.00964561062257436,156910.06437428464,91245.09271680747,-1.22385168891751e-07
295.2499999998765,upper,91351.83309238713,157001.9252905304,970.7944984124728,835.2278480877168,1280.6433993775015,0.9835657102065324,-0.002008666952010026,5701.787345679653,4501.787345679653,80000.0,1.0,0.009554096115301806,157001.9252905304,91351.83309238713,-1.214405827599396e-07
295.3599999998764,upper,91458.6675310473,157093.81451630194,971.6499526786414,835.4854179550817,1281.4599151577015,0.9833447589951343,-0.0020086278280010694,5699.208752957176,4499.208752957176,80000.0,1.0,0.009463423753695866,157093.81451630194,91458.6675310473,-1.2050348973579656e-07
295.4699999998763,upper,91565.596106586,157185.73209792963,972.5060781158578,835.743409160218,1282.2773170913656,0.9831238120779802,-0.0020085888747406106,5696.630160234699,4496.630160234699,80000.0,1.0,0.009373585985031123,157185.73209792963,91565.596106586,-1.1957382612276817e-07
295.5799999998762,upper,91672.6188928629,157277.67808177735,973.362875284522,836.0018220070484,1283.095605705692,0.9829028694363259,-0.0020085500915306667,5694.051567512222,4494.051567512222,80000.0,1.0,0.009284575323034215,157277.67808177735,91672.6188928629,-1.1865152617759395e-07
295.6899999998761,upper,91779.73596379929,157369.65251424248,974.2203447458094,836.2606567999082,1283.9147815287654,0.9826819310515045,-0.0020085114776755408,5691.472974789745,4491.472974789745,80000.0,1.0,0.009196384347305594,157369.65251424248,91779.73596379929,-1.177365372200193e-07
295.799999999876,upper,91886.94739337832,157461.6554417558,975.0784870616698,836.5199138435473,1284.7348450895581,0.9824609969049249,-0.0020084730324816625,5688.894382067268,4488.894382067268,80000.0,1.0,0.009109005702746302,157461.6554417558,91886.94739337832,-1.168288007394341e-07
295.9099999998759,upper,91994.25325564483,157553.68691078175,975.9373027948307,836.7795934431293,1285.5557969179313,0.9822400669780724,-0.0020084347552585015,5686.3157893447915,4486.3157893447915,80000.0,1.0,0.009022432098989482,157553.68691078175,91994.25325564483,-1.159282587301358e-07
296.0199999998758,upper,92101.6536247058,157645.74696781824,976.7967925087977,837.0396959042334,1286.3776375446391,0.9820191412525082,-0.0020083966453177497,5683.7371966223145,4483.7371966223145,80000.0,1.0,0.008936656309837199,157645.74696781824,92101.6536247058,-1.150348552594584e-07
296.1299999998757,upper,92209.14857473009,157737.83565939686,977.6569567678565,837.3002215328554,1287.2003675013284,0.9817982197098688,-0.0020083587019736598,5681.1586038998375,4481.1586038998375,80000.0,1.0,0.00885167117270182,157737.83565939686,92209.14857473009,-1.1414852723228356e-07
296.2399999998756,upper,92316.73817994876,157829.95303208288,978.5177961370728,837.5611706354074,1288.0239873205421,0.9815773023318664,-0.0020083209245421937,5678.580011177361,4478.580011177361,80000.0,1.0,0.00876746958805236,157829.95303208288,92316.73817994876,-1.1326922925520358e-07
296.3499999998755,upper,92424.42251465503,157922.0991324753,979.3793111822953,837.8225435187195,1288.8484975357203,0.9813563891002879,-0.0020082833123430768,5676.001418454884,4476.001418454884,80000.0,1.0,0.008684044518865662,157922.0991324753,92424.42251465503,-1.1239689616583557e-07
296.4599999998754,upper,92532.20165320445,158014.2740072069,980.2415024701554,838.0843404900403,1289.673898681203,0.9811354799969949,-0.002008245864697497,5673.422825732407,4473.422825732407,80000.0,1.0,0.008601388990082271,158014.2740072069,92532.20165320445,-1.1153147270351425e-07
296.5699999998753,upper,92640.07567001486,158106.47770294425,981.1043705680703,838.346561857037,1290.5001912922307,0.980914575003924,-0.002008208580928966,5670.84423300993,4470.84423300993,80000.0,1.0,0.008519496088067256,158106.47770294425,92640.07567001486,-1.1067291035895682e-07
296.6799999998752,upper,92748.04463956664,158198.7102663879,981.9679160442421,838.6092079277983,1291.327375904949,0.9806936741030858,-0.002008171460364548,5668.265640287453,4468.265640287453,80000.0,1.0,0.008438358960075245,158198.7102663879,92748.04463956664,-1.0982114856807977e-07
296.7899999998751,upper,92856.10863640266,158290.97174427216,982.8321394676612,838.8722790108322,1292.1554530564067,0.9804727772765647,-0.00200813450233211,5665.687047564976,4465.687047564976,80000.0,1.0,0.008357970813720781,158290.97174427216,92856.10863640266,-1.0897614308838427e-07
296.899999999875,upper,92964.26773512847,158383.26218336538,983.6970414081064,839.1357754150694,1292.9844232845621,0.9802518845065189,-0.0020080977061632285,5663.108454842499,4463.108454842499,80000.0,1.0,0.008278324916452598,158383.26218336538,92964.26773512847,-1.081378311499083e-07
297.0099999998749,upper,93072.52201041231,158475.58163046988,984.562622436147,839.3996974498623,1293.8142871282814,0.9800309957751803,-0.0020080610711917103,5660.529862120022,4460.529862120022,80000.0,1.0,0.00819941459503295,158475.58163046988,93072.52201041231,-1.0730615441516733e-07
297.1199999998748,upper,93180.87153698526,158567.9301324221,985.4288831231432,839.6640454249873,1294.6450451273433,0.9798101110648535,-0.002008024596753051,5657.951269397545,4457.951269397545,80000.0,1.0,0.008121233235021109,158567.9301324221,93180.87153698526,-1.0648106859898844e-07
297.2299999998747,upper,93289.31638964122,158660.30773609254,986.2958240412487,839.9288196506443,1295.4766978224388,0.9795892303579166,-0.0020079882821856508,5655.372676675068,4455.372676675068,80000.0,1.0,0.008043774280261652,158660.30773609254,93289.31638964122,-1.0566252484493946e-07
297.3399999998746,upper,93397.85664323717,158752.71448838583,987.1634457634107,840.1940204374586,1296.3092457551752,0.9793683536368196,-0.002007952126830366,5652.794083952591,4452.794083952591,80000.0,1.0,0.007967031232376973,158752.71448838583,93397.85664323717,-1.0485046448030996e-07
297.4499999998745,upper,93506.49237269306,158845.1504362408,988.031748863372,840.4596480964804,1297.1426894680758,0.9791474808840857,-0.002007916130030278,5650.215491230114,4450.215491230114,80000.0,1.0,0.007890997650264298,158845.1504362408,93506.49237269306,-1.0404483615790146e-07
297.5599999998744,upper,93615.22365299205,158937.6156266305,988.9007339156722,840.7257029391865,1297.9770295045842,0.9789266120823097,-0.0020078802911310547,5647.636898507637,4447.636898507637,80000.0,1.0,0.007815667149597128,158937.6156266305,93615.22365299205,-1.032455845080622e-07
297.6699999998743,upper,93724.05055918056,159030.11010656224,989.770401495649,840.9921852774814,1298.812266409065,0.9787057472141584,-0.0020078446094798992,5645.05830578516,4445.05830578516,80000.0,1.0,0.007741033402330799,159030.11010656224,93724.05055918056,-1.0245267408577557e-07
297.7799999998742,upper,93832.97316636823,159122.63392307775,990.64075217944,841.2590954236975,1299.648400726806,0.9784848862623703,-0.002007809084427617,5642.479713062683,4442.479713062683,80000.0,1.0,0.007667090136212447,159122.63392307775,93832.97316636823,-1.0166604066487253e-07
297.8899999998741,upper,93941.99154972831,159215.18712325316,991.511786543983,841.526433690596,1300.4854330040203,0.9782640292097553,-0.0020077737153268924,5639.901120340206,4439.901120340206,80000.0,1.0,0.007593831134295302,159215.18712325316,93941.99154972831,-1.0088563547105603e-07
297.999999999874,upper,94051.10578449738,159307.7697541989,992.3835051670193,841.7942003913676,1301.3233637878486,0.9780431760391939,-0.0020077385015323827,5637.322527617729,4437.322527617729,80000.0,1.0,0.007521250234457157,159307.7697541989,94051.10578449738,-1.001114160418409e-07
298.1099999998739,upper,94160.31594597574,159400.38186305997,993.255908627092,842.0623958396335,1302.16219362636,0.9778223267336378,-0.0020077034424013248,5634.743934895252,4434.743934895252,80000.0,1.0,0.0074493413289229635,159400.38186305997,94160.31594597574,-9.934332342005171e-08
298.2199999998738,upper,94269.6221095273,159493.02349701588,994.1289975035506,842.3310203494466,1303.0019230685557,0.9776014812761097,-0.00200766853729336,5632.165342172775,4432.165342172775,80000.0,1.0,0.00737809836379158,159493.02349701588,94269.6221095273,-9.85813180192079e-08
298.3299999998737,upper,94379.02435057974,159585.69470328063,995.0027723765506,842.6000742352916,1303.84255266437,0.9773806396497016,-0.002007633785570736,5629.586749450298,4429.586749450298,80000.0,1.0,0.007307515338566639,159585.69470328063,94379.02435057974,-9.782534400249783e-08
298.4399999998736,upper,94488.52274462466,159678.395529103,995.8772338270547,842.8695578120863,1304.6840829646724,0.9771598018375763,-0.002007599186597242,5627.008156727821,4427.008156727821,80000.0,1.0,0.007237586305691513,159678.395529103,94488.52274462466,-9.70753635045211e-08
298.5499999998735,upper,94598.11736721755,159771.12602176622,996.7523824368353,843.1394713951821,1305.5265145212695,0.9769389678229664,-0.0020075647397399424,5624.429564005344,4424.429564005344,80000.0,1.0,0.007168305370088299,159771.12602176622,94598.11736721755,-9.633131390396116e-08
298.6599999998734,upper,94707.80829397799,159863.8862285884,997.6282187884751,843.4098153003652,1306.3698478869076,0.9767181375891737,-0.0020075304443679795,5621.850971282867,4421.850971282867,80000.0,1.0,0.007099666688700735,159863.8862285884,94707.80829397799,-9.559315822389693e-08
298.7699999998733,upper,94817.59560058962,159956.67619692237,998.5047434653684,843.6805898438569,1307.2140836152735,0.9764973111195696,-0.0020074962998518063,5619.27237856039,4419.27237856039,80000.0,1.0,0.007031664470041175,159956.67619692237,94817.59560058962,-9.486085275169017e-08
298.8799999998732,upper,94927.47936280037,160049.49597415572,999.3819570517228,843.9517953423149,1308.0592222609985,0.9762764883975942,-0.0020074623055657687,5616.693785837913,4416.693785837913,80000.0,1.0,0.006964292973741516,160049.49597415572,94927.47936280037,-9.413433911252171e-08
298.9899999998731,upper,95037.45965642246,160142.34560771097,1000.2598601325612,844.223432112834,1308.9052643796585,0.9760556694067566,-0.00200742846088546,5614.115193115436,4414.115193115436,80000.0,1.0,0.006897546510107829,160142.34560771097,95037.45965642246,-9.341357644548151e-08
299.099999999873,upper,95147.5365573325,160235.2251450455,1001.1384532937218,844.495500472947,1309.7522105277772,0.9758348541306344,-0.0020073947651886794,5611.536600392959,4411.536600392959,80000.0,1.0,0.006831419439679165,160235.2251450455,95147.5365573325,-9.269852488066775e-08
299.2099999998729,upper,95257.71014147156,160328.13463365167,1002.0177371218604,844.7680007406254,1310.6000612628275,0.9756140425528735,-0.0020073612178562556,5608.958007670482,4408.958007670482,80000.0,1.0,0.006765906172789756,160328.13463365167,95257.71014147156,-9.198913405813363e-08
299.3199999998728,upper,95367.9804848453,160421.07412105674,1002.897712204452,845.0409332342798,1311.4488171432336,0.975393234657188,-0.0020073278182711992,5606.379414948005,4406.379414948005,80000.0,1.0,0.006701001169135651,160421.07412105674,95367.9804848453,-9.128535640030145e-08
299.4299999998727,upper,95478.34766352408,160514.04365482312,1003.7783791297912,845.3142982727619,1312.2984787283733,0.9751724304273593,-0.002007294565818106,5603.8008222255285,4403.8008222255285,80000.0,1.0,0.006636698937344308,160514.04365482312,95478.34766352408,-9.058714852772185e-08
299.5399999998726,upper,95588.81175364302,160607.04328254834,1004.6597384869953,845.588096175364,1313.1490465785803,0.9749516298472366,-0.002007261459884172,5601.2222295030515,4401.2222295030515,80000.0,1.0,0.006572994034548548,160607.04328254834,95588.81175364302,-8.989447204481419e-08
299.6499999998725,upper,95699.37283140206,160700.07305186507,1005.5417908660033,845.8623272618204,1314.0005212551448,0.9747308329007363,-0.002007228499859295,5598.6436367805745,4398.6436367805745,80000.0,1.0,0.006509881065964012,160700.07305186507,95699.37283140206,-8.920727369318249e-08
299.7599999998724,upper,95810.03097306601,160793.13301044112,1006.4245368575799,846.136991852309,1314.8529033203176,0.9745100395718419,-0.0020071956851348623,5596.065044058098,4396.065044058098,80000.0,1.0,0.006447354684470209,160793.13301044112,95810.03097306601,-8.852551514611598e-08
299.8699999998723,upper,95920.78625496484,160886.22320597948,1007.3079770533153,846.4120902674509,1315.706193337311,0.9742892498446037,-0.0020071630151055142,5593.486451335621,4393.486451335621,80000.0,1.0,0.006385409590195287,160886.22320597948,95920.78625496484,-8.784915023492241e-08
299.9799999998722,upper,96031.63875349361,160979.34368621864,1008.1921120456269,846.687622828312,1316.5603918703007,0.9740684637031387,-0.0020071304891668574,5590.907858613144,4390.907858613144,80000.0,1.0,0.0063240405301042526,160979.34368621864,96031.63875349361,-8.717814115827776e-08
300.0899999998721,upper,96142.58854511249,161072.49449893218,1009.076942427761,846.9635898564034,1317.415499484428,0.9738476811316299,-0.002007098106718391,5588.329265890667,4388.329265890667,80000.0,1.0,0.006263242297591092,161072.49449893218,96142.58854511249,-8.651243424792919e-08
300.199999999872,upper,96253.63570634708,161165.6756919293,1009.9624687937944,847.2399916736828,1318.2715167458023,0.9736269021143266,-0.002007065867160024,5585.75067316819,4385.75067316819,80000.0,1.0,0.006203009732073941,161165.6756919293,96253.63570634708,-8.585200010810919e-08
300.3099999998719,upper,96364.78031378835,161258.88731305453,1010.848691738635,847.5168286025545,1319.1284442215024,0.9734061266355433,-0.002007033769895151,5583.172080445713,4383.172080445713,80000.0,1.0,0.006143337718594233,161258.88731305453,96364.78031378835,-8.519679158838724e-08
300.4199999998718,upper,96476.02244409267,161352.12941018783,1011.735611858024,847.7941009658712,1319.9862824795794,0.9731853546796606,-0.0020070018143291675,5580.593487723236,4380.593487723236,80000.0,1.0,0.006084221187419138,161352.12941018783,96476.02244409267,-8.454676520549486e-08
300.5299999998717,upper,96587.36217398207,161445.40203124483,1012.623229748537,848.0718090869345,1320.845032089058,0.9729645862311244,-0.002006969999869106,5578.014895000759,4378.014895000759,80000.0,1.0,0.00602565511364725,161445.40203124483,96587.36217398207,-8.390188279876681e-08
300.6399999998716,upper,96698.7995802442,161538.70522417667,1013.5115460075863,848.3499532894956,1321.704693619939,0.9727438212744453,-0.0020069383259251755,5575.436302278282,4375.436302278282,80000.0,1.0,0.005967634516818069,161538.70522417667,96698.7995802442,-8.326209837704085e-08
300.7499999998715,upper,96810.33473973253,161632.0390369701,1014.4005612334211,848.6285338977559,1322.5652676432019,0.9725230597941987,-0.0020069067919086603,5572.857709555805,4372.857709555805,80000.0,1.0,0.005910154460524557,161632.0390369701,96810.33473973253,-8.262737589797817e-08
300.8599999998714,upper,96921.9677293663,161725.40351764762,1015.2902760251293,848.9075512363684,1323.426754730805,0.9723023017750254,-0.00200687539723419,5570.279116833328,4370.279116833328,80000.0,1.0,0.0058532100520292465,161725.40351764762,96921.9677293663,-8.199767516426819e-08
300.9699999998713,upper,97033.69862613078,161818.79871426747,1016.1806909826395,849.1870056304385,1324.2891554556902,0.9720815472016295,-0.002006844141317869,5567.700524110851,4367.700524110851,80000.0,1.0,0.0057967964418834984,161818.79871426747,97033.69862613078,-8.137294842536366e-08
301.0799999998712,upper,97145.52750707723,161912.22467492364,1017.071806706722,849.4668974055247,1325.1524703917826,0.9718607960587797,-0.0020068130235776863,5565.121931388374,4365.121931388374,80000.0,1.0,0.005740908823550338,161912.22467492364,97145.52750707723,-8.075316823241247e-08
301.1899999998711,upper,97257.45444932308,162005.6814477459,1017.96362379899,849.7472268876394,1326.0167001139937,0.9716400483313085,-0.002006782043435036,5562.543338665897,4362.543338665897,80000.0,1.0,0.005685542433030224,162005.6814477459,97257.45444932308,-8.01382848915935e-08
301.299999999871,upper,97369.47953005195,162099.16908090006,1018.8561428619023,850.0279944032499,1326.8818451982243,0.971419304004112,-0.0020067512003124678,5559.96474594342,4359.96474594342,80000.0,1.0,0.005630692548490258,162099.16908090006,97369.47953005195,-7.95282618283602e-08
301.4099999998709,upper,97481.60282651377,162192.6876225878,1019.7493644987634,850.3092002792789,1327.7479062213652,0.9711985630621496,-0.0020067204936345937,5557.386153220943,4357.386153220943,80000.0,1.0,0.005576354489896573,162192.6876225878,97481.60282651377,-7.892306978416711e-08
301.5199999998708,upper,97593.82441602489,162286.23712104675,1020.6432893137251,850.5908448431057,1328.6148837612984,0.9709778254904436,-0.0020066899228289095,5554.807560498466,4354.807560498466,80000.0,1.0,0.0055225236186500085,162286.23712104675,97593.82441602489,-7.832265525434718e-08
301.6299999998707,upper,97706.14437596816,162379.81762455055,1021.5379179117892,850.8729284225677,1329.4827783969033,0.9707570912740798,-0.0020066594873248945,5552.228967775989,4352.228967775989,80000.0,1.0,0.005469195337224747,162379.81762455055,97706.14437596816,-7.772698671442796e-08
301.7399999998706,upper,97818.5627837931,162473.42918140898,1022.4332508988081,851.15545134596,1330.3515907080541,0.9705363603982063,-0.002006629186553607,5549.650375053512,4349.650375053512,80000.0,1.0,0.005416365088810132,162473.42918140898,97818.5627837931,-7.71360264695934e-08
301.8499999998705,upper,97931.07971701576,162567.071839968,1023.3292888814857,851.4384139420371,1331.2213212756242,0.9703156328480339,-0.002006599019948906,5547.071782331035,4347.071782331035,80000.0,1.0,0.005364028356955714,162567.071839968,97931.07971701576,-7.654974273367581e-08
301.9599999998704,upper,98043.69525321916,162660.74564860965,1024.22603246738,851.7218165400135,1332.0919706814882,0.970094908608835,-0.0020065689869466947,5544.493189608558,4344.493189608558,80000.0,1.0,0.005312180665219314,162660.74564860965,98043.69525321916,-7.59680868778415e-08
302.0699999998703,upper,98156.40947005305,162754.45065575233,1025.123482264904,852.0056594695649,1332.9635395085236,0.969874187665944,-0.002006539086984268,5541.914596886081,4341.914596886081,80000.0,1.0,0.005260817576817995,162754.45065575233,98156.40947005305,-7.539102770812759e-08
302.1799999998702,upper,98269.22244523422,162848.18690985054,1026.0216388833276,852.2899430608285,1333.8360283406128,0.9696534700047577,-0.0020065093195022676,5539.336004163604,4339.336004163604,80000.0,1.0,0.005209934694282359,162848.18690985054,98269.22244523422,-7.481853072463546e-08
302.2899999998701,upper,98382.13425654653,162941.95445939538,1026.9205029327788,852.5746676444046,1334.7094377626458,0.9694327556107339,-0.0020064796839423782,5536.757411441127,4336.757411441127,80000.0,1.0,0.005159527659113435,162941.95445939538,98382.13425654653,-7.425055357534921e-08
302.39999999987,upper,98495.14498184097,163035.75335291418,1027.8200750242456,852.8598335513566,1335.5837683605223,0.9692120444693919,-0.0020064501797493143,5534.17881871865,4334.17881871865,80000.0,1.0,0.005109592151442923,163035.75335291418,98495.14498184097,-7.368706558958234e-08
302.5099999998699,upper,98608.25469903585,163129.58363897074,1028.7203557695764,853.1454411132128,1336.4590207211527,0.9689913365663116,-0.0020064208063687687,5531.600225996173,4331.600225996173,80000.0,1.0,0.0050601238896962235,163129.58363897074,98608.25469903585,-7.312803029359494e-08
302.6199999998698,upper,98721.46348611676,163223.4453661653,1029.6213457814824,853.431490661967,1337.3351954324608,0.9687706318871339,-0.0020063915632497977,5529.021633273696,4329.021633273696,80000.0,1.0,0.005011118630258316,163223.4453661653,98721.46348611676,-7.257340735188399e-08
302.7299999998697,upper,98834.77142113671,163317.33858313476,1030.5230456735396,853.7179825300786,1338.2122930833866,0.9685499304175605,-0.002006362449842879,5526.443040551219,4326.443040551219,80000.0,1.0,0.0049625721671426185,163317.33858313476,98834.77142113671,-7.202316243297227e-08
302.8399999998696,upper,98948.17858221637,163411.26333855256,1031.425456060189,854.0049170504747,1339.0903142638874,0.9683292321433533,-0.0020063334656005402,5523.864447828742,4323.864447828742,80000.0,1.0,0.00491448033166268,163411.26333855256,98948.17858221637,-7.147726455806336e-08
302.9499999998695,upper,99061.68504754397,163505.21968112868,1032.3285775567397,854.2922945565505,1339.9692595649415,0.968108537050334,-0.0020063046099770836,5521.285855106265,4321.285855106265,80000.0,1.0,0.004866838992106872,163505.21968112868,99061.68504754397,-7.093568280333994e-08
303.0599999998694,upper,99175.29089537547,163599.20765961,1033.2324107793697,854.5801153821695,1340.8491295785482,0.9678878451243842,-0.0020062758824299885,5518.7072623837885,4318.7072623837885,80000.0,1.0,0.004819644053415551,163599.20765961,99175.29089537547,-7.039836959742837e-08
303.1699999998693,upper,99288.99620403469,163693.22732278003,1034.1369563451265,854.868379861666,1341.7299248977313,0.9676671563514455,-0.0020062472824176046,5516.1286696613115,4316.1286696613115,80000.0,1.0,0.004772891456861315,163693.22732278003,99288.99620403469,-6.986530724211463e-08
303.2799999998692,upper,99402.80105191332,163787.27871945914,1035.0422148719297,855.1570883298443,1342.6116461165407,0.967446470717519,-0.0020062188094016544,5513.5500769388345,4313.5500769388345,80000.0,1.0,0.004726577179732057,163787.27871945914,99402.80105191332,-6.933644249149969e-08
303.3899999998691,upper,99516.70551747113,163881.3618985045,1035.9481869785725,855.4462411219807,1343.4942938300549,0.9672257882086642,-0.0020061904628440436,5510.971484216358,4310.971484216358,80000.0,1.0,0.004680697235016483,163881.3618985045,99516.70551747113,-6.88117621825695e-08
303.499999999869,upper,99630.70967923595,163975.47690881017,1036.854873284724,855.7358385738243,1344.3778686343833,0.9670051088110002,-0.002006162242210759,5508.392891493881,4308.392891493881,80000.0,1.0,0.004635247671092649,163975.47690881017,99630.70967923595,-6.82912155982045e-08
303.6099999998689,upper,99744.81361580385,164069.62379930724,1037.7622744109276,856.0258810215968,1345.262371126667,0.9667844325107049,-0.0020061341469681366,5505.814298771404,4305.814298771404,80000.0,1.0,0.004590224571418957,164069.62379930724,99744.81361580385,-6.777478428703873e-08
303.7199999998688,upper,99859.01740583921,164163.80261896385,1038.6703909786067,856.3163688019949,1346.1478019050828,0.9665637592940143,-0.002006106176586262,5503.235706048927,4303.235706048927,80000.0,1.0,0.004545624054228018,164163.80261896385,99859.01740583921,-6.726241741752062e-08
303.8299999998687,upper,99973.32112807481,164258.01341678496,1039.5792236100638,856.6073022521908,1347.0341615688442,0.966343089147223,-0.002006078330535433,5500.65711332645,4300.65711332645,80000.0,1.0,0.004501442272223166,164258.01341678496,99973.32112807481,-6.675410143308273e-08
303.9399999998686,upper,100087.72486131193,164352.2562418129,1040.4887729284824,856.8986817098324,1347.921450718204,0.9661224220566835,-0.00200605060828941,5498.078520603973,4298.078520603973,80000.0,1.0,0.004457675412277291,164352.2562418129,100087.72486131193,-6.624979253691099e-08
304.0499999998685,upper,100202.22868442045,164446.5311431271,1041.3990395579287,857.1905075130448,1348.8096699544558,0.965901758008806,-0.00200602300932309,5495.499927881496,4295.499927881496,80000.0,1.0,0.0044143196951346875,164446.5311431271,100202.22868442045,-6.574946298186074e-08
304.1599999998684,upper,100316.83267633896,164540.83816984418,1042.3100241233547,857.4827800004315,1349.6988198799377,0.9656810969900588,-0.002005995533114067,5492.921335159019,4292.921335159019,80000.0,1.0,0.00437137137511531,164540.83816984418,100316.83267633896,-6.525307809074191e-08
304.2699999998683,upper,100431.53691607485,164635.17737111807,1043.2217272505961,857.7754995110745,1350.5889010980325,0.9654604389869671,-0.0020059681791415175,5490.342742436542,4290.342742436542,80000.0,1.0,0.004328826739821552,164635.17737111807,100431.53691607485,-6.476060969164537e-08
304.3799999998682,upper,100546.34148270435,164729.54879613992,1044.1341495663773,858.0686663845358,1351.4799142131703,0.9652397839861133,-0.0020059409468866363,5487.764149714065,4287.764149714065,80000.0,1.0,0.00428668210984759,164729.54879613992,100546.34148270435,-6.42720207027736e-08
304.4899999998681,upper,100661.24645537273,164823.9524941384,1045.0472916983115,858.3622809608582,1352.371859830832,0.9650191319741372,-0.0020059138358327127,5485.185556991588,4285.185556991588,80000.0,1.0,0.004244933838491281,164823.9524941384,100661.24645537273,-6.378728813194039e-08
304.599999999868,upper,100776.25191329428,164918.38851437956,1045.9611542749033,858.6563435805663,1353.2647385575506,0.964798482937735,-0.0020058868454649347,5482.606964269111,4282.606964269111,80000.0,1.0,0.004203578311468513,164918.38851437956,100776.25191329428,-6.330637502953053e-08
304.7099999998679,upper,100891.35793575257,165012.85690616694,1046.875737925548,858.9508545846671,1354.1585510009124,0.9645778368636588,-0.0020058599752703988,5480.028371546634,4280.028371546634,80000.0,1.0,0.0041626119466300895,165012.85690616694,100891.35793575257,-6.282925509646764e-08
304.8199999998678,upper,101006.5646021004,165107.35771884152,1047.7910432805368,859.2458143146514,1355.0532977695616,0.9643571937387183,-0.002005833224738805,5477.449778824157,4277.449778824157,80000.0,1.0,0.004122031193681046,165107.35771884152,101006.5646021004,-6.235589737849941e-08
304.9299999998677,upper,101121.87199175995,165201.89100178197,1048.7070709710547,859.5412231124943,1355.9489794731996,0.9641365535497785,-0.0020058065933611898,5474.87118610168,4274.87118610168,80000.0,1.0,0.004081832533902284,165201.89100178197,101121.87199175995,-6.188626565863012e-08
305.0399999998676,upper,101237.28018422288,165296.45680440462,1049.623821629185,859.8370813206567,1356.8455967225898,0.9639159162837603,-0.002005780080630548,5472.292593379203,4272.292593379203,80000.0,1.0,0.004042012479874749,165296.45680440462,101237.28018422288,-6.142033656359271e-08
305.1499999998675,upper,101352.7892590504,165391.05517616347,1050.5412958879083,860.1333892820854,1357.743150129557,0.9636952819276401,-0.0020057536860421106,5469.714000656726,4269.714000656726,80000.0,1.0,0.004002567575206012,165391.05517616347,101352.7892590504,-6.095808142204438e-08
305.2599999998674,upper,101468.39929587346,165485.68616655024,1051.4594943811078,860.4301473402148,1358.6416403069938,0.9634746504684499,-0.00200572740909338,5467.135407934249,4267.135407934249,80000.0,1.0,0.003963494394259114,165485.68616655024,101468.39929587346,-6.049945963963679e-08
305.3699999998673,upper,101584.11037439278,165580.34982509445,1052.378417743566,860.7273558389675,1359.541067868857,0.9632540218932775,-0.002005701249282918,5464.556815211772,4264.556815211772,80000.0,1.0,0.003924789541883832,165580.34982509445,101584.11037439278,-6.004445587637581e-08
305.4799999998672,upper,101699.9225743789,165675.04620136358,1053.29806661097,861.025015122755,1360.4414334301744,0.9630333961892649,-0.002005675206111897,5461.978222489295,4261.978222489295,80000.0,1.0,0.003886449653150194,165675.04620136358,101699.9225743789,-5.959303790235957e-08
305.5899999998671,upper,101815.83597567237,165769.77534496287,1054.2184416199125,861.323125536479,1361.3427376070458,0.9628127733436089,-0.0020056492790833714,5459.399629766818,4259.399629766818,80000.0,1.0,0.003848471393084519,165769.77534496287,101815.83597567237,-5.914517157770558e-08
305.699999999867,upper,101931.85065818386,165864.53730553566,1055.1395434078922,861.6216874255325,1362.2449810166443,0.962592153343561,-0.002005623467701795,5456.821037044341,4256.821037044341,80000.0,1.0,0.0038108514564073217,165864.53730553566,101931.85065818386,-5.8700837033126964e-08
305.8099999998669,upper,102047.96670189411,165959.33213276326,1056.0613726133172,861.9207011358009,1363.1481642772198,0.9623715361764272,-0.002005597771474683,5454.242444321864,4254.242444321864,80000.0,1.0,0.0037735865672739967,165959.33213276326,102047.96670189411,-5.825999073972796e-08
305.9199999998668,upper,102164.18418685423,166054.15987636498,1056.9839298755053,862.2201670136615,1364.0522880081003,0.9621509218295679,-0.002005572189910057,5451.663851599387,4251.663851599387,80000.0,1.0,0.003736673479017394,166054.15987636498,102164.18418685423,-5.782262133230786e-08
306.0299999998667,upper,102280.5031931856,166149.02058609843,1057.9072158346855,862.520085405986,1364.957352829694,0.9619303102903968,-0.0020055467225186955,5449.08525887691,4249.08525887691,80000.0,1.0,0.0037001089738926897,166149.02058609843,102280.5031931856,-5.738869633596815e-08
306.1399999998666,upper,102396.92380108025,166243.9143117592,1058.8312311320005,862.8204566601418,1365.8633593634918,0.9617097015463819,-0.0020055213688138294,5446.506666154433,4246.506666154433,80000.0,1.0,0.003663889862824598,166243.9143117592,102396.92380108025,-5.695817963143052e-08
306.2499999998665,upper,102513.44609080059,166338.84110318127,1059.755976409508,863.1212811239909,1366.7703082320706,0.9614890955850441,-0.0020054961283090195,5443.928073431956,4243.928073431956,80000.0,1.0,0.0036280129851566124,166338.84110318127,102513.44609080059,-5.653105823619524e-08
306.3599999998664,upper,102630.07014267985,166433.80101023687,1060.6814523101832,863.4225591458928,1367.6782000590936,0.9612684923939584,-0.0020054710005209947,5441.349480709479,4241.349480709479,80000.0,1.0,0.0035924752084024987,166433.80101023687,102630.07014267985,-5.610729314123439e-08
306.4699999998663,upper,102746.79603712195,166528.79408283654,1061.607659477918,863.7242910747041,1368.5870354693134,0.9610478919607521,-0.002005445984968147,5438.770887987002,4238.770887987002,80000.0,1.0,0.0035572734279999676,166528.79408283654,102746.79603712195,-5.568685963161624e-08
306.5799999998662,upper,102863.62385460176,166623.82037092934,1062.5345985575257,864.026477259781,1369.4968150885745,0.9608272942731061,-0.0020054210811701013,5436.1922952645255,4236.1922952645255,80000.0,1.0,0.003522404567066352,166623.82037092934,102863.62385460176,-5.5269740343731106e-08
306.6899999998661,upper,102980.55367566507,166718.87992450266,1063.4622701947405,864.3291180509788,1370.4075395438156,0.9606066993187534,-0.002005396288649407,5433.6137025420485,4233.6137025420485,80000.0,1.0,0.0034878655761566043,166718.87992450266,102980.55367566507,-5.48558957579104e-08
306.799999999866,upper,103097.58558092876,166813.97279358236,1064.3906750362198,864.6322137986535,1371.3192094630704,0.96038610708548,-0.002005371606930028,5431.0351098195715,4231.0351098195715,80000.0,1.0,0.003453653433023256,166813.97279358236,103097.58558092876,-5.444530476950152e-08
306.9099999998659,upper,103214.71965108093,166909.09902823297,1065.3198137295465,864.9357648536628,1372.231825475472,0.9601655175611234,-0.00200534703553726,5428.456517097095,4228.456517097095,80000.0,1.0,0.00341976514237837,166909.09902823297,103214.71965108093,-5.403794196536053e-08
307.0199999998658,upper,103331.95596688091,167004.2586785576,1066.2496869232302,865.2397715673668,1373.1453882112542,0.9599449307335741,-0.0020053225739988067,5425.877924374618,4225.877924374618,80000.0,1.0,0.0033861977356577522,167004.2586785576,103331.95596688091,-5.3633785650888595e-08
307.1299999998657,upper,103449.29460915951,167099.4517946981,1067.1802952667085,865.5442342916296,1374.0598983017526,0.9597243465907737,-0.002005298221844399,5423.299331652141,4223.299331652141,80000.0,1.0,0.0033529482707870813,167099.4517946981,103449.29460915951,-5.323279870007937e-08
307.2399999998656,upper,103566.73565881891,167194.67842683507,1068.1116394103492,865.8491533788192,1374.9753563794086,0.9595037651207158,-0.002005273978604999,5420.720738929664,4220.720738929664,80000.0,1.0,0.0033200138319500645,167194.67842683507,103566.73565881891,-5.283496730831047e-08
307.3499999998655,upper,103684.279196833,167289.93862518776,1069.0437200054514,866.1545291818094,1375.8917630777705,0.9592831863114456,-0.002005249843813982,5418.142146207187,4218.142146207187,80000.0,1.0,0.0032873915293587285,167289.93862518776,103684.279196833,-5.2440264518644954e-08
307.4599999998654,upper,103801.92530424724,167385.2324400143,1069.9765377042488,866.4603620539809,1376.8091190314972,0.9590626101510592,-0.002005225817006421,5415.56355348471,4215.56355348471,80000.0,1.0,0.0032550784990255516,167385.2324400143,103801.92530424724,-5.2048654781514804e-08
307.5699999998653,upper,103919.67406217902,167480.55992161186,1070.91009315991,866.7666523492214,1377.727424876359,0.9588420366277042,-0.0020052018977188557,5412.984960762233,4212.984960762233,80000.0,1.0,0.003223071902537552,167480.55992161186,103919.67406217902,-5.1660129002091376e-08
307.6799999998652,upper,104037.52555181748,167575.92112031634,1071.8443870265398,867.0734004219269,1378.6466812492395,0.9586214657295783,-0.0020051780854901356,5410.406368039756,4210.406368039756,80000.0,1.0,0.0031913689268325135,167575.92112031634,104037.52555181748,-5.127465161015237e-08
307.7899999998651,upper,104155.47985442392,167671.3160865029,1072.7794199591815,867.3806066270032,1379.566888788139,0.9584008974449308,-0.002005154379860522,5407.827775317279,4207.827775317279,80000.0,1.0,0.0031599667839769165,167671.3160865029,104155.47985442392,-5.08922040205108e-08
307.899999999865,upper,104273.53705133164,167766.7448705855,1073.7151926138192,867.6882713198663,1380.4880481321773,0.9581803317620607,-0.002005130780373047,5405.249182594802,4205.249182594802,80000.0,1.0,0.0031288627109460642,167766.7448705855,104273.53705133164,-5.051275069713063e-08
308.0099999998649,upper,104391.69722394618,167862.2075230175,1074.6517056473792,867.9963948564438,1381.4101599215942,0.9579597686693178,-0.0020051072865709435,5402.670589872325,4202.670589872325,80000.0,1.0,0.003098053969405807,167862.2075230175,104391.69722394618,-5.0136283277103785e-08
308.1199999998648,upper,104509.9604537454,167957.7040942913,1075.5889597177306,868.3049775931754,1382.3332247977528,0.9577392081551013,-0.0020050838980005875,5400.091997149848,4200.091997149848,80000.0,1.0,0.0030675378454963925,167957.7040942913,104509.9604537454,-4.9762768617607865e-08
308.2299999998647,upper,104628.32682227959,168053.23463493845,1076.5269554836893,868.6140198870152,1383.2572434031426,0.9575186502078608,-0.0020050606142096457,5397.513404427371,4197.513404427371,80000.0,1.0,0.0030373116496181254,168053.23463493845,104628.32682227959,-4.939218253671214e-08
308.3399999998646,upper,104746.79641117151,168148.79919552998,1077.4656936050173,868.9235220954303,1384.1822163813797,0.9572980948160953,-0.0020050374347474606,5394.934811704894,4194.934811704894,80000.0,1.0,0.0030073727162188107,168148.79919552998,104746.79641117151,-4.902450732119991e-08
308.4499999998645,upper,104865.36930211661,168244.3978266761,1078.4051747424257,869.2334845764042,1385.1081443772107,0.9570775419683533,-0.002005014359165263,5392.356218982417,4192.356218982417,80000.0,1.0,0.002977718403583129,168244.3978266761,104865.36930211661,-4.865971721582758e-08
308.5599999998644,upper,104984.04557688303,168340.03057902658,1079.3453995575771,869.543907688436,1386.0350280365144,0.9568569916532326,-0.0020049913870162834,5389.77762625994,4189.77762625994,80000.0,1.0,0.002948346093623763,168340.03057902658,104984.04557688303,-4.8297787246030614e-08
308.6699999998643,upper,105102.82531731174,168435.69750327046,1080.2863687130855,869.8547917905432,1386.9628680063047,0.95663644385938,-0.002004968517855238,5387.199033537463,4187.199033537463,80000.0,1.0,0.0029192531916744572,168435.69750327046,105102.82531731174,-4.793868969881486e-08
308.7799999998642,upper,105221.7086053167,168531.3986501366,1081.2280828725195,870.1661372422612,1387.8916649347318,0.9564158985754914,-0.0020049457512385654,5384.620440814986,4184.620440814986,80000.0,1.0,0.0028904371262845974,168531.3986501366,105221.7086053167,-4.758241815339858e-08
308.8899999998641,upper,105340.69552288488,168627.1340703931,1082.1705427004035,870.4779444036446,1388.8214194710854,0.956195355790311,-0.0020049230867251154,5382.041848092509,4182.041848092509,80000.0,1.0,0.0028618953490159964,168627.1340703931,105340.69552288488,-4.722893241863722e-08
308.999999999864,upper,105459.78615207638,168722.90381484796,1083.11374886222,870.790213635269,1389.7521322657972,0.9559748154926319,-0.002004900523874627,5379.463255370032,4179.463255370032,80000.0,1.0,0.002833625334240999,168722.90381484796,105459.78615207638,-4.6878216961767895e-08
309.1099999998639,upper,105578.98057502459,168818.7079343487,1084.0577020244107,871.1029452982306,1390.6838039704419,0.9557542776712951,-0.002004878062248977,5376.884662647555,4176.884662647555,80000.0,1.0,0.0028056245789426556,168818.7079343487,105578.98057502459,-4.6530252284714906e-08
309.2199999998638,upper,105698.27887393626,168914.54647978267,1085.002402854379,871.4161397541491,1391.6164352377414,0.9555337423151898,-0.002004855701411822,5374.306069925078,4174.306069925078,80000.0,1.0,0.0027778906025164476,168914.54647978267,105698.27887393626,-4.6185013949518634e-08
309.3299999998637,upper,105817.68113109157,169010.41950207698,1085.9478520204905,871.7297973651671,1392.5500267215652,0.9553132094132535,-0.0020048334409287316,5371.727477202601,4171.727477202601,80000.0,1.0,0.0027504209465738015,169010.41950207698,105817.68113109157,-4.5842481401939255e-08
309.4399999998636,upper,105937.18742884429,169106.32705219867,1086.8940501920754,872.0439184939519,1393.484579076934,0.9550926789544709,-0.0020048112803665325,5369.148884480124,4169.148884480124,80000.0,1.0,0.002723213174747284,169106.32705219867,105937.18742884429,-4.55026293494964e-08
309.5499999998635,upper,106056.79784962191,169202.26918115464,1087.8409980394315,872.3585035036959,1394.4200929600213,0.9548721509278744,-0.002004789219294065,5366.570291757647,4166.570291757647,80000.0,1.0,0.0026962648724975303,169202.26918115464,106056.79784962191,-4.516544028928162e-08
309.6599999998634,upper,106176.51247592569,169298.24593999182,1088.7886962338243,872.6735527581191,1395.3565690281566,0.954651625322544,-0.0020047672572819026,5363.99169903517,4163.99169903517,80000.0,1.0,0.002669573646921732,169298.24593999182,106176.51247592569,-4.483088964731243e-08
309.7699999998633,upper,106296.33139033071,169394.2573797971,1089.7371454474894,872.9890666214677,1396.2940079398263,0.9544311021276063,-0.002004745393902752,5361.413106312693,4161.413106312693,80000.0,1.0,0.0026431371265639454,169394.2573797971,106296.33139033071,-4.449895376601911e-08
309.8799999998632,upper,106416.25467548615,169490.30355169758,1090.6863463536345,873.3050454585177,1397.2324103546782,0.9542105813322351,-0.002004723628729486,5358.834513590216,4158.834513590216,80000.0,1.0,0.002616952961226911,169490.30355169758,106416.25467548615,-4.416962639761124e-08
309.9899999998631,upper,106536.28241411527,169586.38450686046,1091.6362996264418,873.6214896345741,1398.1717769335223,0.9539900629256516,-0.0020047019613387623,5356.255920867739,4156.255920867739,80000.0,1.0,0.002591018821785513,169586.38450686046,106536.28241411527,-4.3842869988493596e-08
310.099999999863,upper,106656.41468901552,169682.500296493,1092.5870059410677,873.9383995154728,1399.112108338332,0.9537695468971222,-0.002004680391307228,5353.677328145262,4153.677328145262,80000.0,1.0,0.0025653324000020137,169682.500296493,106656.41468901552,-4.351867013673705e-08
310.2099999998629,upper,106776.65158305867,169778.6509718431,1093.538465973647,874.2557754675815,1400.05340523225,0.9535490332359611,-0.002004658918214738,5351.0987354227855,4151.0987354227855,80000.0,1.0,0.00253989140834257,169778.6509718431,106776.65158305867,-4.319700301842934e-08
310.3199999998628,upper,106896.99317919089,169874.83658419873,1094.490680401293,874.5736178578007,1400.9956682795873,0.9533285219315281,-0.002004637541641374,5348.5201427003085,4148.5201427003085,80000.0,1.0,0.0025146935797957307,169874.83658419873,106896.99317919089,-4.2877856348511556e-08
310.4299999998627,upper,107017.43956043298,169971.0571848881,1095.4436499021006,874.8919270535644,1401.938898145827,0.9531080129732289,-0.0020046162611700963,5345.9415499778315,4145.9415499778315,80000.0,1.0,0.0024897366676922507,169971.0571848881,107017.43956043298,-4.2561200436399266e-08
310.5399999998626,upper,107137.99080988027,170067.3128252802,1096.3973751551468,875.2107034228414,1402.8830954976258,0.9528875063505149,-0.002004595076384347,5343.362957255355,4143.362957255355,80000.0,1.0,0.002465018445526419,170067.3128252802,107137.99080988027,-4.224702324945548e-08
310.6499999998625,upper,107258.64701070293,170163.60355678434,1097.351856840494,875.5299473341369,1403.8282610028182,0.9526670020528839,-0.002004573986870325,5340.784364532878,4140.784364532878,80000.0,1.0,0.002440536706779209,170163.60355678434,107258.64701070293,-4.19352986434567e-08
310.7599999998624,upper,107379.40824614599,170259.92943085046,1098.307095639191,875.8496591564927,1404.7743953304173,0.9524465000698785,-0.0020045529922152233,5338.205771810401,4138.205771810401,80000.0,1.0,0.0024162892647426435,170259.92943085046,107379.40824614599,-4.162601491772357e-08
310.8699999998623,upper,107500.27459952938,170356.29049896906,1099.2630922332737,876.1698392594889,1405.7214991506166,0.9522260003910872,-0.002004532092008246,5335.627179087924,4135.627179087924,80000.0,1.0,0.0023922739523459555,170356.29049896906,107500.27459952938,-4.1319145029378726e-08
310.9799999998622,upper,107621.24615424818,170452.68681267137,1100.2198473057701,876.4904880132443,1406.6695731347954,0.9520055030061431,-0.0020045112858406854,5333.048586365447,4133.048586365447,80000.0,1.0,0.002368488621983064,170452.68681267137,107621.24615424818,-4.1014668313617556e-08
311.0899999998621,upper,107742.3229937726,170549.11842352943,1101.1773615406987,876.8116057884181,1407.6186179555168,0.9517850079047239,-0.002004490573303928,5330.46999364297,4130.46999364297,80000.0,1.0,0.0023449311453415883,170549.11842352943,107742.3229937726,-4.0712577070104175e-08
311.199999999862,upper,107863.5052016482,170645.5853831559,1102.135635623073,877.1331929562101,1408.568634286534,0.9515645150765528,-0.00200446995399285,5327.891400920493,4127.891400920493,80000.0,1.0,0.002321599413233473,170645.5853831559,107863.5052016482,-4.0412838050826266e-08
311.3099999998619,upper,107984.79286149588,170742.0877432045,1103.094670238901,877.4552498883636,1409.5196228027903,0.9513440245113974,-0.0020044494275028666,5325.312808198016,4125.312808198016,80000.0,1.0,0.002298491335426868,170742.0877432045,107984.79286149588,-4.011544068178896e-08
311.4199999998618,upper,108106.18605701215,170838.6255553697,1104.0544660751902,877.7777769571636,1410.4715841804236,0.9511235361990692,-0.0020044289934309594,5322.734215475539,4122.734215475539,80000.0,1.0,0.0022756048404796382,170838.6255553697,108106.18605701215,-3.98203671923787e-08
311.5299999998617,upper,108227.68487196909,170935.19887138714,1105.015023819945,878.1007745354402,1411.4245190967647,0.9509030501294244,-0.0020044086513765374,5320.155622753062,4120.155622753062,80000.0,1.0,0.0022529378755742073,170935.19887138714,108227.68487196909,-3.9527590354142665e-08
311.6399999998616,upper,108349.28939021446,171031.80774303328,1105.9763441621728,878.4242429965697,1412.3784282303454,0.9506825662923633,-0.0020043884009397074,5317.577030030585,4117.577030030585,80000.0,1.0,0.002230488406353934,171031.80774303328,108349.28939021446,-3.923710013521972e-08
311.7499999998615,upper,108470.99969567194,171128.4522221259,1106.9384277918846,878.7481827144734,1413.3333122608972,0.9504620846778293,-0.002004368241722752,5314.998437308108,4114.998437308108,80000.0,1.0,0.0022082544167607745,171128.4522221259,108470.99969567194,-3.894887513171137e-08
311.8599999998614,upper,108592.81587234119,171225.13236052365,1107.901275400095,879.0725940636214,1414.2891718693536,0.9502416052758107,-0.002004348173329907,5312.419844585631,4112.419844585631,80000.0,1.0,0.0021862339088745456,171225.13236052365,108592.81587234119,-3.866289604793201e-08
311.9699999998613,upper,108714.73800429786,171321.84821012674,1108.8648876788272,879.3974774190319,1415.2460077378544,0.9500211280763383,-0.002004328195365819,5309.841251863154,4109.841251863154,80000.0,1.0,0.0021644249027532787,171321.84821012674,108714.73800429786,-3.837915386669809e-08
312.0799999998612,upper,108836.76617569383,171418.5998228765,1109.8292653211115,879.7228331562728,1416.203820549746,0.9498006530694865,-0.0020043083074381494,5307.262659140677,4107.262659140677,80000.0,1.0,0.0021428254362753168,171418.5998228765,108836.76617569383,-3.8097614628512056e-08
312.1899999998611,upper,108958.90047075727,171515.38725075554,1110.7944090209908,880.0486616514632,1417.1626109895872,0.9495801802453727,-0.0020042885091550193,5304.6840664182,4104.6840664182,80000.0,1.0,0.0021214335649825497,171515.38725075554,108958.90047075727,-3.781826970238392e-08
312.299999999861,upper,109081.1409737927,171612.21054578802,1111.7603194735193,880.3749632812738,1418.122379743147,0.9493597095941577,-0.002004268800126549,5302.105473695723,4102.105473695723,80000.0,1.0,0.002100247361924984,171612.21054578802,109081.1409737927,-3.7541105300942245e-08
312.4099999998609,upper,109203.48776918121,171709.06976003948,1112.7269973747661,880.7017384229285,1419.0831274974103,0.9491392411060446,-0.0020042491799645485,5299.526880973246,4099.526880973246,80000.0,1.0,0.0020792649175068604,171709.06976003948,109203.48776918121,-3.726609946531463e-08
312.5199999998608,upper,109325.94094138047,171805.964945617,1113.6944434218176,881.028987454205,1420.0448549405803,0.9489187747712797,-0.002004229648282492,5296.948288250769,4096.948288250769,80000.0,1.0,0.0020584843393339192,171805.964945617,109325.94094138047,-3.6993236404634344e-08
312.6299999998607,upper,109448.50057492494,171902.8961546692,1114.6626583127775,881.3567107534362,1421.007562762079,0.9486983105801511,-0.002004210204695169,5294.369695528296,4094.3696955282953,80000.0,1.0,0.0020379037520620456,171902.8961546692,109448.50057492494,-3.6722495014143265e-08
312.7399999998606,upper,109571.16675442587,171999.86343938645,1115.6316427467702,881.6849086995114,1421.9712516525512,0.9484778485229898,-0.0020041908488189074,5291.791102805823,4091.7911028058234,80000.0,1.0,0.0020175212972472685,171999.86343938645,109571.16675442587,-3.6453862905062796e-08
312.8499999998605,upper,109693.93956457148,172096.8668520007,1116.6013974239434,882.0135816718774,1422.935922303867,0.9482573885901684,-0.002004171580272102,5289.212510083351,4089.2125100833514,80000.0,1.0,0.001997335133197046,172096.8668520007,109693.93956457148,-3.6187318316067e-08
312.9599999998604,upper,109816.81909012709,172193.90644478583,1117.571923045467,882.3427300505392,1423.9015754091229,0.9480369307721016,-0.0020041523986739445,5286.633917360879,4086.6339173608794,80000.0,1.0,0.0019773434348227263,172193.90644478583,109816.81909012709,-3.592284649109177e-08
313.0699999998603,upper,109939.80541593519,172290.9822700573,1118.543220313539,882.6723542160614,1424.8682116626458,0.9478164750592459,-0.0020041333036456086,5284.055324638408,4084.0553246384075,80000.0,1.0,0.001957544393493525,172290.9822700573,109939.80541593519,-3.566043408010977e-08
313.1799999998602,upper,110062.89862691554,172388.09438017278,1119.5152899313841,883.0024545495694,1425.8358317599946,0.9475960214420995,-0.0020041142948098705,5281.4767319159355,4081.4767319159355,80000.0,1.0,0.0019379362168914953,172388.09438017278,110062.89862691554,-3.540005812607377e-08
313.2899999998601,upper,110186.09880806538,172485.2428275317,1120.488132603257,883.3330314327504,1426.8044363979623,0.947375569911202,-0.0020040953717905437,5278.898139193463,4078.8981391934635,80000.0,1.0,0.0019185171288679474,172485.2428275317,110186.09880806538,-3.5141713622242496e-08
313.39999999986,upper,110309.40604445944,172582.4276645755,1121.4617490344458,883.6640852478542,1427.7740262745801,0.9471551204571338,-0.0020040765342135302,5276.319546470992,4076.3195464709916,80000.0,1.0,0.0018992853693010957,172582.4276645755,110309.40604445944,-3.4885373529632914e-08
313.5099999998599,upper,110432.82042125004,172679.6489437878,1122.4361399312706,883.995616377695,1428.744602089118,0.946934673070517,-0.002004057781706508,5273.74095374852,4073.7409537485196,80000.0,1.0,0.0018802391939547933,172679.6489437878,110432.82042125004,-3.4631024320443816e-08
313.6199999998598,upper,110556.34202366733,172776.90671769425,1123.4113060010889,884.3276252056518,1429.7161645420883,0.9467142277420144,-0.0020040391138976565,5271.162361026048,4071.1623610260476,80000.0,1.0,0.0018613768743387085,172776.90671769425,110556.34202366733,-3.4378653995235005e-08
313.7299999998597,upper,110679.97093701927,172874.20103886275,1124.3872479522952,884.6601121156698,1430.6887143352483,0.9464937844623295,-0.0020040205304177427,5268.583768303575,4068.5837683035757,80000.0,1.0,0.001842696697569533,172874.20103886275,110679.97093701927,-3.412823770477722e-08
313.8399999998596,upper,110803.70724669182,172971.53195990348,1125.3639664943244,884.9930774922618,1431.662252171602,0.9462733432222061,-0.002004002030897596,5266.005175581104,4066.0051755811037,80000.0,1.0,0.0018241969662334723,172971.53195990348,110803.70724669182,-3.387977671068127e-08
313.9499999998595,upper,110927.55103814905,173068.89953346888,1126.3414623376527,885.326521720509,1432.6367787554027,0.9460529040124293,-0.002003983614971929,5263.426582858632,4063.4265828586317,80000.0,1.0,0.0018058759982499447,173068.89953346888,110927.55103814905,-3.3633233041795086e-08
314.0599999998594,upper,111051.5023969332,173166.30381225396,1127.3197361938,885.6604451860619,1433.6122947921563,0.9458324668238234,-0.002003965282274376,5260.84799013616,4060.8479901361598,80000.0,1.0,0.00178773212673638,173166.30381225396,111051.5023969332,-3.338860920936999e-08
314.1699999998593,upper,111175.56140866491,173263.74484899605,1128.298788775333,885.9948482751423,1434.5888009886235,0.9456120316472535,-0.002003947032442181,5258.269397413687,4058.269397413688,80000.0,1.0,0.0017697636998743296,173263.74484899605,111175.56140866491,-3.314587694155713e-08
314.27999999985917,upper,111299.72815904318,173361.2226964749,1129.2786207958648,886.3297313745434,1435.566298052821,0.9453915984736244,-0.0020039288651123536,5255.690804691216,4055.690804691216,80000.0,1.0,0.0017519690807766258,173361.2226964749,111299.72815904318,-3.290503051152672e-08
314.38999999985907,upper,111424.00273384561,173458.737407513,1130.2592329700592,886.6650948716314,1436.5447866940262,0.9451711672938805,-0.0020039107799241177,5253.112211968744,4053.112211968744,80000.0,1.0,0.001734346647355687,173458.737407513,111424.00273384561,-3.266605784528964e-08
314.49999999985897,upper,111548.38521892848,173556.28903497543,1131.240626013631,887.0009391543471,1437.5242676227786,0.944950738099006,-0.002003892776518769,5250.533619246272,4050.533619246272,80000.0,1.0,0.0017168947921930324,173556.28903497543,111548.38521892848,-3.2428930452064e-08
314.60999999985887,upper,111672.87570022678,173653.87763176995,1132.2228006433495,887.3372646112059,1438.5047415508811,0.9447303108800247,-0.0020038748545383447,5247.9550265237995,4047.9550265238,80000.0,1.0,0.0016996119224099255,173653.87763176995,111672.87570022678,-3.219364205724984e-08
314.71999999985877,upper,111797.47426375447,173751.50325084713,1133.2057575770393,887.6740716313,1439.4862091914051,0.9445098856279994,-0.002003857013626096,5245.376433801328,4045.376433801328,80000.0,1.0,0.0016824964595390736,173751.50325084713,111797.47426375447,-3.1960182438121156e-08
314.82999999985867,upper,111922.18099560456,173849.1659452004,1134.1894975335836,888.0113606042989,1440.4686712586918,0.944289462334032,-0.0020038392534278355,5242.797841078856,4042.797841078856,80000.0,1.0,0.0016655468393974757,173849.1659452004,111922.18099560456,-3.1728524724908345e-08
314.93999999985857,upper,112046.99598194912,173946.86576786594,1135.174021232924,888.3491319204512,1441.4521284683533,0.9440690409892634,-0.0020038215735898777,5240.219248356384,4040.219248356384,80000.0,1.0,0.0016487615119604555,173946.86576786594,112046.99598194912,-3.149866397985859e-08
315.04999999985847,upper,112171.91930903947,174044.6027719231,1136.159329396065,888.6873859705851,1442.4365815372778,0.9438486215848735,-0.00200380397375987,5237.640655633912,4037.640655633912,80000.0,1.0,0.0016321389412365978,174044.6027719231,112171.91930903947,-3.127058709188511e-08
315.15999999985837,upper,112296.95106320639,174142.37701049403,1137.1454227450743,889.0261231461101,1443.42203118363,0.9436282041120807,-0.0020037864535881623,5235.06206291144,4035.06206291144,80000.0,1.0,0.0016156776051439864,174142.37701049403,112296.95106320639,-3.104426834794414e-08
315.26999999985827,upper,112422.09133086004,174240.18853674416,1138.1323020030868,889.3653438390173,1444.4084781268557,0.9434077885621416,-0.0020037690127252253,5232.483470188969,4032.483470188968,80000.0,1.0,0.0015993759953873506,174240.18853674416,112422.09133086004,-3.0819700396539154e-08
315.37999999985817,upper,112547.34019849026,174338.03740388196,1139.119967894304,889.7050484418816,1445.3959230876815,0.9431873749263515,-0.0020037516508234223,5229.904877466496,4029.904877466496,80000.0,1.0,0.0015832326173363684,174338.03740388196,112547.34019849026,-3.05968737984739e-08
315.48999999985807,upper,112672.6977526666,174435.92366515912,1140.108421143998,890.0452373478618,1446.3843667881201,0.9429669631960439,-0.0020037343675365494,5227.326284744024,4027.326284744024,80000.0,1.0,0.0015672459899049912,174435.92366515912,112672.6977526666,-3.037576979551124e-08
315.59999999985797,upper,112798.1640800384,174533.84737387073,1141.0976624785121,890.3859109507031,1447.3738099514712,0.9427465533625898,-0.002003717162519786,5224.747692021552,4024.747692021552,80000.0,1.0,0.001551414645431819,174533.84737387073,112798.1640800384,-3.0156375440203e-08
315.70999999985787,upper,112923.73926733501,174631.80858335504,1142.0876926252656,890.727069644737,1448.3642533023258,0.9425261454173987,-0.0020037000354302154,5222.169099299081,4022.1690992990802,80000.0,1.0,0.0015357371295615352,174631.80858335504,112923.73926733501,-2.9938675267402677e-08
315.81999999985777,upper,113049.42340136578,174729.8073469938,1143.0785123127528,891.068713824883,1449.355697566566,0.9423057393519173,-0.002003682985925572,5219.590506576608,4019.5905065766083,80000.0,1.0,0.0015202120011273577,174729.8073469938,113049.42340136578,-2.972265681345818e-08
315.92999999985767,upper,113175.21656902037,174827.84371821219,1144.0701222705463,891.4108438866501,1450.348143471371,0.9420853351576299,-0.0020036660136652008,5217.011913854136,4017.0119138541363,80000.0,1.0,0.001504837832034471,174827.84371821219,113175.21656902037,-2.9508313848301246e-08
316.03999999985757,upper,113301.11885726867,174925.91775047904,1145.062523229299,891.7534602261372,1451.3415917452162,0.9418649328260583,-0.002003649118310598,5214.433321131664,4014.4333211316643,80000.0,1.0,0.0014896132071445408,174925.91775047904,113301.11885726867,-2.9295617630907965e-08
316.14999999985747,upper,113427.130353161,175024.02949730674,1146.0557159207456,892.0965632400347,1452.3360431178778,0.9416445323487616,-0.0020036322995233093,5211.854728409193,4011.8547284091924,80000.0,1.0,0.0014745367241611822,175024.02949730674,113427.130353161,-2.9084566515416742e-08
316.25999999985737,upper,113553.25114382828,175122.1790122512,1147.049701077707,892.440153325626,1453.3314983204361,0.9414241337173358,-0.002003615556967731,5209.27613568672,4009.2761356867204,80000.0,1.0,0.0014596069935164618,175122.1790122512,113553.25114382828,-2.8875143867328354e-08
316.36999999985727,upper,113679.48131648208,175220.36634891227,1148.0444794340895,892.7842308807885,1454.3279580852768,0.9412037369234137,-0.0020035988903082686,5206.697542964248,4006.6975429642484,80000.0,1.0,0.0014448226382583296,175220.36634891227,113679.48131648208,-2.8667338876918106e-08
316.47999999985717,upper,113805.82095841473,175318.5915609335,1149.0400517248881,893.1287963039941,1455.325423146093,0.9409833419586653,-0.0020035822992118817,5204.1189502417765,4004.1189502417765,80000.0,1.0,0.0014301822939390752,175318.5915609335,113805.82095841473,-2.8461134273038515e-08
316.58999999985707,upper,113932.27015699947,175416.8547020023,1150.03641868619,893.4738499943114,1456.3238942378907,0.9407629488147972,-0.002003565783346535,5201.540357519305,4001.5403575193045,80000.0,1.0,0.0014156846085047457,175416.8547020023,113932.27015699947,-2.8256523476010827e-08
316.69999999985697,upper,114058.82899969064,175515.15582585003,1151.0335810551733,893.8193923514061,1457.323372096987,0.9405425574835515,-0.002003549342380915,5198.9617647968325,3998.9617647968325,80000.0,1.0,0.0014013282421855037,175515.15582585003,114058.82899969064,-2.8053486468476638e-08
316.80999999985687,upper,114185.49757402364,175613.49498625204,1152.0315395701116,894.1654237755425,1458.323857461016,0.9403221679567079,-0.002003532975985979,5196.38317207436,3996.3831720743606,80000.0,1.0,0.0013871118673869632,175613.49498625204,114185.49757402364,-2.7852017188384454e-08
316.91999999985677,upper,114312.27596761518,175711.87223702783,1153.0302949703769,894.5119446675849,1459.325351068931,0.9401017802260815,-0.0020035166838338076,5193.804579351889,3993.8045793518886,80000.0,1.0,0.0013730341685824282,175711.87223702783,114312.27596761518,-2.765209577950526e-08
317.02999999985667,upper,114439.16426816338,175810.28763204085,1154.0298479964395,894.858955428999,1460.3278536610073,0.9398813942835236,-0.002003500465597138,5191.225986629417,3991.2259866294166,80000.0,1.0,0.0013590938422061594,175810.28763204085,114439.16426816338,-2.7453720104157602e-08
317.13999999985657,upper,114566.16256344786,175908.74122519884,1155.0301993898706,895.2064564618519,1461.3313659788425,0.9396610101209214,-0.0020034843209512676,5188.647393906945,3988.6473939069447,80000.0,1.0,0.0013452895965474438,175908.74122519884,114566.16256344786,-2.7256871009768486e-08
317.24999999985647,upper,114693.27094132983,176007.23307045383,1156.031349893346,895.5544481688146,1462.3358887653624,0.9394406277301975,-0.002003468249572095,5186.068801184472,3986.0688011844727,80000.0,1.0,0.0013316201516456571,176007.23307045383,114693.27094132983,-2.706153556221867e-08
317.35999999985637,upper,114820.48948975235,176105.76322180213,1157.0333002506468,895.902930953163,1463.3414227648213,0.9392202471033108,-0.002003452251136788,5183.490208462001,3983.4902084620007,80000.0,1.0,0.0013180842391862673,176105.76322180213,114820.48948975235,-2.686770324933935e-08
317.46999999985627,upper,114947.81829674024,176204.3317332845,1158.0360512066618,896.251905218778,1464.347968722806,0.9389998682322547,-0.002003436325324544,5180.911615739529,3980.9116157395288,80000.0,1.0,0.0013046806023976412,176204.3317332845,114947.81829674024,-2.6675357353231086e-08
317.57999999985617,upper,115075.25745040044,176302.93865898604,1159.0396035073904,896.6013713701485,1465.355527386238,0.9387794911090587,-0.0020034204718149744,5178.333023017057,3978.333023017057,80000.0,1.0,0.0012914079959488762,176302.93865898604,115075.25745040044,-2.648449473425851e-08
317.68999999985607,upper,115202.80703892192,176401.58405303655,1160.0439578999435,896.9513298123712,1466.364099503376,0.9385591157257868,-0.002003404690289555,5175.754430294584,3975.754430294585,80000.0,1.0,0.0012782651858483842,176401.58405303655,115202.80703892192,-2.6295099650947887e-08
317.79999999985597,upper,115330.46715057587,176500.26796961026,1161.0491151325461,897.3017809511525,1467.3736858238185,0.938338742074538,-0.002003388980430757,5173.175837572113,3973.175837572113,80000.0,1.0,0.0012652509493434883,176500.26796961026,115330.46715057587,-2.6107161534792554e-08
317.90999999985587,upper,115458.23787371597,176598.99046292616,1162.0550759545401,897.652725192809,1468.3842870985063,0.9381183701474467,-0.0020033733419231614,5170.597244849641,3970.597244849641,80000.0,1.0,0.0012523640748207888,176598.99046292616,115458.23787371597,-2.5920663447059387e-08
318.01999999985577,upper,115586.11929677833,176697.751587248,1163.0618411163862,898.00416294427,1469.3959040797265,0.9378979999366814,-0.002003357774451487,5168.018652127169,3968.018652127169,80000.0,1.0,0.0012396033617074322,176697.751587248,115586.11929677833,-2.5735605209727802e-08
318.12999999985567,upper,115714.11150828161,176796.55139688417,1164.0694113696657,898.3560946130774,1470.4085375211137,0.9376776314344456,-0.002003342277703304,5165.4400594046965,3965.440059404697,80000.0,1.0,0.0012269676203733014,176796.55139688417,115714.11150828161,-2.5551956147662253e-08
318.23999999985557,upper,115842.21459682728,176895.3899461881,1165.0777874670828,898.7085206073881,1471.4221881776532,0.9374572646329768,-0.002003326851365585,5162.861466682225,3962.861466682225,80000.0,1.0,0.0012144556720339141,176895.3899461881,115842.21459682728,-2.5369728268913404e-08
318.34999999985547,upper,115970.42865109965,176994.26728955802,1166.0869701624667,899.0614413359741,1472.4368568056834,0.9372368995245468,-0.0020033114951279844,5160.2828739597535,3960.282873959753,80000.0,1.0,0.0012020663486543173,176994.26728955802,115970.42865109965,-2.5188896236502512e-08
318.45999999985537,upper,116098.75375986597,177093.18348143727,1167.0969602107753,899.4148572082246,1473.4525441629,0.9370165361014618,-0.002003296208681355,5157.704281237281,3957.704281237281,80000.0,1.0,0.0011897984928537077,177093.18348143727,116098.75375986597,-2.5009449870597202e-08
318.56999999985527,upper,116227.19001197667,177192.13857631414,1168.1077583680947,899.7687686341468,1474.4692510083564,0.9367961743560618,-0.002003280991717654,5155.125688514809,3955.125688514809,80000.0,1.0,0.0011776509578109533,177192.13857631414,116227.19001197667,-2.4831372211908547e-08
318.67999999985517,upper,116355.73749636537,177291.13262872215,1169.1193653916425,900.1231760243674,1475.4869781024674,0.9365758142807201,-0.0020032658439290267,5152.547095792337,3952.547095792337,80000.0,1.0,0.0011656226071708872,177291.13262872215,116355.73749636537,-2.4654668723332853e-08
318.78999999985507,upper,116484.39630204906,177390.16569323998,1170.1317820397726,900.4780797901333,1476.5057262070131,0.9363554558678447,-0.002003250765011169,5149.968503069866,3949.968503069865,80000.0,1.0,0.0011537123149514396,177390.16569323998,116484.39630204906,-2.447931382243139e-08
318.89999999985497,upper,116613.1665181282,177489.23782449155,1171.1450090719725,900.8334803433138,1477.5254960851396,0.9361350991098765,-0.0020032357546585187,5147.389910347393,3947.389910347393,80000.0,1.0,0.001141918965451585,177489.23782449155,116613.1665181282,-2.4305309813209665e-08
319.00999999985487,upper,116742.04823378686,177588.34907714615,1172.1590472488697,901.1893780964009,1478.546288501363,0.93591474399929,-0.002003220812569387,5144.811317624921,3944.8113176249212,80000.0,1.0,0.0011302414531600758,177588.34907714615,116742.04823378686,-2.4132630808431267e-08
319.11999999985477,upper,116871.04153829283,177687.4995059186,1173.1738973322329,901.5457734625114,1479.5681042215726,0.9356943905285926,-0.0020032059384410797,5142.232724902449,3942.2327249024493,80000.0,1.0,0.001118678682664945,177687.4995059186,116871.04153829283,-2.396127456353613e-08
319.22999999985467,upper,117000.1465209978,177786.68916556888,1174.1895600849723,901.9026668553876,1480.590944013032,0.9354740386903254,-0.0020031911319733408,5139.654132179978,3939.6541321799773,80000.0,1.0,0.001107229568563896,177786.68916556888,117000.1465209978,-2.3791234168909907e-08
319.33999999985457,upper,117129.36327133741,177885.91811090292,1175.206036271144,902.2600586893988,1481.6148086443827,0.935253688477062,-0.002003176392866987,5137.075539457505,3937.0755394575053,80000.0,1.0,0.0010958930353753094,177885.91811090292,117129.36327133741,-2.3622488513921317e-08
319.44999999985447,upper,117258.69187883142,177985.1863967719,1176.2233266559517,902.617949379542,1482.6396988856472,0.9350333398814094,-0.002003161720824005,5134.496946735033,3934.4969467350334,80000.0,1.0,0.0010846680174502036,177985.1863967719,117258.69187883142,-2.345503873207866e-08
319.55999999985437,upper,117388.1324330838,178084.49407807298,1177.2414320057483,902.9763393414439,1483.6656155082314,0.9348129928960067,-0.002003147115548019,5131.918354012561,3931.9183540125614,80000.0,1.0,0.001073553458884811,178084.49407807298,117388.1324330838,-2.3288864402893445e-08
319.66999999985427,upper,117517.68502378289,178183.84120974888,1178.2603530880394,903.335228991362,1484.6925592849275,0.934592647513526,-0.0020031325767432486,5129.33976129009,3929.3397612900894,80000.0,1.0,0.0010625483134340168,178183.84120974888,117517.68502378289,-2.312395808530664e-08
319.77999999985417,upper,117647.34974070155,178283.22784678818,1179.2800906714854,903.6946187461859,1485.720530989917,0.9343723037266712,-0.0020031181041151834,5126.7611685676175,3926.7611685676175,80000.0,1.0,0.001051651544425499,178283.22784678818,117647.34974070155,-2.296031940620213e-08
319.88999999985407,upper,117777.12667369723,178382.6540442255,1180.3006455259008,904.0545090234383,1486.749531398772,0.9341519615281791,-0.0020031036973709496,5124.182575845145,3924.1825758451455,80000.0,1.0,0.0010408621246746185,178382.6540442255,117777.12667369723,-2.2797925222344126e-08
319.99999999985397,upper,117907.01591271212,178482.11985714114,1181.3220184222616,904.4149002412763,1487.7795612884606,0.933931620910819,-0.0020030893562189176,5121.6039831226735,3921.6039831226735,80000.0,1.0,0.001030179036400101,178482.11985714114,117907.01591271212,-2.263677643372949e-08
320.10999999985387,upper,118037.01754777328,178581.6253406617,1182.344210132703,904.7757928184932,1488.8106214373465,0.9337112818673915,-0.002003075080369071,5119.025390400202,3919.0253904002016,80000.0,1.0,0.001019601271140374,178581.6253406617,118037.01754777328,-2.2476848268929825e-08
320.21999999985377,upper,118167.13166899284,178681.17054995973,1183.3672214305248,905.1371871745191,1489.8427126251956,0.9334909443907292,-0.0020030608695310965,5116.44679767773,3916.4467976777296,80000.0,1.0,0.001009127829670694,178681.17054995973,118167.13166899284,-2.2318148025529023e-08
320.32999999985367,upper,118297.35836656792,178780.75554025406,1184.3910530901915,905.4990837294223,1490.8758356331743,0.9332706084736966,-0.0020030467234174953,5113.868204955257,3913.8682049552576,80000.0,1.0,0.0009987577219209556,178780.75554025406,118297.35836656792,-2.2160653457700216e-08
320.43999999985357,upper,118427.69773078104,178880.3803668096,1185.4157058873357,905.8614829039116,1491.9099912438564,0.9330502741091901,-0.0020030326417412587,5111.289612232786,3911.2896122327857,80000.0,1.0,0.0009884899668942773,178880.3803668096,118427.69773078104,-2.2004358936998955e-08
320.54999999985347,upper,118558.149852,178980.04508493777,1186.441180598762,906.2243851193359,1492.9451802412245,0.9328299412901371,-0.0020030186242162807,5108.711019510314,3908.7110195103137,80000.0,1.0,0.0009783235925862005,178980.04508493777,118558.149852,-2.1849261755978493e-08
320.65999999985337,upper,118688.71482067816,179079.74974999618,1187.4674780024445,906.5877907976871,1493.9814034106707,0.9326096100094968,-0.0020030046705590376,5106.132426787842,3906.1324267878417,80000.0,1.0,0.0009682576359046915,179079.74974999618,118688.71482067816,-2.169533777971588e-08
320.76999999985327,upper,118819.39272735448,179179.494417389,1188.4945988775353,906.9517003616003,1495.0186615390028,0.932389280260259,-0.002002990780485406,5103.553834065369,3903.5538340653698,80000.0,1.0,0.0009582911425907589,179179.494417389,118819.39272735448,-2.1542591460406524e-08
320.87999999985317,upper,118950.18366265376,179279.27914256701,1189.5225440043619,907.3161142343554,1496.0569554144452,0.9321689520354453,-0.0020029769537135726,5100.975241342898,3900.975241342898,80000.0,1.0,0.0009484231671398294,179279.27914256701,118950.18366265376,-2.139100213294031e-08
320.98999999985307,upper,119081.08771728666,179379.1039810274,1190.5513141644315,907.6810328398786,1497.0962858266412,0.9319486253281076,-0.002002963189962432,5098.396648620426,3898.396648620426,80000.0,1.0,0.0009386527727237625,179379.1039810274,119081.08771728666,-2.1240570511747472e-08
321.09999999985297,upper,119212.10498204987,179478.9689883142,1191.5809101404348,908.046456602744,1498.1366535666584,0.9317283001313295,-0.0020029494889522827,5095.818055897954,3895.818055897954,80000.0,1.0,0.0009289790311135615,179478.9689883142,119212.10498204987,-2.109128443102186e-08
321.20999999985287,upper,119343.23554782623,179578.87422001807,1192.6113327162445,908.4123859481746,1499.1780594269887,0.9315079764382245,-0.0020029358504051486,5093.239463175481,3893.239463175482,80000.0,1.0,0.0009194010226027704,179578.87422001807,119343.23554782623,-2.0943128210244932e-08
321.31999999985277,upper,119474.4795055849,179678.81973177652,1193.642582676922,908.7788213020426,1500.2205042015532,0.931287654241937,-0.0020029222740431058,5090.66087045301,3890.66087045301,80000.0,1.0,0.0009099178359315117,179678.81973177652,119474.4795055849,-2.079610257778303e-08
321.42999999985267,upper,119605.83694638145,179778.80557927387,1194.674660808716,909.1457630908726,1501.2639886857028,0.931067333535642,-0.0020029087595899372,5088.082277730538,3888.082277730538,80000.0,1.0,0.000900528568211211,179778.80557927387,119605.83694638145,-2.0650191477923393e-08
321.53999999985257,upper,119737.30796135799,179878.83181824154,1195.7075678990677,909.5132117418417,1502.3085136762236,0.9308470143125445,-0.00200289530677067,5085.503685008066,3885.503685008066,80000.0,1.0,0.0008912323248499608,179878.83181824154,119737.30796135799,-2.0505391922533553e-08
321.64999999985247,upper,119868.89264174332,179978.89850445773,1196.741304736611,909.8811676827813,1503.3540799713378,0.9306266965658797,-0.002002881915311961,5082.925092285594,3882.925092285594,80000.0,1.0,0.0008820282194785578,179978.89850445773,119868.89264174332,-2.0361683176283685e-08
321.75999999985237,upper,120000.59107885306,180079.0056937481,1197.7758721111777,910.2496313421783,1504.4006883707093,0.9304063802889134,-0.0020028685849404265,5080.346499563122,3880.346499563122,80000.0,1.0,0.00087291537387713,180079.0056937481,120000.59107885306,-2.0219074438391372e-08
321.86999999985227,upper,120132.40336408978,180179.15344198514,1198.8112708137958,910.618603149176,1505.4483396754417,0.9301860654749408,-0.0020028553153847908,5077.7679068406505,3877.76790684065,80000.0,1.0,0.0008638929179024924,180179.15344198514,120132.40336408978,-2.007754372565184e-08
321.97999999985217,upper,120264.32958894313,180279.34180508874,1199.847501636696,910.9880835335762,1506.497034688087,0.9299657521172867,-0.002002842106374724,5075.189314118178,3875.189314118178,80000.0,1.0,0.0008549599894160659,180279.34180508874,120264.32958894313,-1.9937085094699987e-08
322.08999999985207,upper,120396.36984499001,180379.5708390261,1200.8845653733115,911.3580729258398,1507.5467742126436,0.9297454402093063,-0.0020028289576410627,5072.610721395706,3872.610721395706,80000.0,1.0,0.0008461157342124287,180379.5708390261,120396.36984499001,-1.9797692734089466e-08
322.19999999985197,upper,120528.52422389456,180479.84059981184,1201.9224628182808,911.7285717570893,1508.5975590545622,0.9295251297443836,-0.002002815868915329,5070.032128673234,3870.032128673234,80000.0,1.0,0.0008373593059485402,180479.84059981184,120528.52422389456,-1.9659354510952195e-08
322.30999999985187,upper,120660.7928174085,180580.15114350794,1202.9611947674516,912.0995804591088,1509.6493900207481,0.9293048207159326,-0.0020028028399309145,5067.453535950763,3867.453535950762,80000.0,1.0,0.000828689866073537,180580.15114350794,120660.7928174085,-1.952206478036046e-08
322.41999999985177,upper,120793.1757173711,180680.50252622395,1204.000762017881,912.4710994643458,1510.7022679195627,0.9290845131173965,-0.0020027898704217347,5064.87494322829,3864.8749432282902,80000.0,1.0,0.0008201065837591538,180680.50252622395,120793.1757173711,-1.938581302648616e-08
322.52999999985167,upper,120925.67301570943,180780.8948041171,1205.0411653678398,912.8431292059133,1511.7561935608285,0.9288642069422474,-0.0020027769601229472,5062.296350505818,3862.2963505058183,80000.0,1.0,0.0008116086358307506,180780.8948041171,120925.67301570943,-1.925059633785526e-08
322.63999999985157,upper,121058.28480443836,180881.3280333922,1206.082405616814,913.2156701175904,1512.8111677558309,0.9286439021839866,-0.0020027641087713133,5059.717757783346,3859.7177577833463,80000.0,1.0,0.000803195206698958,180881.3280333922,121058.28480443836,-1.9116398378590288e-08
322.74999999985147,upper,121191.0111756608,180981.80227030185,1207.124483565507,913.5887226338232,1513.8671913173207,0.9284235988361448,-0.0020027513161039665,5057.139165060875,3857.1391650608743,80000.0,1.0,0.0007948654882918987,180981.80227030185,121191.0111756608,-1.8983220665266813e-08
322.85999999985137,upper,121323.85222156782,181082.31757114647,1208.167400015842,913.9622871897274,1514.924265059517,0.9282032968922805,-0.0020027385818599404,5054.560572338402,3854.5605723384024,80000.0,1.0,0.000786618679988,181082.31757114647,121323.85222156782,-1.8851044941599407e-08
322.96999999985127,upper,121456.80803443879,181182.8739922744,1209.2111557709661,914.3363642210885,1515.982389798112,0.9279829963459819,-0.002002725905778757,5051.98197961593,3851.9819796159304,80000.0,1.0,0.0007784539885494169,181182.8739922744,121456.80803443879,-1.8719870790854635e-08
323.07999999985117,upper,121589.87870664144,181283.4715900819,1210.255751635251,914.7109541643648,1517.041566350273,0.9277626971908653,-0.002002713287601232,5049.403386893458,3849.4033868934584,80000.0,1.0,0.0007703706280560084,181283.4715900819,121589.87870664144,-1.8589687565676223e-08
323.18999999985107,upper,121723.06433063206,181384.11042101335,1211.3011884142957,915.0860574566866,1518.101795534643,0.9275423994205756,-0.00200270072706988,5046.824794170987,3846.8247941709865,80000.0,1.0,0.0007623678198399064,181384.11042101335,121723.06433063206,-1.8460479817923742e-08
323.29999999985097,upper,121856.36499895567,181484.79054156117,1212.3474669149296,915.4616745358587,1519.163078171348,0.9273221030287856,-0.0020026882239271545,5044.2462014485145,3844.2462014485145,80000.0,1.0,0.0007544447924206553,181484.79054156117,121856.36499895567,-1.833225014404616e-08
323.40999999985087,upper,121989.78080424608,181585.51200826612,1213.3945879452147,915.8378058403626,1520.2254150819958,0.9271018080091966,-0.002002675777916991,5041.667608726042,3841.6676087260425,80000.0,1.0,0.0007466007814409101,181585.51200826612,121989.78080424608,-1.820499053275775e-08
323.51999999985077,upper,122123.31183922605,181686.2748777171,1214.4425523144475,916.2144518093564,1521.2888070896827,0.9268815143555381,-0.002002663388785205,5039.089016003571,3839.0890160035706,80000.0,1.0,0.0007388350296027051,181686.2748777171,122123.31183922605,-1.8078688702431876e-08
323.62999999985067,upper,122256.95819670742,181787.07920655134,1215.491360833163,916.591612882677,1522.3532550189927,0.9266612220615674,-0.002002651056277564,5036.510423281099,3836.5104232810986,80000.0,1.0,0.0007311467866042869,181787.07920655134,122256.95819670742,-1.7953337816806564e-08
323.73999999985057,upper,122390.71996959126,181887.9250514546,1216.541014313135,916.9692895008412,1523.4187596960032,0.9264409311210701,-0.002002638780141823,5033.931830558627,3833.9318305586266,80000.0,1.0,0.0007235353090774583,181887.9250514546,122390.71996959126,-1.782893700734901e-08
323.84999999985047,upper,122524.59725086803,181988.812469161,1217.5915135673802,917.3474821050476,1524.4853219482877,0.9262206415278587,-0.0020026265601263793,5031.353237836154,3831.3532378361547,80000.0,1.0,0.0007159998605255377,181988.812469161,122524.59725086803,-1.7705469367251942e-08
323.95999999985037,upper,122658.59013361765,182089.74151645336,1218.6428594101603,917.7261911371772,1525.5529426049175,0.926000353275774,-0.0020026143959811548,5028.774645113683,3828.7746451136827,80000.0,1.0,0.0007085397112617922,182089.74151645336,122658.59013361765,-1.7582927285668018e-08
324.06999999985027,upper,122792.69871100973,182190.71225016308,1219.695052656985,918.1054170397954,1526.6216224964658,0.925780066358684,-0.002002602287456552,5026.196052391211,3826.1960523912107,80000.0,1.0,0.0007011541383484572,182190.71225016308,122792.69871100973,-1.7461307385203584e-08
324.17999999985017,upper,122926.9230763036,182291.72472717025,1220.7480941246133,918.4851602561533,1527.691362455011,0.9255597807704842,-0.0020025902343036397,5023.617459668739,3823.617459668739,80000.0,1.0,0.0006938424255362714,182291.72472717025,122926.9230763036,-1.734060606729468e-08
324.28999999985007,upper,123061.26332284855,182392.77900440386,1221.8019846310572,918.8654212301891,1528.7621633141378,0.9253394965050968,-0.002002578236275917,5021.038866946266,3821.038866946267,80000.0,1.0,0.0006866038632045271,182392.77900440386,123061.26332284855,-1.7220810480956655e-08
324.39999999984997,upper,123195.7195440839,182493.8751388416,1222.8567249955838,919.2462004065292,1529.8340259089434,0.9251192135564721,-0.002002566293126737,5018.460274223795,3818.460274223795,80000.0,1.0,0.0006794377483016786,182493.8751388416,123195.7195440839,-1.710191468505506e-08
324.50999999984987,upper,123330.29183353914,182595.01318751028,1223.912316038717,919.6274982304902,1530.9069510760366,0.9248989319185866,-0.0020025544046109356,5015.881681501323,3815.881681501323,80000.0,1.0,0.0006723433842864297,182595.01318751028,123330.29183353914,-1.6983916365810175e-08
324.61999999984977,upper,123464.98028483412,182696.19320748575,1224.9687585822426,920.0093151480796,1531.9809396535452,0.9246786515854445,-0.002002542570484886,5013.303088778851,3813.303088778851,80000.0,1.0,0.0006653200810693658,182696.19320748575,123464.98028483412,-1.6866798427353202e-08
324.72999999984967,upper,123599.78499167912,182797.41525589273,1226.026053449208,920.3916516059979,1533.055992481115,0.9244583725510761,-0.002002530790504908,5010.7244960563785,3810.724496056379,80000.0,1.0,0.0006583671549551061,182797.41525589273,123599.78499167912,-1.6750563282715625e-08
324.83999999984957,upper,123734.706047875,182898.67938990527,1227.0842014639252,920.7745080516399,1534.1321103999155,0.9242380948095384,-0.0020025190644298576,5008.145903333907,3808.145903333907,80000.0,1.0,0.0006514839285849139,182898.67938990527,123734.706047875,-1.6635193171058233e-08
324.94999999984947,upper,123869.7435473135,182999.9856667467,1228.1432034519748,921.1578849330958,1535.2092942526415,0.9240178183549156,-0.0020025073920178714,5005.5673106114355,3805.567310611435,80000.0,1.0,0.0006446697308798514,182999.9856667467,123869.7435473135,-1.6520691353692203e-08
325.05999999984937,upper,124004.8975839771,183101.33414368966,1229.2030602402087,921.5417826991529,1536.2875448835177,0.9237975431813176,-0.002002495773028916,5002.988717888963,3802.988717888963,80000.0,1.0,0.0006379238969844216,183101.33414368966,124004.8975839771,-1.6407053597671136e-08
325.16999999984927,upper,124140.16825193938,183202.72487805606,1230.2637726567505,921.9262017992965,1537.3668631383005,0.9235772692828812,-0.0020024842072250168,5000.410125166491,3800.410125166491,80000.0,1.0,0.0006312457682107061,183202.72487805606,124140.16825193938,-1.6294261616723965e-08
325.27999999984917,upper,124275.55564536505,183304.1579272175,1231.325341531,922.3111426837123,1538.4472498642808,0.9233569966537688,-0.0020024726943673097,4997.831532444019,3797.831532444019,80000.0,1.0,0.0006246346919829679,183304.1579272175,124275.55564536505,-1.6182312657611637e-08
325.38999999984907,upper,124411.05985851013,183405.63334859503,1232.387767693635,922.6966058032875,1539.5287059102886,0.9231367252881696,-0.002002461234219203,4995.252939721548,3795.252939721547,80000.0,1.0,0.0006180900217827752,183405.63334859503,124411.05985851013,-1.6071204593456572e-08
325.49999999984897,upper,124546.68098572208,183507.1511996594,1233.4510519766136,923.0825916096118,1540.6112321266946,0.9229164551802986,-0.002002449826545257,4992.674346999075,3792.674346999075,80000.0,1.0,0.0006116111170945907,183507.1511996594,124546.68098572208,-1.5960925450973347e-08
325.60999999984887,upper,124682.41912143995,183608.71153793094,1234.5151952131785,923.4691005549789,1541.6948293654143,0.9226961863243964,-0.002002438471110047,4990.095754276603,3790.095754276603,80000.0,1.0,0.0006051973433518316,183608.71153793094,124682.41912143995,-1.5851469661984877e-08
325.71999999984877,upper,124818.27436019455,183710.31442097988,1235.5801982378568,923.8561330923889,1542.7794984799102,0.9224759187147298,-0.0020024271676796408,4987.517161554131,3787.5171615541312,80000.0,1.0,0.0005988480718834027,183710.31442097988,124818.27436019455,-1.574284037145538e-08
325.82999999984867,upper,124954.24679660848,183811.95990642632,1236.646061886466,924.2436896755484,1543.8652403251965,0.922255652345591,-0.0020024159160219207,4984.93856883166,3784.9385688316593,80000.0,1.0,0.0005925626798606988,183811.95990642632,124954.24679660848,-1.5635012440112752e-08
325.93999999984857,upper,125090.33652539646,183913.6480519402,1237.7127869961132,924.6317707588729,1544.9520557578396,0.9220353872112979,-0.0020024047159045598,4982.359976109187,3782.3599761091873,80000.0,1.0,0.0005863405502450898,183913.6480519402,125090.33652539646,-1.552799105489775e-08
326.04999999984847,upper,125226.54364136526,184015.37891524163,1238.780374405201,925.0203767974881,1546.0399456359646,0.9218151233061936,-0.0020023935670963403,4979.781383386715,3779.7813833867153,80000.0,1.0,0.0005801810717358338,184015.37891524163,125226.54364136526,-1.5421774622338815e-08
326.15999999984837,upper,125362.86823941402,184117.1525541007,1239.8488249534269,925.4095082472311,1547.1289108192555,0.9215948606246469,-0.0020023824693682513,4977.202790664243,3777.2027906642434,80000.0,1.0,0.0005740836387184739,184117.1525541007,125362.86823941402,-1.5316342907956847e-08
326.26999999984827,upper,125499.31041453427,184218.9690263378,1240.9181394817886,925.7991655646525,1548.2189521689595,0.9213745991610515,-0.0020023714224908984,4974.624197941772,3774.6241979417714,80000.0,1.0,0.0005680476512136654,184218.9690263378,125499.31041453427,-1.52117006383069e-08
326.37999999984817,upper,125635.87026181012,184320.82838982352,1241.9883188325855,926.189349207017,1549.3100705478905,0.921154338909826,-0.0020023604262360425,4972.045605219299,3772.0456052192994,80000.0,1.0,0.0005620725148264753,184320.82838982352,125635.87026181012,-1.5107840409044294e-08
326.48999999984807,upper,125772.54787641848,184422.7307024787,1243.0593638494215,926.5800596323052,1550.4022668204323,0.9209340798654149,-0.0020023494803770967,4969.467012496827,3769.4670124968275,80000.0,1.0,0.0005561576406961107,184422.7307024787,125772.54787641848,-1.5004754418408837e-08
326.59999999984797,upper,125909.34335362905,184524.67602227477,1244.1312753772077,926.9712972992156,1551.4955418525406,0.920713822022287,-0.0020023385846884914,4966.8884197743555,3766.8884197743555,80000.0,1.0,0.000550302445446084,184524.67602227477,125909.34335362905,-1.490243273024219e-08
326.70999999984787,upper,126046.25678880457,184626.6644072335,1245.2040542621653,927.3630626671655,1552.5898965117474,0.9204935653749359,-0.0020023277389449655,4964.309827051884,3764.3098270518835,80000.0,1.0,0.0005445063511348339,184626.6644072335,126046.25678880457,-1.4800872581372454e-08
326.81999999984777,upper,126183.2882774009,184728.69591542735,1246.2777013518266,927.7553561962926,1553.6853316671632,0.9202733099178798,-0.0020023169429221636,4961.731234329412,3761.7312343294116,80000.0,1.0,0.0005387687852067534,184728.69591542735,126183.2882774009,-1.4700068006593873e-08
326.92999999984767,upper,126320.43791496725,184830.77060497942,1247.352217495041,928.1481783474568,1554.781848189481,0.9200530556456619,-0.0020023061963975906,4959.152641606939,3759.1526416069396,80000.0,1.0,0.0005330891804436753,184830.77060497942,126320.43791496725,-1.4600012781922857e-08
327.03999999984757,upper,126457.70579714625,184932.88853406347,1248.427603541975,928.5415295822412,1555.8794469509799,0.9198328025528495,-0.002002295499148806,4956.574048884468,3756.5740488844676,80000.0,1.0,0.0005274669749167661,184932.88853406347,126457.70579714625,-1.4500705510014933e-08
327.14999999984747,upper,126595.09201967415,185035.0497609042,1249.503860344115,928.9354103629544,1556.978128825526,0.9196125506340347,-0.002002284850954991,4953.995456161996,3753.9954561619957,80000.0,1.0,0.0005219016119388397,185035.0497609042,126595.09201967415,-1.4402130245655796e-08
327.25999999984737,upper,126732.59667838091,185137.25434377708,1250.580988754272,929.3298211526309,1558.0778946885787,0.9193922998838332,-0.0020022742515956615,4951.416863439524,3751.4168634395237,80000.0,1.0,0.0005163925400171072,185137.25434377708,126732.59667838091,-1.4304287826116847e-08
327.36999999984727,upper,126870.21986919036,185239.50234100845,1251.6589896265832,929.7247624150338,1559.1787454171924,0.9191720502968854,-0.0020022637008518776,4948.838270717051,3748.8382707170517,80000.0,1.0,0.0005109392128063355,185239.50234100845,126870.21986919036,-1.420717137105142e-08
327.47999999984717,upper,127007.96168812038,185341.79381097606,1252.7378638165135,930.1202346146551,1560.280681890019,0.9189518018678556,-0.0020022531985050165,4946.25967799458,3746.2596779945798,80000.0,1.0,0.0005055410890623759,185341.79381097606,127007.96168812038,-1.4110776866574379e-08
327.58999999984707,upper,127145.82223128303,185444.12881210845,1253.8176121808597,930.5162382167185,1561.383704987312,0.9187315545914322,-0.0020022427443379125,4943.681085272108,3743.681085272108,80000.0,1.0,0.0005001976325961837,185444.12881210845,127145.82223128303,-1.4015099999039981e-08
327.69999999984697,upper,127283.80159488469,185546.50740288556,1254.898235577753,930.9127736871802,1562.4878155909303,0.9185113084623274,-0.002002232338134437,4941.102492549636,3741.102492549636,80000.0,1.0,0.0004949083122281597,185546.50740288556,127283.80159488469,-1.3920126287145038e-08
327.80999999984687,upper,127421.89987522618,185648.9296418386,1255.9797348666618,931.3098414927298,1563.59301458434,0.9182910634752768,-0.0020022219796789783,4938.523899827163,3738.523899827164,80000.0,1.0,0.0004896726017429493,185648.9296418386,127421.89987522618,-1.382586117220379e-08
327.91999999984677,upper,127560.11716870294,185751.39558755007,1257.062110908394,931.7074421007937,1564.699302852619,0.91807081962504,-0.002002211668756607,4935.945307104692,3735.945307104692,80000.0,1.0,0.00048448997984460465,185751.39558755007,127560.11716870294,-1.3732288870709693e-08
328.02999999984667,upper,127698.45357180524,185853.90529865408,1258.1453645651,932.1055759795346,1565.806681282459,0.9178505769064002,-0.0020022014051543392,4933.36671438222,3733.36671438222,80000.0,1.0,0.0004793599301121547,185853.90529865408,127698.45357180524,-1.3639410977171034e-08
328.13999999984657,upper,127836.90918111816,185956.45883383605,1259.2294967002758,932.5042435978542,1566.9151507621707,0.9176303353141639,-0.0020021911886592084,4930.788121659748,3730.788121659748,80000.0,1.0,0.00047428194095558136,185956.45883383605,127836.90918111816,-1.3547218241216275e-08
328.24999999984647,upper,127975.48409332188,186059.05625183324,1260.3145081787654,932.9034454253944,1568.0247121816847,0.9174100948431609,-0.002002181019059257,4928.2095289372755,3728.209528937276,80000.0,1.0,0.0004692555055721317,186059.05625183324,127975.48409332188,-1.3455711333369892e-08
328.35999999984637,upper,128114.17840519181,186161.69761143456,1261.4003998667633,933.3031819325391,1569.1353664325563,0.9171898554882443,-0.0020021708961437093,4925.630936214804,3725.630936214804,80000.0,1.0,0.00046428012190307614,186161.69761143456,128114.17840519181,-1.3364877287931208e-08
328.46999999984627,upper,128252.9922135987,186264.3829714806,1262.4871726318179,933.7034535904155,1570.2471144079682,0.9169696172442903,-0.0020021608197025565,4923.0523434923325,3723.052343492332,80000.0,1.0,0.0004593552925908104,186264.3829714806,128252.9922135987,-1.3274716865812895e-08
328.57999999984617,upper,128391.92561550884,186367.11239086394,1263.5748273428349,934.1042608708957,1571.359957002735,0.9167493801061984,-0.0020021507895273973,4920.47375076986,3720.47375076986,80000.0,1.0,0.0004544805249363416,186367.11239086394,128391.92561550884,-1.3185215116288203e-08
328.68999999984607,upper,128530.97870798409,186469.88592852902,1264.6633648700779,934.5056042465982,1572.4738951133045,0.9165291440688909,-0.0020021408054094517,4917.895158047388,3717.895158047388,80000.0,1.0,0.00044965533085714613,186469.88592852902,128530.97870798409,-1.3096379739633345e-08
328.79999999984597,upper,128670.15158818215,186572.70364347237,1265.7527860851733,934.9074841908898,1573.588929637762,0.9163089091273129,-0.002002130867141861,4915.316565324916,3715.316565324916,80000.0,1.0,0.0004448792268454083,186572.70364347237,128670.15158818215,-1.3008195070944324e-08
328.90999999984587,upper,128809.44435335672,186675.56559474257,1266.843091861113,935.309901177887,1574.705061475835,0.916088675276432,-0.002002120974518171,4912.737972602445,3712.737972602444,80000.0,1.0,0.0004401517339266175,186675.56559474257,128809.44435335672,-1.2920661556129118e-08
329.01999999984577,upper,128948.85710085755,186778.47184144048,1267.9342830722558,935.7128556824571,1575.8222915288939,0.9158684425112387,-0.0020021111273326978,4910.159379879972,3710.159379879972,80000.0,1.0,0.0004354723776185228,186778.47184144048,128948.85710085755,-1.2833774559643352e-08
329.12999999984567,upper,129088.38992813067,186881.42244271914,1269.0263605943314,936.1163481802201,1576.9406206999568,0.9156482108267461,-0.0020021013253812723,4907.5807871575,3707.5807871575003,80000.0,1.0,0.0004308406878904737,186881.42244271914,129088.38992813067,-1.2747526777339636e-08
329.23999999984557,upper,129228.04293271853,186984.41745778403,1270.119325304443,936.5203791475512,1578.0600498936935,0.9154279802179898,-0.0020020915684602642,4905.002194435028,3705.0021944350283,80000.0,1.0,0.0004262561991230911,186984.41745778403,129228.04293271853,-1.26619094872625e-08
329.34999999984547,upper,129367.81621226009,187087.45694589303,1271.21317808107,936.924949061581,1579.1805800164275,0.9152077506800274,-0.002002081856366141,4902.423601712557,3702.4236017125563,80000.0,1.0,0.0004217184500683089,187087.45694589303,129367.81621226009,-1.2576930318314786e-08
329.45999999984537,upper,129507.70986449107,187190.54096635652,1272.3079198040712,937.3300584001971,1580.3022119761397,0.914987522207939,-0.0020020721888979677,4899.845008990084,3699.8450089900844,80000.0,1.0,0.0004172269838097617,187190.54096635652,129507.70986449107,-1.2492569237293833e-08
329.56999999984527,upper,129647.72398724398,187293.66957853752,1273.403551354687,937.7357076420468,1581.424946682472,0.914767294796827,-0.00200206256585433,4897.266416267612,3697.2664162676124,80000.0,1.0,0.0004127813477235256,187293.66957853752,129647.72398724398,-1.2408829129500145e-08
329.67999999984517,upper,129787.85867844844,187396.84284185182,1274.5000736155428,938.1418972665385,1582.548785046731,0.9145470684418155,-0.0020020529870350885,4894.68782354514,3694.6878235451404,80000.0,1.0,0.0004083810934391978,187396.84284185182,129787.85867844844,-1.2325701015995886e-08
329.78999999984507,upper,129928.11403613118,187500.06081576785,1275.597487470652,938.5486277538425,1583.6737279818913,0.9143268431380513,-0.0020020434522406315,4892.109230822669,3692.1092308226685,80000.0,1.0,0.0004040257768013274,187500.06081576785,129928.11403613118,-1.2243193048519708e-08
329.89999999984497,upper,130068.49015841621,187603.32355980694,1276.6957938054188,938.9558995848929,1584.799776402598,0.9141066188807023,-0.0020020339612736825,4889.5306381001965,3689.5306381001965,80000.0,1.0,0.0003997149578311853,187603.32355980694,130068.49015841621,-1.21612761496279e-08
330.00999999984487,upper,130208.98714352513,187706.63113354344,1277.794993506641,939.3637132413894,1585.926931225171,0.9138863956649583,-0.002002024513935576,4886.952045377724,3686.9520453777245,80000.0,1.0,0.0003954482006888559,187706.63113354344,130208.98714352513,-1.2079965288609535e-08
330.11999999984477,upper,130349.60508977703,187809.98359660464,1278.8950874625127,939.7720692057992,1587.0551933676086,0.9136661734860309,-0.0020020151100298895,4884.373452655253,3684.3734526552525,80000.0,1.0,0.00039122507363568884,187809.98359660464,130349.60508977703,-1.1999254352868945e-08
330.22999999984467,upper,130490.34409558885,187913.38100867104,1279.9960765626274,940.180967961358,1588.18456374959,0.9134459523391533,-0.0020020057493605535,4881.794859932781,3681.7948599327806,80000.0,1.0,0.0003870451489970529,187913.38100867104,130490.34409558885,-1.1919131148274525e-08
330.33999999984457,upper,130631.20425947545,188016.8234294762,1281.097961697981,940.5904099920716,1589.3150432924792,0.9132257322195801,-0.002001996431733163,4879.216267210309,3679.2162672103086,80000.0,1.0,0.00038290800312545264,188016.8234294762,130631.20425947545,-1.1839595965609315e-08
330.44999999984447,upper,130772.18568004976,188120.3109188071,1282.2007437609752,941.0003957827182,1590.4466329193287,0.9130055131225879,-0.0020019871569533767,4876.637674487836,3676.6376744878366,80000.0,1.0,0.0003788132163639278,188120.3109188071,130772.18568004976,-1.176063958490031e-08
330.55999999984436,upper,130913.28845602296,188223.84353650405,1283.3044236454186,941.4109258188502,1591.5793335548829,0.9127852950434736,-0.002001977924827754,4874.059081765365,3674.0590817653647,80000.0,1.0,0.00037476037300981826,188223.84353650405,130913.28845602296,-1.1682259297573378e-08
330.66999999984426,upper,131054.51268620466,188327.42134246073,1284.4090022465327,941.8220005867943,1592.7131461255806,0.9125650779775559,-0.002001968735163684,4871.480489042893,3671.4804890428927,80000.0,1.0,0.00037074906127881484,188327.42134246073,131054.51268620466,-1.1604454745232953e-08
330.77999999984416,upper,131195.858469503,188431.0443966245,1285.5144804609517,942.2336205736547,1593.8480715595601,0.9123448619201749,-0.0020019595877699037,4868.901896320421,3668.9018963204207,80000.0,1.0,0.00036677887326934784,188431.0443966245,131195.858469503,-1.1527220302829391e-08
330.88999999984406,upper,131337.32590492483,188534.7127589962,1286.620859186728,942.645786267314,1594.9841107866614,0.9121246468666911,-0.0020019504824557556,4866.323303597948,3666.323303597949,80000.0,1.0,0.0003628494049272846,188534.7127589962,131337.32590492483,-1.14505462595864e-08
330.99999999984396,upper,131478.91509157588,188638.42648963048,1287.7281393233332,943.058498156435,1596.1212647384298,0.9119044328124861,-0.0020019414190305465,4863.744710875477,3663.744710875477,80000.0,1.0,0.00035896025601093166,188638.42648963048,131478.91509157588,-1.137443388407742e-08
331.10999999984386,upper,131620.62612866075,188742.1856486357,1288.8363217716621,943.4717567304626,1597.2595343481198,0.9116842197529628,-0.0020019323973059357,4861.166118153005,3661.166118153005,80000.0,1.0,0.00035511103005635706,188742.1856486357,131620.62612866075,-1.1298875524951515e-08
331.21999999984376,upper,131762.45911548345,188845.99029617422,1289.9454074340363,943.8855624796247,1598.3989205506987,0.9114640076835443,-0.0020019234170930576,4858.587525430533,3658.587525430533,80000.0,1.0,0.0003513013343430047,188845.99029617422,131762.45911548345,-1.1223869136851801e-08
331.32999999984366,upper,131904.4141514472,188949.8404924623,1291.0553972142052,944.2999158949351,1599.53942428285,0.9112437965996748,-0.0020019144782053386,4856.0089327080605,3656.008932708061,80000.0,1.0,0.0003475307798596314,188949.8404924623,131904.4141514472,-1.1149399928300775e-08
331.43999999984356,upper,132046.49133605475,189053.7362977702,1292.1662920173512,944.7148174681939,1600.6810464829755,0.9110235864968186,-0.002001905580454857,4853.430339985589,3653.430339985589,80000.0,1.0,0.0003437989812705292,189053.7362977702,132046.49133605475,-1.1075482350254463e-08
331.54999999984346,upper,132188.69076890842,189157.67777242247,1293.2780927500912,945.1302676919904,1601.8237880912015,0.9108033773704608,-0.0020018967236566363,4850.851747263117,3650.851747263117,80000.0,1.0,0.0003401055568820471,189157.67777242247,132188.69076890842,-1.1002098210208345e-08
331.65999999984336,upper,132331.0125497105,189261.66497679777,1294.3908003204808,945.5462670597033,1602.967650049381,0.9105831692161072,-0.002001887907625373,4848.273154540645,3648.273154540645,80000.0,1.0,0.0003364501286094193,189261.66497679777,132331.0125497105,-1.0929252684033817e-08
331.76999999984326,upper,132473.456778263,189365.69797132903,1295.5044156380159,945.9628160655036,1604.1126333010955,0.910362962029283,-0.0020018791321770217,4845.694561818173,3645.694561818173,80000.0,1.0,0.00033283232194387886,189365.69797132903,132473.456778263,-1.0856927898967061e-08
331.87999999984316,upper,132616.02355446832,189469.77681650373,1296.618939613637,946.379915204356,1605.2587387916617,0.9101427558055348,-0.002001870397127632,4843.115969095701,3643.115969095701,80000.0,1.0,0.00032925176592005776,189469.77681650373,132616.02355446832,-1.0785135479847487e-08
331.98999999984306,upper,132758.71297832896,189573.9015728637,1297.734373159732,946.7975649720202,1606.4059674681332,0.9099225505404287,-0.002001861702295119,4840.53737637323,3640.537376373229,80000.0,1.0,0.0003257080930836872,189573.9015728637,132758.71297832896,-1.071386423596684e-08
332.09999999984296,upper,132901.52514994788,189678.07230100548,1298.8507171901385,947.2157658650526,1607.5543202793042,0.9097023462295505,-0.002001853047497828,4837.958783650757,3637.958783650757,80000.0,1.0,0.0003222009394595684,189678.07230100548,132901.52514994788,-1.0643105407076256e-08
332.20999999984286,upper,133044.46016952876,189782.28906158017,1299.9679726201477,947.6345183808091,1608.703798175713,0.9094821428685061,-0.002001844432553976,4835.380190928285,3635.380190928285,80000.0,1.0,0.00031872994451984435,189782.28906158017,133044.46016952876,-1.057286543870141e-08
332.31999999984276,upper,133187.5181373759,189886.55191529368,1301.0861403665074,948.0538230174453,1609.8544021096468,0.909261940452922,-0.0020018358572836664,4832.801598205813,3632.801598205813,80000.0,1.0,0.00031529475115253826,189886.55191529368,133187.5181373759,-1.0503131906441734e-08
332.42999999984266,upper,133330.69915389467,189990.86092290672,1302.205221347424,948.4736802739186,1611.006133035143,0.9090417389784441,-0.002001827321507886,4830.223005483342,3630.2230054833412,80000.0,1.0,0.0003118950056303722,189990.86092290672,133330.69915389467,-1.0433902161076665e-08
332.53999999984256,upper,133474.0033195913,190095.216145235,1303.3252164825676,948.8940906499905,1612.1589919079954,0.9088215384407375,-0.0020018188250473675,4827.644412760869,3627.6444127608693,80000.0,1.0,0.0003085303575798701,190095.216145235,133474.0033195913,-1.0365171176127702e-08
332.64999999984246,upper,133617.43073507355,190199.6176431492,1304.4461266930734,949.3150546462284,1613.3129796857563,0.9086013388354875,-0.002001810367724689,4825.065820038397,3625.0658200383973,80000.0,1.0,0.0003052004599507245,190199.6176431492,133617.43073507355,-1.0296939745004508e-08
332.75999999984236,upper,133760.98150105038,190304.06547757503,1305.5679529015451,949.7365727640062,1614.4680973277395,0.9083811401583982,-0.0020018019493623813,4822.487227315925,3622.4872273159253,80000.0,1.0,0.00030190496898544047,190304.06547757503,133760.98150105038,-1.0229201703531874e-08
332.86999999984226,upper,133904.65571833242,190408.55970949354,1306.6906960320584,950.1586455055068,1615.6243457950256,0.9081609424051945,-0.0020017935697841938,4819.908634593454,3619.9086345934534,80000.0,1.0,0.00029864354418924653,190408.55970949354,133904.65571833242,-1.016195522313372e-08
332.97999999984216,upper,134048.4534878319,190513.10039994091,1307.8143570101643,950.5812733737241,1616.7817260504648,0.9079407455716192,-0.0020017852288148055,4817.330041870981,3617.3300418709814,80000.0,1.0,0.00029541584830026965,190513.10039994091,134048.4534878319,-1.0095187849560375e-08
333.08999999984206,upper,134192.37491056308,190617.68761000893,1308.9389367628912,951.0044568724643,1617.9402390586802,0.9077205496534352,-0.0020017769262789674,4814.751449148509,3614.7514491485094,80000.0,1.0,0.00029222154725997535,190617.68761000893,134192.37491056308,-1.0028907625431349e-08
333.19999999984196,upper,134336.42008764224,190722.32140084452,1310.0644362187497,951.4281965063476,1619.0998857860723,0.9075003546464242,-0.0020017686620031135,4812.1728564260375,3612.1728564260375,80000.0,1.0,0.00028906031018388075,190722.32140084452,134336.42008764224,-9.963106740841982e-09
333.30999999984186,upper,134480.5891202878,190827.00183365046,1311.190856307734,951.8524927808098,1620.2606672008212,0.9072801605463873,-0.002001760435813643,4809.594263703566,3609.5942637035655,80000.0,1.0,0.0002859318093325017,190827.00183365046,134480.5891202878,-9.897777920365065e-09
333.41999999984176,upper,134624.8821098207,190931.7289696851,1312.3181979613266,952.2773462021049,1621.4225842728931,0.9070599673491444,-0.0020017522475384033,4807.0156709810935,3607.0156709810935,80000.0,1.0,0.00028283572008258476,190931.7289696851,134624.8821098207,-9.832918146574811e-09
333.52999999984166,upper,134769.29915766424,191036.50287026228,1313.4464621124994,952.7027572773055,1622.5856379740399,0.9068397750505345,-0.002001744097005201,4804.437078258621,3604.4370782586216,80000.0,1.0,0.00027977172089858215,191036.50287026228,134769.29915766424,-9.7685287592788e-09
333.63999999984156,upper,134913.8403653446,191141.32359675196,1314.5756496957194,953.128726514306,1623.7498292778066,0.906619583646415,-0.0020017359840432494,4801.85848553615,3601.8584855361496,80000.0,1.0,0.0002767394933043746,191141.32359675196,134913.8403653446,-9.704601719157222e-09
333.74999999984146,upper,135058.50583449076,191246.19121057997,1315.7057616469504,953.5552544218231,1624.9151591595328,0.906399393132663,-0.002001727908482243,4799.279892813678,3599.2798928136776,80000.0,1.0,0.00027373872185524684,191246.19121057997,135058.50583449076,-9.641136160003017e-09
333.85999999984136,upper,135203.29566683478,191351.10577322802,1316.836798903656,953.9823415093985,1626.0816285963574,0.9061792035051733,-0.0020017198701531187,4796.701300091206,3596.7013000912057,80000.0,1.0,0.00027076909411012954,191351.10577322802,135203.29566683478,-9.578121886509196e-09
333.96999999984126,upper,135348.20996421186,191456.06734623396,1317.9687624048033,954.4099882874,1627.249238567222,0.90595901475986,-0.0020017118688864487,4794.122707368733,3594.1227073687337,80000.0,1.0,0.00026783030060406073,191456.06734623396,135348.20996421186,-9.515561480801828e-09
334.07999999984116,upper,135493.2488285606,191561.07599119187,1319.101653090867,954.838195267024,1628.4179900528752,0.905738826892655,-0.002001703904514441,4791.544114646262,3591.5441146462617,80000.0,1.0,0.0002649220348209065,191561.07599119187,135493.2488285606,-9.453455598132727e-09
334.18999999984106,upper,135638.41236192317,191666.1317697522,1320.2354719038312,955.2669629602965,1629.587884035875,0.9055186398995094,-0.0020016959768701967,4788.96552192379,3588.9655219237898,80000.0,1.0,0.0002620439931663197,191666.1317697522,135638.41236192317,-9.391785516987684e-09
334.29999999984096,upper,135783.70066644534,191771.23474362152,1321.3702197871924,955.6962918800751,1630.7589215005935,0.9052984537763925,-0.0020016880857869194,4786.386929201318,3586.386929201318,80000.0,1.0,0.0002591958749409501,191771.23474362152,135783.70066644534,-9.330560648369969e-09
334.40999999984086,upper,135929.11384437687,191876.384974563,1322.5058976859636,956.1261825400513,1631.9311034332202,0.9050782685192915,-0.0020016802310986043,4783.808336478845,3583.808336478846,80000.0,1.0,0.0002563773823138713,191876.384974563,135929.11384437687,-9.269777728872713e-09
334.51999999984076,upper,136074.65199807152,191981.58252439633,1323.6425065466785,956.5566354547517,1633.1044308217674,0.9048580841242122,-0.0020016724126403597,4781.229743756374,3581.229743756374,80000.0,1.0,0.00025358822029626,191981.58252439633,136074.65199807152,-9.209429002607228e-09
334.62999999984066,upper,136220.31522998717,192086.8274549979,1324.7800473173927,956.98765113954,1634.278904656071,0.9046379005871782,-0.0020016646302479795,4778.651151033902,3578.651151033902,80000.0,1.0,0.0002508280967153011,192086.8274549979,136220.31522998717,-9.149509931138117e-09
334.73999999984056,upper,136366.10364268624,192192.11982830084,1325.9185209476875,957.4192301106187,1635.4545259277963,0.9044177179042314,-0.002001656883757544,4776.07255831143,3576.07255831143,80000.0,1.0,0.0002480967221883295,192192.11982830084,136366.10364268624,-9.090025201836952e-09
334.84999999984046,upper,136512.01733883543,192297.45970629505,1327.0579283886743,957.8513728850315,1636.631295630442,0.9041975360714314,-0.0020016491730061705,4773.4939655889575,3573.493965588958,80000.0,1.0,0.0002453938100972015,192297.45970629505,136512.01733883543,-9.03096476414722e-09
334.95999999984036,upper,136658.0564212064,192402.84715102738,1328.1982705929972,958.2840799806642,1637.8092147593434,0.9039773550848555,-0.002001641497831842,4770.915372866486,3570.915372866486,80000.0,1.0,0.0002427190765628892,192402.84715102738,136658.0564212064,-8.972319520502065e-09
335.06999999984026,upper,136804.22099267555,192508.28222460163,1329.3395485148358,958.7173519162468,1638.988284311675,0.9037571749405998,-0.002001633858073051,4768.3367801440145,3568.336780144014,80000.0,1.0,0.0002400722404203056,192508.28222460163,136804.22099267555,-8.914095372499195e-09
335.17999999984016,upper,136950.51115622435,192613.76498917883,1330.4817631099088,959.1511892113557,1640.1685052864566,0.9035369956347771,-0.0020016262535687357,4765.758187421542,3565.758187421542,80000.0,1.0,0.00023745302319335063,192613.76498917883,136950.51115622435,-8.856290611280467e-09
335.28999999984006,upper,137096.9270149395,192719.29550697707,1331.6249153354777,959.5855923864154,1641.3498786845557,0.9033168171635183,-0.0020016186841590442,4763.17959469907,3563.17959469907,80000.0,1.0,0.00023486114907018057,192719.29550697707,137096.9270149395,-8.798897168722892e-09
335.39999999983996,upper,137243.46867201306,192824.8738402719,1332.7690061503502,960.0205619627004,1642.5324055086921,0.9030966395229717,-0.002001611149684873,4760.601001976598,3560.601001976598,80000.0,1.0,0.00023229634487869597,192824.8738402719,137243.46867201306,-8.741909145866444e-09
335.50999999983986,upper,137390.1362307427,192930.5000513961,1333.9140365148826,960.4560984623361,1643.7160867634411,0.9028764627093031,-0.002001603649987299,4758.022409254127,3558.022409254126,80000.0,1.0,0.00022975834006225311,192930.5000513961,137390.1362307427,-8.68532646897142e-09
335.61999999983976,upper,137536.92979453175,193036.17420274002,1335.060007390984,960.8922024083021,1644.900923455237,0.9026562867186958,-0.0020015961849082636,4755.443816531654,3555.443816531654,80000.0,1.0,0.0002272468666555837,193036.17420274002,137536.92979453175,-8.62914988105722e-09
335.72999999983966,upper,137683.8494668895,193141.89635675153,1336.2069197421195,961.3288743244332,1646.0869165923787,0.9024361115473504,-0.0020015887542902478,4752.865223809182,3552.865223809182,80000.0,1.0,0.00022476165926093106,193141.89635675153,137683.8494668895,-8.573376449345763e-09
335.83999999983956,upper,137830.8953514312,193247.66657593622,1337.3547745333128,961.7661147354208,1647.2740671850313,0.9022159371914846,-0.002001581357977188,4750.28663108671,3550.2866310867103,80000.0,1.0,0.0002223024550244053,193247.66657593622,137830.8953514312,-8.5179954846858e-09
335.94999999983946,upper,137978.0675518784,193353.4849228574,1338.5035727311506,962.2039241668161,1648.4623762452313,0.9019957636473339,-0.0020015739958132,4747.708038364239,3547.7080383642383,80000.0,1.0,0.0002198689936125414,193353.4849228574,137978.0675518784,-8.463007869792387e-09
336.05999999983936,upper,138125.3661720591,193459.35146013627,1339.6533153037851,962.6423031450314,1649.6518447868912,0.90177559091115,-0.0020015666676430274,4745.129445641766,3545.1294456417663,80000.0,1.0,0.000217461017189067,193459.35146013627,138125.3661720591,-8.408411710454892e-09
336.16999999983926,upper,138272.79131590787,193565.26625045203,1340.8040032209383,963.0812521973406,1650.8424738258013,0.9015554189792024,-0.0020015593733119846,4742.550852919294,3542.5508529192944,80000.0,1.0,0.00021507827039188147,193565.26625045203,138272.79131590787,-8.354196759637707e-09
336.27999999983916,upper,138420.34308746597,193671.22935654182,1341.9556374539047,963.5207718518835,1652.034264379636,0.9013352478477772,-0.0020015521126663847,4739.972260196822,3539.9722601968224,80000.0,1.0,0.0002127205003102385,193671.22935654182,138420.34308746597,-8.300375702619033e-09
336.38999999983906,upper,138568.02159088166,193777.2408412009,1343.1082189755552,963.9608626376657,1653.227217467956,0.9011150775131772,-0.0020015448855532423,4737.393667474351,3537.3936674743504,80000.0,1.0,0.00021038745646213337,193777.2408412009,138568.02159088166,-8.246924804226536e-09
336.49999999983896,upper,138715.82693041026,193883.30076728298,1344.2617487603393,964.4015250845616,1654.4213341122127,0.9008949079717226,-0.0020015376918196734,4734.8150747518785,3534.8150747518785,80000.0,1.0,0.00020807889077187745,193883.30076728298,138715.82693041026,-8.193858622464925e-09
336.60999999983886,upper,138863.7592104144,193989.4091976999,1345.4162277842902,964.8427597233156,1655.6166153357524,0.9006747392197497,-0.002001530531313964,4732.236482029406,3532.2364820294065,80000.0,1.0,0.00020579455754790097,193989.4091976999,138863.7592104144,-8.141168905509793e-09
336.71999999983876,upper,139011.81853536415,194095.56619542194,1346.5716570250272,965.2845670855442,1656.81306216382,0.9004545712536121,-0.00200152340388488,4729.6578893069345,3529.6578893069345,80000.0,1.0,0.00020353421346073109,194095.56619542194,139011.81853536415,-8.088857821614694e-09
336.82999999983866,upper,139160.00500983713,194201.77182347802,1347.7280374617594,965.7269477037383,1658.0106756235632,0.900234404069679,-0.002001516309382615,4727.079296584463,3527.0792965844626,80000.0,1.0,0.00020129761752116942,194201.77182347802,139160.00500983713,-8.03690721566212e-09
336.93999999983856,upper,139308.3187385189,194308.02614495566,1348.885370075289,966.1699021112647,1659.2094567440365,0.9000142376643373,-0.00200150924765686,4724.500703861991,3524.5007038619906,80000.0,1.0,0.00019908453105867098,194308.02614495566,139308.3187385189,-7.985328419270721e-09
337.04999999983846,upper,139456.75982620288,194414.32922300103,1350.0436558480149,966.6134308423681,1660.4094065562044,0.8997940720339896,-0.002001502218558698,4721.922111139518,3521.9221111395186,80000.0,1.0,0.00019689471769991762,194414.32922300103,139456.75982620288,-7.934107362744776e-09
337.15999999983836,upper,139605.3283777907,194520.68112081915,1351.2028957639363,967.0575344321726,1661.6105260929469,0.899573907175055,-0.002001495221939192,4719.343518417047,3519.3435184170467,80000.0,1.0,0.00019472794334757202,194520.68112081915,139605.3283777907,-7.883254296388844e-09
337.26999999983826,upper,139754.0244982923,194627.08190167393,1352.3630908086557,967.5022134166844,1662.8128163890617,0.8993537430839689,-0.002001488257650632,4716.764925694575,3516.7649256945747,80000.0,1.0,0.00019258397615923135,194627.08190167393,139754.0244982923,-7.832762457945885e-09
337.37999999983816,upper,139902.84829282618,194733.5316288883,1353.5242419693834,967.9474683327934,1664.0162784812708,0.8991335797571832,-0.0020014813255465093,4714.186332972103,3514.1863329721027,80000.0,1.0,0.0001904625865265625,194733.5316288883,139902.84829282618,-7.782619394060294e-09
337.48999999983806,upper,140051.7998666194,194840.03036584432,1354.6863502349397,968.3932997182749,1665.2209134082211,0.8989134171911655,-0.0020014744254799105,4711.60774024963,3511.6077402496308,80000.0,1.0,0.0001883635470546298,194840.03036584432,140051.7998666194,-7.732827751796156e-09
337.59999999983796,upper,140200.87932500796,194946.57817598328,1355.8494165957588,968.8397081117918,1666.426722210491,0.8986932553823997,-0.002001467557304703,4709.029147527159,3509.029147527159,80000.0,1.0,0.00018628663254139987,194946.57817598328,140200.87932500796,-7.683392196396455e-09
337.70999999983786,upper,140350.08677343698,195053.1751228057,1357.0134420438928,969.2866940528961,1667.6337059305938,0.8984730943273859,-0.002001460720875887,4706.450554804687,3506.450554804687,80000.0,1.0,0.0001842316199574397,195053.1751228057,140350.08677343698,-7.634300671526254e-09
337.81999999983776,upper,140499.4223174606,195159.82126987146,1358.178427573015,969.7342580820315,1668.841865612981,0.89825293402264,-0.0020014539160489184,4703.871962082215,3503.871962082215,80000.0,1.0,0.00018219828842578757,195159.82126987146,140499.4223174606,-7.585556604128053e-09
337.92999999983766,upper,140648.88606274244,195266.51668080012,1359.3443741784229,970.182400740535,1670.051202304048,0.8980327744646934,-0.0020014471426795678,4701.293369359742,3501.293369359743,80000.0,1.0,0.00018018641920200382,195266.51668080012,140648.88606274244,-7.537159640333194e-09
338.03999999983756,upper,140798.4781150558,195373.26141927068,1360.5112828570427,970.6311225706387,1671.261717052136,0.897812615650094,-0.0020014404006254115,4698.714776637271,3498.714776637271,80000.0,1.0,0.0001781957956544084,195373.26141927068,140798.4781150558,-7.489090720638897e-09
338.14999999983746,upper,140948.19858028367,195480.05554902187,1361.6791546074323,971.080424115472,1672.4734109075387,0.8975924575754045,-0.002001433689742727,4696.136183914799,3496.136183914799,80000.0,1.0,0.0001762262032444889,195480.05554902187,140948.19858028367,-7.4413663766343526e-09
338.25999999983736,upper,141098.04756441878,195586.8991338522,1362.8479904297849,971.5303059190637,1673.6862849225038,0.8973723002372044,-0.0020014270098899787,4693.557591192327,3493.557591192327,80000.0,1.0,0.00017427742950748185,195586.8991338522,141098.04756441878,-7.393974153378015e-09
338.36999999983726,upper,141248.0251735642,195693.79223762016,1364.017791325932,971.9807685263435,1674.9003401512387,0.897152143632088,-0.0020014203609254387,4690.978998469855,3490.978998469855,80000.0,1.0,0.00017234926403313422,195693.79223762016,141248.0251735642,-7.3469199266130966e-09
338.47999999983716,upper,141398.13151393327,195800.73492424417,1365.1885582993484,972.4318124831442,1676.1155776499145,0.8969319877566654,-0.0020014137427092258,4688.400405747383,3488.400405747383,80000.0,1.0,0.00017044149844663313,195800.73492424417,141398.13151393327,-7.300186350740626e-09
338.58999999983706,upper,141548.3666918497,195907.7272577027,1366.3602923551548,972.8834383362038,1677.3319984766695,0.896711832607562,-0.002001407155100184,4685.8218130249115,3485.821813024911,80000.0,1.0,0.0001685539263897083,195907.7272577027,141548.3666918497,-7.253786590387498e-09
338.69999999983696,upper,141698.73081374794,196014.76930203443,1367.5329945001206,973.3356466331675,1678.5496036916136,0.8964916781814184,-0.002001400597959503,4683.243220302439,3483.243220302439,80000.0,1.0,0.00016668634350190117,196014.76930203443,141698.73081374794,-7.207705140852102e-09
338.80999999983686,upper,141849.22398617328,196121.86112133836,1368.7066657426694,973.7884379225895,1679.768394356833,0.896271524474891,-0.00200139407114755,4680.664627579967,3480.664627579967,80000.0,1.0,0.00016483854740200363,196121.86112133836,141849.22398617328,-7.16195285270493e-09
338.91999999983676,upper,141999.8463157819,196229.00277977393,1369.881307092882,974.2418127539353,1680.9883715363937,0.896051371484651,-0.002001387574526228,4678.086034857495,3478.086034857495,80000.0,1.0,0.00016301033766966155,196229.00277977393,141999.8463157819,-7.116515783561746e-09
339.02999999983666,upper,142150.5979093414,196336.194341561,1371.0569195624985,974.695771677583,1682.2095362963457,0.8958312192073854,-0.0020013811079586247,4675.507442135024,3475.507442135023,80000.0,1.0,0.00016120151582714898,196336.194341561,142150.5979093414,-7.07139384736807e-09
339.13999999983656,upper,142301.47887373055,196443.43587097997,1372.233504164924,975.1503152448262,1683.4318897047276,0.8956110676397956,-0.002001374671306825,4672.928849412551,3472.9288494125512,80000.0,1.0,0.00015941188532129778,196443.43587097997,142301.47887373055,-7.026588676001335e-09
339.24999999983646,upper,142452.48931593978,196550.72743237202,1373.4110619152318,975.6054440078756,1684.6554328315713,0.8953909167785984,-0.0020013682644344924,4670.350256690079,3470.3502566900793,80000.0,1.0,0.00015764125150559449,196550.72743237202,142452.48931593978,-6.9820963113400425e-09
339.35999999983636,upper,142603.62934307125,196658.06909013918,1374.589593830165,976.0611585198608,1685.8801667489035,0.8951707666205255,-0.002001361887205911,4667.771663967607,3467.7716639676073,80000.0,1.0,0.00015588942162243178,196658.06909013918,142603.62934307125,-6.937914634659749e-09
339.46999999983626,upper,142754.89906233907,196765.4609087442,1375.769100928144,976.5174593348323,1687.1060925307543,0.8949506171623235,-0.0020013555394863443,4665.193071245136,3465.1930712451353,80000.0,1.0,0.0001541562047855325,196765.4609087442,142754.89906233907,-6.894032502422085e-09
339.57999999983616,upper,142906.29858106954,196872.90295271095,1376.9495842292667,976.9743470077648,1688.3332112531575,0.8947304684007541,-0.002001349221139828,4662.614478522663,3462.6144785226634,80000.0,1.0,0.00015244141196251446,196872.90295271095,142906.29858106954,-6.850470013064802e-09
339.68999999983606,upper,143057.82800670108,196980.39528662435,1378.1310447553135,977.4318220945573,1689.561523994157,0.8945103203325933,-0.0020013429320336414,4660.035885800191,3460.0358858001914,80000.0,1.0,0.00015074485595762424,196980.39528662435,143057.82800670108,-6.807200034742973e-09
339.79999999983596,upper,143209.48744678474,197087.9379751306,1379.3134835297515,977.8898851520364,1690.7910318338102,0.8942901729546321,-0.0020013366720334834,4657.457293077719,3457.4572930777194,80000.0,1.0,0.00014906635139461867,197087.9379751306,143209.48744678474,-6.764231678009254e-09
339.90999999983586,upper,143361.2770089843,197195.5310829371,1380.4969015777374,978.3485367379576,1692.021735854193,0.894070026263676,-0.00200133044100678,4654.878700355248,3454.8787003552475,80000.0,1.0,0.00014740571469980647,197195.5310829371,143361.2770089843,-6.721562669853505e-09
340.01999999983576,upper,143513.1968010762,197303.17467481273,1381.6812999261222,978.8077774110083,1693.2536371394028,0.8938498802565454,-0.0020013242388212883,4652.3001076327755,3452.3001076327755,80000.0,1.0,0.0001457627640852367,197303.17467481273,143513.1968010762,-6.679191853868887e-09
340.12999999983566,upper,143665.24693095006,197410.8688155879,1382.8666796034531,979.2676077308085,1694.4867367755642,0.893629734930075,-0.0020013180653453092,4649.721514910303,3449.7215149103035,80000.0,1.0,0.00014413731953204152,197410.8688155879,143665.24693095006,-6.6371135417744704e-09
340.23999999983556,upper,143817.42750660874,197518.61357015447,1384.0530416399788,979.7280282579147,1695.7210358508319,0.8934095902811142,-0.0020013119204478434,4647.142922187832,3447.1429221878316,80000.0,1.0,0.0001425292027739281,197518.61357015447,143817.42750660874,-6.595322203365836e-09
340.34999999983546,upper,143969.73863616853,197626.4090034662,1385.2403870676542,980.1890395538206,1696.9565354553974,0.8931894463065263,-0.0020013058039986646,4644.56432946536,3444.5643294653596,80000.0,1.0,0.00014093823728081637,197626.4090034662,143969.73863616853,-6.553819815517931e-09
340.45999999983536,upper,144122.18042785928,197734.2551805385,1386.4287169201418,980.650642180959,1698.193236681491,0.8929693030031893,-0.0020012997158669215,4641.985736742888,3441.9857367428876,80000.0,1.0,0.00013936424824263088,197734.2551805385,144122.18042785928,-6.512611315766225e-09
340.56999999983526,upper,144274.75299002454,197842.15216644877,1387.6180322328164,981.1128367027048,1699.4311406233858,0.8927491603679951,-0.002001293655923819,4639.407144020415,3439.4071440204157,80000.0,1.0,0.00013780706255322848,197842.15216644877,144274.75299002454,-6.4716861186163085e-09
340.67999999983516,upper,144427.45643112206,197950.10002633656,1388.808334042769,981.5756236833766,1700.670248377404,0.8925290183978503,-0.0020012876240409357,4636.828551297944,3436.8285512979437,80000.0,1.0,0.00013626650879447594,197950.10002633656,144427.45643112206,-6.431040602225094e-09
340.78999999983506,upper,144580.2908597236,198058.09882540337,1389.999623388811,982.039003688239,1701.9105610419206,0.892308877089675,-0.002001281620089322,4634.249958575472,3434.2499585754717,80000.0,1.0,0.00013474241722047652,198058.09882540337,144580.2908597236,-6.390674340291911e-09
340.89999999983496,upper,144733.2563845154,198166.14862891295,1391.191901311477,982.502977283504,1703.1520797173669,0.8920887364404042,-0.002001275643941464,4631.671365853,3431.6713658529998,80000.0,1.0,0.0001332346197419294,198166.14862891295,144733.2563845154,-6.3505954348224254e-09
341.00999999983486,upper,144886.35311429822,198274.24950219152,1392.3851688530299,982.9675450363344,1704.3948055062356,0.8918685964469862,-0.0020012696954708276,4629.092773130527,3429.092773130528,80000.0,1.0,0.00013174294991063115,198274.24950219152,144886.35311429822,-6.3107851723561885e-09
341.11999999983476,upper,145039.58115798747,198382.40151062756,1393.5794270574645,983.4327075148448,1705.638739513086,0.8916484571063836,-0.0020012637745504794,4626.514180408056,3426.514180408056,80000.0,1.0,0.00013026724290412408,198382.40151062756,145039.58115798747,-6.2712530472301104e-09
341.22999999983466,upper,145192.94062461355,198490.6047196722,1394.7746769705095,983.898465288104,1706.8838828445466,0.8914283184155727,-0.0020012578810549445,4623.935587685584,3423.935587685584,80000.0,1.0,0.00012880733551047397,198490.6047196722,145192.94062461355,-6.2319851973185305e-09
341.33999999983456,upper,145346.431623322,198598.85919483926,1395.970919639634,984.3648189261373,1708.1302366093205,0.8912081803715439,-0.002001252014858162,4621.356994963112,3421.356994963112,80000.0,1.0,0.00012736306611319095,198598.85919483926,145346.431623322,-6.1929958460457945e-09
341.44999999983446,upper,145500.05426337375,198707.16500170523,1397.1681561140497,984.8317689999287,1709.37780191819,0.8909880429713011,-0.002001246175836053,4618.7784022406395,3418.77840224064,80000.0,1.0,0.0001259342746762839,198707.16500170523,145500.05426337375,-6.1542699839126904e-09
341.55999999983436,upper,145653.80865414513,198815.5222059095,1398.366387444715,985.2993160814225,1710.6265798840207,0.8907679062118616,-0.0020012403638633844,4616.199809518168,3416.199809518168,80000.0,1.0,0.00012452080272945098,198815.5222059095,145653.80865414513,-6.115815182055964e-09
341.66999999983426,upper,145807.69490512824,198923.9308731544,1399.5656146843396,985.767460743526,1711.8765716217663,0.8905477700902574,-0.0020012345788173276,4613.6212167956965,3413.621216795696,80000.0,1.0,0.00012312249335340214,198923.9308731544,145807.69490512824,-6.077623651340541e-09
341.77999999983416,upper,145961.71312593098,199032.39106920542,1400.7658388873876,986.2362035601116,1713.1277782484729,0.8903276346035326,-0.0020012288205746424,4611.042624073224,3411.042624073224,80000.0,1.0,0.00012173919116531483,199032.39106920542,145961.71312593098,-6.039688719708225e-09
341.88999999983406,upper,146115.86342627747,199140.90285989107,1401.967061110081,986.7055451060185,1714.380200883282,0.8901074997487459,-0.0020012230890119665,4608.464031350752,3408.464031350752,80000.0,1.0,0.00012037074230442262,199140.90285989107,146115.86342627747,-6.00202157626706e-09
341.99999999983396,upper,146270.145916008,199249.4663111033,1403.169282410405,987.175485957055,1715.6338406474379,0.8898873655229695,-0.0020012173840084184,4605.88543862828,3405.88543862828,80000.0,1.0,0.00011901699441772857,199249.4663111033,146270.145916008,-5.964601954061073e-09
342.10999999983386,upper,146424.5607050794,199358.0814887973,1404.3725038481114,987.6460266900012,1716.8886986642904,0.8896672319232883,-0.0020012117054414138,4603.306845905809,3403.306845905808,80000.0,1.0,0.00011767779664585725,199358.0814887973,146424.5607050794,-5.927447361825576e-09
342.21999999983376,upper,146579.1079035652,199466.74845899187,1405.5767264847223,988.1171678826112,1718.1447760592994,0.8894470989468012,-0.0020012060531909826,4600.728253183336,3400.728253183336,80000.0,1.0,0.00011635299960902275,199466.74845899187,146579.1079035652,-5.890541413134255e-09
342.32999999983366,upper,146733.78762165568,199575.46728776945,1406.7819513835339,988.5889101136135,1719.4020739600396,0.8892269665906196,-0.0020012004271357737,4598.149660460864,3398.149660460864,80000.0,1.0,0.0001150424553931326,199575.46728776945,146733.78762165568,-5.853888513657049e-09
342.43999999983356,upper,146888.59996965824,199684.23804127614,1407.9881796096201,989.0612539627152,1720.6605934962045,0.8890068348518688,-0.0020011948271562484,4595.571067738392,3395.5710677383922,80000.0,1.0,0.00011374601753601296,199684.23804127614,146888.59996965824,-5.81748739878932e-09
342.54999999983346,upper,147043.54505799754,199793.06078572187,1409.1954122298387,989.5342000106042,1721.9203357996128,0.8887867037276873,-0.002001189253132942,4592.992475015921,3392.9924750159203,80000.0,1.0,0.00011246354101376131,199793.06078572187,147043.54505799754,-5.781338113373702e-09
342.65999999983336,upper,147198.62299721577,199901.93558738046,1410.4036503128318,990.00774883895,1723.1813020042105,0.888566573215226,-0.002001183704947088,4590.413882293448,3390.4138822934483,80000.0,1.0,0.00011119488222721943,199901.93558738046,147198.62299721577,-5.745439562452389e-09
342.76999999983326,upper,147353.8338979726,200010.86251258984,1411.6128949290337,990.4819010304059,1724.4434932460772,0.8883464433116496,-0.0020011781824812026,4587.835289570976,3387.8352895709763,80000.0,1.0,0.00010993989898856936,200010.86251258984,147353.8338979726,-5.7097715251353035e-09
342.87999999983316,upper,147509.1778710457,200119.841627752,1412.8231471506708,990.9566571686132,1725.7069106634297,0.8881263140141353,-0.0020011726856161787,4585.256696848504,3385.2566968485044,80000.0,1.0,0.00010869845050805284,200119.841627752,147509.1778710457,-5.674355632936109e-09
342.98999999983306,upper,147664.65502733068,200228.8729993331,1414.0344080517698,991.4320178382018,1726.9715553966278,0.8879061853198734,-0.002001167214235474,4582.678104126033,3382.6781041260324,80000.0,1.0,0.000107470397380811,200228.8729993331,147664.65502733068,-5.639180965637043e-09
343.09999999983296,upper,147820.26547784146,200337.956693864,1415.2466787081578,991.9079836247921,1728.2374285881765,0.8876860572260673,-0.002001161768222649,4580.09951140356,3380.0995114035604,80000.0,1.0,0.0001062556015738342,200337.956693864,147820.26547784146,-5.604241652588771e-09
343.20999999983286,upper,147976.00933371033,200447.09277793972,1416.4599601974699,992.3845551149985,1729.5045313827343,0.8874659297299327,-0.002001156347460649,4577.520918681088,3377.5209186810885,80000.0,1.0,0.00010505392641304709,200447.09277793972,147976.00933371033,-5.569544730028446e-09
343.31999999983276,upper,148131.88670618832,200556.28131821996,1417.6742535991507,992.8617328964306,1730.7728649271146,0.8872458028286984,-0.00200115095183496,4574.9423259586165,3374.9423259586165,80000.0,1.0,0.00010386523657049603,200556.28131821996,148131.88670618832,-5.535076222744226e-09
343.42999999983266,upper,148287.89770664528,200665.52238142915,1418.8895599944588,993.3395175576959,1732.0424303702912,0.8870256765196058,-0.002001145581229272,4572.363733236145,3372.3637332361445,80000.0,1.0,0.000102689398051657,200665.52238142915,148287.89770664528,-5.50084958760594e-09
343.53999999983256,upper,148444.04244656995,200774.81603435657,1420.1058804664724,993.8179096884018,1733.313228863404,0.8868055507999091,-0.0020011402355297986,4569.785140513673,3369.7851405136726,80000.0,1.0,0.00010152627818286128,200774.81603435657,148444.04244656995,-5.466852054413718e-09
343.64999999983246,upper,148600.32103757045,200884.1623438562,1421.3232161000917,994.2969098791584,1734.585261559763,0.8865854256668744,-0.0020011349146219198,4567.2065477912,3367.2065477912006,80000.0,1.0,0.00010037574559883399,200884.1623438562,148600.32103757045,-5.4330856078126685e-09
343.75999999983236,upper,148756.7335913744,200993.5613768472,1422.541567982044,994.7765187215799,1735.8585296148526,0.8863653011177813,-0.0020011296183921404,4564.627955068729,3364.6279550687286,80000.0,1.0,9.923767023034213e-05,200993.5613768472,148756.7335913744,-5.399547640522738e-09
343.86999999983226,upper,148913.28021982886,201103.01320031396,1423.760937200887,995.2567368082875,1737.1330341863368,0.8861451771499214,-0.0020011243467273113,4562.049362346257,3362.0493623462567,80000.0,1.0,9.811192329195703e-05,201103.01320031396,148913.28021982886,-5.3662402512765584e-09
343.97999999983216,upper,149069.96103490092,201212.51788130583,1424.9813248470136,995.7375647329116,1738.408776434064,0.8859250537605988,-0.00200111909951557,4559.470769623785,3359.4707696237847,80000.0,1.0,9.699837726993241e-05,201212.51788130583,149069.96103490092,-5.333149337132292e-09
344.08999999983206,upper,149226.77614867763,201322.0754869377,1426.2027320126551,996.2190030900935,1739.6857575200704,0.8857049309471298,-0.0020011138766436805,4556.892176901312,3356.8921769013127,80000.0,1.0,9.589690591018273e-05,201322.0754869377,149226.77614867763,-5.300288413586159e-09
344.19999999983196,upper,149383.72567336622,201431.68608439,1427.4251597918865,996.7010524754888,1740.9639786085868,0.8854848087068431,-0.0020011086780007277,4554.313584178841,3354.3135841788408,80000.0,1.0,9.480738420637925e-05,201431.68608439,149383.72567336622,-5.2676489685355634e-09
344.30999999983186,upper,149540.8097212945,201541.3497409085,1428.648609280631,997.1837134857682,1742.2434408660426,0.8852646870370796,-0.0020011035034754095,4551.734991456369,3351.734991456369,80000.0,1.0,9.372968838815175e-05,201541.3497409085,149540.8097212945,-5.235229148642939e-09
344.41999999983176,upper,149698.02840491093,201651.06652380494,1429.8730815766626,997.6669867186214,1743.5241454610702,0.8850445659351924,-0.0020010983529572804,4549.156398733897,3349.156398733897,80000.0,1.0,9.266369590939245e-05,201651.06652380494,149698.02840491093,-5.20302844612186e-09
344.52999999983166,upper,149855.38183678465,201760.83650045667,1431.09857777961,998.1508727727579,1744.8060935645087,0.884824445398547,-0.0020010932263359992,4546.577806011424,3346.577806011425,80000.0,1.0,9.16092854366757e-05,201760.83650045667,149855.38183678465,-5.171047643209455e-09
344.63999999983156,upper,150012.87012960605,201870.65973830703,1432.3250989909636,998.6353722479106,1746.0892863494114,0.8846043254245205,-0.002001088123502295,4543.999213288953,3343.999213288953,80000.0,1.0,9.056633683777536e-05,201870.65973830703,150012.87012960605,-5.1392757112521585e-09
344.74999999983146,upper,150170.49339618674,201980.53630486538,1433.5526463140768,999.1204857448371,1747.3737249910484,0.8843842060105026,-0.002001083044346606,4541.420620566481,3341.420620566481,80000.0,1.0,8.953473117028872e-05,201980.53630486538,150170.49339618674,-5.1077256645057845e-09
344.85999999983136,upper,150328.25174945977,202090.46626770715,1434.7812208541718,999.6062138653223,1748.6594106669122,0.8841640871538944,-0.0020010779887611554,4538.842027844009,3338.842027844009,80000.0,1.0,8.851435067036534e-05,202090.46626770715,150328.25174945977,-5.076378128945172e-09
344.96999999983126,upper,150486.14530247982,202200.44969447408,1436.0108237183435,1000.0925572121813,1749.9463445567226,0.8839439688521094,-0.0020010729566370534,4536.2634351215365,3336.263435121537,80000.0,1.0,8.750507874153674e-05,202200.44969447408,150486.14530247982,-5.045248948269582e-09
345.07999999983116,upper,150644.1741684236,202310.48665287433,1437.2414560155626,1000.5795163892609,1751.2345278424307,0.8837238511025723,-0.002001067947866516,4533.684842399065,3333.684842399065,80000.0,1.0,8.650679994364715e-05,202310.48665287433,150644.1741684236,-5.0143277592237e-09
345.18999999983106,upper,150802.3384605898,202420.57721068236,1438.473118856682,1001.0670920014428,1752.523961708226,0.8835037339027207,-0.0020010629623430885,4531.1062496765935,3331.106249676593,80000.0,1.0,8.551939998188933e-05,202420.57721068236,150802.3384605898,-4.983614748132899e-09
345.29999999983096,upper,150960.6382923994,202530.72143573943,1439.70581335444,1001.5552846546447,1753.814647340538,0.8832836172500029,-0.0020010579999597466,4528.527656954121,3328.527656954121,80000.0,1.0,8.45427656959327e-05,202530.72143573943,150960.6382923994,-4.953105342181405e-09
345.40999999983086,upper,151119.073777396,202640.91939595348,1440.9395406234635,1002.0440949558243,1755.106585928044,0.8830635011418797,-0.002001053060610255,4525.949064231649,3325.949064231649,80000.0,1.0,8.357678504915792e-05,202640.91939595348,151119.073777396,-4.922798939552128e-09
345.51999999983076,upper,151277.64502924573,202751.17115929906,1442.1743017802742,1002.5335235129797,1756.3997786616724,0.8828433855758225,-0.0020010481441885847,4523.370471509177,3323.370471509177,80000.0,1.0,8.262134711798818e-05,202751.17115929906,151277.64502924573,-4.892701038035942e-09
345.62999999983066,upper,151436.35216173786,202861.47679381803,1443.4100979432915,1003.0235709351539,1757.6942267346076,0.8826232705493157,-0.0020010432505903107,4520.791878786706,3320.791878786705,80000.0,1.0,8.167634208130969e-05,202861.47679381803,151436.35216173786,-4.8627973903272115e-09
345.73999999983056,upper,151595.19528878457,202971.83636761893,1444.6469302328376,1003.5142378324354,1758.989931342296,0.8824031560598543,-0.002001038379709789,4518.213286064233,3318.213286064233,80000.0,1.0,8.074166121000319e-05,202971.83636761893,151595.19528878457,-4.8331019521484416e-09
345.84999999983046,upper,151754.17452442154,203082.24994887767,1445.8847997711412,1004.0055248159615,1760.2868936824495,0.882183042104945,-0.002001033531442892,4515.634693341761,3315.6346933417612,80000.0,1.0,7.981719685655689e-05,203082.24994887767,151754.17452442154,-4.803604557396615e-09
345.95999999983036,upper,151913.2899828079,203192.7176058374,1447.1237076823422,1004.4974324979205,1761.585114955052,0.8819629286821061,-0.002001028705686468,4513.056100619289,3313.0561006192893,80000.0,1.0,7.890284244478269e-05,203192.7176058374,151913.2899828079,-4.77429759955188e-09
346.06999999983026,upper,152072.54177822662,203303.23940680866,1448.3636550924964,1004.9899614915538,1762.8845963623628,0.8817428157888673,-0.002001023902336637,4510.477507896818,3310.4775078968173,80000.0,1.0,7.799849245962283e-05,203303.23940680866,152072.54177822662,-4.7451889219491055e-09
346.17999999983016,upper,152231.93002508458,203413.8154201695,1449.6046431295795,1005.4831124111591,1764.1853391089235,0.8815227034227692,-0.0020010191212902198,4507.898915174345,3307.8989151743453,80000.0,1.0,7.71040424370509e-05,203413.8154201695,152231.93002508458,-4.716274354638824e-09
346.28999999983006,upper,152391.45483791284,203524.44571436563,1450.8466729234913,1005.9768858720919,1765.487344401561,0.8813025915813643,-0.002001014362444977,4505.320322451873,3305.3203224518734,80000.0,1.0,7.621938895406432e-05,203524.44571436563,152391.45483791284,-4.687555966408187e-09
346.39999999982996,upper,152551.11633136694,203635.1303579105,1452.08974560606,1006.4712824907676,1766.790613449393,0.881082480262216,-0.002001009625699392,4502.741729729401,3302.7417297294014,80000.0,1.0,7.534442961876877e-05,203635.1303579105,152551.11633136694,-4.65902494409842e-09
346.50999999982986,upper,152710.914620227,203745.8694193854,1453.3338623110471,1006.9663028846658,1768.0951474638343,0.880862369462899,-0.0020010049109515683,4500.16313700693,3300.1631370069294,80000.0,1.0,7.447906306055294e-05,203745.8694193854,152710.914620227,-4.630680376490654e-09
346.61999999982976,upper,152870.84981939787,203856.6629674396,1454.579024174152,1007.4619476723307,1769.400947658601,0.880642259180999,-0.0020010002181001527,4497.5845442844575,3297.5845442844575,80000.0,1.0,7.362318892035296e-05,203856.6629674396,152870.84981939787,-4.60253419535342e-09
346.72999999982966,upper,153030.9220439095,203967.51107079047,1455.825232333015,1007.9582174733744,1770.7080152497135,0.880422149414113,-0.0020009955470449274,4495.005951561985,3295.0059515619855,80000.0,1.0,7.277670784100605e-05,203967.51107079047,153030.9220439095,-4.574569059487271e-09
346.83999999982956,upper,153191.1314089171,204078.41379822363,1457.0724879272243,1008.4551129084792,1772.0163514555063,0.8802020401598487,-0.002000990897685464,4492.4273588395135,3292.4273588395135,80000.0,1.0,7.193952145769295e-05,204078.41379822363,153191.1314089171,-4.5467891587618435e-09
346.94999999982946,upper,153351.4780297013,204189.371218593,1458.3207920983173,1008.9526345994005,1773.3259574966287,0.8799819314158255,-0.0020009862699222345,4489.848766117042,3289.8487661170416,80000.0,1.0,7.111153238846642e-05,204189.371218593,153351.4780297013,-4.519195184415657e-09
347.05999999982936,upper,153511.96202166847,204300.38340082107,1459.5701459897878,1009.4507831689689,1774.636834596052,0.8797618231796728,-0.002000981663655721,4487.27017339457,3287.2701733945696,80000.0,1.0,7.029264422486739e-05,204300.38340082107,153511.96202166847,-4.491787929848715e-09
347.16999999982926,upper,153672.58350035085,204411.45041389865,1460.8205507470889,1009.949559241092,1775.9489839790735,0.8795417154490318,-0.002000977078787622,4484.691580672097,3284.6915806720976,80000.0,1.0,6.9482761522628e-05,204411.45041389865,153672.58350035085,-4.464555824030902e-09
347.27999999982916,upper,153833.3425814067,204522.57232688545,1462.0720075176378,1010.4489634407578,1777.262406873323,0.8793216082215537,-0.002000972515219325,4482.112987949626,3282.1129879496257,80000.0,1.0,6.868178979245724e-05,204522.57232688545,153833.3425814067,-4.4375079015157515e-09
347.38999999982906,upper,153994.23938062068,204633.7492089099,1463.324517450821,1010.948996394037,1778.5771045087668,0.8791015014949014,-0.0020009679728528107,4479.534395227154,3279.5343952271537,80000.0,1.0,6.788963549091338e-05,204633.7492089099,153994.23938062068,-4.41063716533729e-09
347.49999999982896,upper,154155.27401390407,204744.98112916938,1464.578081697997,1011.4496587280853,1779.8930781177123,0.8788813952667476,-0.002000963451590426,4476.955802504682,3276.9558025046817,80000.0,1.0,6.710620601135806e-05,204744.98112916938,154155.27401390407,-4.383945699604159e-09
347.60999999982886,upper,154316.4465972947,204856.26815693037,1465.8327014125036,1011.950951071146,1781.2103289348158,0.8786612895347764,-0.0020009589513353566,4474.377209782209,3274.37720978221,80000.0,1.0,6.633140967499494e-05,204856.26815693037,154316.4465972947,-4.3574303552996e-09
347.71999999982876,upper,154477.7572469576,204967.61036152847,1467.0883777496608,1012.4528740525521,1782.5288581970854,0.8784411842966823,-0.0020009544719911823,4471.798617059738,3271.798617059738,80000.0,1.0,6.556515572199056e-05,204967.61036152847,154477.7572469576,-4.331089709658813e-09
347.82999999982866,upper,154639.20607918486,205079.0078123685,1468.3451118667742,1012.9554283027293,1783.8486671438852,0.8782210795501705,-0.0020009500134613428,4469.220024337266,3269.220024337266,80000.0,1.0,6.480735430267569e-05,205079.0078123685,154639.20607918486,-4.304924449842189e-09
347.93999999982856,upper,154800.79321039605,205190.4605789248,1469.6029049231422,1013.4586144531983,1785.169757016944,0.8780009752929566,-0.0020009455756505694,4466.641431614794,3266.641431614794,80000.0,1.0,6.405791646882683e-05,205190.4605789248,154800.79321039605,-4.2789272933104926e-09
348.04999999982846,upper,154962.5187571383,205301.96873074112,1470.861758080059,1013.9624331365774,1786.4921290603577,0.8777808715227666,-0.0020009411584626957,4464.062838892321,3264.062838892322,80000.0,1.0,6.331675416502972e-05,205301.96873074112,154962.5187571383,-4.2531097453315576e-09
348.15999999982836,upper,155124.3828360867,205413.53233743098,1472.1216725008192,1014.466884986585,1787.815784520596,0.8775607682373373,-0.0020009367618042196,4461.48424616985,3261.48424616985,80000.0,1.0,6.258378022012075e-05,205413.53233743098,155124.3828360867,-4.2274509056386315e-09
348.26999999982826,upper,155286.38556404423,205525.1514686776,1473.382649350722,1014.9719706380421,1789.1407246465055,0.8773406654344158,-0.002000932385579296,4458.905653447378,3258.905653447378,80000.0,1.0,6.185890833870673e-05,205525.1514686776,155286.38556404423,-4.201970647702937e-09
348.37999999982816,upper,155448.52705794235,205636.82619423408,1474.6446897970782,1015.4776907268746,1790.4669506893185,0.8771205631117596,-0.002000928029694846,4456.327060724906,3256.327060724906,80000.0,1.0,6.114205309276466e-05,205636.82619423408,155448.52705794235,-4.176654863348108e-09
348.48999999982806,upper,155610.807434841,205748.55658392355,1475.9077950092112,1015.9840458901161,1791.7944639026546,0.8769004612671362,-0.002000923694056882,4453.748468002434,3253.748468002434,80000.0,1.0,6.043312991331559e-05,205748.55658392355,155610.807434841,-4.1515039575068845e-09
348.59999999982796,upper,155773.2268119288,205860.3427076394,1477.1719661584652,1016.4910367659107,1793.1232655425288,0.8766803598983236,-0.0020009193785720885,4451.169875279962,3251.169875279962,80000.0,1.0,5.9732055082176955e-05,205860.3427076394,155773.2268119288,-4.126517316019734e-09
348.70999999982786,upper,155935.78530652323,205972.18463534498,1478.4372044182082,1016.9986639935152,1794.4533568673558,0.8764602590031102,-0.0020009150831480603,4448.591282557491,3248.59128255749,80000.0,1.0,5.9038745723792456e-05,205972.18463534498,155935.78530652323,-4.101695816038401e-09
348.81999999982776,upper,156098.48303607124,206084.08243707434,1479.7035109638346,1017.5069282133014,1795.7847391379535,0.8762401585792944,-0.0020009108076919696,4446.012689835018,3246.012689835018,80000.0,1.0,5.835311979713192e-05,206084.08243707434,156098.48303607124,-4.077041886222506e-09
348.92999999982766,upper,156261.32011814893,206196.03618293183,1480.970886972775,1018.0158300667598,1797.1174136175525,0.8760200586246848,-0.002000906552112669,4443.434097112546,3243.434097112546,80000.0,1.0,5.767509608767154e-05,206196.03618293183,156261.32011814893,-4.052545475211876e-09
349.03999999982756,upper,156424.29667046215,206308.0459430925,1482.2393336244959,1018.5253701965007,1798.451381571798,0.8757999591370998,-0.0020009023163183324,4440.855504390074,3240.855504390074,80000.0,1.0,5.7004594199444136e-05,206308.0459430925,156424.29667046215,-4.0282074303572635e-09
349.14999999982746,upper,156587.41281084652,206420.1117878021,1483.508852100507,1019.0355492462577,1799.786644268755,0.8755798601143683,-0.002000898100217674,4438.276911667603,3238.2769116676022,80000.0,1.0,5.634153454716407e-05,206420.1117878021,156587.41281084652,-4.004027979196452e-09
349.25999999982736,upper,156750.66865726784,206532.2337873773,1484.7794435843657,1019.54636786089,1801.1232029789167,0.8753597615543289,-0.0020008939037197138,4435.69831894513,3235.6983189451303,80000.0,1.0,5.568583834842429e-05,206532.2337873773,156750.66865726784,-3.980014413118308e-09
349.36999999982726,upper,156914.06432782215,206644.41201220584,1486.051109261681,1020.0578266863853,1802.461058975207,0.8751396634548302,-0.0020008897267347913,4433.119726222658,3233.1197262226583,80000.0,1.0,5.5037427615965425e-05,206644.41201220584,156914.06432782215,-3.956150992443274e-09
349.47999999982716,upper,157077.59994073602,206756.64653274644,1487.3238503201192,1020.5699263698624,1803.8002135329875,0.8749195658137306,-0.002000885569172863,4430.541133500186,3230.5411335001863,80000.0,1.0,5.439622515001712e-05,206756.64653274644,157077.59994073602,-3.932443590605379e-09
349.58999999982706,upper,157241.27561436684,206868.9374195291,1488.5976679494079,1021.0826675595731,1805.1406679300617,0.8746994686288988,-0.0020008814309444784,4427.962540777715,3227.9625407777144,80000.0,1.0,5.376215453070811e-05,206868.9374195291,157241.27561436684,-3.908890532407064e-09
349.69999999982696,upper,157405.09146720287,206981.28474315524,1489.8725633413414,1021.5960509049055,1806.482423446682,0.874479371898213,-0.0020008773119606226,4425.383948055242,3225.3839480552424,80000.0,1.0,5.313514011054735e-05,206981.28474315524,157405.09146720287,-3.885496710650124e-09
349.80999999982686,upper,157569.04761786363,207093.68857429773,1491.1485376897856,1022.1100770563867,1807.8254813655544,0.874259275619561,-0.002000873212132506,4422.80535533277,3222.8053553327704,80000.0,1.0,5.251510700697498e-05,207093.68857429773,157569.04761786363,-3.862247339813221e-09
349.91999999982676,upper,157733.14418510016,207206.14898370107,1492.425592190682,1022.6247466656849,1809.1698429718433,0.8740391797908407,-0.0020008691313719994,4420.2267626102985,3220.2267626102985,80000.0,1.0,5.190198109498099e-05,207206.14898370107,157733.14418510016,-3.8391535213146335e-09
350.02999999982666,upper,157897.3812877951,207318.66604218155,1493.7037280420534,1023.1400603856129,1810.5155095531782,0.8738190844099593,-0.002000865069591029,4417.648169887827,3217.6481698878265,80000.0,1.0,5.129568899979304e-05,207318.66604218155,157897.3812877951,-3.816213453582371e-09
350.13999999982656,upper,158061.75904496296,207431.23982062726,1494.9829464440077,1023.6560188701299,1811.862482399658,0.8735989894748338,-0.0020008610267021536,4415.0695771653545,3215.0695771653545,80000.0,1.0,5.069615808963104e-05,207431.23982062726,158061.75904496296,-3.79342071113918e-09
350.24999999982646,upper,158226.2775757504,207543.8703899984,1496.2632485987433,1024.1726227743445,1813.2107628038568,0.873378894983391,-0.002000857002618764,4412.490984442882,3212.4909844428826,80000.0,1.0,5.0103316468529304e-05,207543.8703899984,158226.2775757504,-3.77077480677256e-09
350.35999999982636,upper,158390.93699943644,207656.55782132715,1497.5446357105554,1024.689872754517,1814.5603520608313,0.8731588009335673,-0.002000852997254152,4409.912391720411,3209.9123917204106,80000.0,1.0,4.951709296922508e-05,207656.55782132715,158390.93699943644,-3.748270005696423e-09
350.46999999982626,upper,158555.73743543265,207769.302185718,1498.8271089858385,1025.2077694680627,1815.9112514681237,0.8729387073233079,-0.0020008490105215436,4407.333798997939,3207.3337989979386,80000.0,1.0,4.893741714611225e-05,207769.302185718,158555.73743543265,-3.725918797720912e-09
350.57999999982616,upper,158720.67900328359,207882.10355434785,1500.1106696330928,1025.7263135735552,1817.263462325769,0.8727186141505683,-0.002000845042335292,4404.755206275467,3204.7552062754667,80000.0,1.0,4.836421926826026e-05,207882.10355434785,158720.67900328359,-3.703708702676136e-09
350.68999999982606,upper,158885.76182266665,207994.9619984661,1501.3953188629282,1026.245505730727,1818.6169859362992,0.8724985214133131,-0.0020008410926097724,4402.176613552994,3202.1766135529947,80000.0,1.0,4.7797430312498e-05,207994.9619984661,158885.76182266665,-3.681644728990154e-09
350.79999999982596,upper,159050.9860133926,208107.87758939475,1502.6810578880709,1026.7653466004742,1819.9718236047513,0.8722784291095161,-0.0020008371612605983,4399.598020830523,3199.5980208305227,80000.0,1.0,4.723698195656286e-05,208107.87758939475,159050.9860133926,-3.6597215102291466e-09
350.90999999982586,upper,159216.35169540576,208220.85039852856,1503.9678879233657,1027.2858368448583,1821.3279766386697,0.8720583372371611,-0.002000833248202094,4397.019428108051,3197.0194281080508,80000.0,1.0,4.668280657230984e-05,208220.85039852856,159216.35169540576,-3.6379429020261037e-09
351.01999999982576,upper,159381.85898878408,208333.8804973353,1505.2558101857833,1027.8069771271084,1822.6854463481138,0.8718382457942402,-0.0020008293533501885,4394.440835385579,3194.440835385579,80000.0,1.0,4.6134837218987296e-05,208333.8804973353,159381.85898878408,-3.6163092531661534e-09
351.12999999982566,upper,159547.5080137397,208446.9679573556,1506.5448258944243,1028.3287681116253,1824.0442340456643,0.8716181547787554,-0.0020008254766214315,4391.862242663106,3191.862242663107,80000.0,1.0,4.559300763657367e-05,208446.9679573556,159547.5080137397,-3.594806402920466e-09
351.23999999982556,upper,159713.2988906187,208560.11285020332,1507.8349362705246,1028.8512104639838,1825.4043410464276,0.8713980641887178,-0.0020008216179320673,4389.283649940635,3189.283649940635,80000.0,1.0,4.505725223917493e-05,208560.11285020332,159713.2988906187,-3.573443176509733e-09
351.34999999982546,upper,159879.23173990185,208673.31524756562,1509.126142537459,1029.374304850934,1826.76576866804,0.871177974022148,-0.0020008177771984213,4386.705057218163,3186.705057218163,80000.0,1.0,4.452750610848395e-05,208673.31524756562,159879.23173990185,-3.552223722402328e-09
351.45999999982536,upper,160045.3066822045,208786.57522120298,1510.4184459207488,1029.8980519404065,1828.128518230678,0.8709578842770751,-0.0020008139543382978,4384.126464495691,3184.126464495691,80000.0,1.0,4.400370498730207e-05,208786.57522120298,160045.3066822045,-3.531139207625005e-09
351.56999999982526,upper,160211.52383827697,208899.8928429495,1511.7118476480646,1030.4224524015126,1829.4925910570594,0.8707377949515375,-0.0020008101492691196,4381.5478717732185,3181.547871773219,80000.0,1.0,4.348578527311754e-05,208899.8928429495,160211.52383827697,-3.510182767023499e-09
351.67999999982516,upper,160377.88332900475,209013.26818471286,1513.0063489492318,1030.94750690455,1830.8579884724516,0.8705177060435829,-0.0020008063619085066,4378.969279050747,3178.969279050747,80000.0,1.0,4.297368401174769e-05,209013.26818471286,160377.88332900475,-3.489366468369553e-09
351.78999999982506,upper,160544.3852754087,209126.70131847466,1514.3019510562372,1031.4732161210022,1832.2247118046766,0.8702976175512678,-0.002000802592174748,4376.3906863282755,3176.390686328275,80000.0,1.0,4.246733889103561e-05,209126.70131847466,160544.3852754087,-3.468690905058874e-09
351.89999999982496,upper,160711.02979864532,209240.19231629034,1515.598655203231,1031.9995807235448,1833.5927623841162,0.8700775294726575,-0.0020007988399867198,4373.812093605803,3173.812093605803,80000.0,1.0,4.196668823460909e-05,209240.19231629034,160711.02979864532,-3.4481404567551186e-09
352.00999999982486,upper,160877.8170200069,209353.74125028934,1516.8964626265351,1032.5266013860444,1834.9621415437186,0.8698574418058265,-0.002000795105263599,4371.233500883331,3171.233500883331,80000.0,1.0,4.147167099569679e-05,209353.74125028934,160877.8170200069,-3.427725041598306e-09
352.11999999982476,upper,161044.74706092203,209467.34819267556,1518.1953745646474,1033.0542787835655,1836.3328506190055,0.8696373545488582,-0.0020007913879245822,4368.654908160859,3168.654908160859,80000.0,1.0,4.098222675099869e-05,209467.34819267556,161044.74706092203,-3.407440599613831e-09
352.22999999982466,upper,161211.82004295554,209581.01321572682,1519.4953922582447,1033.5826135923696,1837.7048909480734,0.8694172676998448,-0.0020007876878895656,4366.076315438388,3166.076315438387,80000.0,1.0,4.049829569462004e-05,209581.01321572682,161211.82004295554,-3.387281755267521e-09
352.33999999982456,upper,161379.0360878088,209694.73639179574,1520.7965169501906,1034.111606489921,1839.078263871605,0.8691971812568873,-0.002000784005078259,4363.497722715915,3163.497722715915,80000.0,1.0,4.0019818632054056e-05,209694.73639179574,161379.0360878088,-3.3672609780456423e-09
352.44999999982446,upper,161546.3953173202,209808.5177933094,1522.0987498855395,1034.6412581548877,1840.4529707328713,0.8689770952180952,-0.0020007803394121214,4360.919129993443,3160.919129993443,80000.0,1.0,3.954673697422694e-05,209808.5177933094,161546.3953173202,-3.347359490171857e-09
352.55999999982436,upper,161713.89785346494,209922.35749276954,1523.4020923115413,1035.1715692671453,1841.829012877739,0.8687570095815871,-0.0020007766908111406,4358.340537270971,3158.3405372709713,80000.0,1.0,3.9078992731595016e-05,209922.35749276954,161713.89785346494,-3.327591749480441e-09
352.66999999982426,upper,161881.54381835577,210036.25556275283,1524.7065454776478,1035.7025405077786,1843.2063916546756,0.8685369243454902,-0.002000773059196927,4355.7619445485,3155.7619445484993,80000.0,1.0,3.861652850829757e-05,210036.25556275283,161881.54381835577,-3.307946103295782e-09
352.77999999982416,upper,162049.333334243,210150.212075911,1526.0121106355177,1036.2341725590866,1844.5851084147573,0.8683168395079403,-0.002000769444490992,4353.183351826027,3153.1833518260273,80000.0,1.0,3.815928749636435e-05,210150.212075911,162049.333334243,-3.2884289352039078e-09
352.88999999982406,upper,162217.26652351458,210264.22710497072,1527.3187890390202,1036.7664661045826,1845.965164511672,0.8680967550670815,-0.0020007658466154564,4350.604759103555,3150.6047591035554,80000.0,1.0,3.7707213469977646e-05,210264.22710497072,162217.26652351458,-3.269035686454692e-09
352.99999999982396,upper,162385.34350869662,210378.3007227339,1528.6265819442413,1037.2994218289991,1847.3465613017256,0.8678766710210669,-0.0020007622654921128,4348.026166381083,3148.0261663810834,80000.0,1.0,3.7260250779786876e-05,210378.3007227339,162385.34350869662,-3.2497635127208368e-09
353.10999999982386,upper,162553.56441245353,210492.43300207812,1529.9354906094907,1037.83304041829,1848.7293001438516,0.8676565873680581,-0.002000758701044199,4345.447573658612,3145.4475736586114,80000.0,1.0,3.681834434727499e-05,210492.43300207812,162553.56441245353,-3.230616041436343e-09
353.21999999982376,upper,162721.92935758817,210606.62401595621,1531.2455162953045,1038.3673225596337,1850.1133823996129,0.8674365041062251,-0.002000755153194314,4342.868980936139,3142.8689809361395,80000.0,1.0,3.638143965918189e-05,210606.62401595621,162721.92935758817,-3.2115927018715984e-09
353.32999999982366,upper,162890.43846704223,210720.8738373968,1532.5566602644508,1038.9022689414367,1851.4988094332095,0.8672164212337461,-0.0020007516218662753,4340.290388213667,3140.2903882136675,80000.0,1.0,3.5949482761975196e-05,210720.8738373968,162890.43846704223,-3.192683549699373e-09
353.43999999982356,upper,163059.0918638965,210835.1825395042,1533.8689237819376,1039.4378802533333,1852.885582611485,0.8669963387488081,-0.0020007481069828957,4337.7117954911955,3137.7117954911955,80000.0,1.0,3.5522420256374815e-05,210835.1825395042,163059.0918638965,-3.1739023880428858e-09
353.54999999982346,upper,163227.88967137088,210949.5501954587,1535.1823081150142,1039.9741571861937,1854.2737033039314,0.8667762566496062,-0.002000744608469096,4335.133202768724,3135.1332027687235,80000.0,1.0,3.5100199291928615e-05,210949.5501954587,163227.88967137088,-3.1552364598020763e-09
353.65999999982336,upper,163396.83201282492,211063.97687851667,1536.49681453318,1040.5111004321218,1855.6631728826958,0.8665561749343441,-0.0020007411262487292,4332.554610046252,3132.5546100462516,80000.0,1.0,3.46827675616382e-05,211063.97687851667,163396.83201282492,-3.1366923208820626e-09
353.76999999982326,upper,163565.9190117579,211178.46266201066,1537.8124443081872,1041.0487106844612,1857.0539927225866,0.8663360936012334,-0.0020007376602466645,4329.976017323779,3129.9760173237796,80000.0,1.0,3.427007329663563e-05,211178.46266201066,163565.9190117579,-3.118267252304851e-09
353.87999999982316,upper,163735.15079180914,211293.0076193496,1539.1291987140478,1041.5869886377977,1858.4461642010788,0.8661160126484946,-0.002000734210388401,4327.397424601308,3127.3974246013076,80000.0,1.0,3.386206526090904e-05,211293.0076193496,163735.15079180914,-3.0999531415087114e-09
353.98999999982306,upper,163904.52747675826,211407.6118240188,1540.447079027039,1042.125934987961,1859.8396886983214,0.8658959320743554,-0.0020007307765983993,4324.818831878836,3124.8188318788357,80000.0,1.0,3.345869274607883e-05,211407.6118240188,163904.52747675826,-3.0817621742057674e-09
354.09999999982296,upper,164074.04919052526,211522.27534958033,1541.7660865257074,1042.6655504320292,1861.2345675971424,0.8656758518770529,-0.0020007273588035787,4322.240239156364,3122.2402391563637,80000.0,1.0,3.305990556622126e-05,211522.27534958033,164074.04919052526,-3.0636808682616947e-09
354.20999999982286,upper,164243.716057171,211636.99826967288,1543.0862224908753,1043.2058356683315,1862.630802283056,0.8654557720548316,-0.002000723956929272,4319.661646433891,3119.6616464338917,80000.0,1.0,3.2665654052742e-05,211636.99826967288,164243.716057171,-3.045717488324174e-09
354.31999999982276,upper,164413.52820089742,211751.78065801205,1544.4074882056461,1043.7467913964492,1864.0283941442672,0.8652356926059439,-0.0020007205709018728,4317.08305371142,3117.08305371142,80000.0,1.0,3.2275889049296915e-05,211751.78065801205,164413.52820089742,-3.027864466661195e-09
354.42999999982266,upper,164583.48574604758,211866.6225883905,1545.7298849554093,1044.288418317222,1865.4273445716797,0.8650156135286512,-0.002000717200648495,4314.504460988948,3114.504460988948,80000.0,1.0,3.189056190676017e-05,211866.6225883905,164583.48574604758,-3.0101256679285104e-09
354.53999999982256,upper,164753.5888171061,211981.52413467795,1547.0534140278464,1044.8307171327478,1866.8276549589004,0.8647955348212223,-0.0020007138460962238,4311.925868266476,3111.925868266476,80000.0,1.0,3.1509624478240446e-05,211981.52413467795,164753.5888171061,-2.9924990478473496e-09
354.64999999982246,upper,164923.8375386995,212096.48537082158,1548.3780767129365,1045.3736885463884,1868.2293267022478,0.8645754564819338,-0.0020007105071721864,4309.347275544003,3109.347275544004,80000.0,1.0,3.113302911414244e-05,212096.48537082158,164923.8375386995,-2.9749822551668856e-09
354.75999999982236,upper,165094.23203559613,212211.50637084595,1549.703874302961,1045.9173332627697,1869.6323612007552,0.8643553785090707,-0.0020007071838044183,4306.768682821532,3106.768682821532,80000.0,1.0,3.076072865727639e-05,212211.50637084595,165094.23203559613,-2.9575809470976916e-09
354.86999999982226,upper,165264.7724327068,212326.58720885307,1551.03080809251,1046.4616519877873,1871.0367598561802,0.8641353009009258,-0.002000703875920675,4304.19009009906,3104.19009009906,80000.0,1.0,3.0392676438012842e-05,212326.58720885307,165264.7724327068,-2.940287377964791e-09
354.97999999982216,upper,165435.4588550847,212441.72795902283,1552.3588793784868,1047.0066454286082,1872.4425240730084,0.8639152236558,-0.0020007005834499726,4301.611497376588,3101.611497376588,80000.0,1.0,3.0028826269482015e-05,212441.72795902283,165435.4588550847,-2.9231006751533057e-09
355.08999999982206,upper,165606.29142792593,212556.9286956129,1553.6880894601145,1047.5523142936745,1873.8496552584613,0.8636951467720012,-0.002000697306320561,4299.032904654116,3099.032904654116,80000.0,1.0,2.9669132442819427e-05,212556.9286956129,165606.29142792593,-2.906021975822416e-09
355.19999999982196,upper,165777.2702765695,212672.189492959,1555.0184396389407,1048.0986592927052,1875.2581548225012,0.8634750702478462,-0.002000694044461327,4296.454311931644,3096.454311931644,80000.0,1.0,2.9313549722455872e-05,212672.189492959,165777.2702765695,-2.8890541541598948e-09
355.30999999982185,upper,165948.39552649786,212787.51042547496,1556.349931218844,1048.6456811367011,1876.6680241778395,0.8632549940816592,-0.0020006907978022724,4293.8757192091725,3093.875719209172,80000.0,1.0,2.8962033341451448e-05,212787.51042547496,165948.39552649786,-2.8721892961801403e-09
355.41999999982175,upper,166119.66730333693,212902.89156765287,1557.6825655060386,1049.1933805379456,1878.0792647399408,0.8630349182717718,-0.0020006875662726053,4291.2971264867,3091.2971264867,80000.0,1.0,2.8614538996873637e-05,212902.89156765287,166119.66730333693,-2.8554317766692104e-09
355.52999999982165,upper,166291.08573285647,213018.33299406327,1559.0163438090813,1049.7417582100095,1879.491877927031,0.8628148428165237,-0.0020006843498024097,4288.718533764228,3088.718533764228,80000.0,1.0,2.8271022845218848e-05,213018.33299406327,166291.08573285647,-2.8387830845439385e-09
355.63999999982155,upper,166462.65094097023,213133.83477935518,1560.3512674388749,1050.290814867754,1880.9058651601026,0.8625947677142625,-0.0020006811483223685,4286.139941041756,3086.139941041756,80000.0,1.0,2.793144149787726e-05,213133.83477935518,166462.65094097023,-2.822233997646703e-09
355.74999999982145,upper,166634.36305373645,213249.39699825656,1561.6873377086758,1050.8405512273334,1882.321227862922,0.8623746929633426,-0.002000677961763172,4283.561348319285,3083.561348319284,80000.0,1.0,2.7595752016639064e-05,213249.39699825656,166634.36305373645,-2.8057908812311358e-09
355.85999999982135,upper,166806.22219735789,213365.01972557392,1563.024555934099,1051.3909680061975,1883.7379674620345,0.8621546185621269,-0.002000674790055312,4280.982755596812,3080.9827555968122,80000.0,1.0,2.7263911909246004e-05,213365.01972557392,166806.22219735789,-2.7894494886878137e-09
355.96999999982125,upper,166978.22849818203,213480.70303619295,1564.362923433124,1051.9420659230952,1885.1560853867725,0.8619345445089854,-0.002000671633130299,4278.40416287434,3078.4041628743403,80000.0,1.0,2.693587912498139e-05,213480.70303619295,166978.22849818203,-2.7732089751715914e-09
356.07999999982115,upper,167150.38208270163,213596.44700507843,1565.7024415260994,1052.4938456980792,1886.5755830692608,0.8617144708022956,-0.002000668490919721,4275.825570151868,3075.8255701518683,80000.0,1.0,2.661161205030345e-05,213596.44700507843,167150.38208270163,-2.7570751593078758e-09
356.18999999982105,upper,167322.6830775547,213712.25170727447,1567.0431115357499,1053.0463080525064,1887.9964619444231,0.8614943974404429,-0.00200066536335582,4273.246977429397,3073.2469774293963,80000.0,1.0,2.629106950452025e-05,213712.25170727447,167322.6830775547,-2.7410367657085772e-09
356.29999999982095,upper,167495.131609525,213828.11721790442,1568.384934787182,1053.5994537090423,1889.4187234499889,0.8612743244218196,-0.0020006622503700774,4270.668384706924,3070.6683847069244,80000.0,1.0,2.5974210735504624e-05,213828.11721790442,167495.131609525,-2.7251068652613997e-09
356.40999999982085,upper,167667.72780554212,213944.04361217137,1569.7279126078893,1054.1532833916654,1890.8423690265008,0.8610542517448261,-0.0020006591518959265,4268.089791984452,3068.0897919844524,80000.0,1.0,2.566099541544932e-05,213944.04361217137,167667.72780554212,-2.7092691347505518e-09
356.51999999982075,upper,167840.47179268172,214060.0309653581,1571.072046327758,1054.7077978256675,1892.267400117319,0.8608341794078698,-0.0020006560678658527,4265.51119926198,3065.5111992619804,80000.0,1.0,2.53513836366627e-05,214060.0309653581,167840.47179268172,-2.6935298929568307e-09
356.62999999982065,upper,168013.36369816607,214176.07935282725,1572.4173372790729,1055.2629977376596,1893.6938181686292,0.8606141074093654,-0.0020006529982125464,4262.932606539509,3062.9326065395085,80000.0,1.0,2.5045335907404426e-05,214176.07935282725,168013.36369816607,-2.6778938033259536e-09
356.73999999982055,upper,168186.4036493639,214292.18885002134,1573.7637867965232,1055.8188838555739,1895.1216246294491,0.8603940357477352,-0.002000649942870148,4260.3540138170365,3060.3540138170365,80000.0,1.0,2.4742813147760373e-05,214292.18885002134,168186.4036493639,-2.6623521361218125e-09
356.84999999982045,upper,168359.59177379106,214408.35953246313,1575.1113962172085,1056.3754569086666,1896.5508209516343,0.8601739644214087,-0.0020006469017724276,4257.775421094564,3057.7754210945645,80000.0,1.0,2.4443776685555564e-05,214408.35953246313,168359.59177379106,-2.6469040753143697e-09
356.95999999982035,upper,168532.92819911058,214524.59147575567,1576.4601668806445,1056.9327176275222,1897.9814085898863,0.8599538934288224,-0.002000643874853162,4255.196828372093,3055.1968283720926,80000.0,1.0,2.414818825230683e-05,214524.59147575567,168532.92819911058,-2.6315542531546966e-09
357.06999999982025,upper,168706.41305313288,214640.8847555824,1577.8101001287694,1057.4906667440548,1899.4133890017579,0.8597338227684208,-0.002000640862046427,4252.618235649621,3052.6182356496206,80000.0,1.0,2.3856009979213965e-05,214640.8847555824,168706.41305313288,-2.6163049206703953e-09
357.17999999982015,upper,168880.04646381625,214757.23944770746,1579.1611973059478,1058.0493049915142,1900.8467636476594,0.8595137524386545,-0.0020006378632870907,4250.039642927149,3050.0396429271486,80000.0,1.0,2.3567204393187115e-05,214757.23944770746,168880.04646381625,-2.6011506111170817e-09
357.28999999982005,upper,169053.82855926699,214873.65562797562,1580.5134597589795,1058.6086331044862,1902.2815339908675,0.859293682437982,-0.0020006348785106595,4247.461050204676,3047.4610502046767,80000.0,1.0,2.3281734412914183e-05,214873.65562797562,169053.82855926699,-2.586082445408189e-09
357.39999999981995,upper,169227.75946773952,214990.13337231253,1581.8668888371033,1059.168651818897,1903.7177014975293,0.8590736127648687,-0.0020006319076515855,4244.882457482205,3044.8824574822047,80000.0,1.0,2.2999563344963788e-05,214990.13337231253,169227.75946773952,-2.5711139276394037e-09
357.50999999981985,upper,169401.83931763697,215106.67275672487,1583.221485892004,1059.7293618720178,1905.1552676366719,0.8588535434177874,-0.0020006289506460696,4242.303864759733,3042.3038647597327,80000.0,1.0,2.272065487992565e-05,215106.67275672487,169401.83931763697,-2.556232646370749e-09
357.61999999981975,upper,169576.06823751118,215223.2738573005,1584.5772522778166,1060.2907640024655,1906.5942338802054,0.8586334743952181,-0.0020006260074295584,4239.725272037261,3039.7252720372608,80000.0,1.0,2.2444973088587438e-05,215223.2738573005,169576.06823751118,-2.541449080872551e-09
357.72999999981965,upper,169750.44635606324,215339.93675020864,1585.9341893511348,1060.8528589502077,1908.034601702933,0.858413405695647,-0.0020006230779385575,4237.146679314788,3037.146679314789,80000.0,1.0,2.217248241814787e-05,215339.93675020864,169750.44635606324,-2.526752881359669e-09
357.83999999981955,upper,169924.97380214345,215456.66151170005,1587.2922984710149,1061.4156474565657,1909.4763725825565,0.8581933373175679,-0.0020006201621089663,4234.568086592317,3034.568086592317,80000.0,1.0,2.1903147688466224e-05,215456.66151170005,169924.97380214345,-2.512152908517302e-09
357.94999999981945,upper,170099.6507047518,215573.4482181069,1588.6515809989835,1061.9791302642177,1910.9195479996833,0.8579732692594816,-0.0020006172598779244,4231.989493869845,3031.989493869845,80000.0,1.0,2.1636934088347274e-05,215573.4482181069,170099.6507047518,-2.4976412525840767e-09
358.05999999981935,upper,170274.4771930382,215690.2969458432,1590.012038299042,1062.5433081172007,1912.3641294378324,0.8577532015198958,-0.002000614371182348,4229.410901147373,3029.410901147373,80000.0,1.0,2.137380717186087e-05,215690.2969458432,170274.4771930382,-2.4832194005082895e-09
358.16999999981925,upper,170449.45339630268,215807.207771405,1591.373671737673,1063.1081817609168,1913.8101183834424,0.8575331340973248,-0.0020006114959597405,4226.8323084249005,3026.832308424901,80000.0,1.0,2.1113732854696757e-05,215807.207771405,170449.45339630268,-2.468883894369763e-09
358.27999999981915,upper,170624.57944399575,215924.1807713703,1592.7364826838468,1063.673751942134,1915.2575163258773,0.8573130669902902,-0.002000608634147623,4224.253715702429,3024.253715702429,80000.0,1.0,2.085667741055472e-05,215924.1807713703,170624.57944399575,-2.454634858626743e-09
358.38999999981905,upper,170799.85546571872,216041.21602239937,1594.1004725090272,1064.24001940899,1916.7063247574345,0.85709300019732,-0.0020006057856831387,4221.675122979957,3021.675122979957,80000.0,1.0,2.0602607467568476e-05,216041.21602239937,170799.85546571872,-2.4404797705352783e-09
358.49999999981895,upper,170975.28159122376,216158.3136012349,1595.4656425871783,1064.8069849109966,1918.1565451733507,0.8568729337169498,-0.0020006029505053036,4219.096530257485,3019.096530257485,80000.0,1.0,2.0351490004763126e-05,216158.3136012349,170975.28159122376,-2.426410116472428e-09
358.60999999981885,upper,171150.85795041436,216275.473584702,1596.8319942947692,1065.374649199041,1919.6081790718097,0.8566528675477213,-0.002000600128552358,4216.517937535013,3016.517937535013,80000.0,1.0,2.0103292348547684e-05,216275.473584702,171150.85795041436,-2.4124291254036706e-09
358.71999999981875,upper,171326.58467334558,216392.69604970844,1598.1995290107802,1065.9430130253918,1921.061227953948,0.856432801688183,-0.002000597319763043,4213.939344812541,3013.939344812541,80000.0,1.0,1.9857982169239642e-05,216392.69604970844,171326.58467334558,-2.398532117484085e-09
358.82999999981865,upper,171502.46189022434,216509.98107324494,1599.5682481167114,1066.5120771437003,1922.5156933238634,0.8562127361368904,-0.0020005945240761163,4211.36075209007,3011.360752090069,80000.0,1.0,1.961552747762289e-05,216509.98107324494,171502.46189022434,-2.3847207053047476e-09
358.93999999981855,upper,171678.48973140962,216627.32873238507,1600.9381529965858,1067.0818423090045,1923.971576688621,0.8559926708924056,-0.002000591741431187,4208.782159367597,3008.782159367597,80000.0,1.0,1.937589662153957e-05,216627.32873238507,171678.48973140962,-2.37099549877232e-09
359.04999999981845,upper,171854.66832741283,216744.73910428566,1602.309245036956,1067.652309277732,1925.4288795582595,0.8557726059532971,-0.0020005889717675464,4206.203566645125,3006.203566645125,80000.0,1.0,1.9139058282512403e-05,216744.73910428566,171854.66832741283,-2.3573502289759693e-09
359.15999999981835,upper,172030.99780889787,216862.21226618675,1603.6815256269133,1068.2234788077049,1926.8876034458003,0.8555525413181403,-0.002000586215025065,4203.624973922653,3003.624973922653,80000.0,1.0,1.8904981472401267e-05,216862.21226618675,172030.99780889787,-2.3437938254059792e-09
359.26999999981825,upper,172207.47830668188,216979.7482954118,1605.0549961580907,1068.7953516581415,1928.3477498672532,0.8553324769855172,-0.0020005834711440277,4201.046381200182,3001.0463812001813,80000.0,1.0,1.867363553009044e-05,216979.7482954118,172207.47830668188,-2.330316889968532e-09
359.37999999981815,upper,172384.109951735,217097.3472693679,1606.4296580246694,1069.3679285896612,1929.8093203416236,0.8551124129540165,-0.0020005807400648454,4198.467788477709,2998.4677884777093,80000.0,1.0,1.8444990118207903e-05,217097.3472693679,172384.109951735,-2.316923517045558e-09
359.48999999981805,upper,172560.89287518087,217215.00926554584,1607.8055126233867,1069.9412103642862,1931.2723163909188,0.8548923492222332,-0.0020005780217277735,4195.889195755237,2995.8891957552373,80000.0,1.0,1.821901521987556e-05,217215.00926554584,172560.89287518087,-2.303616162637983e-09
359.59999999981795,upper,172737.82720829698,217332.7343615203,1609.1825613535418,1070.5151977454468,1932.7367395401575,0.8546722857887686,-0.002000575316074141,4193.310603032765,2993.3106030327654,80000.0,1.0,1.799568113549137e-05,217332.7343615203,172737.82720829698,-2.2903852435052505e-09
359.70999999981785,upper,172914.91308251486,217450.52263495018,1610.5608056170001,1071.089891497983,1934.2025913173732,0.8544522226522314,-0.0020005726230449936,4190.732010310294,2990.7320103102934,80000.0,1.0,1.777495847954065e-05,217450.52263495018,172914.91308251486,-2.277239580982527e-09
359.81999999981775,upper,173092.15062942044,217568.37416357832,1611.9402468182025,1071.6652923881493,1935.6698732536252,0.8542321598112357,-0.002000569942582219,4188.153417587821,2988.1534175878214,80000.0,1.0,1.7556818177440213e-05,217568.37416357832,173092.15062942044,-2.264168399172239e-09
359.92999999981765,upper,173269.53998075417,217686.2890252321,1613.320886364171,1072.2414011836167,1937.1385868830037,0.8540120972644022,-0.0020005672746269253,4185.574824865349,2985.5748248653495,80000.0,1.0,1.7341231462410343e-05,217686.2890252321,173269.53998075417,-2.2511778339785945e-09
360.03999999981755,upper,173447.0812684115,217804.26729782345,1614.702725664512,1072.8182186534793,1938.6087337426366,0.8537920350103587,-0.002000564619121008,4182.9962321428775,2982.9962321428775,80000.0,1.0,1.712816987237798e-05,217804.26729782345,173447.0812684115,-2.23827240053766e-09
360.14999999981745,upper,173624.7746244431,217922.30905934886,1616.0857661314274,1073.3957455682537,1940.0803153726986,0.8535719730477387,-0.0020005619760071567,4180.417639420406,2980.4176394204055,80000.0,1.0,1.6917605246909327e-05,217922.30905934886,173624.7746244431,-2.225447028989024e-09
360.25999999981735,upper,173802.62018105504,218040.41438788973,1617.4700091797172,1073.973982699886,1941.553333316417,0.8533519113751824,-0.002000559345228085,4177.839046697934,2977.8390466979336,80000.0,1.0,1.670950972417198e-05,218040.41438788973,173802.62018105504,-2.2126935009216724e-09
360.36999999981725,upper,173980.61807060923,218158.5833616125,1618.855456226788,1074.5529308217526,1943.0277891200785,0.8531318499913361,-0.002000556726726329,4175.260453975461,2975.2604539754616,80000.0,1.0,1.6503855737925532e-05,218158.5833616125,173980.61807060923,-2.2000219378464497e-09
360.47999999981715,upper,174158.76842562365,218276.8160587686,1620.2421086926588,1075.1325907086657,1944.5036843330383,0.8529117888948523,-0.002000554120445046,4172.68186125299,2972.6818612529896,80000.0,1.0,1.6300616014542083e-05,218276.8160587686,174158.76842562365,-2.1874236814375524e-09
360.58999999981705,upper,174337.07137877253,218395.1125576949,1621.6299679999684,1075.712963136875,1945.981020507727,0.85269172808439,-0.0020005515263272705,4170.103268530518,2970.1032685305177,80000.0,1.0,1.609976357005415e-05,218395.1125576949,174337.07137877253,-2.174907710925479e-09
360.69999999981695,upper,174515.5270628868,218513.4729368137,1623.0190355739792,1076.2940488840732,1947.4597991996552,0.852471667558614,-0.002000548944317178,4167.524675808046,2967.5246758080457,80000.0,1.0,1.590127170723166e-05,218513.4729368137,174515.5270628868,-2.162458489989136e-09
360.80999999981685,upper,174694.13561095434,218631.89727463294,1624.409312842586,1076.875848729398,1948.940021967424,0.8522516073161959,-0.002000546374357764,4164.946083085573,2964.9460830855737,80000.0,1.0,1.5705114012686935e-05,218631.89727463294,174694.13561095434,-2.1500930534134225e-09
360.91999999981675,upper,174872.8971561201,218750.38564974637,1625.8008012363223,1077.4583634534372,1950.4216903727322,0.852031547355813,-0.002000543816393162,4162.367490363102,2962.3674903631018,80000.0,1.0,1.5511264354007114e-05,218750.38564974637,174872.8971561201,-2.1378047944372287e-09
361.02999999981665,upper,175051.81183168673,218868.9381408336,1627.1935021883662,1078.0415938382298,1951.9048059803818,0.8518114876761491,-0.0020005412703686092,4159.78889764063,2959.78889764063,80000.0,1.0,1.5319696876914583e-05,218868.9381408336,175051.81183168673,-2.1255885661669178e-09
361.13999999981655,upper,175230.87977111462,218987.5548266604,1628.5874171345476,1078.6255406672717,1953.389370358286,0.8515914282758936,-0.0020005387362284684,4157.210304918158,2957.210304918158,80000.0,1.0,1.5130386002454429e-05,218987.5548266604,175230.87977111462,-2.113441358846926e-09
361.24999999981645,upper,175410.1011080222,219106.23578607873,1629.982547513354,1079.2102047255196,1954.8753850774788,0.8513713691537426,-0.002000536213916942,4154.631712195685,2954.631712195686,80000.0,1.0,1.4943306424208865e-05,219106.23578607873,175410.1011080222,-2.1013735202112116e-09
361.35999999981635,upper,175589.47597618625,219224.9810980272,1631.3788947659375,1079.795586799393,1956.36285171212,0.8511513103083979,-0.002000533703379927,4152.053119473214,2952.053119473214,80000.0,1.0,1.4758433105538328e-05,219224.9810980272,175589.47597618625,-2.089374479557511e-09
361.46999999981625,upper,175769.00450954234,219343.79084153072,1632.776460336121,1080.3816876767785,1957.851771839502,0.8509312517385671,-0.0020005312045622324,4149.474526750742,2949.474526750742,80000.0,1.0,1.4575741276850144e-05,219343.79084153072,175769.00450954234,-2.0774505023274007e-09
361.57999999981615,upper,175948.68684218486,219462.66509570117,1634.1752456704069,1080.9685081470334,1959.3421470400613,0.8507111934429641,-0.0020005287174095243,4146.89593402827,2946.89593402827,80000.0,1.0,1.4395206432891814e-05,219462.66509570117,175948.68684218486,-2.0656026336855697e-09
361.68999999981605,upper,176128.52310836763,219581.60393973714,1635.5752522179803,1081.5560490009898,1960.8339788973826,0.850491135420309,-0.0020005262418680077,4144.3173413057975,2944.317341305798,80000.0,1.0,1.421680433007204e-05,219581.60393973714,176128.52310836763,-2.053820566385069e-09
361.79999999981595,upper,176308.51344250387,219700.6074529245,1636.9764814307182,1082.144311030957,1962.3272689982061,0.8502710776693272,-0.002000523777883802,4141.738748583326,2941.738748583326,80000.0,1.0,1.4040510983806091e-05,219700.6074529245,176308.51344250387,-2.042108054074003e-09
361.90999999981585,upper,176488.65797916675,219819.67571463622,1638.3789347631955,1082.733295030727,1963.8220189324384,0.8500510201887506,-0.0020005213254027845,4139.1601558608545,2939.160155860854,80000.0,1.0,1.3866302665888118e-05,219819.67571463622,176488.65797916675,-2.0304717815808455e-09
362.01999999981575,upper,176668.95685308953,219938.80880433266,1639.7826136726915,1083.3230017955761,1965.3182302931557,0.8498309629773166,-0.002000518884371987,4136.581563138382,2936.581563138382,80000.0,1.0,1.3694155901887907e-05,219938.80880433266,176668.95685308953,-2.018907152622699e-09
362.12999999981565,upper,176849.41019916604,220058.00680156183,1641.1875196191972,1083.9134321222707,1966.8159046766154,0.8496109060337687,-0.002000516454737693,4134.00297041591,2934.00297041591,80000.0,1.0,1.3524047468572665e-05,220058.00680156183,176849.41019916604,-2.007412054638645e-09
362.23999999981555,upper,177030.01815245074,220177.2697859594,1642.5936540654213,1084.504586809069,1968.3150436822614,0.8493908493568562,-0.00200051403644783,4131.424377693438,2931.424377693438,80000.0,1.0,1.3355954391354819e-05,220177.2697859594,177030.01815245074,-1.9959835415584765e-09
362.34999999981545,upper,177210.78084815916,220296.597837249,1644.0010184767968,1085.0964666557263,1969.815648912732,0.849170792945334,-0.0020005116294494387,4128.845784970967,2928.845784970966,80000.0,1.0,1.3189853941762861e-05,220296.597837249,177210.78084815916,-1.984618122708522e-09
362.45999999981535,upper,177391.6984216682,220415.99103524224,1645.4096143214897,1085.6890724634986,1971.3177219738693,0.8489507367979632,-0.0020005092336897877,4126.267192248494,2926.267192248494,80000.0,1.0,1.3025723634938183e-05,220415.99103524224,177391.6984216682,-1.973327813210475e-09
362.56999999981525,upper,177572.77100851637,220535.44945983894,1646.8194430704034,1086.2824050351437,1972.821264474724,0.8487306809135102,-0.0020005068491170197,4123.688599526022,2923.6885995260222,80000.0,1.0,1.2863541227155104e-05,220535.44945983894,177572.77100851637,-1.96210793443711e-09
362.67999999981515,upper,177753.9987444042,220654.9731910274,1648.2305061971872,1086.8764651749289,1974.3262780275666,0.8485106252907473,-0.0020005044756788285,4121.11000680355,2921.1100068035503,80000.0,1.0,1.2703284713364957e-05,220654.9731910274,177753.9987444042,-1.9509499599558166e-09
362.78999999981505,upper,177935.38176519435,220774.56230888446,1649.6428051782418,1087.4712536886323,1975.8327642478916,0.8482905699284524,-0.0020005021133238728,4118.531414081079,2918.5314140810783,80000.0,1.0,1.2544932324764533e-05,220774.56230888446,177935.38176519435,-1.9398653509633743e-09
362.89999999981495,upper,178116.92020691224,220894.21689357556,1651.0563414927283,1088.0667713835471,1977.3407247544285,0.8480705148254095,-0.002000499762000482,4115.952821358606,2915.9528213586063,80000.0,1.0,1.2388462526387564e-05,220894.21689357556,178116.92020691224,-1.928844119268969e-09
363.00999999981485,upper,178298.614205746,221013.93702535512,1652.4711166225727,1088.6630190684855,1978.8501611691477,0.8478504599804076,-0.002000497421657822,4113.374228636134,2913.3742286361344,80000.0,1.0,1.2233854014719717e-05,221013.93702535512,178298.614205746,-1.917885443375066e-09
363.11999999981475,upper,178480.4638980469,221133.72278456663,1653.8871320524743,1089.2599975537821,1980.3610751172685,0.8476304053922418,-0.002000495092244429,4110.795635913662,2910.7956359136624,80000.0,1.0,1.2081085715336367e-05,221133.72278456663,178480.4638980469,-1.906991217503991e-09
363.22999999981465,upper,178662.46942032973,221253.5742516427,1655.3043892699122,1089.8577076512993,1981.8734682272686,0.8474103510597129,-0.002000492773709501,4108.217043191191,2908.2170431911904,80000.0,1.0,1.1930136780564083e-05,221253.5742516427,178662.46942032973,-1.896170124259027e-09
363.33999999981455,upper,178844.6309092731,221373.4915071055,1656.7228897651528,1090.4561501744276,1983.3873421308892,0.8471902969816266,-0.002000490466002786,4105.6384504687185,2905.6384504687185,80000.0,1.0,1.1780986587163674e-05,221373.4915071055,178844.6309092731,-1.885410585718189e-09
363.44999999981445,upper,179026.9485017197,221493.47463156653,1658.1426350312554,1091.0553259380931,1984.9026984631446,0.8469702431567949,-0.0020004881690737744,4103.059857746246,2903.0598577462465,80000.0,1.0,1.1633614734036814e-05,221493.47463156653,179026.9485017197,-1.8747180771154856e-09
363.55999999981435,upper,179209.4223346764,221613.52370572725,1659.5636265640812,1091.6552357587598,1986.4195388623316,0.8467501895840349,-0.002000485882872729,4100.4812650237745,2900.4812650237745,80000.0,1.0,1.1488001039954102e-05,221613.52370572725,179209.4223346764,-1.8640879061202234e-09
363.66999999981425,upper,179392.05254531515,221733.63881037888,1660.9858658622986,1092.255880454433,1987.9378649700343,0.8465301362621694,-0.0020004836073499416,4097.902672301303,2897.9026723013026,80000.0,1.0,1.1344125541305563e-05,221733.63881037888,179392.05254531515,-1.8535177558139584e-09
363.77999999981415,upper,179574.8392709726,221853.8200264027,1662.4093544273912,1092.857260844664,1989.4576784311341,0.8463100831900263,-0.002000481342454732,4095.3240795788306,2895.3240795788306,80000.0,1.0,1.120196848987316e-05,221853.8200264027,179574.8392709726,-1.8430199234927627e-09
363.88999999981405,upper,179757.7826491508,221974.0674347703,1663.8340937636651,1093.4593777505536,1990.9789808938176,0.8460900303664393,-0.002000479088139215,4092.7454868563586,2892.7454868563586,80000.0,1.0,1.1061510350624618e-05,221974.0674347703,179757.7826491508,-1.8325738966464888e-09
363.99999999981395,upper,179940.88281751744,222094.3811165436,1665.2600853782544,1094.0622319947563,1992.5017740095839,0.8458699777902474,-0.0020004768443530113,4090.1668941338867,2890.1668941338867,80000.0,1.0,1.0922731799528596e-05,222094.3811165436,179940.88281751744,-1.8222001270577654e-09
364.10999999981385,upper,180124.1399139062,222214.76115287514,1666.6873307811309,1094.6658244014832,1994.0260594332535,0.8456499254602952,-0.0020004746110479413,4087.5883014114147,2887.5883014114147,80000.0,1.0,1.0785613721391945e-05,222214.76115287514,180124.1399139062,-1.8118801768390808e-09
364.21999999981375,upper,180307.554076317,222335.2076250082,1668.1158314851084,1095.2701557965074,1995.551838822976,0.8454298733754323,-0.0020004723881750985,4085.0097086889427,2885.0097086889427,80000.0,1.0,1.0650137207716964e-05,222335.2076250082,180307.554076317,-1.8016280667270802e-09
364.32999999981365,upper,180491.12544291627,222455.72061427694,1669.5455890058524,1095.8752270071661,1997.079113840237,0.8452098215345137,-0.0020004701756863616,4082.4311159664708,2882.4311159664708,80000.0,1.0,1.051628355458006e-05,222455.72061427694,180491.12544291627,-1.7914273561463276e-09
364.43999999981355,upper,180674.8541520373,222576.3002021067,1670.9766048618858,1096.4810388623673,1998.60788614987,0.8449897699364003,-0.0020004679735324826,4079.852523243999,2879.852523243999,80000.0,1.0,1.0384034260531287e-05,222576.3002021067,180674.8541520373,-1.7812975964543752e-09
364.54999999981345,upper,180858.74034218062,222696.94647001405,1672.408880574597,1097.0875921925906,2000.13815742006,0.8447697185799573,-0.0020004657816663062,4077.273930521527,2877.273930521527,80000.0,1.0,1.0253371024513813e-05,222696.94647001405,180858.74034218062,-1.7712243462952954e-09
364.65999999981335,upper,181042.78415201436,222817.659499607,1673.842417668246,1097.6948878298929,2001.6699293223546,0.8445496674640561,-0.0020004636000396873,4074.695337799055,2874.695337799055,80000.0,1.0,1.0124275743804143e-05,222817.659499607,181042.78415201436,-1.7612109754330523e-09
364.76999999981325,upper,181226.98572037433,222938.43937258513,1675.2772176699725,1098.3029266079118,2003.2032035316709,0.8443296165875729,-0.0020004614286056213,4072.116745076583,2872.116745076583,80000.0,1.0,9.996730511972272e-06,222938.43937258513,181226.98572037433,-1.751253217578769e-09
364.87999999981315,upper,181411.34518626452,223059.28617073983,1676.7132821098032,1098.9117093618706,2004.7379817263045,0.8441095659493891,-0.0020004592673156436,4069.538152354111,2869.538152354111,80000.0,1.0,9.870717616861664e-06,223059.28617073983,181411.34518626452,-1.741362673472328e-09
364.98999999981305,upper,181595.86268885742,223180.19997595449,1678.1506125206595,1099.5212369285814,2006.2742655879385,0.8438895155483912,-0.0020004571161231816,4066.959559631639,2866.959559631639,80000.0,1.0,9.74621953858905e-06,223180.19997595449,181595.86268885742,-1.7315313267807033e-09
365.09999999981295,upper,181780.53836749433,223301.18087020467,1679.5892104383631,1100.1315101464477,2007.8120568016489,0.8436694653834712,-0.0020004549749817286,4064.380966909167,2864.380966909167,80000.0,1.0,9.623218947563724e-06,223301.18087020467,181780.53836749433,-1.7217502929809013e-09
365.20999999981285,upper,181965.3723616856,223422.22893555812,1681.0290774016453,1100.742529855472,2009.351357055916,0.8434494154535263,-0.002000452843843704,4061.802374186695,2861.802374186695,80000.0,1.0,9.501698702526554e-06,223422.22893555812,181965.3723616856,-1.712032687703025e-09
365.31999999981275,upper,182150.36481111086,223543.34425417508,1682.4702149521536,1101.3542968972567,2010.892168042632,0.8432293657574584,-0.0020004507226631506,4059.223781464223,2859.223781464223,80000.0,1.0,9.381641848607592e-06,223543.34425417508,182150.36481111086,-1.7023729141205478e-09
365.42999999981265,upper,182335.51585561983,223664.52690830862,1683.9126246344588,1101.9668121150096,2012.434491457108,0.8430093162941751,-0.0020004486113941915,4056.645188741751,2856.645188741751,80000.0,1.0,9.263031615402808e-06,223664.52690830862,182335.51585561983,-1.692765328932871e-09
365.53999999981255,upper,182520.825635232,223785.77698030448,1685.3563079960632,1102.580076353547,2013.978328998084,0.8427892670625883,-0.0020004465099898055,4054.066596019279,2854.066596019279,80000.0,1.0,9.145851415070304e-06,223785.77698030448,182520.825635232,-1.6832216139229736e-09
365.64999999981245,upper,182706.29429013736,223907.0945526015,1686.801266587407,1103.1940904592989,2015.5236823677365,0.8425692180616157,-0.0020004444184049007,4051.488003296807,2851.488003296807,80000.0,1.0,9.030084840444259e-06,223907.0945526015,182706.29429013736,-1.673727661384255e-09
365.75999999981235,upper,182891.92196069658,224028.47970773172,1688.2475019618776,1103.8088552803129,2017.0705532716884,0.8423491692901793,-0.002000442336593293,4048.909410574335,2848.909410574335,80000.0,1.0,8.915715663168115e-06,224028.47970773172,182891.92196069658,-1.6642937606828997e-09
365.86999999981225,upper,183077.70878744137,224149.9325283205,1689.6950156758141,1104.424371666257,2018.618943419014,0.8421291207472067,-0.0020004402645097618,4046.3308178518632,2846.3308178518632,80000.0,1.0,8.80272783184542e-06,224149.9325283205,183077.70878744137,-1.6549155319748458e-09
365.97999999981215,upper,183263.65491107482,224271.45309708687,1691.143809288518,1105.0406404684252,2020.1688545222516,0.8419090724316303,-0.002000438202108627,4043.7522251293913,2843.7522251293913,80000.0,1.0,8.691105470209423e-06,224271.45309708687,183263.65491107482,-1.6455968950349065e-09
366.08999999981205,upper,183449.76047247177,224393.04149684348,1692.5938843622591,1105.6576625397406,2021.7202882974104,0.8416890243423876,-0.002000436149345819,4041.1736324069193,2841.1736324069193,80000.0,1.0,8.580832875310173e-06,224393.04149684348,183449.76047247177,-1.6363263720362348e-09
366.19999999981195,upper,183636.02561267887,224514.69781049687,1694.0452424622829,1106.2754387347607,2023.273246463977,0.8414689764784207,-0.0020004341061758486,4038.5950396844473,2838.5950396844473,80000.0,1.0,8.471894515719831e-06,224514.69781049687,183636.02561267887,-1.627111581770411e-09
366.30999999981185,upper,183822.45047291528,224636.42212104774,1695.4978851568196,1106.89396990968,2024.827730744929,0.841248928838677,-0.002000432072553782,4036.0164469619754,2836.0164469619754,80000.0,1.0,8.364275029755038e-06,224636.42212104774,183822.45047291528,-1.6179577149109858e-09
366.41999999981175,upper,184009.03519457273,224758.21451159107,1696.9518140170894,1107.513256922336,2026.3837428667382,0.8410288814221085,-0.0020004300484361523,4033.4378542395034,2833.4378542395034,80000.0,1.0,8.257959223717311e-06,224758.21451159107,184009.03519457273,-1.6088518065987047e-09
366.52999999981165,upper,184195.7799192161,224880.07506531622,1698.407030617313,1108.1333006322116,2027.9412845593824,0.8408088342276723,-0.002000428033778112,4030.8592615170314,2830.8592615170314,80000.0,1.0,8.152932070150514e-06,224880.07506531622,184195.7799192161,-1.599800101247784e-09
366.63999999981155,upper,184382.6847885835,225002.00386550731,1699.8635365347159,1108.7541019004404,2029.5003575563528,0.8405887872543302,-0.0020004260285359007,4028.2806687945595,2828.2806687945595,80000.0,1.0,8.049178706115397e-06,225002.00386550731,184382.6847885835,-1.5908012459479775e-09
366.74999999981145,upper,184569.74994458663,225124.00099554315,1701.3213333495405,1109.3756615898099,2031.0609635946646,0.8403687405010489,-0.0020004240326656248,4025.7020760720875,2825.7020760720875,80000.0,1.0,7.94668443148139e-06,225124.00099554315,184569.74994458663,-1.5818560482304275e-09
366.85999999981135,upper,184756.97552931125,225246.0665388976,1702.780422645049,1109.997980564768,2032.623104414863,0.8401486939668,-0.0020004220461235563,4023.1234833496155,2823.1234833496155,80000.0,1.0,7.845434707234843e-06,225246.0665388976,184756.97552931125,-1.5729676358910928e-09
366.96999999981125,upper,184944.36168501756,225368.2005791397,1704.2408060075338,1110.6210596914248,2034.1867817610337,0.8399286476505595,-0.002000420068866362,4020.5448906271436,2820.5448906271436,80000.0,1.0,7.745415153804264e-06,225368.2005791397,184944.36168501756,-1.5641280884908169e-09
367.07999999981115,upper,185131.90855414027,225490.40319993385,1705.7024850263258,1111.2448998375562,2035.7519973808116,0.8397086015513087,-0.0020004181008512318,4017.9662979046716,2817.9662979046716,80000.0,1.0,7.646611549401833e-06,225490.40319993385,185131.90855414027,-1.5553382528670522e-09
367.18999999981105,upper,185319.6162792891,225612.67448503996,1707.1654612938012,1111.8695018726119,2037.3187530253892,0.839488555668033,-0.002000416142034541,4015.3877051821996,2815.3877051821996,80000.0,1.0,7.549009828381597e-06,225612.67448503996,185319.6162792891,-1.5466051005488655e-09
367.29999999981095,upper,185507.4850032491,225735.0145183137,1708.6297364053892,1112.4948666677158,2038.8870504495262,0.8392685099997235,-0.002000414192374231,4012.8091124597277,2812.8091124597277,80000.0,1.0,7.452596079613374e-06,225735.0145183137,185507.4850032491,-1.5379180903863949e-09
367.40999999981085,upper,185695.51486898115,225857.4233837067,1710.09531195958,1113.1209950956727,2040.4568914115569,0.8390484645453749,-0.002000412251826929,4010.2305197372557,2810.2305197372557,80000.0,1.0,7.3573565448731436e-06,225857.4233837067,185695.51486898115,-1.529286360993544e-09
367.51999999981075,upper,185883.7060196219,225979.90116526664,1711.5621895579322,1113.7478880309714,2042.0282776734,0.8388284193039871,-0.0020004103203508455,4007.6519270147837,2807.6519270147837,80000.0,1.0,7.263277617249079e-06,225979.90116526664,185883.7060196219,-1.520701761133737e-09
367.62999999981065,upper,186072.0585984844,226102.44794713752,1713.0303708050826,1114.3755463497887,2043.6012110005681,0.8386083742745648,-0.002000408397903609,4005.0733342923118,2805.0733342923118,80000.0,1.0,7.1703458395636595e-06,226102.44794713752,186072.0585984844,-1.5121648919391415e-09
367.73999999981055,upper,186260.57274905842,226225.06381355983,1714.4998573087516,1115.0039709299958,2045.1756931621762,0.8383883294561171,-0.0020004064844424962,4002.49474156984,2802.49474156984,80000.0,1.0,7.078547902810844e-06,226225.06381355983,186260.57274905842,-1.5036874435689605e-09
367.84999999981045,upper,186449.24861501076,226347.74884887063,1715.970650679752,1115.633162651161,2046.7517259309502,0.8381682848476576,-0.002000404579926716,3999.916148847368,2799.916148847368,80000.0,1.0,6.987870644609356e-06,226347.74884887063,186449.24861501076,-1.4952557468906876e-09
367.95999999981035,upper,186638.08634018557,226470.50313750387,1717.4427525319988,1116.2631223945532,2048.3293110832365,0.837948240448205,-0.0020004026843143865,3997.337556124896,2797.337556124896,80000.0,1.0,6.898301047670654e-06,226470.50313750387,186638.08634018557,-1.4868715800670358e-09
368.06999999981025,upper,186827.0860686047,226593.3267639906,1718.916164482514,1116.8938510431483,2049.9084503990102,0.837728196256782,-0.0020004007975642168,3994.758963402424,2794.758963402424,80000.0,1.0,6.809826238282488e-06,226593.3267639906,186827.0860686047,-1.4785322726214882e-09
368.17999999981015,upper,187016.24794446808,226716.21981295894,1720.390888151437,1117.5253494816325,2051.4891456618857,0.837508152272416,-0.002000398919634189,3992.180370679952,2792.180370679952,80000.0,1.0,6.722433484807458e-06,226716.21981295894,187016.24794446808,-1.4702488308716158e-09
368.28999999981005,upper,187205.5721121539,226839.18236913465,1721.8669251620327,1118.1576185964066,2053.071398659126,0.837288108494139,-0.0020003970504838013,3989.60177795748,2789.60177795748,80000.0,1.0,6.6361101961960864e-06,226839.18236913465,187205.5721121539,-1.4620120214281516e-09
368.39999999980995,upper,187395.05871621915,226962.21451734085,1723.3442771406983,1118.7906592755903,2054.655211181649,0.8370680649209876,-0.002000395190072302,3987.023185235008,2787.023185235008,80000.0,1.0,6.550843920515221e-06,226962.21451734085,187395.05871621915,-1.4538225031130728e-09
368.50999999980985,upper,187584.70790140005,227085.31634249864,1724.8229457169714,1119.4244724090279,2056.240585024039,0.8368480215520028,-0.0020003933383584338,3984.444592512536,2784.444592512536,80000.0,1.0,6.466622343490456e-06,227085.31634249864,187584.70790140005,-1.4456832883101022e-09
368.61999999980975,upper,187774.51981261198,227208.4879296269,1726.3029325235389,1120.0590588882906,2057.827521984555,0.8366279783862299,-0.002000391495302678,3981.865999790064,2781.865999790064,80000.0,1.0,6.383433287063516e-06,227208.4879296269,187774.51981261198,-1.4375869994068442e-09
368.72999999980965,upper,187964.49459495035,227331.72936384284,1727.784239196245,1120.6944196066836,2059.4160238651416,0.8364079354227189,-0.0020003896608636273,3979.287407067592,2779.287407067592,80000.0,1.0,6.301264707963545e-06,227331.72936384284,187964.49459495035,-1.429542076920748e-09
368.83999999980955,upper,188154.63239369038,227455.04073036194,1729.2668673740995,1121.3305554592482,2061.006092471436,0.8361878926605238,-0.002000387835001654,3976.70881434512,2776.70881434512,80000.0,1.0,6.220104696292938e-06,227455.04073036194,188154.63239369038,-1.4215460920372e-09
368.94999999980945,upper,188344.93335428802,227578.4221144983,1730.7508186992857,1121.9674673427671,2062.597729612779,0.8359678500987039,-0.00200038601767763,3974.130221622648,2774.130221622648,80000.0,1.0,6.139941474127019e-06,227578.4221144983,188344.93335428802,-1.413589338167143e-09
369.05999999980935,upper,188535.3976223799,227701.87360166476,1732.2360948171684,1122.6051561557686,2064.1909371022225,0.8357478077363217,-0.0020003842088504036,3971.551628900176,2771.551628900176,80000.0,1.0,6.060763394127756e-06,227701.87360166476,188535.3976223799,-1.4056823105820063e-09
369.16999999980925,upper,188726.025343784,227825.39527737303,1733.722697376303,1123.243622798533,2065.785716756541,0.8355277655724451,-0.0020003824084814195,3968.973036177704,2768.973036177704,80000.0,1.0,5.982558938171203e-06,227825.39527737303,188726.025343784,-1.3978196214906121e-09
369.27999999980915,upper,188916.81666449946,227948.987227234,1735.2106280284422,1123.882868173094,2067.3820703962397,0.8353077236061457,-0.0020003806165303432,3966.3944434552322,2766.3944434552322,80000.0,1.0,5.905316715988705e-06,227948.987227234,188916.81666449946,-1.3900105213562256e-09
369.38999999980905,upper,189107.77173070767,228072.64953695773,1736.699888428547,1124.522893183246,2068.979999845563,0.8350876818364996,-0.002000378832958863,3963.8158507327603,2763.8158507327603,80000.0,1.0,5.82902546382162e-06,228072.64953695773,189107.77173070767,-1.3822416246517694e-09
369.49999999980895,upper,189298.890688772,228196.382292354,1738.1904802347926,1125.1636987345476,2070.5795069325077,0.8348676402625873,-0.0020003770577276593,3961.2372580102883,2761.2372580102883,80000.0,1.0,5.753674043089237e-06,228196.382292354,189298.890688772,-1.3745172041557538e-09
369.60999999980885,upper,189490.17368523846,228320.1855793323,1739.6824051085775,1125.805285734324,2072.180593488827,0.8346475988834935,-0.002000375290798122,3958.6586652878163,2758.6586652878163,80000.0,1.0,5.679251439070278e-06,228320.1855793323,189490.17368523846,-1.3668382185010893e-09
369.71999999980875,upper,189681.62086683605,228444.05948390195,1741.1756647145319,1126.447655091676,2073.7832613500445,0.8344275576983072,-0.002000373532131582,3956.0800725653444,2756.0800725653444,80000.0,1.0,5.605746759597425e-06,228444.05948390195,189681.62086683605,-1.3591996444628287e-09
369.82999999980865,upper,189873.232380477,228568.0040921723,1742.6702607205268,1127.0908077174824,2075.3875123554626,0.8342075167061215,-0.0020003717816887852,3953.5014798428724,2753.5014798428724,80000.0,1.0,5.533149233765021e-06,228568.0040921723,189873.232380477,-1.3516118807885022e-09
369.93999999980855,upper,190065.00837325718,228692.01949035306,1744.166194797682,1127.7347445244027,2076.993348348171,0.8339874759060337,-0.002000370039432037,3950.9228871204004,2750.9228871204004,80000.0,1.0,5.461448210649336e-06,228692.01949035306,190065.00837325718,-1.344068394678043e-09
370.04999999980845,upper,190256.94899245648,228816.1057647545,1745.663468620373,1128.3794664268837,2078.600771175054,0.8337674352971459,-0.0020003683053238202,3948.3442943979285,2748.3442943979285,80000.0,1.0,5.3906331580419e-06,228816.1057647545,190256.94899245648,-1.3365595284268046e-09
370.15999999980835,upper,190449.0543855392,228940.26300178742,1747.1620838662423,1129.0249743411648,2080.2097826868085,0.8335473948785636,-0.002000366579324997,3945.7657016754565,2745.7657016754565,80000.0,1.0,5.3206936611956345e-06,228940.26300178742,190449.0543855392,-1.3291030857386509e-09
370.26999999980825,upper,190641.32470015425,229064.49128796367,1748.6620422162061,1129.6712691852822,2081.8203847379436,0.8333273546493964,-0.0020003648613981517,3943.1871089529845,2743.1871089529845,80000.0,1.0,5.251619421583007e-06,229064.49128796367,190641.32470015425,-1.3216894143597301e-09
370.37999999980815,upper,190833.7600841357,229188.790709896,1750.1633453544644,1130.3183518790722,2083.4325791867977,0.8331073146087595,-0.0020003631515063125,3940.6085162305126,2740.6085162305126,80000.0,1.0,5.1834002556673146e-06,229188.790709896,190833.7600841357,-1.3143146246116013e-09
370.48999999980805,upper,191026.36068550308,229313.16135429867,1751.6659949685072,1130.9662233441773,2085.0463678955443,0.8328872747557703,-0.00200036144961123,3938.0299235080406,2738.0299235080406,80000.0,1.0,5.116026093685554e-06,229313.16135429867,191026.36068550308,-1.306987321007795e-09
370.59999999980795,upper,191219.12665246162,229437.6033079872,1753.169992749125,1131.61488450405,2086.6617527302024,0.8326672350895515,-0.00200035975567627,3935.4513307855686,2735.4513307855686,80000.0,1.0,5.049486978444119e-06,229437.6033079872,191219.12665246162,-1.2996995586180604e-09
370.70999999980785,upper,191412.0581334028,229562.11665787897,1754.6753403904165,1132.2643362839585,2088.2787355606474,0.8324471956092295,-0.002000358069664803,3932.8727380630967,2732.8727380630967,80000.0,1.0,4.983773064126122e-06,229562.11665787897,191412.0581334028,-1.2924464558455738e-09
370.81999999980775,upper,191605.15527690467,229686.7014909931,1756.182039589799,1132.9145796109908,2089.8973182606205,0.8322271563139347,-0.002000356391538136,3930.2941453406247,2730.2941453406247,80000.0,1.0,4.918874615110958e-06,229686.7014909931,191605.15527690467,-1.2852484824753782e-09
370.92999999980765,upper,191798.4182317321,229811.35789445092,1757.6900920480136,1133.5656154140593,2091.517502707737,0.8320071172028016,-0.002000354721261355,3927.7155526181527,2727.7155526181527,80000.0,1.0,4.854782004805484e-06,229811.35789445092,191798.4182317321,-1.2780859037276047e-09
371.03999999980755,upper,191991.84714683724,229936.08595547586,1759.1994994691381,1134.2174446239062,2093.1392907834993,0.8317870782749691,-0.0020003530587965816,3925.136959895681,2725.136959895681,80000.0,1.0,4.7914857144872915e-06,229936.08595547586,191991.84714683724,-1.2709656593544185e-09
371.14999999980745,upper,192185.44217135993,230060.88576139396,1760.710263560593,1134.8700681731073,2094.762684373303,0.8315670395295797,-0.002000351404108478,3922.558367173209,2722.558367173209,80000.0,1.0,4.728976332159122e-06,230060.88576139396,192185.44217135993,-1.2638864804193033e-09
371.25999999980735,upper,192379.20345462795,230185.757399634,1762.2223860331512,1135.5234869960777,2096.3876853664506,0.83134700096578,-0.0020003497571603832,3919.979774450737,2719.979774450737,80000.0,1.0,4.667244551415151e-06,230185.757399634,192379.20345462795,-1.2568477382369354e-09
371.36999999980725,upper,192573.13114615736,230310.70095772747,1763.7358686009466,1136.1777020290772,2098.014295656159,0.8311269625827207,-0.002000348117916119,3917.401181728265,2717.401181728265,80000.0,1.0,4.606281170318598e-06,230310.70095772747,192573.13114615736,-1.2498485094579537e-09
371.47999999980715,upper,192767.22539565322,230435.71652330915,1765.2507129814835,1136.8327142102128,2099.6425171395713,0.830906924379556,-0.0020003464863397433,3914.822589005793,2714.822589005793,80000.0,1.0,4.546077090290568e-06,230435.71652330915,192767.22539565322,-1.2428941359883902e-09
371.58999999980705,upper,192961.4863530095,230560.8041841169,1766.766920895645,1137.4885244794461,2101.2723517177646,0.8306868863554447,-0.00200034486239573,3912.243996283321,2712.243996283321,80000.0,1.0,4.486623315010161e-06,230560.8041841169,192961.4863530095,-1.2359772092040143e-09
371.69999999980695,upper,193155.91416830974,230685.96402799233,1768.2844940677005,1138.1451337785963,2102.9038012957612,0.8304668485095491,-0.002000343246048518,3909.665403560849,2709.665403560849,80000.0,1.0,4.427910949325497e-06,230685.96402799233,193155.91416830974,-1.2290964550517328e-09
371.80999999980685,upper,193350.50899182726,230811.19614288054,1769.8034342253186,1138.8025430513462,2104.5368677825404,0.8302468108410354,-0.002000341637262562,3907.086810838377,2707.086810838377,80000.0,1.0,4.369931198176045e-06,230811.19614288054,193350.50899182726,-1.222255928923068e-09
371.91999999980675,upper,193545.27097402557,230936.50061683066,1771.323743099571,1139.4607532432465,2106.171553091044,0.8300267733490738,-0.002000340036002136,3904.508218115905,2704.508218115905,80000.0,1.0,4.312675365525372e-06,230936.50061683066,193545.27097402557,-1.2154626656682263e-09
372.02999999980665,upper,193740.200265559,231061.87753799578,1772.8454224249454,1140.1197653017216,2107.8078591381936,0.8298067360328385,-0.002000338442233263,3901.929625393433,2701.929625393433,80000.0,1.0,4.256134853305179e-06,231061.87753799578,193740.200265559,-1.2087010917338329e-09
372.13999999980655,upper,193935.29701727268,231187.3269946336,1774.368473939353,1140.7795801760735,2109.4457878448943,0.8295866988915075,-0.0020003368559202567,3899.351032670961,2699.351032670961,80000.0,1.0,4.200301160369399e-06,231187.3269946336,193935.29701727268,-1.2019826079276595e-09
372.24999999980645,upper,194130.5613802031,231312.849075106,1775.8928993841382,1141.4401988174857,2111.0853411360476,0.8293666619242627,-0.002000335277029217,3896.772439948489,2696.772439948489,80000.0,1.0,4.145165881459496e-06,231312.849075106,194130.5613802031,-1.19529579351252e-09
372.35999999980635,upper,194325.99350557858,231438.44386787983,1777.4187005040856,1142.101622179031,2112.726520940561,0.8291466251302894,-0.0020003337055243043,3894.193847226017,2694.193847226017,80000.0,1.0,4.090720706179672e-06,231438.44386787983,194325.99350557858,-1.1886549590177894e-09
372.46999999980625,upper,194521.5935448196,231564.11146152677,1778.9458790474323,1142.7638512156755,2114.3693291913605,0.8289265885087768,-0.0020003321413718258,3891.615254503545,2691.615254503545,80000.0,1.0,4.0369574179828315e-06,231564.11146152677,194521.5935448196,-1.1820501987172194e-09
372.57999999980615,upper,194717.36164953883,231689.85194472375,1780.474436765875,1143.4268868842812,2116.0137678253986,0.8287065520589179,-0.0020003305845375133,3889.0366617810732,2689.0366617810732,80000.0,1.0,3.983867893166516e-06,231689.85194472375,194717.36164953883,-1.1754786742053093e-09
372.68999999980605,upper,194913.2979715421,231815.665406253,1782.0043754145795,1144.090730143615,2117.6598387836643,0.82848651577991,-0.0020003290349869655,3886.4580690586013,2686.4580690586013,80000.0,1.0,3.93144409987919e-06,231815.665406253,194913.2979715421,-1.1689487546834637e-09
372.79999999980595,upper,195109.40266282856,231941.5519350023,1783.5356967521905,1144.7553819543505,2119.307544011197,0.8282664796709533,-0.0020003274926864317,3883.8794763361293,2683.8794763361293,80000.0,1.0,3.8796780971365976e-06,231941.5519350023,195109.40266282856,-1.1624534260075832e-09
372.90999999980585,upper,195305.67587559082,232067.51161996517,1785.0684025408393,1145.4208432790742,2120.956885457092,0.8280464437312529,-0.0020003259576019433,3881.3008836136573,2681.3008836136573,80000.0,1.0,3.828562033847953e-06,232067.51161996517,195305.67587559082,-1.155999434103914e-09
373.01999999980575,upper,195502.1177622155,232193.5445502413,1786.6024945461556,1146.0871150822907,2122.6078650745158,0.827826407960016,-0.0020003244296999483,3878.7222908911854,2678.7222908911854,80000.0,1.0,3.7780881478519917e-06,232193.5445502413,195502.1177622155,-1.1495844888563426e-09
373.12999999980565,upper,195698.72847528377,232319.65081503632,1788.137974537274,1146.7541983304275,2124.260484820712,0.8276063723564552,-0.002000322908947319,3876.1436981687134,2676.1436981687134,80000.0,1.0,3.7282487649631176e-06,232319.65081503632,195698.72847528377,-1.1431974374342986e-09
373.23999999980555,upper,195895.50816757153,232445.8305036625,1789.6748442868447,1147.4220939918403,2125.9147466570153,0.8273863369197854,-0.002000321395310228,3873.5651054462414,2673.5651054462414,80000.0,1.0,3.6790362980267506e-06,232445.8305036625,195895.50816757153,-1.1368532257255603e-09
373.34999999980545,upper,196092.45699204988,232572.08370553856,1791.213105571045,1148.0908030368182,2127.5706525488627,0.8271663016492258,-0.002000319888755082,3870.9865127237695,2670.9865127237695,80000.0,1.0,3.6304432459846958e-06,232572.08370553856,196092.45699204988,-1.1305487316816052e-09
373.45999999980535,upper,196289.57510188542,232698.41051019027,1792.7527601695836,1148.7603264375884,2129.2282044658004,0.8269462665439995,-0.00200031838925039,3868.4079200012975,2668.4079200012975,80000.0,1.0,3.5824621929496727e-06,232698.41051019027,196289.57510188542,-1.1242752053210257e-09
373.56999999980525,upper,196486.86265044077,232824.81100725027,1794.2938098657146,1149.4306651683214,2130.8874043814967,0.8267262316033321,-0.0020003168967618746,3865.8293272788255,2665.8293272788255,80000.0,1.0,3.535085807289563e-06,232824.81100725027,196486.86265044077,-1.118036599778472e-09
373.67999999980515,upper,196684.31979127496,232951.2852864585,1795.8362564462452,1150.101820205136,2132.548254273753,0.8265061968264542,-0.0020003154112576303,3863.2507345563536,2663.2507345563536,80000.0,1.0,3.4883068407207733e-06,232951.2852864585,196684.31979127496,-1.1118320689404937e-09
373.78999999980505,upper,196881.94667814372,233077.83343766243,1797.380101701545,1150.7737925261056,2134.210756124515,0.8262861622125993,-0.002000313932704442,3860.6721418338816,2660.6721418338816,80000.0,1.0,3.4421181274108134e-06,233077.83343766243,196881.94667814372,-1.1056672404897148e-09
373.89999999980495,upper,197079.74346499986,233204.45555081722,1798.9253474255559,1151.4465831112618,2135.8749119198806,0.8260661277610044,-0.0020003124610702377,3858.0935491114096,2658.0935491114096,80000.0,1.0,3.3965125830901137e-06,233204.45555081722,197079.74346499986,-1.099537632648815e-09
374.00999999980485,upper,197277.71030599377,233331.15171598594,1800.471995415802,1152.1201929426015,2137.540723650115,0.8258460934709102,-0.0020003109963231494,3855.5149563889377,2655.5149563889377,80000.0,1.0,3.3514832041729244e-06,233331.15171598594,197277.71030599377,-1.0934371941040508e-09
374.11999999980475,upper,197475.84735547376,233457.92202333975,1802.0200474733979,1152.7946230040895,2139.2081933096574,0.8256260593415609,-0.0020003095384301503,3852.9363636664657,2652.9363636664657,80000.0,1.0,3.3070230668869975e-06,233457.92202333975,197475.84735547376,-1.08737731415793e-09
374.22999999980465,upper,197674.1547679865,233584.76656315816,1803.569505403059,1153.469874281667,2140.877322897134,0.8254060253722041,-0.002000308087359518,3850.3577709439937,2650.3577709439937,80000.0,1.0,3.2631253264123364e-06,233584.76656315816,197674.1547679865,-1.0813563613785627e-09
374.33999999980455,upper,197872.63269827733,233711.6854258292,1805.120371013113,1154.1459477632532,2142.54811441537,0.8251859915620912,-0.002000306643080201,3847.7791782215218,2647.7791782215218,80000.0,1.0,3.2197832160286528e-06,233711.6854258292,197872.63269827733,-1.0753604962381694e-09
374.44999999980445,upper,198071.28130129076,233838.67870184983,1806.6726461155063,1154.822844438754,2144.220569871397,0.8249659579104771,-0.0020003052055596977,3845.20058549905,2645.20058549905,80000.0,1.0,3.1769900462714265e-06,233838.67870184983,198071.28130129076,-1.0694013967489871e-09
374.55999999980435,upper,198270.10073217071,233965.7464818259,1808.226332525816,1155.5005653000646,2145.894691276469,0.8247459244166201,-0.0020003037747667995,3842.621992776578,2642.621992776578,80000.0,1.0,3.134739204096853e-06,233965.7464818259,198270.10073217071,-1.0634785719730067e-09
374.66999999980425,upper,198469.09114626102,234092.88885647245,1809.7814320632579,1156.1791113410777,2147.570480646067,0.8245258910797817,-0.002000302350670017,3840.043400054106,2640.043400054106,80000.0,1.0,3.0930241520550794e-06,234092.88885647245,198469.09114626102,-1.057588924280882e-09
374.77999999980415,upper,198668.2526991061,234220.10591661403,1811.337946550699,1156.8584835576862,2149.2479399999183,0.8243058578992271,-0.002000300933238211,3837.464807331634,2637.464807331634,80000.0,1.0,3.0518384274719938e-06,234220.10591661403,198668.2526991061,-1.0517332771379724e-09
374.88999999980405,upper,198867.5855464507,234347.39775318478,1812.8958778146643,1157.5386829477886,2150.9270713619985,0.8240858248742247,-0.0020002995224402587,3834.886214609162,2634.886214609162,80000.0,1.0,3.011175641639443e-06,234347.39775318478,198867.5855464507,-1.0459104226350955e-09
374.99999999980395,upper,199067.08984424087,234474.7644572289,1814.4552276853485,1158.2197105112964,2152.6078767605495,0.8238657920040467,-0.0020002981182456916,3832.30762188669,2632.30762188669,80000.0,1.0,2.9710294790135486e-06,234474.7644572289,199067.08984424087,-1.040116293428255e-09
375.10999999980385,upper,199266.76574862425,234602.2061199004,1816.0159979966254,1158.9015672501382,2154.2903582280887,0.8236457592879685,-0.0020002967206227485,3829.729029164218,2629.729029164218,80000.0,1.0,2.9313936964215967e-06,234602.2061199004,199266.76574862425,-1.0343623733242633e-09
375.21999999980375,upper,199466.61341595033,234729.72283246377,1817.5781905860574,1159.5842541682646,2155.974517801418,0.8234257267252687,-0.0020002953295415924,3827.150436441746,2627.150436441746,80000.0,1.0,2.8922621222766184e-06,234729.72283246377,199466.61341595033,-1.0286343750054707e-09
375.32999999980365,upper,199666.6330027709,234857.3146862941,1819.1418072949057,1160.2677722716546,2157.660357521638,0.8232056943152295,-0.002000293944971385,3824.571843719274,2624.571843719274,80000.0,1.0,2.8536286558003555e-06,234857.3146862941,199666.6330027709,-1.0229413734999493e-09
375.43999999980355,upper,199866.82466584054,234984.98177287725,1820.7068499681418,1160.952122568321,2159.34787943416,0.8229856620571363,-0.002000292566881548,3821.993250996802,2621.993250996802,80000.0,1.0,2.8154872662540364e-06,234984.98177287725,199866.82466584054,-1.0172856694957237e-09
375.54999999980345,upper,200067.18856211702,235112.72418380989,1822.2733204544538,1161.6373060683154,2161.0370855887118,0.8227656299502779,-0.0020002911952419792,3819.41465827433,2619.41465827433,80000.0,1.0,2.777831992177215e-06,235112.72418380989,200067.18856211702,-1.0116578674807369e-09
375.65999999980335,upper,200267.7248487616,235240.54201080019,1823.8412206062603,1162.323323783734,2162.7279780393555,0.8225455979939464,-0.002000289830022949,3816.836065551858,2616.836065551858,80000.0,1.0,2.7406569406341612e-06,235240.54201080019,200267.7248487616,-1.0060609802548324e-09
375.76999999980325,upper,200468.43368313953,235368.43534566744,1825.4105522797186,1163.0101767287226,2164.420558844496,0.8223255661874374,-0.0020002884711942995,3814.257472829386,2614.257472829386,80000.0,1.0,2.703956286468331e-06,235368.43534566744,200468.43368313953,-1.0004944088260462e-09
375.87999999980315,upper,200669.31522282047,235496.40428034283,1826.9813173347347,1163.6978659194826,2166.1148300668924,0.8221055345300495,-0.00200028711872603,3811.678880106914,2611.678880106914,80000.0,1.0,2.6677242715642077e-06,235496.40428034283,200669.31522282047,-9.949610157565356e-10
375.98999999980305,upper,200870.36962557887,235624.44890686942,1828.5535176349747,1164.386392374277,2167.8107937736686,0.8218855030210845,-0.002000285772588189,3809.1002873844423,2609.1002873844423,80000.0,1.0,2.631955204116876e-06,235624.44890686942,200870.36962557887,-9.89463412943883e-10
376.09999999980295,upper,201071.59704939433,235752.5693174023,1830.1271550478727,1165.0757571134338,2169.5084520363275,0.8216654716598478,-0.0020002844327519477,3806.5216946619703,2606.5216946619703,80000.0,1.0,2.5966434579092236e-06,235752.5693174023,201071.59704939433,-9.839924562478029e-10
376.20999999980285,upper,201272.99765245215,235880.76560420898,1831.702231444644,1165.7659611593547,2171.2078069307604,0.8214454404456482,-0.0020002830991875703,3803.9431019394983,2603.9431019394983,80000.0,1.0,2.5617834715963434e-06,235880.76560420898,201272.99765245215,-9.785547210798632e-10
376.31999999980275,upper,201474.5715931436,236009.03785966954,1833.2787487002934,1166.4570055365184,2172.9088605372604,0.8212254093777968,-0.0020002817718655615,3801.3645092170264,2601.3645092170264,80000.0,1.0,2.527369747997536e-06,236009.03785966954,201474.5715931436,-9.731451362057396e-10
376.42999999980265,upper,201676.31903006657,236137.3861762768,1834.8567086936248,1167.1488912714865,2174.61161494053,0.8210053784556087,-0.0020002804507573773,3798.7859164945544,2598.7859164945544,80000.0,1.0,2.493396853395494e-06,236137.3861762768,201676.31903006657,-9.6776598135172e-10
376.53999999980255,upper,201878.24012202563,236265.81064663676,1836.4361133072537,1167.8416193929104,2176.3160722297,0.8207853476784022,-0.0020002791358331063,3796.2073237720824,2596.2073237720824,80000.0,1.0,2.4598594168427733e-06,236265.81064663676,201878.24012202563,-9.624183033669172e-10
376.64999999980245,upper,202080.3350280327,236394.31136346856,1838.0169644276161,1168.5351909315357,2178.0222344983326,0.8205653170454985,-0.002000277827064742,3793.6287310496105,2593.6287310496105,80000.0,1.0,2.4267521294753787e-06,236394.31136346856,202080.3350280327,-9.571024782848822e-10
376.75999999980235,upper,202282.60390730758,236522.88841960483,1839.5992639449796,1169.229606920208,2179.7301038444402,0.8203452865562221,-0.0020002765244229695,3791.0501383271385,2591.0501383271385,80000.0,1.0,2.394069743833544e-06,236522.88841960483,202282.60390730758,-9.518168436143532e-10
376.86999999980225,upper,202485.046919278,236651.54190799207,1841.1830137534537,1169.9248683938788,2181.4396823704947,0.8201252562099006,-0.0020002752278798644,3788.4715456046665,2588.4715456046665,80000.0,1.0,2.3618070731893586e-06,236651.54190799207,202485.046919278,-9.465573856840768e-10
376.97999999980215,upper,202687.66422358024,236780.2719216906,1842.7682157509987,1170.620976389612,2183.1509721834373,0.8199052260058648,-0.002000273937406283,3785.8929528821945,2585.8929528821945,80000.0,1.0,2.329958990881571e-06,236780.2719216906,202687.66422358024,-9.413304408504347e-10
377.08999999980205,upper,202890.45598005978,236909.07855387504,1844.3548718394386,1171.3179319465876,2184.863975394693,0.8196851959434486,-0.0020002726529740676,3783.3143601597226,2583.3143601597226,80000.0,1.0,2.2985204296570862e-06,236909.07855387504,202890.45598005978,-9.361361117824175e-10
377.19999999980195,upper,203093.42234877142,237037.96189783432,1845.9429839244708,1172.01573610611,2186.578694120183,0.8194651660219889,-0.0020002713745555585,3780.7357674372506,2580.7357674372506,80000.0,1.0,2.267486381019397e-06,237037.96189783432,203093.42234877142,-9.30965817483202e-10
377.30999999980185,upper,203296.56348997966,237166.92204697206,1847.5325539156752,1172.7143899116113,2188.2951304803337,0.819245136240826,-0.002000270102121977,3778.1571747147786,2578.1571747147786,80000.0,1.0,2.236851894583765e-06,237166.92204697206,203296.56348997966,-9.258263276466436e-10
377.41999999980175,upper,203499.87956415952,237295.95909480687,1849.1235837265272,1173.4138944086592,2190.0132866000904,0.8190251065993026,-0.002000268835646281,3775.5785819923067,2575.5785819923067,80000.0,1.0,2.206612077438949e-06,237295.95909480687,203499.87956415952,-9.207084395298125e-10
377.52999999980165,upper,203703.37073199658,237425.07313497236,1850.716075274407,1174.1142506449612,2191.733164608932,0.8188050770967653,-0.002000267575099093,3772.9999892698347,2572.9999892698347,80000.0,1.0,2.176762093515818e-06,237425.07313497236,203703.37073199658,-9.156330555666358e-10
377.63999999980155,upper,203907.03715438742,237554.26426121767,1852.3100304806096,1174.8154596703714,2193.4547666408766,0.8185850477325634,-0.0020002663204543142,3770.4213965473627,2570.4213965473627,80000.0,1.0,2.1472971629622238e-06,237554.26426121767,203907.03715438742,-9.105764275006816e-10
377.74999999980145,upper,204110.87899244035,237683.53256740735,1853.9054512703578,1175.5175225368953,2195.178094834501,0.818365018506049,-0.0020002650716836995,3767.842803824891,2567.842803824891,80000.0,1.0,2.118212561524609e-06,237683.53256740735,204110.87899244035,-9.055481128217755e-10
377.85999999980135,upper,204314.89640747567,237812.87814752196,1855.5023395728103,1176.2204402986974,2196.9031513329473,0.8181449894165775,-0.002000263828759727,3765.264211102419,2565.264211102419,80000.0,1.0,2.0895036199359097e-06,237812.87814752196,204314.89640747567,-9.005519788923997e-10
377.96999999980125,upper,204519.08956102605,237942.301095658,1857.1006973210744,1176.9242140121055,2198.629938283938,0.8179249604635074,-0.0020002625916552916,3762.685618379947,2562.685618379947,80000.0,1.0,2.0611657233098405e-06,237942.301095658,204519.08956102605,-8.955866449123585e-10
378.07999999980115,upper,204723.45861483703,238071.80150602834,1858.7005264522147,1177.6288447356171,2200.3584578397868,0.8177049316462,-0.00200026136034308,3760.107025657475,2560.107025657475,80000.0,1.0,2.0331943105415587e-06,238071.80150602834,204723.45861483703,-8.906464079863987e-10
378.18999999980105,upper,204928.00373086738,238201.37947296238,1860.301828907268,1178.3343335299055,2202.088712157413,0.8174849029640195,-0.0020002601347960634,3757.528432935003,2557.528432935003,80000.0,1.0,2.005584873714441e-06,238201.37947296238,204928.00373086738,-8.857379281324321e-10
378.29999999980095,upper,205132.72507128975,238331.03509090643,1861.9046066312492,1179.040681457826,2203.820703398351,0.8172648744163334,-0.0020002589149879565,3754.949840212531,2554.949840212531,80000.0,1.0,1.9783329575131247e-06,238331.03509090643,205132.72507128975,-8.808486259880612e-10
378.40999999980085,upper,205337.62279849092,238460.76845442376,1863.5088615731656,1179.7478895844206,2205.5544337287643,0.8170448460025117,-0.0020002577008908164,3752.371247490059,2552.371247490059,80000.0,1.0,1.9514341586427075e-06,238460.76845442376,205337.62279849092,-8.759956070428493e-10
378.51999999980075,upper,205542.69707507212,238590.57965819482,1865.1145956860269,1180.455958976925,2207.2899053194583,0.8168248177219278,-0.002000256492479101,3749.792654767587,2549.792654767587,80000.0,1.0,1.9248841252539234e-06,238590.57965819482,205542.69707507212,-8.711598978607608e-10
378.62999999980065,upper,205747.94806384988,238720.4687970177,1866.7218109268558,1181.1648907047752,2209.027120345892,0.8166047895739578,-0.00200025528972524,3747.214062045115,2547.214062045115,80000.0,1.0,1.8986785563743187e-06,238720.4687970177,205747.94806384988,-8.663612993156903e-10
378.73999999980055,upper,205953.37592785605,238850.43596580814,1868.3305092567005,1181.8746858396119,2210.7660809881904,0.8163847615579809,-0.0020002540926040632,3744.635469322643,2544.635469322643,80000.0,1.0,1.8728132013454586e-06,238850.43596580814,205953.37592785605,-8.61583960106411e-10
378.84999999980045,upper,206158.98083033838,238980.4812596,1869.9406926406425,1182.585345455288,2212.506789431158,0.8161647336733785,-0.0020002529010883494,3742.056876600171,2542.056876600171,80000.0,1.0,1.8472838592658668e-06,238980.4812596,206158.98083033838,-8.568306931209202e-10
378.95999999980035,upper,206364.76293476112,239110.60477354535,1871.5523630478133,1183.2968706278737,2214.24924786429,0.8159447059195359,-0.002000251715151833,3739.478283877699,2539.478283877699,80000.0,1.0,1.8220863784399578e-06,239110.60477354535,206364.76293476112,-8.521090890329099e-10
379.06999999980025,upper,206570.7224048054,239240.80660291473,1873.1655224513993,1184.0092624356632,2215.993458481786,0.8157246782958406,-0.002000250534768604,3736.899691155227,2536.899691155227,80000.0,1.0,1.797216655832611e-06,239240.80660291473,206570.7224048054,-8.474184816262762e-10
379.17999999980015,upper,206776.85940436943,239371.0868430974,1874.7801728286568,1184.7225219591805,2217.739423482563,0.8155046508016832,-0.0020002493599130524,3734.321098432755,2534.321098432755,80000.0,1.0,1.772670636529504e-06,239371.0868430974,206776.85940436943,-8.427508577511766e-10
379.28999999980005,upper,206983.1740975694,239501.44558960167,1876.3963161609233,1185.4366502811856,2219.4871450702663,0.8152846234364571,-0.002000248190559467,3731.7425057102832,2531.7425057102832,80000.0,1.0,1.7484443132030914e-06,239501.44558960167,206983.1740975694,-8.38100418262871e-10
379.39999999979995,upper,207189.66664873937,239631.882938055,1878.0139544336266,1186.1516484866804,2221.236625453285,0.8150645961995586,-0.0020002470266817208,3729.1639129878113,2529.1639129878113,80000.0,1.0,1.724533725584181e-06,239631.882938055,207189.66664873937,-8.334848578624518e-10
379.50999999979985,upper,207396.3372224322,239762.39898420437,1879.633089636298,1186.867517662916,2222.9878668447627,0.8148445690903864,-0.0020002458682544747,3726.5853202653393,2526.5853202653393,80000.0,1.0,1.700934959939052e-06,239762.39898420437,207396.3372224322,-8.288903679034201e-10
379.61999999979975,upper,207603.18598341983,239892.99382391645,1881.2537237625831,1187.584258899397,2224.7408714626104,0.8146245421083427,-0.002000244715251707,3724.0067275428673,2524.0067275428673,80000.0,1.0,1.677644148552046e-06,239892.99382391645,207603.18598341983,-8.243260197552641e-10
379.72999999979965,upper,207810.21309669368,240023.6675531778,1882.8758588102528,1188.3018732878888,2226.495641529521,0.8144045152528316,-0.0020002435676485654,3721.4281348203954,2521.4281348203954,80000.0,1.0,1.6546574692136363e-06,240023.6675531778,207810.21309669368,-8.197885990676645e-10
379.83999999979955,upper,208017.41872746524,240154.42026809545,1884.499496781215,1189.0203619224249,2228.2521792729804,0.8141844885232615,-0.0020002424254199477,3718.8495420979234,2518.8495420979234,80000.0,1.0,1.631971144713765e-06,240154.42026809545,208017.41872746524,-8.152746723590692e-10
379.94999999979945,upper,208224.80304116628,240285.25206489663,1886.1246396815257,1189.7397258993096,2230.010486925281,0.813964461919042,-0.002000241288540723,3716.2709493754514,2516.2709493754514,80000.0,1.0,1.609581442340667e-06,240285.25206489663,208224.80304116628,-8.107827521192598e-10
380.05999999979935,upper,208432.36620344967,240416.16303992944,1887.7512895214022,1190.45996631713,2231.7705667235373,0.8137444354395862,-0.0020002401569856883,3713.6923566529795,2513.6923566529795,80000.0,1.0,1.5874846733848357e-06,240416.16303992944,208432.36620344967,-8.063208243118279e-10
380.16999999979924,upper,208640.1083801894,240547.1532896629,1889.3794483152337,1191.1810842767559,2233.5324209096957,0.8135244090843099,-0.002000239030730551,3711.1137639305075,2511.1137639305075,80000.0,1.0,1.5656771926482705e-06,240547.1532896629,208640.1083801894,-8.018777815799453e-10
380.27999999979914,upper,208848.02973748135,240678.22291068733,1891.0091180815907,1191.9030808813516,2235.2960517305473,0.8133043828526312,-0.002000237909749995,3708.5351712080355,2508.5351712080355,80000.0,1.0,1.5441553979588414e-06,240678.22291068733,208848.02973748135,-7.974603370883202e-10
380.38999999979904,upper,209056.13044164382,240809.37199971438,1892.6403008432396,1192.6259572363779,2237.061461437744,0.8130843567439714,-0.0020002367940188353,3705.9565784855636,2505.9565784855636,80000.0,1.0,1.522915729689871e-06,240809.37199971438,209056.13044164382,-7.930739250923955e-10
380.49999999979894,upper,209264.4106592177,240940.6006535775,1894.272998627153,1193.3497144496014,2238.8286522878097,0.8128643307577544,-0.002000235683513908,3703.3779857630916,2503.3779857630916,80000.0,1.0,1.5019546702846588e-06,240940.6006535775,209264.4106592177,-7.887079351692943e-10
380.60999999979884,upper,209472.8705569671,241071.90896923217,1895.9072134645223,1194.0743536311,2240.5976265421555,0.8126443048934067,-0.0020002345782095914,3700.7993930406196,2500.7993930406196,80000.0,1.0,1.4812687437860922e-06,241071.90896923217,209472.8705569671,-7.84367978705444e-10
380.71999999979874,upper,209681.5103018798,241203.297043756,1897.5429473907686,1194.7998758932683,2242.368386467089,0.8124242791503575,-0.002000233478082291,3698.2208003181477,2498.2208003181477,80000.0,1.0,1.4608545153712318e-06,241203.297043756,209681.5103018798,-7.800508319646406e-10
380.82999999979864,upper,209890.3300611677,241334.76497434912,1899.1802024455549,1195.5262823508265,2244.1409343338323,0.8122042535280388,-0.0020002323831080446,3695.6422075956757,2495.6422075956757,80000.0,1.0,1.4407085908907683e-06,241334.76497434912,209890.3300611677,-7.757570885701892e-10
380.93999999979854,upper,210099.3300022674,241466.31285833457,1900.8189806727974,1196.2535741208237,2245.9152724185337,0.8119842280258849,-0.0020002312932618444,3693.0636148732037,2493.0636148732037,80000.0,1.0,1.420827616413353e-06,241466.31285833457,210099.3300022674,-7.714860067711875e-10
381.04999999979844,upper,210308.51029284048,241597.94079315817,1902.4592841206781,1196.9817523226473,2247.69140300228,0.8117642026433329,-0.00200023020852037,3690.4850221507318,2490.4850221507318,80000.0,1.0,1.4012082777748228e-06,241597.94079315817,210308.51029284048,-7.672428747743198e-10
381.15999999979834,upper,210517.87110077398,241729.64887638914,1904.101114841657,1197.710818078027,2249.469328371111,0.811544177379823,-0.0020002291288594935,3687.90642942826,2487.90642942826,80000.0,1.0,1.381847300132069e-06,241729.64887638914,210517.87110077398,-7.630199458465586e-10
381.26999999979824,upper,210727.41259418105,241861.4372057202,1905.7444748924825,1198.4407725110434,2251.249050816033,0.8113241522347973,-0.0020002280542554675,3685.327836705788,2485.327836705788,80000.0,1.0,1.362741447521739e-06,241861.4372057202,210727.41259418105,-7.588246905587138e-10
381.37999999979814,upper,210937.13494140128,241993.30587896772,1907.3893663342046,1199.1716167481334,2253.0305726330325,0.811104127207701,-0.0020002269846850678,3682.749243983316,2482.749243983316,80000.0,1.0,1.3438875224235796e-06,241993.30587896772,210937.13494140128,-7.546493973665559e-10
381.48999999979804,upper,211147.03831100123,242125.25499407228,1909.0357912321876,1199.9033519180966,2254.8138961230898,0.8108841022979819,-0.0020002259201248383,3680.170651260844,2480.170651260844,80000.0,1.0,1.3252823653283554e-06,242125.25499407228,211147.03831100123,-7.504951603880488e-10
381.59999999979794,upper,211357.12287177495,242257.2846490987,1910.6837516561206,1200.6359791521024,2256.599023592192,0.8106640775050901,-0.002000224860551009,3677.592058538372,2477.592058538372,80000.0,1.0,1.3069228543104342e-06,242257.2846490987,211357.12287177495,-7.463671008273359e-10
381.70999999979784,upper,211567.38879274423,242389.39494223634,1912.3332496800308,1201.3694995836966,2258.385957351349,0.8104440528284782,-0.0020002238059402913,3675.0134658159,2475.0134658159,80000.0,1.0,1.2888059046048606e-06,242389.39494223634,211567.38879274423,-7.422631681670263e-10
381.81999999979774,upper,211777.8362431594,242521.58597179936,1913.9842873822947,1202.1039143488078,2260.174699716603,0.8102240282676013,-0.0020002227562689883,3672.434873093428,2472.434873093428,80000.0,1.0,1.2709284681889325e-06,242521.58597179936,211777.8362431594,-7.381809284530757e-10
381.92999999979764,upper,211988.46539249958,242653.85783622702,1915.6368668456516,1202.8392245857551,2261.965253009048,0.8100040038219176,-0.002000221711514732,3669.856280370956,2469.856280370956,80000.0,1.0,1.2532875333682344e-06,242653.85783622702,211988.46539249958,-7.341264858489165e-10
382.03999999979754,upper,212199.2764104732,242786.210634084,1917.2909901572145,1203.5754314352525,2263.7576195548377,0.8097839794908877,-0.002000220671655158,3667.277687648484,2467.277687648484,80000.0,1.0,1.2358801243670338e-06,242786.210634084,212199.2764104732,-7.300832296573307e-10
382.14999999979744,upper,212410.26946701857,242918.64446406052,1918.9466594084843,1204.3125360404183,2265.5518016852066,0.8095639552739743,-0.002000219636665772,3664.699094926012,2464.699094926012,80000.0,1.0,1.2187033009231024e-06,242918.64446406052,212410.26946701857,-7.260728851975141e-10
382.25999999979734,upper,212621.4447323043,243051.1594249727,1920.603876695359,1205.0505395467794,2267.347801736475,0.8093439311706427,-0.0020002186065252816,3662.12050220354,2462.12050220354,80000.0,1.0,1.2017541578867784e-06,243051.1594249727,212621.4447323043,-7.22077894237995e-10
382.36999999979724,upper,212832.80237672984,243183.75561576264,1922.2626441181494,1205.7894431022798,2269.1456220500713,0.8091239071803611,-0.002000217581209914,3659.541909481068,2459.541909481068,80000.0,1.0,1.1850298248243916e-06,243183.75561576264,212832.80237672984,-7.181064423203533e-10
382.47999999979714,upper,213044.34257092574,243316.43313549913,1923.9229637815895,1206.5292478572867,2270.9452649725413,0.8089038833025995,-0.002000216560697598,3656.963316758596,2456.963316758596,80000.0,1.0,1.1685274656257743e-06,243316.43313549913,213044.34257092574,-7.141614108690713e-10
382.58999999979704,upper,213256.06548575457,243449.1920833775,1925.5848377948503,1207.2699549645968,2272.746732855564,0.8086838595368314,-0.0020002155449659956,3654.384724036124,2454.384724036124,80000.0,1.0,1.1522442781161156e-06,243449.1920833775,213256.06548575457,-7.10236349724995e-10
382.69999999979694,upper,213467.97129231092,243582.03255872,1927.248268271551,1208.0115655794446,2274.5500280559654,0.8084638358825318,-0.0020002145339927777,3651.8061313136523,2451.8061313136523,80000.0,1.0,1.1361774936718564e-06,243582.03255872,213467.97129231092,-7.06330107655703e-10
382.80999999979684,upper,213680.0601619223,243714.9546609761,1928.9132573297725,1208.7540808595072,2276.3551529357333,0.8082438123391784,-0.0020002135277550747,3649.2275385911803,2449.2275385911803,80000.0,1.0,1.1203243768407429e-06,243714.9546609761,213680.0601619223,-7.02452110434642e-10
382.91999999979674,upper,213892.33226614931,243847.95848972275,1930.5798070920698,1209.4975019649132,2278.162109862031,0.8080237889062519,-0.0020002125262317794,3646.6489458687083,2446.6489458687083,80000.0,1.0,1.1046822249658817e-06,243847.95848972275,213892.33226614931,-6.985920849472675e-10
383.02999999979664,upper,214104.78777678637,243981.04414466463,1932.2479196854838,1210.2418300582488,2279.9709012072103,0.8078037655832345,-0.0020002115294003513,3644.0703531462364,2444.0703531462364,80000.0,1.0,1.0892483678138772e-06,243981.04414466463,214104.78777678637,-6.947503435971181e-10
383.13999999979654,upper,214317.42686586207,244114.21172563452,1933.917597241556,1210.9870663045635,2281.78152934883,0.8075837423696116,-0.0020002105372390814,3641.4917604237644,2441.4917604237644,80000.0,1.0,1.0740201672068925e-06,244114.21172563452,214317.42686586207,-6.909281102530784e-10
383.24999999979644,upper,214530.2497056398,244247.4613325934,1935.5888418963393,1211.7332118713796,2283.593996669667,0.8073637192648706,-0.0020002095497252486,3638.9131677012924,2438.9131677012924,80000.0,1.0,1.0589950166587154e-06,244247.4613325934,214530.2497056398,-6.871349086526988e-10
383.35999999979634,upper,214743.25646861808,244380.7930656309,1937.261655790412,1212.480267928696,2285.4083055577294,0.8071436962685016,-0.002000208566838509,3636.3345749788205,2436.3345749788205,80000.0,1.0,1.044170341014633e-06,244380.7930656309,214743.25646861808,-6.833546073401349e-10
383.46999999979624,upper,214956.4473275311,244514.20702496535,1938.9360410688894,1213.228235648999,2287.2244584062755,0.8069236733799966,-0.0020002075885557327,3633.7559822563485,2433.7559822563485,80000.0,1.0,1.0295435960952834e-06,244514.20702496535,214956.4473275311,-6.796049255037858e-10
383.57999999979614,upper,215169.82245534944,244647.7033109444,1940.6119998814381,1213.9771162072657,2289.042457613826,0.8067036505988504,-0.00200020661485713,3631.1773895338765,2431.1773895338765,80000.0,1.0,1.015112268344186e-06,244647.7033109444,215169.82245534944,-6.758640163325719e-10
383.68999999979604,upper,215383.3820252802,244781.28202404486,1942.2895343822884,1214.7269107809732,2290.862305584177,0.8064836279245601,-0.002000205645719474,3628.5987968114046,2428.5987968114046,80000.0,1.0,1.0008738744792173e-06,244781.28202404486,215383.3820252802,-6.721582775922009e-10
383.79999999979594,upper,215597.12621076792,244914.94326487338,1943.9686467302463,1215.4776205501043,2292.6840047264186,0.8062636053566249,-0.002000204681122248,3626.0202040889326,2426.0202040889326,80000.0,1.0,9.868259611476657e-07,244914.94326487338,215597.12621076792,-6.684684331177391e-10
383.90999999979584,upper,215811.0551854946,245048.68713416642,1945.6493390887083,1216.229246697157,2294.507557454946,0.8060435828945465,-0.002000203721045141,3623.4416113664606,2423.4416113664606,80000.0,1.0,9.729661045851252e-07,245048.68713416642,215811.0551854946,-6.647913018414202e-10
384.01999999979574,upper,216025.16912338062,245182.51373279066,1947.331613625673,1216.981790407148,2296.3329661894754,0.805823560537829,-0.002000202765465295,3620.8630186439887,2420.8630186439887,80000.0,1.0,9.592919102780004e-07,245182.51373279066,216025.16912338062,-6.61139385897802e-10
384.12999999979564,upper,216239.4681985851,245316.42316174338,1949.0154725137556,1217.7352528676238,2298.1602333550622,0.8056035382859791,-0.002000201814363217,3618.2844259215167,2418.2844259215167,80000.0,1.0,9.45801012629604e-07,245316.42316174338,216239.4681985851,-6.575063058116977e-10
384.23999999979554,upper,216453.95258550634,245450.41552215267,1950.700917930199,1218.4896352686637,2299.989361382109,0.8053835161385051,-0.0020002008677168365,3615.7058331990447,2415.7058331990447,80000.0,1.0,9.32491074629933e-07,245450.41552215267,216453.95258550634,-6.538957518128393e-10
384.34999999979544,upper,216668.6224587824,245584.49091527745,1952.3879520568892,1219.2449388028913,2301.820352706388,0.8051634940949179,-0.002000199925505845,3613.1272404765728,2413.1272404765728,80000.0,1.0,9.193597875289712e-07,245584.49091527745,216668.6224587824,-6.503072322693704e-10
384.45999999979534,upper,216883.4779932917,245718.64944250806,1954.0765770803662,1220.0011646654777,2303.653209769049,0.804943472154731,-0.0020001989877097945,3610.548647754101,2410.548647754101,80000.0,1.0,9.064048705134845e-07,245718.64944250806,216883.4779932917,-6.467312381837233e-10
384.56999999979524,upper,217098.5193641533,245852.89120536653,1955.7667951918404,1220.7583140541524,2305.4879350166416,0.80472345031746,-0.0020001980543075176,3607.970055031629,2407.970055031629,80000.0,1.0,8.936240703873124e-07,245852.89120536653,217098.5193641533,-6.43181672325717e-10
384.67999999979514,upper,217313.74674672761,245987.21630550665,1957.4586085872033,1221.5163881692079,2307.324530901125,0.8045034285826224,-0.0020001971252787145,3605.391462309157,2405.391462309157,80000.0,1.0,8.810151612551599e-07,245987.21630550665,217313.74674672761,-6.396485460317845e-10
384.78999999979504,upper,217529.16031661688,246121.62484471445,1959.1520194670427,1222.2753882135082,2309.162999879886,0.8042834069497382,-0.0020001962006028946,3602.812869586685,2402.812869586685,80000.0,1.0,8.685759442097327e-07,246121.62484471445,217529.16031661688,-6.361338457063844e-10
384.89999999979494,upper,217744.76024966562,246256.1169249085,1960.847030036654,1223.0353153924955,2311.003344415751,0.8040633854183301,-0.0020001952802590774,3600.234276864213,2400.234276864213,80000.0,1.0,8.563042470222956e-07,246256.1169249085,217744.76024966562,-6.326455175698545e-10
385.00999999979484,upper,217960.54672196126,246390.69264814002,1962.5436425060557,1223.7961709141978,2312.845566977006,0.8038433639879222,-0.0020001943642282568,3597.655684141741,2397.655684141741,80000.0,1.0,8.441979238365889e-07,246390.69264814002,217960.54672196126,-6.291705784640239e-10
385.11999999979474,upper,218176.51990983452,246525.35211659325,1964.2418590900024,1224.5579559892376,2314.6896700374086,0.8036233426580417,-0.002000193452490034,3595.077091419269,2395.077091419269,80000.0,1.0,8.322548548660196e-07,246525.35211659325,218176.51990983452,-6.257081735278733e-10
385.22999999979464,upper,218392.67998986004,246660.0954325857,1965.941682007998,1225.320671830837,2316.5356560762043,0.8034033214282171,-0.0020001925450227913,3592.498498696797,2392.498498696797,80000.0,1.0,8.204729460941779e-07,246660.0954325857,218392.67998986004,-6.222789711202761e-10
385.33999999979454,upper,218609.02713885676,246794.9226985686,1967.6431134843094,1226.084319654826,2318.3835275781407,0.8031833002979799,-0.002000191641808779,3589.919905974325,2389.919905974325,80000.0,1.0,8.088501289785246e-07,246794.9226985686,218609.02713885676,-6.188560900949608e-10
385.44999999979444,upper,218825.56153388871,246929.83401712705,1969.34615574798,1226.8489006796515,2320.2332870334862,0.8029632792668634,-0.002000190742826194,3587.341313251853,2387.341313251853,80000.0,1.0,7.973843601573862e-07,246929.83401712705,218825.56153388871,-6.154622988708945e-10
385.55999999979434,upper,219042.2833522653,247064.82949098025,1971.050811032845,1227.6144161263815,2322.0849369380426,0.802743258334403,-0.0020001898480566773,3584.762720529381,2384.762720529381,80000.0,1.0,7.86073621160065e-07,247064.82949098025,219042.2833522653,-6.120821774421755e-10
385.66999999979424,upper,219259.19277154212,247199.90922298186,1972.7570815775437,1228.380867218716,2323.9384797931616,0.8025232375001364,-0.002000188957479286,3582.184127806909,2382.184127806909,80000.0,1.0,7.749159181201127e-07,247199.90922298186,219259.19277154212,-6.087250098782201e-10
385.77999999979414,upper,219476.28996952093,247335.0733161204,1974.4649696255328,1229.1482551829934,2325.7939181057623,0.8023032167636036,-0.0020001880710757347,3579.605535084437,2379.605535084437,80000.0,1.0,7.639092814917126e-07,247335.0733161204,219476.28996952093,-6.053794069050262e-10
385.88999999979404,upper,219693.5751242507,247470.32187351925,1976.1744774251008,1229.9165812481972,2327.6512543883423,0.8020831961243465,-0.0020001871888250707,3577.026942361965,2377.026942361965,80000.0,1.0,7.530517657691814e-07,247470.32187351925,219693.5751242507,-6.0206068209109e-10
385.99999999979394,upper,219911.04841402796,247605.6549984372,1977.885607229383,1230.6858466459632,2329.510491158998,0.8018631755819097,-0.0020001863107097038,3574.4483496394932,2374.4483496394932,80000.0,1.0,7.423414492094652e-07,247605.6549984372,219911.04841402796,-5.987488437773265e-10
386.10999999979384,upper,220128.71001739748,247741.07279426884,1979.5983612963748,1231.4560526105895,2331.3716309414394,0.8016431551358391,-0.0020001854367084414,3571.8697569170213,2371.8697569170213,80000.0,1.0,7.317764335576759e-07,247741.07279426884,220128.71001739748,-5.954639825945127e-10
386.21999999979374,upper,220346.56011315246,247876.57536454435,1981.312741888946,1232.2272003790426,2333.234676265006,0.801423134785683,-0.0020001845668029803,3569.2911641945493,2369.2911641945493,80000.0,1.0,7.213548437756738e-07,247876.57536454435,220346.56011315246,-5.921946268716552e-10
386.32999999979364,upper,220564.59888033546,248012.16281293044,1983.0287512748544,1232.9992911909646,2335.099629664681,0.8012031145309921,-0.0020001837009742513,3566.7125714720773,2366.7125714720773,80000.0,1.0,7.110748277735031e-07,248012.16281293044,220564.59888033546,-5.889423516970552e-10
386.43999999979354,upper,220782.8264982387,248147.83524323016,1984.7463917267587,1233.772326288682,2336.966493681108,0.8009830943713189,-0.002000182839202183,3564.1339787496054,2364.1339787496054,80000.0,1.0,7.009345561438533e-07,248147.83524323016,220782.8264982387,-5.857137670522364e-10
386.54999999979344,upper,221001.2431464046,248283.5927593834,1986.4656655222354,1234.5463069172126,2338.8352708606108,0.8007630743062185,-0.0020001819814693548,3561.5553860271334,2361.5553860271334,80000.0,1.0,6.909322218993628e-07,248283.5927593834,221001.2431464046,-5.824962539563094e-10
386.65999999979334,upper,221219.84900462654,248419.4354654672,1988.1865749437918,1235.321234324274,2340.705963755203,0.8005430543352472,-0.0020001811277555004,3558.9767933046614,2358.9767933046614,80000.0,1.0,6.810660402128067e-07,248419.4354654672,221219.84900462654,-5.793017234246525e-10
386.76999999979324,upper,221438.64425294905,248555.36346569585,1989.9091222788802,1236.0971097602908,2342.57857492261,0.8003230344579645,-0.002000180278042761,3556.3982005821895,2356.3982005821895,80000.0,1.0,6.71334248160139e-07,248555.36346569585,221438.64425294905,-5.761216735030983e-10
386.87999999979314,upper,221657.62907166875,248691.3768644214,1991.6333098199113,1236.8739344784024,2344.453106926282,0.8001030146739311,-0.002000179432311974,3553.8196078597175,2353.8196078597175,80000.0,1.0,6.617351044663144e-07,248691.3768644214,221657.62907166875,-5.729594369323513e-10
386.98999999979304,upper,221876.8036413345,248827.47576613407,1993.3591398642704,1237.6517097344713,2346.3295623354115,0.7998829949827098,-0.002000178590545019,3551.2410151372455,2351.2410151372455,80000.0,1.0,6.522668892539004e-07,248827.47576613407,221876.8036413345,-5.698139197845221e-10
387.09999999979294,upper,222096.16814274839,248963.66027546223,1995.0866147143304,1238.430436787091,2348.2079437249486,0.7996629753838657,-0.0020001777527221395,3548.6624224147736,2348.6624224147736,80000.0,1.0,6.429279037944686e-07,248963.66027546223,222096.16814274839,-5.666898375090748e-10
387.20999999979284,upper,222315.72275696587,249099.9304971727,1996.8157366774687,1239.2101168975928,2350.0882536756208,0.799442955876966,-0.0020001769188263316,3546.0838296923016,2346.0838296923016,80000.0,1.0,6.337164702626881e-07,249099.9304971727,222315.72275696587,-5.63578180370455e-10
387.31999999979274,upper,222535.46766529643,249236.28653617145,1998.5465080660779,1239.990751330055,2351.9704947739433,0.7992229364615797,-0.002000176088838664,3543.5052369698296,2343.5052369698296,80000.0,1.0,6.246309314930952e-07,249236.28653617145,222535.46766529643,-5.604822461989682e-10
387.42999999979264,upper,222755.40304930432,249372.72849750356,2000.2789311975832,1240.7723413513108,2353.8546696122426,0.7990029171372781,-0.0020001752627408285,3540.9266442473577,2340.9266442473577,80000.0,1.0,6.156696507395666e-07,249372.72849750356,222755.40304930432,-5.574035775336627e-10
387.53999999979254,upper,222975.52909080897,249509.25648635358,2002.0130083944564,1241.5548882309563,2355.740780788668,0.7987828979036342,-0.0020001744405145467,3538.3480515248857,2338.3480515248857,80000.0,1.0,6.068310114374248e-07,249509.25648635358,222975.52909080897,-5.543416443960182e-10
387.64999999979244,upper,223195.84597188552,249645.8706080459,2003.7487419842307,1242.3383932413562,2357.628830907211,0.798562878760223,-0.002000173622141159,3535.7694588024137,2335.7694588024137,80000.0,1.0,5.981134169681366e-07,249645.8706080459,223195.84597188552,-5.513021138394279e-10
387.75999999979234,upper,223416.3538748654,249782.57096804486,2005.4861342995152,1243.1228576576557,2359.51882257772,0.7983428597066217,-0.0020001728076036234,3533.1908660799418,2333.1908660799418,80000.0,1.0,5.895152904266326e-07,249782.57096804486,223416.3538748654,-5.482751897033932e-10
387.86999999979224,upper,223637.05298233702,249919.35767195554,2007.2251876780101,1243.9082827577856,2361.410758415919,0.7981228407424094,-0.0020001719968833903,3530.61227335747,2330.61227335747,80000.0,1.0,5.810350743911295e-07,249919.35767195554,223637.05298233702,-5.452683064383402e-10
387.97999999979214,upper,223857.94347714612,250056.23082552355,2008.965904462521,1244.6946698224715,2363.304641043424,0.7979028218671672,-0.0020001711899630377,3528.033680634998,2328.033680634998,80000.0,1.0,5.726712306955592e-07,250056.23082552355,223857.94347714612,-5.422774495579505e-10
388.08999999979204,upper,224079.02554239644,250193.1905346356,2010.7082870009742,1245.4820201352422,2365.2004730877584,0.7976828030804781,-0.0020001703868242726,3525.455087912526,2325.455087912526,80000.0,1.0,5.644222402044491e-07,250193.1905346356,224079.02554239644,-5.393025171456395e-10
388.19999999979194,upper,224300.29936145028,250330.23690531962,2012.4523376464324,1246.2703349824376,2367.098257182373,0.7974627843819271,-0.002000169587450342,3522.876495190054,2322.876495190054,80000.0,1.0,5.562866025903061e-07,250330.23690531962,224300.29936145028,-5.363368404598951e-10
388.30999999979184,upper,224521.765117929,250467.3700437453,2014.1980587571081,1247.0596156532165,2368.99799596666,0.797242765771101,-0.0020001687918223517,3520.297902467582,2320.297902467582,80000.0,1.0,5.482628361134511e-07,250467.3700437453,224521.765117929,-5.333977383566254e-10
388.41999999979174,upper,224743.42299571386,250604.59005622426,2015.9454526963798,1247.8498634395655,2370.8996920859713,0.7970227472475886,-0.002000167999923774,3517.71930974511,2317.71930974511,80000.0,1.0,5.40349477404278e-07,250604.59005622426,224743.42299571386,-5.304658896860862e-10
388.52999999979164,upper,224965.2731789461,250741.8970492104,2017.6945218328065,1248.6410796363061,2372.803348191636,0.7968027288109809,-0.0020001672117362567,3515.140717022638,2315.140717022638,80000.0,1.0,5.325450812479301e-07,250741.8970492104,224965.2731789461,-5.275594451687264e-10
388.63999999979154,upper,225187.315852028,250879.29112930025,2019.445268540145,1249.433265541105,2374.708966940978,0.7965827104608705,-0.0020001664272432467,3512.562124300166,2312.562124300166,80000.0,1.0,5.248482203713412e-07,250879.29112930025,225187.315852028,-5.246653848545436e-10
388.74999999979144,upper,225409.55119962306,251016.77240323307,2021.197695197361,1250.2264224544804,2376.616550997332,0.7963626921968517,-0.002000165646427381,3509.983531577694,2309.983531577694,80000.0,1.0,5.172574852326465e-07,251016.77240323307,225409.55119962306,-5.217871512538706e-10
388.85999999979134,upper,225631.97940665696,251154.3409778916,2022.9518041886497,1251.020551679811,2378.5261030300617,0.7961426740185213,-0.002000164869271409,3507.404938855222,2307.404938855222,80000.0,1.0,5.097714838129007e-07,251154.3409778916,225631.97940665696,-5.1891931018367e-10
388.96999999979124,upper,225854.60065831777,251291.99696030194,2024.7075979034462,1251.8156545233455,2380.4376257145777,0.7959226559254776,-0.002000164095757451,3504.82634613275,2304.82634613275,80000.0,1.0,5.023888414101386e-07,251291.99696030194,225854.60065831777,-5.160758550178099e-10
389.07999999979114,upper,226077.41514005672,251429.74045763403,2026.4650787364444,1252.6117322942087,2382.351121732353,0.7957026379173209,-0.002000163325869912,3502.247753410278,2302.247753410278,80000.0,1.0,4.951082004356757e-07,251429.74045763403,226077.41514005672,-5.132369331025728e-10
389.18999999979104,upper,226300.42303758877,251567.57157720203,2028.2242490876113,1253.408786304412,2384.266593770945,0.7954826199936532,-0.002000162559590441,3499.669160687806,2299.669160687806,80000.0,1.0,4.879282202127051e-07,251567.57157720203,226300.42303758877,-5.104201216816564e-10
389.29999999979094,upper,226523.6245368932,251705.49042646462,2029.9851113622015,1254.2068178688614,2386.1840445240064,0.7952626021540786,-0.0020001617969027433,3497.0905679653342,2297.0905679653342,80000.0,1.0,4.808475767770938e-07,251705.49042646462,226523.6245368932,-5.076205611406555e-10
389.40999999979084,upper,226747.0198242141,251843.4971130251,2031.7476679707743,1255.005828305365,2388.1034766913085,0.7950425843982029,-0.002000161037789549,3494.5119752428623,2294.5119752428623,80000.0,1.0,4.738649626804287e-07,251843.4971130251,226747.0198242141,-5.048409140678946e-10
389.51999999979074,upper,226970.60908606093,251981.59174463217,2033.5119213292094,1255.8058189346425,2390.0248929787576,0.7948225667256338,-0.002000160282234975,3491.9333825203903,2291.9333825203903,80000.0,1.0,4.669790867952066e-07,251981.59174463217,226970.60908606093,-5.020690975471772e-10
389.62999999979064,upper,227194.3925092094,252119.77442917967,2035.277873858721,1256.6067910803342,2391.948296098411,0.7946025491359806,-0.002000159530222091,3489.3547897979183,2289.3547897979183,80000.0,1.0,4.601886741222391e-07,252119.77442917967,227194.3925092094,-4.993150125346145e-10
389.73999999979054,upper,227418.37028070173,252258.04527470743,2037.0455279858759,1257.4087460690082,2393.8736887684972,0.7943825316288549,-0.0020001587817343445,3486.7761970754464,2286.7761970754464,80000.0,1.0,4.534924656001488e-07,252258.04527470743,227418.37028070173,-4.965687911422799e-10
389.84999999979044,upper,227642.5425878474,252396.4043894012,2038.814886142607,1258.2116852301688,2395.801073713432,0.7941625142038697,-0.0020001580367545956,3484.1976043529744,2284.1976043529744,80000.0,1.0,4.4688921791703563e-07,252396.4043894012,227642.5425878474,-4.938464304911456e-10
389.95999999979034,upper,227866.90961822358,252534.85188159323,2040.5859507662308,1259.0156098962684,2397.730453663838,0.7939424968606401,-0.0020001572952672818,3481.6190116305024,2281.6190116305024,80000.0,1.0,4.403777033242006e-07,252534.85188159323,227866.90961822358,-4.911329106679657e-10
390.06999999979024,upper,228091.47155967593,252673.38785976253,2042.358724299463,1259.820521402712,2399.6618313565623,0.793722479598783,-0.002000156557255634,3479.0404189080305,2279.0404189080305,80000.0,1.0,4.339567094519659e-07,252673.38785976253,228091.47155967593,-4.884389327739031e-10
390.17999999979014,upper,228316.22860031915,252812.01243253506,2044.1332091904337,1260.6264210878683,2401.5952095346934,0.7935024624179166,-0.0020001558227030827,3476.4618261855585,2276.4618261855585,80000.0,1.0,4.276250391275507e-07,252812.01243253506,228316.22860031915,-4.857594283269482e-10
390.28999999979004,upper,228541.1809285375,252950.72570868424,2045.9094078927048,1261.433310293078,2403.5305909475815,0.7932824453176613,-0.0020001550915937825,3473.8832334630865,2273.8832334630865,80000.0,1.0,4.2138151019497375e-07,252950.72570868424,228541.1809285375,-4.830954632192984e-10
390.39999999978994,upper,228766.32873298548,253089.52779713122,2047.687322865286,1262.2411903626628,2405.467978350856,0.7930624282976395,-0.0020001543639123417,3471.3046407406146,2271.3046407406146,80000.0,1.0,4.152249553369641e-07,253089.52779713122,228766.32873298548,-4.804404395158291e-10
390.50999999978984,upper,228991.67220258823,253228.4188069451,2049.4669565726485,1263.0500626439334,2407.4073745064416,0.792842411357475,-0.0020001536396411818,3468.7260480181426,2268.7260480181426,80000.0,1.0,4.091542218988765e-07,253228.4188069451,228991.67220258823,-4.778078479396782e-10
390.61999999978974,upper,229217.2115265424,253367.39884734343,2051.2483114847446,1263.8599284871993,2409.3487821825806,0.7926223944967934,-0.0020001529187658094,3466.1474552956706,2266.1474552956706,80000.0,1.0,4.03168171714554e-07,253367.39884734343,229217.2115265424,-4.751825924676e-10
390.72999999978964,upper,229442.94689431656,253506.46802769252,2053.031390077023,1264.670789245777,2411.2922041538495,0.7924023777152219,-0.00200015220126943,3463.5688625731987,2263.5688625731987,80000.0,1.0,3.972656809341614e-07,253506.46802769252,229442.94689431656,-4.725724072591429e-10
390.83999999978954,upper,229668.87849565194,253645.6264575075,2054.8161948304432,1265.4826462759997,2413.2376432011765,0.7921823610123901,-0.0020001514871359504,3460.9902698507267,2260.9902698507267,80000.0,1.0,3.9144563985394816e-07,253645.6264575075,229668.87849565194,-4.699856157148795e-10
390.94999999978944,upper,229895.00652056307,253784.87424645302,2056.6027282314944,1266.2955009372251,2415.185102111862,0.7919623443879287,-0.002000150776351265,3458.4116771282547,2258.4116771282547,80000.0,1.0,3.8570695274788344e-07,253784.87424645302,229895.00652056307,-4.673988325900614e-10
391.05999999978934,upper,230121.33115933803,253924.2115043434,2058.3909927722125,1267.1093545918457,2417.1345836795967,0.79174232784147,-0.0020001500688977773,3455.8330844057828,2255.8330844057828,80000.0,1.0,3.8004853770122714e-07,253924.2115043434,230121.33115933803,-4.648356720875659e-10
391.16999999978924,upper,230347.85260253967,254063.63834114303,2060.180990950194,1267.9242086052964,2419.086090704481,0.7915223113726488,-0.0020001493647610257,3453.254491683311,2253.254491683311,80000.0,1.0,3.7446932644593366e-07,254063.63834114303,230347.85260253967,-4.622844793466376e-10
391.27999999978914,upper,230574.57104100563,254203.15486696662,2061.972725268612,1268.7400643460649,2421.0396259930408,0.791302294981101,-0.0020001486639249035,3450.675898960839,2250.675898960839,80000.0,1.0,3.689682641979259e-07,254203.15486696662,230574.57104100563,-4.59749887466948e-10
391.38999999978904,upper,230801.48666584925,254342.76119207952,2063.766198236238,1269.5569231857,2422.9951923582507,0.7910822786664642,-0.002000147966374562,3448.097306238367,2248.097306238367,80000.0,1.0,3.635443094961857e-07,254342.76119207952,230801.48666584925,-4.572265208073026e-10
391.49999999978894,upper,231028.59966846026,254482.45742689815,2065.561412367453,1270.3747864988209,2424.9527926195497,0.7908622624283781,-0.002000147272094217,3445.518713515895,2245.518713515895,80000.0,1.0,3.5819643404366e-07,254482.45742689815,231028.59966846026,-4.5471757667294137e-10
391.60999999978884,upper,231255.91024050512,254622.24368199045,2067.3583701822686,1271.1936556631256,2426.912429602862,0.7906422462664836,-0.0020001465810684273,3442.940120793423,2242.940120793423,80000.0,1.0,3.529236225499426e-07,254622.24368199045,231255.91024050512,-4.522220978286469e-10
391.71999999978874,upper,231483.41857392795,254762.12006807595,2069.1570742063413,1272.0135320594022,2428.874106140617,0.7904222301804236,-0.002000145893282746,3440.361528070951,2240.361528070951,80000.0,1.0,3.477248725757537e-07,254762.12006807595,231483.41857392795,-4.4973494380462115e-10
391.82999999978864,upper,231711.12486095098,254902.08669602612,2070.9575269709903,1272.834417071536,2430.8378250717665,0.7902022141698426,-0.0020001452087207885,3437.782935348479,2237.782935348479,80000.0,1.0,3.425991943791623e-07,254902.08669602612,231711.12486095098,-4.4727330949555704e-10
391.93999999978854,upper,231939.0292940751,255042.14367686515,2072.759731013213,1273.6563120865194,2432.803589241803,0.7899821982343865,-0.002000144527368463,3435.204342626007,2235.204342626007,80000.0,1.0,3.3754561076350905e-07,255042.14367686515,231939.0292940751,-4.4481798464523877e-10
392.04999999978844,upper,232167.13206608064,255182.29112176964,2074.5636888757035,1274.4792184944617,2434.771401502782,0.7897621823737037,-0.002000143849210133,3432.625749903535,2232.625749903535,80000.0,1.0,3.3256315692711374e-07,255182.29112176964,232167.13206608064,-4.4237737877591413e-10
392.15999999978834,upper,232395.43337002798,255322.52914206948,2076.3694031068735,1275.3031376885976,2436.7412647133415,0.7895421665874431,-0.002000143174231979,3430.047157181063,2230.047157181063,80000.0,1.0,3.276508803146086e-07,255322.52914206948,232395.43337002798,-4.3993974976648475e-10
392.26999999978824,upper,232623.93339925798,255462.8578492479,2078.1768762608613,1276.128071065297,2438.713181738719,0.789322150875256,-0.0020001425024174097,3427.468564458591,2227.468564458591,80000.0,1.0,3.228078404700034e-07,255462.8578492479,232623.93339925798,-4.3752624732414985e-10
392.37999999978814,upper,232852.632347393,255603.2773549419,2079.9861108975538,1276.9540200240745,2440.6871554507707,0.7891021352367953,-0.0020001418337529343,3424.889971736119,2224.889971736119,80000.0,1.0,3.1803310889138e-07,255603.2773549419,232852.632347393,-4.351253120899344e-10
392.48999999978804,upper,233081.5304083372,255743.78777094267,2081.7971095826056,1277.7809859675992,2442.663188727996,0.788882119671715,-0.0020001411682229317,3422.311379013647,2222.311379013647,80000.0,1.0,3.1332576888725056e-07,255743.78777094267,233081.5304083372,-4.3273933235160346e-10
392.59999999978794,upper,233310.62777627722,255884.38920919586,2083.6098748874515,1278.608970301703,2444.6412844555502,0.7886621041796712,-0.002000140505813401,3419.732786291175,2219.732786291175,80000.0,1.0,3.086849154345269e-07,255884.38920919586,233310.62777627722,-4.3036135080958727e-10
392.70999999978784,upper,233539.92464568297,256025.08178180177,2085.4244093893276,1279.437974435391,2446.62144552527,0.7884420887603217,-0.002000139846509162,3417.1541935687032,2217.1541935687032,80000.0,1.0,3.0410965503812157e-07,256025.08178180177,233539.92464568297,-4.279988225335267e-10
392.81999999978774,upper,233769.42121130813,256165.86560101603,2087.2407156712893,1280.2679997808505,2448.6036748356923,0.7882220734133255,-0.0020001391902960846,3414.5756008462313,2214.5756008462313,80000.0,1.0,2.995991055921128e-07,256165.86560101603,233769.42121130813,-4.256548379117162e-10
392.92999999978764,upper,233999.11766819083,256306.74077924984,2089.0587963222265,1281.0990477534613,2450.587975292072,0.7880020581383433,-0.0020001385371599674,3411.9970081237593,2211.9970081237593,80000.0,1.0,2.951523962425004e-07,256306.74077924984,233999.11766819083,-4.2331241053626227e-10
393.03999999978754,upper,234229.0142116543,256447.70742907017,2090.8786539368807,1281.9311197718048,2452.574349806402,0.7877820429350377,-0.0020001378870857824,3409.4184154012873,2209.4184154012873,80000.0,1.0,2.907686672515228e-07,256447.70742907017,234229.0142116543,-4.209876113585778e-10
393.14999999978744,upper,234459.11103730762,256588.76566320015,2092.700291115865,1282.7642172576736,2454.5628012974366,0.7875620278030724,-0.00200013724005939,3406.8398226788154,2206.8398226788154,80000.0,1.0,2.864470698635133e-07,256588.76566320015,234459.11103730762,-4.186768889015674e-10
393.25999999978734,upper,234689.40834104607,256729.91559451955,2094.523710465682,1283.5983416360816,2456.553332690709,0.7873420127421128,-0.002000136596066488,3404.2612299563434,2204.2612299563434,80000.0,1.0,2.821867661722744e-07,256729.91559451955,234689.40834104607,-4.1637741574151285e-10
393.36999999978724,upper,234919.90631905207,256871.1573360651,2096.3489145987405,1284.4334943352728,2458.5459469185516,0.7871219977518262,-0.0020001359550926474,3401.6826372338714,2201.6826372338714,80000.0,1.0,2.779869289899645e-07,256871.1573360651,234919.90631905207,-4.140933755270724e-10
393.47999999978714,upper,235150.6051677958,257012.4910010308,2098.1759061333723,1285.2696767867321,2460.540646920117,0.7869019828318816,-0.002000135317124976,3399.1040445113995,2199.1040445113995,80000.0,1.0,2.738467417174848e-07,257012.4910010308,235150.6051677958,-4.118159103082221e-10
393.58999999978704,upper,235381.50508403563,257153.91670276833,2100.0046876938527,1286.1068904251947,2462.5374356413995,0.7866819679819488,-0.0020001346821473093,3396.5254517889275,2196.5254517889275,80000.0,1.0,2.6976539821633406e-07,257153.91670276833,235381.50508403563,-4.095606375193707e-10
393.69999999978694,upper,235612.6062648191,257295.43455478727,2101.835261910417,1286.9451366886562,2464.5363160352526,0.7864619532016996,-0.0020001340501477156,3393.9468590664555,2193.9468590664555,80000.0,1.0,2.657421026819311e-07,257295.43455478727,235612.6062648191,-4.073088220896334e-10
393.80999999978684,upper,235843.9089074833,257437.04467075554,2103.66763141928,1287.7844170183814,2466.5372910614137,0.7862419384908074,-0.0020001334211113683,3391.3682663439836,2191.3682663439836,80000.0,1.0,2.617760695183812e-07,257437.04467075554,235843.9089074833,-4.050716331829012e-10
393.91999999978674,upper,236075.41320965558,257578.7471645,2105.5017988626514,1288.6247328589154,2468.540363686519,0.7860219238489465,-0.002000132795023805,3388.7896736215116,2188.7896736215116,80000.0,1.0,2.5786652321465753e-07,257578.7471645,236075.41320965558,-4.028451781505707e-10
394.02999999978664,upper,236307.11936925445,257720.54215000637,2107.337766888756,1289.4660856580933,2470.5455368841303,0.7858019092757939,-0.0020001321718723587,3386.2110808990396,2186.2110808990396,80000.0,1.0,2.5401269822223103e-07,257720.54215000637,236307.11936925445,-4.0063310431432783e-10
394.13999999978654,upper,236539.02758448984,257862.42974141982,2109.175538151852,1290.3084768670499,2472.5528136347502,0.785581894771027,-0.0020001315516418755,3383.6324881765677,2183.6324881765677,80000.0,1.0,2.5021383883406536e-07,257862.42974141982,236539.02758448984,-3.9843610519366763e-10
394.24999999978644,upper,236771.13805386407,258004.41005304543,2111.0151153122506,1291.1519079402294,2474.56219692585,0.7853618803343255,-0.002000130934320056,3381.0538954540957,2181.0538954540957,80000.0,1.0,2.4646919906501414e-07,258004.41005304543,236771.13805386407,-3.962481112929441e-10
394.35999999978634,upper,237003.45097617246,258146.48319934844,2112.8565010363313,1291.9963803353962,2476.5736897518827,0.7851418659653702,-0.00200013031989299,3378.4753027316237,2178.4753027316237,80000.0,1.0,2.4277804253358316e-07,258146.48319934844,237003.45097617246,-3.9406826934536514e-10
394.46999999978624,upper,237235.96655050403,258288.64929495464,2114.6996979965643,1292.8418955136444,2478.5872951143106,0.784921851663843,-0.002000129708346581,3375.896710009152,2175.896710009152,80000.0,1.0,2.391396423450479e-07,258288.64929495464,237235.96655050403,-3.9190452401383156e-10
394.57999999978614,upper,237468.6849762419,258430.90845465058,2116.544708871524,1293.6884549394085,2480.60301602162,0.7847018374294281,-0.002000129099667242,3373.31811728668,2173.31811728668,80000.0,1.0,2.35553280975917e-07,258430.90845465058,237468.6849762419,-3.8975374139142314e-10
394.68999999978604,upper,237701.60645306433,258573.26079338422,2118.391536345914,1294.5360600804738,2482.6208554893515,0.784481823261811,-0.0020001284938423905,3370.739524564208,2170.739524564208,80000.0,1.0,2.320182501597085e-07,258573.26079338422,237701.60645306433,-3.87611477996577e-10
394.79999999978594,upper,237934.73118094527,258715.70642626518,2120.2401831105813,1295.3847124079855,2484.6408165401112,0.7842618091606782,-0.0020001278908582843,3368.160931841736,2168.160931841736,80000.0,1.0,2.2853385077404627e-07,258715.70642626518,237934.73118094527,-3.8548244840915063e-10
394.90999999978584,upper,238168.05936015485,258858.24546856494,2122.090651862535,1296.2344133964582,2486.6629022035977,0.784041795125718,-0.002000127290701279,3365.582339119264,2165.582339119264,80000.0,1.0,2.2509939272905792e-07,258858.24546856494,238168.05936015485,-3.8336233988080616e-10
395.01999999978574,upper,238401.59119126035,259000.8780357175,2123.9429453049693,1297.0851645237901,2488.687115516624,0.7838217811566204,-0.0020001266933587763,3363.003746396792,2163.003746396792,80000.0,1.0,2.2171419485704542e-07,259000.8780357175,238401.59119126035,-3.812573657550667e-10
395.12999999978564,upper,238635.32687512663,259143.60424331954,2125.7970661472777,1297.9369672712685,2490.7134595231364,0.7836017672530761,-0.0020001260988167587,3360.42515367432,2160.42515367432,80000.0,1.0,2.1837758480343425e-07,259143.60424331954,238635.32687512663,-3.7916328400065975e-10
395.23999999978554,upper,238869.26661291695,259286.42420713094,2127.6530171050754,1298.7898231235836,2492.7419372742374,0.7833817534147779,-0.002000125507062667,3357.846560951848,2157.846560951848,80000.0,1.0,2.150888989189694e-07,259286.42420713094,238869.26661291695,-3.7707816959661836e-10
395.34999999978544,upper,239103.41060609373,259429.33804307508,2129.510800900216,1299.6437335688374,2494.7725518282077,0.78316173964142,-0.0020001249180833522,3355.267968229376,2155.267968229376,80000.0,1.0,2.118474821531658e-07,259429.33804307508,239103.41060609373,-3.7500520179930385e-10
395.45999999978534,upper,239337.75905641905,259572.34586723917,2131.3704202608133,1300.498700098554,2496.8053062505264,0.7829417259326976,-0.002000124331865852,3352.689375506904,2152.689375506904,80000.0,1.0,2.0865268794897655e-07,259572.34586723917,239337.75905641905,-3.729437527874126e-10
395.56999999978524,upper,239572.31216595543,259715.44779587464,2133.2318779212574,1301.3547242076918,2498.840203613895,0.7827217122883081,-0.0020001237483970916,3350.110782784432,2150.110782784432,80000.0,1.0,2.0550387813868168e-07,259715.44779587464,239572.31216595543,-3.708948603425974e-10
395.67999999978514,upper,239807.0701370665,259858.64394539766,2135.0951766222374,1302.2118073946513,2500.877246998258,0.7825016987079496,-0.002000123167664421,3347.53219006196,2147.53219006196,80000.0,1.0,2.024004228409775e-07,259858.64394539766,239807.0701370665,-3.688580169793829e-10
395.78999999978504,upper,240042.03317241787,260001.93443238936,2136.960319110758,1303.0699511612875,2502.9164394908257,0.7822816851913218,-0.002000122589654708,3344.953597339488,2144.953597339488,80000.0,1.0,1.9934170035925712e-07,260001.93443238936,240042.03317241787,-3.6683556840103864e-10
395.89999999978494,upper,240277.2014749774,260145.31937359626,2138.8273081401608,1303.929157012921,2504.9577841860955,0.7820616717381257,-0.0020001220143558486,3342.375004617016,2142.375004617016,80000.0,1.0,1.9632709708106517e-07,260145.31937359626,240277.2014749774,-3.648163604895837e-10
396.00999999978484,upper,240512.57524801636,260288.79888593065,2140.696146470142,1304.7894264583465,2507.001284185873,0.781841658348064,-0.0020001214417544274,3339.7964118945442,2139.7964118945442,80000.0,1.0,1.933560073787166e-07,260288.79888593065,240512.57524801636,-3.6280828099569033e-10
396.11999999978474,upper,240748.15469510993,260432.37308647097,2142.566836866776,1305.650761009846,2509.0469425992997,0.7816216450208406,-0.0020001208718383977,3337.2178191720723,2137.2178191720723,80000.0,1.0,1.9042783351107143e-07,260432.37308647097,240748.15469510993,-3.6081218718058854e-10
396.22999999978464,upper,240983.94002013784,260576.04209246224,2144.4393821025296,1306.5131621831977,2511.094762542867,0.781401631756161,-0.0020001203045943066,3334.6392264496003,2134.6392264496003,80000.0,1.0,1.8754198552643457e-07,260576.04209246224,240983.94002013784,-3.588311669469757e-10
396.33999999978454,upper,241219.93142728513,260719.8060213164,2146.313784956285,1307.3766314976874,2513.1447471404454,0.7811816185537318,-0.0020001197400102834,3332.0606337271283,2132.0606337271283,80000.0,1.0,1.846978811665978e-07,260719.8060213164,241219.93142728513,-3.5686335280937976e-10
396.44999999978444,upper,241456.129121043,260863.6649906127,2148.19004821336,1308.2411704761196,2515.196899523305,0.7809616054132611,-0.002000119178074528,3329.4820410046564,2129.4820410046564,80000.0,1.0,1.8189494577198574e-07,260863.6649906127,241456.129121043,-3.5489389903120917e-10
396.55999999978434,upper,241692.53330620922,261007.61911809808,2150.068174665527,1309.106780644827,2517.2512228301357,0.7807415923344584,-0.0020001186187731225,3326.9034482821844,2126.9034482821844,80000.0,1.0,1.791326121879056e-07,261007.61911809808,241692.53330620922,-3.529486212774962e-10
396.66999999978424,upper,241929.14418788915,261151.6685216876,2151.948167111032,1309.973463533684,2519.3077202070745,0.7805215793170344,-0.002000118062094656,3324.3248555597124,2124.3248555597124,80000.0,1.0,1.7641032067188736e-07,261151.6685216876,241929.14418788915,-3.5100659066922646e-10
396.77999999978414,upper,242165.9619714962,261295.81331946477,2153.8300283546187,1310.8412206761143,2521.3663948077246,0.7803015663607011,-0.0020001175080268446,3321.7462628372405,2121.7462628372405,80000.0,1.0,1.7372751880210153e-07,261295.81331946477,242165.9619714962,-3.4907640260822676e-10
396.88999999978404,upper,242402.9868627528,261440.053629682,2155.7137612075426,1311.7100536091057,2523.42724979318,0.7800815534651725,-0.0020001169565574597,3319.1676701147685,2119.1676701147685,80000.0,1.0,1.7108366138684033e-07,261440.053629682,242402.9868627528,-3.471541810594909e-10
396.99999999978394,upper,242640.21906769084,261584.38957076092,2157.599368487597,1312.5799638732174,2525.4902883320487,0.7798615406301632,-0.002000116407673651,3316.5890773922965,2116.5890773922965,80000.0,1.0,1.6847821037505947e-07,261584.38957076092,242640.21906769084,-3.452487491809104e-10
397.10999999978384,upper,242877.65879265263,261728.82126129288,2159.4868530191284,1313.4509530125938,2527.5555136004728,0.7796415278553894,-0.002000115861364031,3314.0104846698246,2114.0104846698246,80000.0,1.0,1.6591063476795438e-07,261728.82126129288,242877.65879265263,-3.4335477109652314e-10
397.21999999978374,upper,243115.30624429142,261873.34882003922,2161.3762176330624,1314.3230225749742,2529.6229287821575,0.7794215151405686,-0.0020001153176169776,3311.4318919473526,2111.4318919473526,80000.0,1.0,1.6338041053157485e-07,261873.34882003922,243115.30624429142,-3.414599258695465e-10
397.32999999978364,upper,243353.16162957228,262017.97236593178,2163.267465166919,1315.196174111704,2531.692537068388,0.7792015024854195,-0.0020001147764193636,3308.8532992248806,2108.8532992248806,80000.0,1.0,1.6088702051045471e-07,262017.97236593178,243353.16162957228,-3.395814759072705e-10
397.43999999978354,upper,243591.22515577282,262162.6920180732,2165.160598464835,1316.0704091777468,2533.7643416580563,0.7789814898896626,-0.0020001142377596734,3306.2747065024087,2106.2747065024087,80000.0,1.0,1.5842995434225472e-07,262162.6920180732,243591.22515577282,-3.3771382889258126e-10
397.54999999978344,upper,243829.49703048373,262307.5078957374,2167.0556203775855,1316.9457293316943,2535.8383457576847,0.7787614773530193,-0.002000113701626086,3303.6961137799367,2103.6961137799367,80000.0,1.0,1.5600870837340143e-07,262307.5078957374,243829.49703048373,-3.358584260007507e-10
397.65999999978334,upper,244067.9774616098,262452.42011837004,2168.9525337626064,1317.8221361357796,2537.9145525814497,0.7785414648752121,-0.0020001131680069885,3301.1175210574647,2101.1175210574647,80000.0,1.0,1.536227855757079e-07,262452.42011837004,244067.9774616098,-3.3400829371317975e-10
397.76999999978324,upper,244306.6666573705,262597.42880558857,2170.8513414840095,1318.6996311558862,2539.992965351202,0.7783214524559656,-0.002000112636890812,3298.5389283349928,2098.5389283349928,80000.0,1.0,1.5127169546398388e-07,262597.42880558857,244306.6666573705,-3.3216903760988764e-10
397.87999999978314,upper,244545.56482630057,262742.5340771831,2172.7520464126087,1319.578215961561,2542.073587296496,0.7781014400950046,-0.002000112108264376,3295.960335612521,2095.960335612521,80000.0,1.0,1.4895495401459466e-07,262742.5340771831,244545.56482630057,-3.303476692263874e-10
397.98999999978304,upper,244784.67217725102,262887.7360531167,2174.6546514259385,1320.457892126024,2544.1564216546067,0.7778814277920559,-0.002000111582117842,3293.381742890049,2093.381742890049,80000.0,1.0,1.466720835849852e-07,262887.7360531167,244784.67217725102,-3.2852681481752445e-10
398.09999999978294,upper,245023.98891938975,263033.03485352517,2176.559159408275,1321.3386612261831,2546.24147167056,0.7776614155468476,-0.0020001110584384955,3290.803150167577,2090.803150167577,80000.0,1.0,1.444226128341523e-07,263033.03485352517,245023.98891938975,-3.267202555237578e-10
398.20999999978284,upper,245263.51526220233,263178.4305987186,2178.4655732506594,1322.2205248426417,2548.3287405971537,0.777441403359109,-0.0020001105372150323,3288.224557445105,2088.224557445105,80000.0,1.0,1.4220607664403293e-07,263178.4305987186,245263.51526220233,-3.2492334475851296e-10
398.31999999978274,upper,245503.25141549265,263323.9234091809,2180.373895850916,1323.1034845597121,2550.418231694981,0.7772213912285704,-0.002000110018436552,3285.645964722633,2085.645964722633,80000.0,1.0,1.4002201604183322e-07,263323.9234091809,245503.25141549265,-3.2313205072284556e-10
398.42999999978264,upper,245743.19758938378,263469.51340557024,2182.284130113677,1323.9875419654277,2552.509948232457,0.7770013791549635,-0.002000109502090548,3283.067372000161,2083.067372000161,80000.0,1.0,1.3786997812327056e-07,263469.51340557024,245743.19758938378,-3.21355593464386e-10
398.53999999978254,upper,245983.35399431863,263615.20070872013,2184.1962789503987,1324.872698651554,2554.603893485841,0.7767813671380214,-0.0020001089881659354,3280.488779277689,2080.488779277689,80000.0,1.0,1.3574951597670027e-07,263615.20070872013,245983.35399431863,-3.195911633696813e-10
398.64999999978244,upper,246223.7208410609,263760.9854396391,2186.1103452793886,1325.7589562135988,2556.7000707392604,0.7765613551774784,-0.0020001084766524753,3277.910186555217,2077.910186555217,80000.0,1.0,1.336601886081605e-07,263760.9854396391,246223.7208410609,-3.178283858783754e-10
398.75999999978234,upper,246464.29834069542,263906.8677195112,2188.026332025825,1326.6463162508273,2558.798483284738,0.7763413432730697,-0.002000107967537102,3275.331593832745,2075.331593832745,80000.0,1.0,1.316015608672862e-07,263906.8677195112,246464.29834069542,-3.160810541143049e-10
398.86999999978224,upper,246705.08670462933,264052.8476696971,2189.944242121777,1327.534780366271,2560.8991344222145,0.7761213314245322,-0.0020001074608099073,3272.753001110273,2072.753001110273,80000.0,1.0,1.2957320337409156e-07,264052.8476696971,246705.08670462933,-3.143370169412528e-10
398.97999999978214,upper,246946.0861445927,264198.9254117335,2191.8640785062266,1328.4243501667402,2563.0020274595718,0.7759013196316038,-0.002000106956458389,3270.174408387801,2070.174408387801,80000.0,1.0,1.2757469244663467e-07,264198.9254117335,246946.0861445927,-3.1261625740527074e-10
399.08999999978204,upper,247187.29687263927,264345.10106733453,2193.785844125092,1329.3150272628366,2565.1071657126604,0.7756813078940239,-0.0020001064544730596,3267.595815665329,2067.595815665329,80000.0,1.0,1.2560561002951715e-07,264345.10106733453,247187.29687263927,-3.1089155137047974e-10
399.19999999978194,upper,247428.71910114711,264491.37475839135,2195.7095419312495,1330.206813268964,2567.214552505324,0.7754612962115329,-0.0020001059548422004,3265.017222942857,2065.017222942857,80000.0,1.0,1.2366554362324412e-07,264491.37475839135,247428.71910114711,-3.091794944241313e-10
399.30999999978184,upper,247670.35304281957,264637.7466069732,2197.6351748845555,1331.0997098033424,2569.3241911694236,0.7752412845838722,-0.0020001054575544274,3262.438630220385,2062.438630220385,80000.0,1.0,1.2175408621440737e-07,264637.7466069732,247670.35304281957,-3.074747284890428e-10
399.41999999978174,upper,247912.19891068593,264784.216735327,2199.5627459518673,1331.9937184880173,2571.4360850448634,0.775021273010785,-0.0020001049625989124,3259.8600374979133,2059.8600374979133,80000.0,1.0,1.198708362067101e-07,264784.216735327,247912.19891068593,-3.057821963636998e-10
399.52999999978164,upper,248154.25691810218,264930.78526587895,2201.492258107064,1332.8888409488736,2573.550237479613,0.7748012614920153,-0.002000104469964887,3257.2814447754413,2057.2814447754413,80000.0,1.0,1.1801539735278427e-07,264930.78526587895,248154.25691810218,-3.0410285553010124e-10
399.63999999978154,upper,248396.52727875198,265077.45232123404,2203.423714331073,1333.7850788156472,2575.666651829736,0.7745812500273079,-0.00200010397964115,3254.7028520529693,2054.7028520529693,80000.0,1.0,1.1618737868684247e-07,265077.45232123404,248396.52727875198,-3.02423818451115e-10
399.74999999978144,upper,248639.0102066471,265224.21802417655,2205.357117611889,1334.6824337219373,2577.7853314594163,0.7743612386164096,-0.0020001034916175896,3252.1242593304974,2052.1242593304974,80000.0,1.0,1.143863944581178e-07,265224.21802417655,248639.0102066471,-3.0075734701533226e-10
399.85999999978134,upper,248881.70591612853,265371.082497671,2207.292470944599,1335.5809073052185,2579.90627974098,0.7741412272590679,-0.002000103005882356,3249.5456666080254,2049.5456666080254,80000.0,1.0,1.1261206406508364e-07,265371.082497671,248881.70591612853,-2.9910212809709407e-10
399.96999999978124,upper,249124.61462186693,265518.0458648619,2209.2297773313994,1336.480501206853,2582.029500054921,0.7739212159550316,-0.0020001025224255903,3246.9670738855534,2046.9670738855534,80000.0,1.0,1.1086401199047522e-07,265518.0458648619,249124.61462186693,-2.974536248681855e-10
400.07999999978114,upper,249367.73653886374,265665.1082490751,2211.1690397816274,1337.3812170721023,2584.1549957899315,0.7737012047040506,-0.002000102041235976,3244.3884811630815,2044.3884811630815,80000.0,1.0,1.0914186773706109e-07,265665.1082490751,249367.73653886374,-2.9581867742022543e-10
400.18999999978104,upper,249611.07188245183,265812.26977381704,2213.1102613117737,1338.2830565501408,2586.282770342921,0.7734811935058764,-0.002000101562303802,3241.8098884406095,2041.8098884406095,80000.0,1.0,1.0744526576420635e-07,265812.26977381704,249611.07188245183,-2.94184265916862e-10
400.29999999978094,upper,249854.62086829616,265959.5305627759,2215.0534449455135,1339.1860212940676,2588.412827119048,0.7732611823602611,-0.0020001010856170744,3239.2312957181375,2039.2312957181375,80000.0,1.0,1.0577384542516238e-07,265959.5305627759,249854.62086829616,-2.925697634755647e-10
400.40999999978084,upper,250098.38371239477,266106.89073982224,2216.9985937137267,1340.090112960919,2590.545169531744,0.7730411712669583,-0.002000100611167125,3236.6527029956655,2036.6527029956655,80000.0,1.0,1.0412725090512008e-07,266106.89073982224,250098.38371239477,-2.9095563806707367e-10
400.51999999978074,upper,250342.3606310795,266254.3504290088,2218.9457106545183,1340.9953332116802,2592.679801002737,0.7728211602257226,-0.0020001001389418995,3234.0741102731936,2034.0741102731936,80000.0,1.0,1.0250513116000175e-07,266254.3504290088,250342.3606310795,-2.893567900526324e-10
400.62999999978064,upper,250586.55184101674,266401.9097545713,2220.8947988132445,1341.9016837112993,2594.8167249620815,0.7726011492363097,-0.0020000996689322013,3231.4955175507216,2031.4955175507216,80000.0,1.0,1.009071398559782e-07,266401.9097545713,250586.55184101674,-2.8775798990751706e-10
400.73999999978054,upper,250830.95755920836,266549.56884092884,2222.845861242534,1342.8091661286992,2596.9559448481823,0.7723811382984763,-0.0020000992011263703,3228.9169248282496,2028.9169248282496,80000.0,1.0,9.933293530970846e-08,266549.56884092884,250830.95755920836,-2.861735922583225e-10
400.84999999978044,upper,251075.57800299226,266697.32781268447,2224.798901002312,1343.71778213679,2599.0974641078215,0.7721611274119808,-0.002000098735514902,3226.3383321057777,2026.3383321057777,80000.0,1.0,9.778218042929569e-08,266697.32781268447,251075.57800299226,-2.845946809715442e-10
400.95999999978034,upper,251320.41339004345,266845.18679462525,2226.7539211598264,1344.6275334124814,2601.241286196188,0.7719411165765825,-0.0020000982720875344,3223.7597393833057,2023.7597393833057,80000.0,1.0,9.625454265595242e-08,266845.18679462525,251320.41339004345,-2.8302354352424785e-10
401.06999999978024,upper,251565.4639383747,266993.14591172326,2228.710924789665,1345.5384216366974,2603.387414576897,0.7717211057920416,-0.0020000978108332024,3221.1811466608337,2021.1811466608337,80000.0,1.0,9.474969390635173e-08,266993.14591172326,251565.4639383747,-2.814687469686564e-10
401.17999999978014,upper,251810.72986633753,267141.2052891353,2230.6699149737856,1346.4504484943861,2605.535852722025,0.7715010950581195,-0.0020000973517431543,3218.602553938362,2018.6025539383618,80000.0,1.0,9.326731051568958e-08,267141.2052891353,251810.72986633753,-2.7991268631989993e-10
401.28999999978004,upper,252056.21139262253,267289.3650522039,2232.630894801534,1347.3636156745354,2607.6866041121307,0.7712810843745787,-0.0020000968948059817,3216.02396121589,2016.0239612158898,80000.0,1.0,9.180707318140724e-08,267289.3650522039,252056.21139262253,-2.783712927545541e-10
401.39999999977994,upper,252301.90873626096,267437.6253264576,2234.593867369672,1348.2779248701836,2609.839672236284,0.7710610737411832,-0.0020000964400120713,3213.445368493418,2013.4453684934178,80000.0,1.0,9.036866690760392e-08,267437.6253264576,252301.90873626096,-2.7683814561314453e-10
401.50999999977984,upper,252547.82211662485,267585.98623761145,2236.5588357823976,1349.1933777784343,2611.9950605920935,0.7708410631576975,-0.0020000959873515524,3210.866775770946,2010.8667757709459,80000.0,1.0,8.895178095010961e-08,267585.98623761145,252547.82211662485,-2.753093541081462e-10
401.61999999977974,upper,252793.95175342815,267734.44791156735,2238.5258031513717,1350.1099761004673,2614.1527726857316,0.7706210526238877,-0.0020000955368139174,3208.288183048474,2008.288183048474,80000.0,1.0,8.75561087622208e-08,267734.44791156735,252793.95175342815,-2.7379626070321463e-10
401.72999999977964,upper,253040.29786672755,267883.0104744146,2240.4947725957422,1351.0277215415542,2616.312812031965,0.7704010421395207,-0.0020000950883904637,3205.709590326002,2005.709590326002,80000.0,1.0,8.618134794108744e-08,267883.0104744146,253040.29786672755,-2.7228203749530833e-10
401.83999999977954,upper,253286.86067692327,268031.6740524303,2242.4657472421654,1351.9466158110697,2618.4751821541804,0.7701810317043642,-0.0020000946420691253,3203.13099760353,2003.13099760353,80000.0,1.0,8.482720017474597e-08,268031.6740524303,253286.86067692327,-2.7078396222805485e-10
401.94999999977944,upper,253533.64040475982,268180.4387720796,2244.4387302248347,1352.866660622505,2620.639886584411,0.7699610213181881,-0.0020000941978421108,3200.552404881058,2000.552404881058,80000.0,1.0,8.349337118978988e-08,268180.4387720796,253533.64040475982,-2.6928897899278163e-10
402.05999999977934,upper,253780.63727132688,268329.3047600167,2246.413724685498,1353.7878576934806,2622.806928863365,0.7697410109807621,-0.0020000937556983603,3197.973812158586,1997.973812158586,80000.0,1.0,8.217957069966582e-08,268329.3047600167,253780.63727132688,-2.6780487055890146e-10
402.16999999977924,upper,254027.85149806025,268478.27214308473,2248.390733773488,1354.7102087457624,2624.9763125404525,0.7695210006918578,-0.0020000933156287754,3195.395219436114,1995.395219436114,80000.0,1.0,8.088551235360263e-08,268478.27214308473,254027.85149806025,-2.6632648381640164e-10
402.27999999977914,upper,254275.28330674247,268627.3410483167,2250.3697606457463,1355.6337155052709,2627.148041173816,0.7693009904512476,-0.002000092877623866,3192.816626713642,1992.816626713642,80000.0,1.0,7.961091368614833e-08,268627.3410483167,254275.28330674247,-2.648541089193405e-10
402.38999999977904,upper,254522.93291950377,268776.5116029353,2252.350808466843,1356.5583797020965,2629.3221183303535,0.7690809802587047,-0.002000092441672799,3190.23803399117,1990.2380339911701,80000.0,1.0,7.835549606732297e-08,268776.5116029353,254522.93291950377,-2.633923398182679e-10
402.49999999977894,upper,254770.80055882293,268925.783934354,2254.333880409008,1357.4842030705147,2631.498547585753,0.7688609701140043,-0.002000092007766829,3187.659441268698,1987.6594412686982,80000.0,1.0,7.711898465336875e-08,268925.783934354,254770.80055882293,-2.619429039369085e-10
402.60999999977884,upper,255018.8864475281,269075.1581701774,2256.3189796521538,1358.4111873489958,2633.677332524515,0.7686409600169213,-0.002000091575896329,3185.080848546226,1985.0808485462262,80000.0,1.0,7.590110833809547e-08,269075.1581701774,255018.8864475281,-2.6049810105188257e-10
402.71999999977874,upper,255267.19080879758,269224.6344382014,2258.306109383894,1359.3393342802217,2635.8584767399816,0.7684209499672325,-0.002000091146051589,3182.5022558237542,1982.5022558237542,80000.0,1.0,7.470159970482128e-08,269224.6344382014,255267.19080879758,-2.5906183206769766e-10
402.82999999977864,upper,255515.71386616092,269374.2128664137,2260.2952727995785,1360.268645611098,2638.0419838343687,0.7682009399647156,-0.0020000907182233037,3179.9236631012823,1979.9236631012823,80000.0,1.0,7.352019497889037e-08,269374.2128664137,255515.71386616092,-2.5762977708142506e-10
402.93999999977854,upper,255764.4558434993,269523.8935829947,2262.286473102311,1361.1991230927686,2640.2278574187903,0.7679809300091495,-0.002000090292401749,3177.3450703788103,1977.3450703788103,80000.0,1.0,7.235663398076524e-08,269523.8935829947,255764.4558434993,-2.562095633575159e-10
403.04999999977844,upper,256013.416965047,269673.67671631736,2264.2797135029787,1362.1307684806275,2642.4161011132887,0.7677609201003137,-0.0020000898685777805,3174.7664776563383,1974.7664776563383,80000.0,1.0,7.121066007969369e-08,269673.67671631736,256013.416965047,-2.5479144345032684e-10
403.15999999977834,upper,256262.5974553916,269823.56239494815,2266.274997220275,1363.0635835343346,2644.6067185468655,0.7675409102379892,-0.002000089446741804,3172.1878849338664,1972.1878849338664,80000.0,1.0,7.008202014793151e-08,269823.56239494815,256262.5974553916,-2.5338435160216044e-10
403.26999999977824,upper,256511.9975394754,269973.5507476473,2268.2723274807245,1363.9975700178286,2646.7997133575036,0.7673209004219579,-0.002000089026884826,3169.6092922113944,1969.6092922113944,80000.0,1.0,6.89704645155267e-08,269973.5507476473,256511.9975394754,-2.5198551389610514e-10
403.37999999977814,upper,256761.61744259586,270123.6419033693,2270.2717075187106,1364.9327296993404,2648.9950891922044,0.7671008906520023,-0.0020000886089969116,3167.0306994889224,1967.0306994889224,80000.0,1.0,6.787574692565035e-08,270123.6419033693,256761.61744259586,-2.505959776432638e-10
403.48999999977804,upper,257011.4573904069,270273.83599126333,2272.2731405765016,1365.869064351409,2651.1928497070126,0.7668808809279063,-0.002000088193069232,3164.4521067664505,1964.4521067664505,80000.0,1.0,6.679762449047324e-08,270273.83599126333,257011.4573904069,-2.492137757027796e-10
403.59999999977794,upper,257261.5176089193,270424.1331406739,2274.276629904272,1366.806575750893,2653.392998567045,0.766660871249455,-0.0020000877790929206,3161.8735140439785,1961.8735140439785,80000.0,1.0,6.573585764757719e-08,270424.1331406739,257261.5176089193,-2.478370411647394e-10
403.70999999977784,upper,257511.79832450187,270574.5334811412,2276.2821787601333,1367.745265678986,2655.5955394465213,0.7664408616164343,-0.0020000873670584234,3159.2949213215065,1959.2949213215065,80000.0,1.0,6.469021011690033e-08,270574.5334811412,257511.79832450187,-2.464690701036022e-10
403.81999999977774,upper,257762.2997638823,270725.0371424015,2278.2897904101565,1368.6851359212312,2657.800476028792,0.7662208520286309,-0.0020000869569569714,3156.7163285990346,1956.7163285990346,80000.0,1.0,6.366044885820642e-08,270725.0371424015,257762.2997638823,-2.451046023877814e-10
403.92999999977764,upper,258013.02215414794,270875.6442543877,2280.2994681284013,1369.626188267534,2660.0078120063718,0.766000842485833,-0.002000086548779005,3154.1377358765626,1954.1377358765626,80000.0,1.0,6.264634402907247e-08,270875.6442543877,258013.02215414794,-2.4375136728057794e-10
404.03999999977754,upper,258263.9657227467,271026.3549472299,2282.3112151969403,1370.5684245121768,2662.217551080964,0.7657808329878291,-0.002000086142516273,3151.5591431540906,1951.5591431540906,80000.0,1.0,6.164766894339027e-08,271026.3549472299,258263.9657227467,-2.4240554352534883e-10
404.14999999977744,upper,258515.13069748806,271177.1693512559,2284.325034905882,1371.511846453834,2664.429696963492,0.7655608235344092,-0.002000085738159259,3148.9805504316187,1948.9805504316187,80000.0,1.0,6.066420003037449e-08,271177.1693512559,258515.13069748806,-2.41061033146478e-10
404.25999999977734,upper,258766.5173065437,271328.08759699157,2286.3409305534046,1372.4564558955863,2666.644253374132,0.7653408141253644,-0.0020000853356986264,3146.4019577091467,1946.4019577091467,80000.0,1.0,5.96957167940741e-08,271328.08759699157,258766.5173065437,-2.3973157529845193e-10
404.36999999977724,upper,259018.12577844874,271479.109815161,2288.3589054457775,1373.4022546449341,2668.8612240423417,0.7651208047604862,-0.0020000849351262243,3143.8233649866747,1943.8233649866747,80000.0,1.0,5.874200177337986e-08,271479.109815161,259018.12577844874,-2.384099195134466e-10
404.47999999977714,upper,259269.9563421023,271630.2361366878,2290.3789628973873,1374.349244513813,2671.080612706887,0.7649007954395675,-0.002000084536433062,3141.2447722642028,1941.2447722642028,80000.0,1.0,5.780284050251489e-08,271630.2361366878,259269.9563421023,-2.3709111859076484e-10
404.58999999977704,upper,259522.00922676848,271781.4666926949,2292.4011062307663,1375.2974273186069,2673.302423115877,0.764680786162402,-0.0020000841396098754,3138.666179541731,1938.6661795417308,80000.0,1.0,5.6878021472020556e-08,271781.4666926949,259522.00922676848,-2.3578043373487824e-10
404.69999999977694,upper,259774.2846620775,271932.8016145056,2294.4253387766194,1376.246804880164,2675.5266590267915,0.7644607769287844,-0.0020000837446483262,3136.087586819259,1936.0875868192588,80000.0,1.0,5.59673360902118e-08,271932.8016145056,259774.2846620775,-2.344785614890333e-10
404.80999999977684,upper,260026.78287802622,272084.24103364313,2296.451663873851,1377.1973790238112,2677.7533242065138,0.7642407677385111,-0.002000083351539482,3133.508994096787,1933.5089940967869,80000.0,1.0,5.507057864511381e-08,272084.24103364313,260026.78287802622,-2.3318442198553033e-10
404.91999999977673,upper,260279.50410497937,272235.7850818325,2298.4800848695895,1378.149151579368,2679.9824224313575,0.764020758591378,-0.002000082960275349,3130.930401374315,1930.930401374315,80000.0,1.0,5.418754626685633e-08,272235.7850818325,260279.50410497937,-2.3189239652775765e-10
405.02999999977663,upper,260532.44857367018,272387.4338909996,2300.510605119219,1379.1021243811624,2682.2139574871035,0.763800749487183,-0.0020000825708459055,3128.351808651843,1928.351808651843,80000.0,1.0,5.3318038890542946e-08,272387.4338909996,260532.44857367018,-2.3061398050756954e-10
405.13999999977653,upper,260785.61651520157,272539.1875932728,2302.543227986402,1380.0562992680436,2684.4479331690245,0.7635807404257245,-0.0020000821832441853,3125.773215929371,1925.773215929371,80000.0,1.0,5.2461859219565506e-08,272539.1875932728,260785.61651520157,-2.29337189151102e-10
405.24999999977643,upper,261039.00816104686,272691.0463209826,2304.5779568431103,1381.0116780834007,2686.684353281921,0.763360731406802,-0.0020000817974597704,3123.194623206899,1923.194623206899,80000.0,1.0,5.161881268938195e-08,272691.0463209826,261039.00816104686,-2.2807413945702668e-10
405.35999999977633,upper,261292.62374305064,272843.0102066629,2306.6147950696495,1381.9682626751735,2688.923221640149,0.7631407224302164,-0.002000081413485768,3120.616030484427,1920.616030484427,80000.0,1.0,5.0788707431727004e-08,272843.0102066629,261292.62374305064,-2.2681168091846845e-10
405.46999999977623,upper,261546.46349342997,272995.0793830508,2308.653746054687,1382.9260548958698,2691.164542067652,0.7629207134957688,-0.0020000810313138316,3118.037437761955,1918.037437761955,80000.0,1.0,4.9971354239278296e-08,272995.0793830508,261546.46349342997,-2.2555007487504603e-10
405.57999999977613,upper,261800.52764477505,273147.25398308766,2310.694813195283,1383.8850566025797,2693.4083183979938,0.7627007046032616,-0.002000080650933983,3115.458845039483,1915.458845039483,80000.0,1.0,4.916656653075005e-08,273147.25398308766,261800.52764477505,-2.243057834184593e-10
405.68999999977603,upper,262054.8164300502,273299.5341399194,2312.7379998969145,1384.8452696569911,2695.654554474391,0.7624806957524977,-0.0020000802723385137,3112.880252317011,1912.8802523170111,80000.0,1.0,4.8374160316419684e-08,273299.5341399194,262054.8164300502,-2.2306825566056518e-10
405.79999999977593,upper,262309.3300825948,273451.91998689674,2314.783309573503,1385.8066959254045,2697.903254149738,0.7622606869432815,-0.002000079895519443,3110.301659594539,1910.3016595945392,80000.0,1.0,4.759395416408468e-08,273451.91998689674,262309.3300825948,-2.2183187032474263e-10
405.90999999977583,upper,262564.06883612426,273604.4116575761,2316.830745647447,1386.7693372787496,2700.1544212866506,0.762040678175418,-0.0020000795204681413,3107.723066872067,1907.7230668720672,80000.0,1.0,4.682576916543477e-08,273604.4116575761,262564.06883612426,-2.2060227377302149e-10
406.01999999977573,upper,262819.032924731,273757.00928572,2318.8803115496457,1387.7331955925981,2702.408059757487,0.7618206694487132,-0.0020000791471761325,3105.144474149595,1905.1444741495952,80000.0,1.0,4.606942890284404e-08,273757.00928572,262819.032924731,-2.1938285505250518e-10
406.12999999977563,upper,263074.2225828849,273909.71300529747,2320.9320107195294,1388.6982727471807,2704.664173444385,0.7616006607629745,-0.0020000787756351344,3102.5658814271233,1902.5658814271233,80000.0,1.0,4.532475941657613e-08,273909.71300529747,263074.2225828849,-2.1817411457691817e-10
406.23999999977553,upper,263329.63804543536,274062.52295048453,2322.985846605086,1389.664570627403,2706.922766239294,0.7613806521180093,-0.0020000784058379485,3099.9872887046513,1899.9872887046513,80000.0,1.0,4.459158917239213e-08,274062.52295048453,263329.63804543536,-2.1696453161842256e-10
406.34999999977543,upper,263585.27954761096,274215.4392556648,2325.0418226628926,1390.6320911228595,2709.1838420440063,0.7611606435136262,-0.0020000780377757827,3097.4086959821793,1897.4086959821793,80000.0,1.0,4.386974902956381e-08,274215.4392556648,263585.27954761096,-2.1575835060683392e-10
406.45999999977533,upper,263841.1473250212,274368.4620554302,2327.0999423581397,1391.6008361278505,2711.4474047701883,0.760940634949635,-0.0020000776714397327,3094.8301032597074,1894.8301032597074,80000.0,1.0,4.315907220928184e-08,274368.4620554302,263841.1473250212,-2.145679742467099e-10
406.56999999977523,upper,264097.2416136571,274521.5914845812,2329.1602091646655,1392.570807541397,2713.7134583394186,0.7607206264258463,-0.0020000773068228066,3092.2515105372354,1892.2515105372354,80000.0,1.0,4.245939426346034e-08,274521.5914845812,264097.2416136571,-2.133742141253929e-10
406.67999999977513,upper,264353.5626498925,274674.8276781274,2331.2226265649797,1393.5420072672564,2715.982006683214,0.7605006179420712,-0.002000076943916337,3089.6729178147634,1889.6729178147634,80000.0,1.0,4.1770553043925246e-08,274674.8276781274,264353.5626498925,-2.1219242907149024e-10
406.78999999977503,upper,264610.1106704845,274828.17077128805,2333.287198050294,1394.514437213939,2718.2530537430657,0.7602806094981222,-0.002000076582711881,3087.0943250922915,1887.0943250922915,80000.0,1.0,4.1092388671990154e-08,274828.17077128805,264610.1106704845,-2.1102337151372204e-10
406.89999999977493,upper,264866.88591257494,274981.62089949264,2335.3539271205536,1395.4880992947224,2720.526603470473,0.7600606010938122,-0.00200007622320283,3084.5157323698195,1884.5157323698195,80000.0,1.0,4.0424743508409603e-08,274981.62089949264,264866.88591257494,-2.0984923907119413e-10
407.00999999977483,upper,265123.88861369115,275135.17819838144,2337.422817284463,1396.4629954276684,2722.8026598269753,0.7598405927289555,-0.0020000758653797306,3081.9371396473475,1881.9371396473475,80000.0,1.0,3.976746212370567e-08,275135.17819838144,265123.88861369115,-2.0868925375009987e-10
407.11999999977473,upper,265381.11901174666,275288.84280380583,2339.4938720595173,1397.43912753564,2725.081226784186,0.7596205844033667,-0.00200007550923545,3079.3585469248756,1879.3585469248756,80000.0,1.0,3.912039126886892e-08,275288.84280380583,265381.11901174666,-2.0753586434418275e-10
407.22999999977463,upper,265638.57734504266,275442.6148518291,2341.567094972032,1398.4164975463143,2727.362308323825,0.7594005761168618,-0.002000075154761645,3076.7799542024036,1876.7799542024036,80000.0,1.0,3.8483379846421634e-08,275442.6148518291,265638.57734504266,-2.0639137385694387e-10
407.33999999977453,upper,265896.26385226846,275596.49447872664,2343.6424895571713,1399.3951073922028,2729.645908437754,0.7591805678692577,-0.002000074801952225,3074.2013614799316,1874.2013614799316,80000.0,1.0,3.785627888184398e-08,275596.49447872664,265896.26385226846,-2.0523873397563817e-10
407.44999999977443,upper,266154.178772503,275750.4818209869,2345.7200593589773,1400.374959010663,2731.932031128007,0.7589605596603715,-0.002000074450797141,3071.6227687574597,1871.6227687574597,80000.0,1.0,3.723894149535905e-08,275750.4818209869,266154.178772503,-2.0410484062723457e-10
407.55999999977433,upper,266412.32234521565,275904.5770153118,2347.799807930402,1401.3560543439185,2734.22068040683,0.7587405514900216,-0.002000074101290221,3069.0441760349877,1869.0441760349877,80000.0,1.0,3.663122287406785e-08,275904.5770153118,266412.32234521565,-2.0297018426269992e-10
407.66999999977423,upper,266670.6948102665,276058.78019861685,2349.881738833335,1402.338395339073,2736.5118602967073,0.7585205433580273,-0.0020000737534224037,3066.4655833125157,1866.4655833125157,80000.0,1.0,3.6032980244438716e-08,276058.78019861685,266670.6948102665,-2.0184728142694318e-10
407.77999999977413,upper,266929.29640790867,276213.09150803223,2351.965855638635,1403.3219839481276,2738.8055748304014,0.7583005352642086,-0.00200007340718665,3063.8869905900438,1863.8869905900438,80000.0,1.0,3.5444072845136096e-08,276213.09150803223,266929.29640790867,-2.0073318829527186e-10
407.88999999977403,upper,267188.1273787881,276367.511080903,2354.05216192616,1404.3068221279973,2741.101828050987,0.7580805272083866,-0.002000073062575755,3061.308397867572,1861.3083978675718,80000.0,1.0,3.486436190019465e-08,276367.511080903,267188.1273787881,-1.9961762889882095e-10
407.99999999977393,upper,267447.1879639451,276522.0390547899,2356.1406612847977,1405.2929118405266,2743.400624011883,0.7578605191903824,-0.002000072719581144,3058.7298051451,1858.7298051450998,80000.0,1.0,3.429371059252706e-08,276522.0390547899,267447.1879639451,-1.9851409215023164e-10
408.10999999977383,upper,267706.4784048153,276676.6755674695,2358.2313573124943,1406.2802550525064,2745.701966776888,0.7576405112100192,-0.0020000723781961713,3056.151212422628,1856.1512124226279,80000.0,1.0,3.3731984037768467e-08,276676.6755674695,267706.4784048153,-1.9741106263902254e-10
408.21999999977373,upper,267965.9989432306,276831.4207569353,2360.3242536162875,1407.2688537356923,2748.0058604202163,0.7574205032671203,-0.002000072038412996,3053.572619700156,1853.5726197001559,80000.0,1.0,3.3179049258445516e-08,276831.4207569353,267965.9989432306,-1.963183644153632e-10
408.32999999977363,upper,268225.7498214203,276986.2747613978,2362.4193538123354,1408.2587098668187,2750.3123090265312,0.7572004953615097,-0.002000071700223462,3050.994026977684,1850.994026977684,80000.0,1.0,3.2634775158475224e-08,276986.2747613978,268225.7498214203,-1.9522930803750563e-10
408.43999999977353,upper,268485.7312820117,277141.23771928507,2364.5166615259495,1409.2498254276168,2752.621316690981,0.7569804874930125,-0.0020000713636214164,3048.415434255212,1848.415434255212,80000.0,1.0,3.2099032497982315e-08,277141.23771928507,268485.7312820117,-1.9414561994539887e-10
408.54999999977343,upper,268745.9435680316,277296.3097692437,2366.61618039162,1410.2422024048321,2754.932887519232,0.7567604796614547,-0.002000071028598327,3045.83684153274,1845.83684153274,80000.0,1.0,3.15716938684339e-08,277296.3097692437,268745.9435680316,-1.9306402519840536e-10
408.65999999977333,upper,269006.386922907,277451.491050139,2368.717914053057,1411.2358427902411,2757.2470256275096,0.756540471866663,-0.0020000706951470585,3043.258248810268,1843.258248810268,80000.0,1.0,3.105263366809001e-08,277451.491050139,269006.386922907,-1.9199384442471288e-10
408.76999999977323,upper,269267.0615904665,277606.78170105576,2370.8218661632113,1412.2307485806666,2759.5637351426262,0.7563204641084649,-0.0020000703632598225,3040.679656087796,1840.679656087796,80000.0,1.0,3.054172807776247e-08,277606.78170105576,269267.0615904665,-1.909340788254727e-10
408.87999999977313,upper,269527.96781494044,277762.1818612984,2372.928040384313,1413.2269217779967,2761.883020202023,0.7561004563866884,-0.002000070032930195,3038.101063365324,1838.101063365324,80000.0,1.0,3.0038855036881745e-08,277762.1818612984,269527.96781494044,-1.8987414352664383e-10
408.98999999977303,upper,269789.1058409631,277917.6916703921,2375.036440387898,1414.2243643892011,2764.2048849538014,0.755880448701163,-0.0020000697041502803,3035.522470642852,1835.522470642852,80000.0,1.0,2.9543894219864652e-08,277917.6916703921,269789.1058409631,-1.8881795247473243e-10
409.09999999977293,upper,270050.47591357277,278073.31126808305,2377.1470698548433,1415.2230784263495,2766.5293335567617,0.7556604410517185,-0.002000069376913244,3032.94387792038,1832.9438779203801,80000.0,1.0,2.905672701278248e-08,278073.31126808305,270050.47591357277,-1.8777052643195436e-10
409.20999999977283,upper,270312.07827821333,278229.0407943389,2379.2599324753987,1416.2230659066256,2768.85637018044,0.7554404334381856,-0.0020000690512114823,3030.365285197908,1830.3652851979082,80000.0,1.0,2.8577236490325166e-08,278229.0407943389,270312.07827821333,-1.8672879039385876e-10
409.31999999977273,upper,270573.9131807353,278384.88038934965,2381.3750319492156,1417.2243288523493,2771.1859990051407,0.7552204258603956,-0.0020000687270374747,3027.786692475436,1827.7866924754362,80000.0,1.0,2.810530739305595e-08,278384.88038934965,270573.9131807353,-1.8569549294614888e-10
409.42999999977263,upper,270835.98086739617,278540.8301935278,2383.4923719853805,1418.2268692909902,2773.5182242219753,0.7550004183181813,-0.002000068404385339,3025.2080997529642,1825.2080997529642,80000.0,1.0,2.7640826104957235e-08,278540.8301935278,270835.98086739617,-1.8465992033174256e-10
409.53999999977253,upper,271098.2815848623,278696.89034750947,2385.6119563024486,1419.2306892551867,2775.853050032899,0.7547804108113755,-0.002000068083246067,3022.6295070304923,1822.6295070304923,80000.0,1.0,2.718368063125741e-08,278696.89034750947,271098.2815848623,-1.836414599803178e-10
409.64999999977243,upper,271360.8155802098,278853.0609921545,2387.7337886284763,1420.2357907827636,2778.1904806507487,0.7545604033398117,-0.0020000677636139792,3020.0509143080203,1820.0509143080203,80000.0,1.0,2.673376057654528e-08,278853.0609921545,271360.8155802098,-1.8261855950464047e-10
409.75999999977233,upper,271623.5831009247,279009.34226854716,2389.857872701052,1421.2421759167485,2780.5305202992777,0.754340395903325,-0.00200006744548213,3017.4723215855483,1817.4723215855483,80000.0,1.0,2.6290957123158137e-08,279009.34226854716,271623.5831009247,-1.8160333776662182e-10
409.86999999977223,upper,271886.5843949053,279165.7343179968,2391.9842122673276,1422.249846705392,2782.873173213192,0.7541203885017506,-0.0020000671288426084,3014.8937288630764,1814.8937288630764,80000.0,1.0,2.585516300984658e-08,279165.7343179968,271886.5843949053,-1.8059177178949392e-10
409.97999999977213,upper,272149.8197104626,279322.23728203814,2394.112811084054,1423.2588052021833,2785.2184436381895,0.7539003811349247,-0.0020000668136885575,3012.3151361406044,1812.3151361406044,80000.0,1.0,2.542627251071298e-08,279322.23728203814,272149.8197104626,-1.7958726625076508e-10
410.08999999977203,upper,272413.2892963211,279478.85130243254,2396.2436729176125,1424.2690534658693,2787.5663358309976,0.7536803738026845,-0.002000066500012668,3009.7365434181324,1809.7365434181324,80000.0,1.0,2.500418141441412e-08,279478.85130243254,272413.2892963211,-1.7859697565839705e-10
410.19999999977193,upper,272676.99340162025,279635.57652116776,2398.3768015440487,1425.2805935604715,2789.916854059409,0.7534603665048675,-0.0020000661878091497,3007.1579506956605,1807.1579506956605,80000.0,1.0,2.4588787003634133e-08,279635.57652116776,272676.99340162025,-1.776056819111135e-10
410.30999999977183,upper,272940.93227591534,279792.4130804589,2400.512200749104,1426.2934275553046,2792.270002602321,0.7532403592413124,-0.0020000658770710903,3004.5793579731885,1804.5793579731885,80000.0,1.0,2.417998803481733e-08,279792.4130804589,272940.93227591534,-1.7661279704789813e-10
410.41999999977173,upper,273205.10616917873,279949.3611227491,2402.6498743282514,1427.3075575249954,2794.625785749772,0.7530203520118581,-0.002000065567790333,3002.0007652507165,1802.0007652507165,80000.0,1.0,2.3777684718159017e-08,279949.3611227491,273205.10616917873,-1.7563428128768228e-10
410.52999999977163,upper,273469.51533180085,280106.42079070985,2404.7898260867264,1428.3229855494994,2796.9842078029797,0.7528003448163448,-0.0020000652599613884,2999.4221725282446,1799.4221725282446,80000.0,1.0,2.338177869785487e-08,280106.42079070985,273469.51533180085,-1.7465100690444795e-10
410.63999999977153,upper,273734.160014591,280263.5922272418,2406.932059839563,1429.3397137141212,2799.345273074382,0.7525803376546133,-0.0020000649535761006,2996.8435798057726,1796.8435798057726,80000.0,1.0,2.299217303260073e-08,280263.5922272418,273734.160014591,-1.736832772193785e-10
410.74999999977143,upper,273999.0404687789,280420.87557547534,2409.076579411625,1430.35774410953,2801.7089858876707,0.7523603305265051,-0.00200006464862848,2994.2649870833006,1794.2649870833006,80000.0,1.0,2.260877217634352e-08,280420.87557547534,273999.0404687789,-1.7271895544267692e-10
410.85999999977133,upper,274264.1569460156,280578.2709787712,2411.223388637641,1431.3770788317804,2804.0753505778316,0.7521403234318624,-0.0020000643451114613,2991.6863943608287,1791.6863943608287,80000.0,1.0,2.223148195927915e-08,280578.2709787712,274264.1569460156,-1.7176558858019713e-10
410.96999999977123,upper,274529.50969837426,280735.7785807208,2413.3724913622405,1432.3977199823298,2806.444371491187,0.7519203163705283,-0.0020000640430197308,2989.1078016383567,1789.1078016383567,80000.0,1.0,2.186020956909419e-08,280735.7785807208,274529.50969837426,-1.7080502853972703e-10
411.07999999977113,upper,274795.0989783515,280893.39852514706,2415.5238914399824,1433.4196696680583,2808.8160529854285,0.751700309342346,-0.002000063742344904,2986.5292089158847,1786.5292089158847,80000.0,1.0,2.149486353244807e-08,280893.39852514706,274795.0989783515,-1.6985376463370755e-10
411.18999999977103,upper,275060.925038869,281051.130956105,2417.677592735397,1434.442930001285,2811.190399429661,0.7514803023471602,-0.002000063443080397,2983.9506161934128,1783.9506161934128,80000.0,1.0,2.113535369669259e-08,281051.130956105,275060.925038869,-1.6891318748245035e-10
411.29999999977093,upper,275326.9881332735,281208.97601788223,2419.833599123015,1435.4675030997892,2813.567415204439,0.7512602953848163,-0.0020000631452205637,2981.372023470941,1781.3720234709408,80000.0,1.0,2.0781591211829552e-08,281208.97601788223,275326.9881332735,-1.6797211105272643e-10
411.40999999977083,upper,275593.28851533856,281366.93385499954,2421.991914487402,1436.4933910868267,2815.9471047018055,0.7510402884551599,-0.0020000628487583144,2978.793430748469,1778.7934307484688,80000.0,1.0,2.0433488512696703e-08,281366.93385499954,275593.28851533856,-1.670394462822926e-10
411.51999999977073,upper,275859.8264392659,281525.00461221195,2424.152542723197,1437.520596091152,2818.329472325335,0.7508202815580379,-0.0020000625536874895,2976.214838025997,1776.2148380259969,80000.0,1.0,2.0090959301385626e-08,281525.00461221195,275859.8264392659,-1.661063187440478e-10
411.62999999977063,upper,276126.602159686,281683.1884345085,2426.315487735144,1438.5491202470337,2820.714522490169,0.7506002746932976,-0.0020000622600004317,2973.636245303525,1773.636245303525,80000.0,1.0,1.9753918529887162e-08,281683.1884345085,276126.602159686,-1.651845678845914e-10
411.73999999977053,upper,276393.61593165965,281841.48546711367,2428.4807534381284,1439.5789656942763,2823.102259623059,0.7503802678607872,-0.0020000619676924527,2971.057652581053,1771.057652581053,80000.0,1.0,1.9422282382958075e-08,281841.48546711367,276393.61593165965,-1.6426396847367735e-10
411.84999999977043,upper,276660.86801067844,281999.89585548727,2430.6483437572138,1440.6101345782388,2825.4926881624056,0.7501602610603549,-0.0020000616767551238,2968.479059858581,1768.479059858581,80000.0,1.0,1.909596826121202e-08,281999.89585548727,276660.86801067844,-1.6335170015954345e-10
411.95999999977033,upper,276928.35865266656,282158.41974532575,2432.818262627673,1441.6426290498525,2827.8858125582974,0.7499402542918506,-0.00200006138718343,2965.900467136109,1765.900467136109,80000.0,1.0,1.8774894764425967e-08,282158.41974532575,276928.35865266656,-1.6244247457284336e-10
412.06999999977023,upper,277196.0881139815,282317.0572825622,2434.9905139950283,1442.6764512656416,2830.281637272552,0.7497202475551245,-0.0020000610989703354,2963.321874413637,1763.321874413637,80000.0,1.0,1.845898167506585e-08,282317.0572825622,277196.0881139815,-1.6153797204376298e-10
412.17999999977013,upper,277464.0566514153,282475.8086133674,2437.1651018150824,1443.7116033877423,2832.680166778757,0.7495002408500272,-0.0020000608121099788,2960.743281691165,1760.743281691165,80000.0,1.0,1.8148149942023202e-08,282475.8086133674,277464.0566514153,-1.6063519491195526e-10
412.28999999977003,upper,277732.2645221961,282634.6738841502,2439.3420300539606,1444.7480875839226,2835.0814055623127,0.7492802341764105,-0.002000060526595187,2958.164688968693,1758.164688968693,80000.0,1.0,1.7842321664563493e-08,282634.6738841502,277732.2645221961,-1.5974348013496253e-10
412.39999999976993,upper,278000.7119839883,282793.65324155823,2441.5213026881406,1445.7859060276019,2837.4853581204693,0.7490602275341267,-0.002000060242420196,2955.586096246221,1755.5860962462211,80000.0,1.0,1.754142007648241e-08,282793.65324155823,278000.7119839883,-1.5885859315885524e-10
412.50999999976983,upper,278269.3992948948,282952.7468324785,2443.7029237044926,1446.8250608978697,2839.8920289623707,0.7488402209230288,-0.002000059959578878,2953.007503523749,1753.0075035237492,80000.0,1.0,1.7245369530468143e-08,282952.7468324785,278269.3992948948,-1.5797372164962122e-10
412.61999999976973,upper,278538.3267134573,283111.9548040381,2445.886897100313,1447.8655543795066,2842.301422609093,0.7486202143429703,-0.002000059678064434,2950.428910801277,1750.4289108012772,80000.0,1.0,1.695409548266608e-08,283111.9548040381,278538.3267134573,-1.5709555900941883e-10
412.72999999976963,upper,278807.4944986579,283271.2773036047,2448.0732268833617,1448.907388663003,2844.713543593688,0.7484002077938058,-0.0020000593978722904,2947.8503180788052,1747.8503180788052,80000.0,1.0,1.666752447744496e-08,283271.2773036047,278807.4944986579,-1.5620993704016443e-10
412.83999999976953,upper,279076.90290992,283430.7144787872,2450.261917071901,1449.9505659445808,2847.128396461227,0.7481802012753903,-0.0020000591189940006,2945.2717253563333,1745.2717253563333,80000.0,1.0,1.6385584132361145e-08,283430.7144787872,279076.90290992,-1.553442729571609e-10
412.94999999976943,upper,279346.5522071097,283590.26647743647,2452.4529716947286,1450.99508842621,2849.5459857688365,0.7479601947875791,-0.0020000588414239395,2942.6931326338613,1742.6931326338613,80000.0,1.0,1.6108203123317975e-08,283590.26647743647,279346.5522071097,-1.5447931359803088e-10
413.05999999976933,upper,279616.4426505369,283749.93344764586,2454.6463947912184,1452.0409583156325,2851.9663160857467,0.7477401883302289,-0.0020000585651565182,2940.1145399113893,1740.1145399113893,80000.0,1.0,1.5835311169919427e-08,283749.93344764586,279616.4426505369,-1.536202479447369e-10
413.16999999976923,upper,279886.57450095634,283909.71553775197,2456.842190411354,1453.0881778263808,2854.38939199333,0.7475201819031969,-0.0020000582901858557,2937.5359471889174,1737.5359471889174,80000.0,1.0,1.556683902101435e-08,283909.71553775197,279886.57450095634,-1.5276364706396581e-10
413.27999999976913,upper,280156.9480195689,284069.6128963352,2459.040362615768,1454.1367491777983,2856.815218085143,0.7473001755063404,-0.0020000580165050303,2934.9573544664454,1734.9573544664454,80000.0,1.0,1.5302718440429238e-08,284069.6128963352,280156.9480195689,-1.519143186470589e-10
413.38999999976903,upper,280427.56346802256,284229.6256722203,2461.2409154757793,1455.1866745950583,2859.243798966971,0.7470801691395182,-0.002000057744109088,2932.3787617439734,1732.3787617439734,80000.0,1.0,1.5042882192888212e-08,284229.6256722203,280427.56346802256,-1.510661333417401e-10
413.49999999976893,upper,280698.42110841395,284389.754014477,2463.4438530734305,1456.237956309188,2861.675139256871,0.7468601628025894,-0.0020000574729915578,2929.8001690215015,1729.8001690215015,80000.0,1.0,1.4787264030116597e-08,284389.754014477,280698.42110841395,-1.5021783415478974e-10
413.60999999976883,upper,280969.5212032892,284549.99807242124,2465.649179501526,1457.2905965570842,2864.109243585211,0.7466401564954132,-0.0020000572031449136,2927.2215762990295,1727.2215762990295,80000.0,1.0,1.4535798677125067e-08,284549.99807242124,280969.5212032892,-1.493874860176377e-10
413.71999999976873,upper,281240.8640156453,284710.3579956148,2467.8568988636684,1458.3445975815391,2866.546116594719,0.7464201502178504,-0.0020000569345659204,2924.6429835765575,1724.6429835765575,80000.0,1.0,1.4288421818676642e-08,284710.3579956148,281240.8640156453,-1.4854679973797235e-10
413.82999999976863,upper,281512.4498089311,284870.8339338668,2470.0670152742996,1459.3999616312565,2868.9857629405205,0.746200143969762,-0.0020000566672463715,2922.0643908540856,1722.0643908540856,80000.0,1.0,1.4045070085927648e-08,284870.8339338668,281512.4498089311,-1.4771999474332328e-10
413.93999999976853,upper,281784.27884704876,285031.426037234,2472.2795328587363,1460.4566909608748,2871.428187290185,0.7459801377510099,-0.0020000564011820716,2919.4857981316136,1719.4857981316136,80000.0,1.0,1.3805681043245921e-08,285031.426037234,281784.27884704876,-1.4689489794845695e-10
414.04999999976843,upper,282056.35139435483,285192.13445602136,2474.4944557532085,1461.5147878309883,2873.87339432377,0.7457601315614562,-0.0020000561363657434,2916.9072054091416,1716.9072054091416,80000.0,1.0,1.3570193175201946e-08,285192.13445602136,282056.35139435483,-1.4607723044631434e-10
414.15999999976833,upper,282328.6677156613,285352.95934078307,2476.7117881049016,1462.574254508168,2876.321388733864,0.7455401254009639,-0.002000055872791699,2914.3286126866697,1714.3286126866697,80000.0,1.0,1.3338545873729694e-08,285352.95934078307,282328.6677156613,-1.4526804327210586e-10
414.26999999976823,upper,282601.228076237,285513.9008423227,2478.931534071991,1463.6350932649812,2878.77217522563,0.7453201192693965,-0.002000055610455447,2911.7500199641977,1711.7500199641977,80000.0,1.0,1.3110679425458006e-08,285513.9008423227,282601.228076237,-1.4445348832864615e-10
414.37999999976813,upper,282874.0327418091,285674.9591116945,2481.1536978236804,1464.6973063800142,2881.225758516849,0.7451001131666182,-0.0020000553493498686,2909.1714272417257,1709.1714272417257,80000.0,1.0,1.2886534999207252e-08,285674.9591116945,282874.0327418091,-1.436470492945486e-10
414.48999999976803,upper,283147.08197856357,285836.1343002032,2483.378283540248,1465.760896137894,2883.68214333797,0.7448801070924941,-0.002000055089469015,2906.5928345192538,1706.5928345192538,80000.0,1.0,1.2666054633652209e-08,285836.1343002032,283147.08197856357,-1.4284772793237931e-10
414.59999999976793,upper,283420.376053147,285997.4265594057,2485.605295413077,1466.825864829307,2886.141334432147,0.7446601010468897,-0.0020000548308084635,2904.014241796782,1704.0142417967818,80000.0,1.0,1.2449181225145638e-08,285997.4265594057,283420.376053147,-1.4204569708171597e-10
414.70999999976783,upper,283693.9152326676,286158.8360411109,2487.834737644702,1467.8922147510234,2888.603336555289,0.7444400950296713,-0.002000054573361373,2901.43564907431,1701.4356490743098,80000.0,1.0,1.223585851570433e-08,286158.8360411109,283693.9152326676,-1.412553658716037e-10
414.81999999976773,upper,283967.6997846964,286320.36289738066,2490.066614448844,1468.9599482059173,2891.068154476103,0.7442200890407058,-0.002000054317123003,2898.857056351838,1698.8570563518379,80000.0,1.0,1.2026031081153108e-08,286320.36289738066,283967.6997846964,-1.404628010788823e-10
414.92999999976763,upper,284241.7299772688,286482.0072805305,2492.3009300504514,1470.0290675029887,2893.5357929761385,0.7440000830798601,-0.002000054062086096,2896.278463629366,1696.278463629366,80000.0,1.0,1.1819644319425255e-08,286482.0072805305,284241.7299772688,-1.396849508347039e-10
415.03999999976753,upper,284516.00607888534,286643.7693431305,2494.5376886857434,1471.099574957385,2896.006256849838,0.7437800771470028,-0.0020000538082469185,2893.699870906894,1693.699870906894,80000.0,1.0,1.1616644439017563e-08,286643.7693431305,284516.00607888534,-1.3889981006248733e-10
415.14999999976743,upper,284790.52835851326,286805.6492380054,2496.7768946022443,1472.1714728904242,2898.479550904575,0.7435600712420021,-0.002000053555598852,2891.121278184422,1691.121278184422,80000.0,1.0,1.1416978447599488e-08,286805.6492380054,284790.52835851326,-1.3812196793420805e-10
415.25999999976733,upper,285065.29708558763,286967.6471182359,2499.018552058829,1473.2447636296145,2900.955679960706,0.7433400653647273,-0.0020000533041361532,2888.54268546195,1688.54268546195,80000.0,1.0,1.1220594140771535e-08,286967.6471182359,285065.29708558763,-1.3735096521951882e-10
415.36999999976723,upper,285340.31253001257,287129.76313715894,2501.2626653257603,1474.3194495086775,2903.434648851614,0.7431200595150484,-0.0020000530538535613,2885.964092739478,1685.964092739478,80000.0,1.0,1.1027440090973696e-08,287129.76313715894,285340.31253001257,-1.3658283005249854e-10
415.47999999976713,upper,285615.57496216253,287291.9974483687,2503.5092386847314,1475.3955328675715,2905.9164624237546,0.7429000536928363,-0.0020000528047449616,2883.385500017006,1683.385500017006,80000.0,1.0,1.0837465636541077e-08,287291.9974483687,285615.57496216253,-1.3582493944579045e-10
415.58999999976703,upper,285891.0846528838,287454.35020571685,2505.7582764289064,1476.4730160525123,2908.401125536704,0.7426800478979616,-0.0020000525568064915,2880.806907294534,1680.806907294534,80000.0,1.0,1.0650620870904726e-08,287454.35020571685,285891.0846528838,-1.3505990846508297e-10
415.69999999976693,upper,286166.84187349543,287616.8215633135,2508.009782862961,1477.5519014159954,2910.8886430632037,0.7424600421302961,-0.002000052310030325,2878.228314572062,1678.2283145720621,80000.0,1.0,1.046685663193602e-08,287616.8215633135,286166.84187349543,-1.3431222134612298e-10
415.80999999976683,upper,286442.8468957905,287779.4116755281,2510.2637623031233,1478.6321913168188,2913.3790198892093,0.7422400363897123,-0.0020000520644134026,2875.64972184959,1675.6497218495902,80000.0,1.0,1.0286124491432226e-08,287779.4116755281,286442.8468957905,-1.33554772825773e-10
415.91999999976673,upper,286719.09999203763,287942.1206969896,2512.5202190772156,1479.7138881201067,2915.872260913935,0.7420200306760828,-0.00200005181994873,2873.071129127118,1673.0711291271182,80000.0,1.0,1.0108376744743413e-08,287942.1206969896,286719.09999203763,-1.3280718972339065e-10
416.02999999976663,upper,286995.6014349821,288104.9487825878,2514.779157524699,1480.7969941973306,2918.3683710499063,0.7418000249892813,-0.002000051576630742,2870.492536404646,1670.4925364046462,80000.0,1.0,9.933566400536295e-09,288104.9487825878,286995.6014349821,-1.3206624320851455e-10
416.13999999976653,upper,287272.35149784724,288267.89608747355,2517.04058199671,1481.8815119263327,2920.867355223001,0.741580019329182,-0.002000051334455288,2867.9139436821742,1667.9139436821742,80000.0,1.0,9.761647170695282e-09,288267.89608747355,287272.35149784724,-1.313276104753493e-10
416.24999999976643,upper,287549.3504543354,288430.9627670597,2519.3044968561067,1482.9674436913483,2923.369218372502,0.7413600136956594,-0.0020000510934158593,2865.3353509597023,1665.3353509597023,80000.0,1.0,9.59257346035811e-09,288430.9627670597,287549.3504543354,-1.3059404792003593e-10
416.35999999976633,upper,287826.59857863,288594.1489770214,2521.5709064775083,1484.0547918830296,2925.873965451141,0.7411400080885889,-0.0020000508535081077,2862.7567582372303,1662.7567582372303,80000.0,1.0,9.426300358085224e-09,288594.1489770214,287826.59857863,-1.298614307220908e-10
416.46999999976623,upper,288104.0961453959,288757.45487329754,2523.83981524734,1485.143558898468,2928.3816014251515,0.7409200025078463,-0.0020000506147256057,2860.1781655147583,1660.1781655147583,80000.0,1.0,9.262783626159035e-09,288757.45487329754,288104.0961453959,-1.2913920806263206e-10
416.57999999976613,upper,288381.84342978115,288920.88061209087,2526.1112275638725,1486.2337471412168,2930.892131274312,0.7406999969533079,-0.0020000503770641544,2857.5995727922864,1657.5995727922864,80000.0,1.0,9.101979691014646e-09,288920.88061209087,288381.84342978115,-1.284131550967323e-10
416.68999999976603,upper,288659.84070741833,289084.42634986877,2528.385147837268,1487.3253590213164,2933.4055599919984,0.740479991424851,-0.0020000501405179447,2855.0209800698144,1655.0209800698144,80000.0,1.0,8.94384563379822e-09,289084.42634986877,288659.84070741833,-1.276969238526793e-10
416.79999999976593,upper,288938.0882544259,289248.09224336426,2530.6615804896214,1488.4183969553164,2935.921892585234,0.740259985922353,-0.00200004990508193,2852.4423873473424,1652.4423873473424,80000.0,1.0,8.788339181051449e-09,289248.09224336426,288938.0882544259,-1.26981080931411e-10
416.90999999976583,upper,289216.5863474092,289411.87844957656,2532.940529955003,1489.512863366298,2938.4411340747324,0.7400399804456921,-0.00200004967075069,2849.8637946248705,1649.8637946248705,80000.0,1.0,8.635418695521125e-09,289411.87844957656,289216.5863474092,-1.2627105669954208e-10
417.01999999976573,upper,289495.3352634622,289575.78512577154,2535.2220006795046,1490.6087606838996,2940.963289494954,0.7398199749947473,-0.0020000494375190794,2847.2852019023985,1647.2852019023985,80000.0,1.0,8.485043167093164e-09,289575.78512577154,289495.3352634622,-1.2556193898709908e-10
417.12999999976563,upper,289774.33528016834,289739.81242948293,2537.505997121278,1491.7060913443393,2943.4883638941496,0.7395999695693977,-0.0020000492053823763,2844.7066091799265,1644.7066091799265,80000.0,1.0,8.337172203846771e-09,289739.81242948293,289774.33528016834,-1.2485710774779902e-10
417.23999999976553,upper,290053.5866756024,289903.9605185128,2539.7925237505856,1492.8048577904387,2946.016362334415,0.7393799641695231,-0.002000048974335214,2842.1280164574546,1642.1280164574546,80000.0,1.0,8.191766023230042e-09,289903.9605185128,290053.5866756024,-1.24158015223484e-10
417.34999999976543,upper,290333.0897283314,290068.22955093224,2542.0815850498375,1493.9050624716476,2948.547289891738,0.7391599587950041,-0.0020000487443718076,2839.5494237349826,1639.5494237349826,80000.0,1.0,8.048785443354304e-09,290068.22955093224,290333.0897283314,-1.2346562570337563e-10
417.45999999976533,upper,290612.8447174161,290232.619685082,2544.3731855136407,1495.0067078440675,2951.0811516560484,0.7389399534457215,-0.0020000485154886456,2836.9708310125106,1636.9708310125106,80000.0,1.0,7.90819187440522e-09,290232.619685082,290612.8447174161,-1.227625058593854e-10
417.56999999976523,upper,290892.85192241234,290397.13107957353,2546.6673296488398,1496.109796370475,2953.6179527312697,0.738719948121557,-0.002000048287677926,2834.3922382900387,1634.3922382900387,80000.0,1.0,7.769947310170168e-09,290397.13107957353,290892.85192241234,-1.2208240101218635e-10
417.67999999976513,upper,291173.1116233724,290561.7638932896,2548.9640219745665,1497.214330520347,2956.1576982353713,0.7384999428223926,-0.002000048060937115,2831.8136455675667,1631.8136455675667,80000.0,1.0,7.63401431967952e-09,290561.7638932896,291173.1116233724,-1.2140213987792175e-10
417.78999999976503,upper,291453.6241008465,290726.518285385,2551.263267022278,1498.3203127698853,2958.7003933004157,0.7382799375481114,-0.0020000478352611567,2829.2350528450947,1629.2350528450947,80000.0,1.0,7.5003560389614e-09,290726.518285385,291453.6241008465,-1.2071352720304864e-10
417.89999999976493,upper,291734.3896358836,290891.39441528695,2553.565069335807,1499.4277456020404,2961.246043072612,0.7380599322985963,-0.002000047610643235,2826.656460122623,1626.6564601226228,80000.0,1.0,7.368936162907536e-09,290891.39441528695,291734.3896358836,-1.2004359803208613e-10
418.00999999976483,upper,292015.4085100337,291056.3924426967,2555.869433471403,1500.5366315065357,2963.794652712366,0.737839927073731,-0.0020000473870801635,2824.077867400151,1624.0778674001508,80000.0,1.0,7.239718937248718e-09,291056.3924426967,292015.4085100337,-1.1937079502733726e-10
418.11999999976473,upper,292296.6810053483,291221.5125275893,2558.176363997784,1501.6469729798935,2966.346227394334,0.7376199218734001,-0.002000047164565942,2821.499274677679,1621.4992746776788,80000.0,1.0,7.1126691506401e-09,291221.5125275893,292296.6810053483,-1.1870310824628488e-10
418.22999999976463,upper,292578.2074043822,291386.7548302149,2560.4858654961727,1502.7587725254577,2968.9007723074724,0.7373999166974881,-0.002000046943096507,2818.920681955207,1618.9206819552069,80000.0,1.0,6.9877521268524745e-09,291386.7548302149,292578.2074043822,-1.1803546007207178e-10
418.33999999976453,upper,292859.9879901949,291552.11951109953,2562.7979425603494,1503.8720326534208,2971.4582926550884,0.7371799115458803,-0.002000046722665819,2816.342089232735,1616.342089232735,80000.0,1.0,6.864933717070352e-09,291552.11951109953,292859.9879901949,-1.1737469333856662e-10
418.44999999976443,upper,293142.02304635185,291717.6067310457,2565.1125997966983,1504.986755880848,2974.018793654898,0.7369599064184633,-0.0020000465032706622,2813.763496510263,1613.763496510263,80000.0,1.0,6.74418029229391e-09,291717.6067310457,293142.02304635185,-1.1671230617340337e-10
418.55999999976433,upper,293424.3128569259,291883.216651133,2567.4298418242483,1506.1029447317028,2976.5822805390735,0.7367399013151229,-0.0020000462849038385,2811.184903787791,1611.184903787791,80000.0,1.0,6.625458735845023e-09,291883.216651133,293424.3128569259,-1.16065303100689e-10
418.66999999976423,upper,293706.8577064987,292048.9494327191,2569.7496732747245,1507.2206017368703,2979.1487585542964,0.7365198962357464,-0.0020000460675632112,2808.606311065319,1608.606311065319,80000.0,1.0,6.5087364359744125e-09,292048.9494327191,293706.8577064987,-1.154080762216743e-10
418.77999999976413,upper,293989.6578801621,292214.80523744045,2572.0720987925906,1508.3397294341855,2981.7182329618126,0.7362998911802215,-0.002000045851241857,2806.027718342847,1606.027718342847,80000.0,1.0,6.393981278569544e-09,292214.80523744045,293989.6578801621,-1.1476267856756257e-10
418.88999999976403,upper,294272.71366351965,292380.78422721336,2574.3971230351017,1509.4603303684569,2984.2907090374856,0.736079886148436,-0.0020000456359357305,2803.449125620375,1603.449125620375,80000.0,1.0,6.281161639961987e-09,292380.78422721336,294272.71366351965,-1.1411937746949659e-10
418.99999999976393,upper,294556.02534268773,292546.88656423386,2576.7247506723443,1510.5824070914932,2986.8661920718487,0.7358598811402787,-0.0020000454216412052,2800.870532897903,1600.870532897903,80000.0,1.0,6.170246379833378e-09,292546.88656423386,294556.02534268773,-1.1347223195190793e-10
419.10999999976383,upper,294839.5932042971,292713.1124109796,2579.05498638729,1511.7059621621272,2989.4446873701586,0.7356398761556384,-0.002000045208350902,2798.291940175431,1598.2919401754311,80000.0,1.0,6.061204834216858e-09,292713.1124109796,294839.5932042971,-1.1284250868465678e-10
419.21999999976373,upper,295123.41753549466,292879.46193020965,2581.3878348758367,1512.8309981462435,2992.026200252451,0.7354198711944049,-0.0020000449960623744,2795.713347452959,1595.7133474529592,80000.0,1.0,5.9540068085954575e-09,292879.46193020965,295123.41753549466,-1.1220623494295342e-10
419.32999999976363,upper,295407.49862394424,293045.9352849662,2583.723300846862,1513.9575176168034,2994.610736053592,0.7351998662564682,-0.0020000447847700257,2793.134754730487,1593.1347547304872,80000.0,1.0,5.84862257109368e-09,293045.9352849662,295407.49862394424,-1.1157866046424649e-10
419.43999999976353,upper,295691.8367578284,293212.53263857454,2586.061389022269,1515.0855231538721,2997.1983001233384,0.7349798613417189,-0.0020000445744696722,2790.5561620080152,1590.5561620080152,80000.0,1.0,5.7450228457630165e-09,293212.53263857454,295691.8367578284,-1.1094922248996337e-10
419.54999999976343,upper,295976.4322258501,293379.2541546441,2588.4021041370333,1516.2150173446437,2999.7888978263854,0.7347598564500484,-0.0020000443651557866,2787.9775692855433,1587.9775692855433,80000.0,1.0,5.643178805959287e-09,293379.2541546441,295976.4322258501,-1.1032604408020837e-10
419.65999999976333,upper,296261.28531723376,293546.09999706934,2590.745450939253,1517.3460027834672,3002.382534542425,0.7345398515813484,-0.002000044156824981,2785.3989765630713,1585.3989765630713,80000.0,1.0,5.543062067810012e-09,293546.09999706934,296261.28531723376,-1.0970182814674195e-10
419.76999999976323,upper,296546.3963217267,293713.0703300308,2593.091434190196,1518.4784820718742,3004.9792156662033,0.7343198467355111,-0.0020000439494707407,2782.8203838405993,1582.8203838405993,80000.0,1.0,5.444644683772126e-09,293713.0703300308,296546.3963217267,-1.0909267877735587e-10
419.87999999976313,upper,296831.7655296006,293880.1653179953,2595.44005866435,1519.6124578186054,3007.578946607571,0.7340998419124293,-0.0020000437430909637,2780.2417911181274,1580.2417911181274,80000.0,1.0,5.347899136277991e-09,293880.1653179953,296831.7655296006,-1.084774043287844e-10
419.98999999976303,upper,297117.3932316533,294047.385125717,2597.7913291494724,1520.7479326396362,3010.181732791545,0.7338798371119957,-0.0020000435376790276,2777.6631983956554,1577.6631983956554,80000.0,1.0,5.252798331468489e-09,294047.385125717,297117.3932316533,-1.0786768064631084e-10
420.09999999976293,upper,297403.27971921,294214.72991823824,2600.1452504466356,1521.884909158204,3012.787579658359,0.7336598323341044,-0.002000043333231885,2775.0846056731834,1575.0846056731834,80000.0,1.0,5.159315593012169e-09,294214.72991823824,297403.27971921,-1.0726004594197161e-10
420.20999999976283,upper,297689.4252841245,294382.1998608905,2602.5018273702813,1523.023390004835,3015.396492663522,0.7334398275786497,-0.0020000431297437582,2772.5060129507115,1572.5060129507115,80000.0,1.0,5.067424656009873e-09,294382.1998608905,297689.4252841245,-1.066585924465737e-10
420.31999999976273,upper,297975.8302187814,294549.79511929466,2604.8610647482683,1524.1633778173725,3018.0084772778796,0.7332198228455258,-0.0020000429272103454,2769.9274202282395,1569.9274202282395,80000.0,1.0,4.97709966098312e-09,294549.79511929466,297975.8302187814,-1.0606162845599796e-10
420.42999999976263,upper,298262.4948160967,294717.5158593626,2607.22296742192,1525.3048752410018,3020.6235389876592,0.7329998181346284,-0.002000042725628391,2767.3488275057675,1567.3488275057675,80000.0,1.0,4.888315147944808e-09,294717.5158593626,298262.4948160967,-1.0546267222348502e-10
420.53999999976253,upper,298549.41936951963,294885.36224729725,2609.587540246081,1526.4478849282793,3023.241683294541,0.732779813445853,-0.002000042524991874,2764.7702347832956,1564.7702347832956,80000.0,1.0,4.801046050552902e-09,294885.36224729725,298549.41936951963,-1.0486840364470505e-10
420.64999999976243,upper,298836.6041730346,295053.33444959397,2611.9547880891596,1527.592409539159,3025.862915715704,0.7325598087790955,-0.00200004232529737,2762.1916420608236,1562.1916420608236,80000.0,1.0,4.715267690343501e-09,295053.33444959397,298836.6041730346,-1.0427942173671157e-10
420.75999999976233,upper,299124.0495211622,295221.4326330409,2614.324715833185,1528.7384517410214,3028.487241783891,0.7323398041342529,-0.002000042126540143,2759.6130493383516,1559.6130493383516,80000.0,1.0,4.6309557710447604e-09,295221.4326330409,299124.0495211622,-1.0368878338594657e-10
420.86999999976223,upper,299411.75570896047,295389.65696472,2616.697328373855,1529.8860142086987,3031.1146670474623,0.7321197995112222,-0.0020000419287154376,2757.0344566158797,1557.0344566158797,80000.0,1.0,4.5480863729686465e-09,295389.65696472,299411.75570896047,-1.0310524403639667e-10
420.97999999976213,upper,299699.7230320269,295558.00761200814,2619.0726306205866,1531.0350996245054,3033.745197070456,0.7318997949099011,-0.002000041731818725,2754.4558638934077,1554.4558638934077,80000.0,1.0,4.466635947480655e-09,295558.00761200814,299699.7230320269,-1.0253406808009183e-10
421.08999999976203,upper,299987.9517865,295726.4847425774,2621.450627496571,1532.1857106782636,3036.3788374326455,0.7316797903301876,-0.0020000415358474737,2751.8772711709357,1551.8772711709357,80000.0,1.0,4.386581311546197e-09,295726.4847425774,299987.9517865,-1.0194747070397255e-10
421.1999999997619,upper,300276.4422690603,295895.0885243963,2623.8313239388212,1533.3378500673343,3039.015593729598,0.7314597857719807,-0.0020000413407955152,2749.2986784484638,1549.2986784484638,80000.0,1.0,4.3078996423524976e-09,295895.0885243963,300276.4422690603,-1.0137345004842661e-10
421.3099999997618,upper,300565.19477693224,296063.8191257303,2626.2147248982265,1534.4915204966426,3041.6554715727366,0.7312397812351793,-0.0020000411466588024,2746.720085725992,1546.7200857259918,80000.0,1.0,4.230568472005214e-09,296063.8191257303,300565.19477693224,-1.0080518092860999e-10
421.4199999997617,upper,300854.2096078855,296232.6767151431,2628.600835339603,1535.6467246787072,3044.298476589393,0.7310197767196823,-0.002000040953432777,2744.14149300352,1544.1414930035198,80000.0,1.0,4.15456568229855e-09,296232.6767151431,300854.2096078855,-1.0024290901720496e-10
421.5299999997616,upper,301143.48706023704,296401.6614614969,2630.9896602417466,1536.8034653336683,3046.944614422873,0.7307997722253904,-0.0020000407611149755,2741.562900281048,1541.5629002810479,80000.0,1.0,4.079869499558323e-09,296401.6614614969,301143.48706023704,-9.967299423536564e-11
421.6399999997615,upper,301433.0274328519,296570.7735339538,2633.3812045974864,1537.961745189318,3049.5938907325153,0.7305797677522038,-0.002000040569698706,2738.984307558576,1538.984307558576,80000.0,1.0,4.006458489556612e-09,296570.7735339538,301433.0274328519,-9.911497889009139e-11
421.7499999997614,upper,301722.8310251453,296740.0131019762,2635.775473413737,1539.121566981127,3052.246311193749,0.7303597633000234,-0.0020000403791806277,2736.405714836104,1536.405714836104,80000.0,1.0,3.934311552497358e-09,296740.0131019762,301722.8310251453,-9.856238790565253e-11
421.8599999997613,upper,302012.89813708386,296909.38033532794,2638.1724717115508,1540.2829334522742,3054.9018814981564,0.730139758868751,-0.0020000401895581407,2733.827122113632,1533.827122113632,80000.0,1.0,3.86340791807165e-09,296909.38033532794,302012.89813708386,-9.800370601979712e-11
421.9699999997612,upper,302303.2290691875,297078.87540407485,2640.572204526174,1541.4458473536765,3057.560607353534,0.729919754458288,-0.0020000400008250534,2731.24852939116,1531.24852939116,80000.0,1.0,3.7937271405822714e-09,297078.87540407485,302303.2290691875,-9.745164148778146e-11
422.0799999997611,upper,302593.82412253035,297248.49847858597,2642.974676907096,1542.6103114440168,3060.222494483951,0.7296997500685367,-0.0020000398129775858,2728.669936668688,1528.669936668688,80000.0,1.0,3.7252490941360826e-09,297248.49847858597,302593.82412253035,-9.690080239853157e-11
422.189999999761,upper,302884.68359874334,297418.2497295342,2645.3798939181065,1543.7763284897735,3062.887548629812,0.7294797456994002,-0.002000039626011885,2726.091343946216,1526.091343946216,80000.0,1.0,3.657953967903674e-09,297418.2497295342,302884.68359874334,-9.635710072653327e-11
422.2999999997609,upper,303175.80780001497,297588.12932789716,2647.7878606373483,1544.9439012652501,3065.555775547918,0.7292597413507818,-0.0020000394399245125,2723.512751223744,1523.512751223744,80000.0,1.0,3.5918222614454285e-09,297588.12932789716,303175.80780001497,-9.580580392796968e-11
422.4099999997608,upper,303467.197029093,297758.13744495803,2650.198582157373,1546.1130325526053,3068.227181011531,0.7290397370225851,-0.002000039254709395,2720.934158501272,1520.9341585012721,80000.0,1.0,3.5268347801028005e-09,297758.13744495803,303467.197029093,-9.527360388692738e-11
422.5199999997607,upper,303758.85158928623,297928.2742523064,2652.612063585194,1547.2837251418823,3070.901770810431,0.7288197327147139,-0.002000039070365014,2718.3555657788,1518.3555657788002,80000.0,1.0,3.4629726304543815e-09,297928.2742523064,303758.85158928623,-9.472989706655165e-11
422.6299999997606,upper,304050.77178446617,298098.53992183943,2655.0283100423435,1548.4559818310377,3073.5795507509847,0.7285997284270729,-0.002000038886884397,2715.776973056328,1515.7769730563282,80000.0,1.0,3.4002172158354303e-09,298098.53992183943,304050.77178446617,-9.419858713634472e-11
422.7399999997605,upper,304342.9579190683,298268.93462576234,2657.4473266649234,1549.629805425973,3076.260526656201,0.7283797241595672,-0.002000038704265224,2713.198380333856,1513.1983803338562,80000.0,1.0,3.3385502319206143e-09,298268.93462576234,304342.9579190683,-9.367044624284943e-11
422.8499999997604,upper,304635.4102980941,298439.4585365896,2659.869118603667,1550.8051987405645,3078.944704365801,0.7281597199121026,-0.0020000385225038895,2710.6197876113843,1510.6197876113843,80000.0,1.0,3.2779536623685113e-09,298439.4585365896,304635.4102980941,-9.313915598335745e-11
422.9599999997603,upper,304928.12922711216,298610.1118271452,2662.2936910239887,1551.9821645966922,3081.632089736276,0.7279397156845848,-0.002000038341595692,2708.0411948889123,1508.0411948889123,80000.0,1.0,3.218409774527631e-09,298610.1118271452,304928.12922711216,-9.26085595735671e-11
423.0699999997602,upper,305221.1150122602,298780.89467056445,2664.721049106046,1553.1607058242716,3084.3226886409557,0.7277197114769202,-0.002000038161536057,2705.4626021664403,1505.4626021664403,80000.0,1.0,3.1599011152024602e-09,298780.89467056445,305221.1150122602,-9.209102803637794e-11
423.1799999997601,upper,305514.3679602468,298951.80724029406,2667.151198044788,1554.3408252612837,3087.0165069700674,0.7274997072890157,-0.002000037982321895,2702.8840094439684,1502.8840094439684,80000.0,1.0,3.102410506479576e-09,298951.80724029406,305514.3679602468,-9.156897763712518e-11
423.28999999976,upper,305807.88837835257,299122.8497100939,2669.584143050021,1555.5225257538068,3089.713550630805,0.7272797031207784,-0.002000037803949748,2700.3054167214964,1500.3054167214964,80000.0,1.0,3.0459210416121203e-09,299122.8497100939,305807.88837835257,-9.104538371433894e-11
423.3999999997599,upper,306101.6765744319,299294.0222540367,2672.0198893464562,1556.7058101560444,3092.4138255473886,0.727059698972116,-0.00200003762641296,2697.7268239990244,1497.7268239990244,80000.0,1.0,2.990416080963133e-09,299294.0222540367,306101.6765744319,-9.054157103008858e-11
423.5099999997598,upper,306395.7328569149,299465.3250465099,2674.458442173774,1557.8906813303604,3095.117337661134,0.7268396948429365,-0.002000037449710498,2695.1482312765525,1495.1482312765525,80000.0,1.0,2.935879248005062e-09,299465.3250465099,306395.7328569149,-9.002829029259305e-11
423.6199999997597,upper,306690.05753480893,299636.7582622163,2676.899806786677,1559.0771421473069,3097.824092930514,0.726619690733149,-0.0020000372738381276,2692.5696385540805,1492.5696385540805,80000.0,1.0,2.88229442537676e-09,299636.7582622163,306690.05753480893,-8.951513046346096e-11
423.7299999997596,upper,306984.6509177,299808.3220761747,2679.343988454949,1560.2651954856567,3100.5340973312273,0.7263996866426619,-0.002000037098790766,2689.9910458316085,1489.9910458316085,80000.0,1.0,2.829645750995831e-09,299808.3220761747,306984.6509177,-8.900838511868896e-11
423.8399999997595,upper,307279.5133157548,299980.01666372136,2681.7909924635114,1561.4548442324347,3103.2473568562596,0.7261796825713847,-0.0020000369245644373,2687.4124531091365,1487.4124531091365,80000.0,1.0,2.7779176142259613e-09,299980.01666372136,307279.5133157548,-8.85097230277721e-11
423.9499999997594,upper,307574.64503972227,300151.8422005102,2684.240824112487,1562.6460912829498,3105.9638775159583,0.7259596785192275,-0.0020000367511569823,2684.8338603866646,1484.8338603866646,80000.0,1.0,2.7270946520988333e-09,300151.8422005102,307574.64503972227,-8.800210675305111e-11
424.0599999997593,upper,307870.0464009347,300323.7988625143,2686.6934887172506,1563.8389395408262,3108.683665338088,0.7257396744861003,-0.002000036578562433,2682.2552676641926,1482.2552676641926,80000.0,1.0,2.6771617455893936e-09,300323.7988625143,307870.0464009347,-8.751000550759434e-11
424.1699999997592,upper,308165.7177113105,300495.8868260267,2689.148991608492,1565.0333919180352,3111.4067263679044,0.7255196704719139,-0.002000036406778585,2679.6766749417206,1479.6766749417206,80000.0,1.0,2.6281040159440574e-09,300495.8868260267,308165.7177113105,-8.701288080215463e-11
424.2799999997591,upper,308461.659283355,300668.10626766103,2691.607338132274,1566.2294513349277,3114.13306666822,0.7252996664765794,-0.0020000362358005524,2677.0980822192487,1477.0980822192487,80000.0,1.0,2.579906821061145e-09,300668.10626766103,308461.659283355,-8.652666781528023e-11
424.389999999759,upper,308757.87143016275,300840.45736435254,2694.0685336500924,1567.4271207202667,3116.8626923194715,0.7250796625000081,-0.0020000360656258365,2674.5194894967767,1474.5194894967767,80000.0,1.0,2.532555751922776e-09,300840.45736435254,308757.87143016275,-8.60359530362961e-11
424.4999999997589,upper,309054.3544654183,301012.94029335934,2696.5325835389363,1568.6264030112582,3119.5956094197863,0.724859658542112,-0.002000035896249745,2671.9408967743047,1471.9408967743047,80000.0,1.0,2.486036629077317e-09,301012.94029335934,309054.3544654183,-8.554507822628107e-11
424.6099999997588,upper,309351.10870339925,301185.55523226294,2698.999493191343,1569.8273011535855,3122.33182408505,0.7246396546028038,-0.002000035727667998,2669.362304051833,1469.3623040518328,80000.0,1.0,2.4403354991723583e-09,301185.55523226294,309351.10870339925,-8.50684896921339e-11
424.7199999997587,upper,309648.1344589767,301358.3023589693,2701.469268015466,1571.029818101441,3125.071342448979,0.7244196506819958,-0.002000035559877699,2666.783711329361,1466.7837113293608,80000.0,1.0,2.3954386315367767e-09,301358.3023589693,309648.1344589767,-8.458791974893226e-11
424.8299999997586,upper,309945.43204761774,301531.18185171,2703.941913435126,1572.233956817559,3127.814170663182,0.7241996467796014,-0.002000035392875202,2664.205118606889,1464.2051186068888,80000.0,1.0,2.3513325148115808e-09,301531.18185171,309945.43204761774,-8.411055033090265e-11
424.9399999997585,upper,310243.00178538705,301704.1938890429,2706.417434889884,1573.4397202732484,3130.5603148972386,0.7239796428955342,-0.0020000352266576924,2661.626525884417,1461.6265258844169,80000.0,1.0,2.3080038536292027e-09,301704.1938890429,310243.00178538705,-8.362333482831063e-11
425.0499999997584,upper,310540.8439889482,301877.3386498532,2708.89583783509,1574.6471114484275,3133.3097813387603,0.723759639029708,-0.0020000350612193476,2659.047933161945,1459.047933161945,80000.0,1.0,2.265439565339794e-09,301877.3386498532,310540.8439889482,-8.31536623546482e-11
425.1599999997583,upper,310838.958975566,302050.6163133542,2711.3771277419496,1575.8561333316545,3136.0625761934625,0.7235396351820373,-0.0020000348965579836,2656.469340439473,1456.469340439473,80000.0,1.0,2.223626776784797e-09,302050.6163133542,310838.958975566,-8.268143730709219e-11
425.2699999997582,upper,311137.347063108,302224.02705908875,2713.861310097588,1577.066788920164,3138.8187056852385,0.723319631352437,-0.0020000347326689454,2653.890747717001,1453.890747717001,80000.0,1.0,2.182552821116405e-09,302224.02705908875,311137.347063108,-8.221991401565959e-11
425.3799999997581,upper,311436.0085700459,302397.57106692943,2716.3483904051072,1578.2790812198982,3141.5781760562227,0.723099627540822,-0.0020000345695495797,2651.312154994529,1451.312154994529,80000.0,1.0,2.1422052346627855e-09,302397.57106692943,311436.0085700459,-8.175179102712321e-11
425.489999999758,upper,311734.94381545775,302571.2485170803,2718.838374183651,1579.4930132455424,3144.3409935668687,0.7228796237471078,-0.0020000344071960507,2648.733562272057,1448.733562272057,80000.0,1.0,2.1025717538380815e-09,302571.2485170803,311734.94381545775,-8.12858816176288e-11
425.5999999997579,upper,312034.1531190297,302745.0595900775,2721.3312669684656,1580.708588020558,3147.107164496014,0.7226596199712105,-0.0020000342456041116,2646.154969549585,1446.154969549585,80000.0,1.0,2.063640312097076e-09,302745.0595900775,312034.1531190297,-8.08271607923216e-11
425.7099999997578,upper,312333.6368010578,302919.0044667902,2723.827074310967,1581.9258085772171,3149.876695140958,0.7224396162130468,-0.002000034084770964,2643.576376827113,1443.576376827113,80000.0,1.0,2.025399036933296e-09,302919.0044667902,312333.6368010578,-8.037243566718791e-11
425.8199999997577,upper,312633.3951824493,303093.08332842134,2726.325801778797,1583.144677956636,3152.6495918175274,0.7222196124725331,-0.002000033924693155,2640.997784104641,1440.9977841046411,80000.0,1.0,1.987836246920625e-09,303093.08332842134,312633.3951824493,-7.991307371886339e-11
425.9299999997576,upper,312933.42858472513,303267.29635650927,2728.827454955893,1584.3651992088116,3155.425860860152,0.7219996087495865,-0.002000033765366391,2638.419191382169,1438.4191913821692,80000.0,1.0,1.9509404487971152e-09,303267.29635650927,312933.42858472513,-7.946206119638604e-11
426.0399999997575,upper,313233.73733002105,303441.64373292815,2731.3320394425477,1585.5873753926537,3158.2055086219375,0.7217796050441246,-0.0020000336067870924,2635.840598659697,1435.8405986596972,80000.0,1.0,1.9147003345911746e-09,303441.64373292815,313233.73733002105,-7.901393400449472e-11
426.1499999997574,upper,313534.32174108975,303616.1256398891,2733.8395608554747,1586.8112095760212,3160.9885414747346,0.7215596013560657,-0.002000033448952988,2633.2620059372252,1433.2620059372252,80000.0,1.0,1.879104778788992e-09,303616.1256398891,313534.32174108975,-7.85618823144165e-11
426.2599999997573,upper,313835.182141303,303790.7422599411,2736.3500248278724,1588.0367048357568,3163.774965809216,0.7213395976853277,-0.002000033291859846,2630.6834132147533,1430.6834132147533,80000.0,1.0,1.8441428355429282e-09,303790.7422599411,313835.182141303,-7.811582006492471e-11
426.3699999997572,upper,314136.318854653,303965.4937759724,2738.863437009489,1589.263864257722,3166.5647880349484,0.7211195940318295,-0.0020000331355035637,2628.1048204922813,1428.1048204922813,80000.0,1.0,1.8098037359201783e-09,303965.4937759724,314136.318854653,-7.767477281939532e-11
426.4799999997571,upper,314437.732205754,304140.3803712107,2741.3798030666894,1590.4926909368317,3169.358014580468,0.7208995903954901,-0.0020000329798814517,2625.5262277698093,1425.5262277698093,80000.0,1.0,1.7760768851913523e-09,304140.3803712107,314437.732205754,-7.723517160093693e-11
426.589999999757,upper,314739.4225198449,304315.40222922503,2743.899128682516,1591.7231879770916,3172.154651893351,0.7206795867762288,-0.002000032824989915,2622.9476350473374,1422.9476350473374,80000.0,1.0,1.7429518601580325e-09,304315.40222922503,314739.4225198449,-7.679630677021744e-11
426.6999999997569,upper,315041.39012279036,304490.5595339264,2746.421419556758,1592.9553584916323,3174.9547064402923,0.7204595831739654,-0.0020000326708252327,2620.3690423248654,1420.3690423248654,80000.0,1.0,1.7104184065193213e-09,304490.5595339264,315041.39012279036,-7.635988470158911e-11
426.8099999997568,upper,315343.6353410833,304665.85246956843,2748.946681406015,1594.189205602746,3177.758184707178,0.7202395795886204,-0.0020000325173840606,2617.7904496023934,1417.7904496023934,80000.0,1.0,1.6784664362764839e-09,304665.85246956843,315343.6353410833,-7.592872319949351e-11
426.9199999997567,upper,315646.1585018458,304841.281220749,2751.474919963767,1595.4247324419214,3180.5650931991627,0.7200195760201141,-0.00200003236466416,2615.2118568799215,1415.2118568799215,80000.0,1.0,1.6470860251750988e-09,304841.281220749,315646.1585018458,-7.549242508694254e-11
427.0299999997566,upper,315948.9599328321,305016.8459724109,2754.0061409804366,1596.6619421498817,3183.3754384407425,0.7197995724683678,-0.002000032212660258,2612.6332641574495,1412.6332641574495,80000.0,1.0,1.6162674101845739e-09,305016.8459724109,315948.9599328321,-7.506583246328496e-11
427.1399999997565,upper,316252.0399624298,305192.5469098428,2756.5403502234594,1597.9008378766189,3186.1892269758355,0.7195795689333025,-0.0020000320613694066,2610.0546714349775,1410.0546714349775,80000.0,1.0,1.5860009870142446e-09,305192.5469098428,316252.0399624298,-7.464479341043666e-11
427.2499999997564,upper,316555.3989196616,305368.3842186804,2759.0775534773475,1599.1414227814314,3189.006465367853,0.7193595654148404,-0.0020000319107899628,2607.4760787125056,1407.4760787125056,80000.0,1.0,1.5562773076654578e-09,305368.3842186804,316555.3989196616,-7.421911579470797e-11
427.3599999997563,upper,316859.0371341878,305544.35808490746,2761.617756543762,1600.3837000329615,3191.82716019978,0.719139561912903,-0.002000031760916753,2604.8974859900336,1404.8974859900336,80000.0,1.0,1.527087078019506e-09,305544.35808490746,316859.0371341878,-7.38006479866626e-11
427.4699999997562,upper,317162.9549363076,305720.46869485686,2764.160965241576,1601.6276728092305,3194.6513180742513,0.7189195584274128,-0.002000031611747946,2602.3188932675616,1402.3188932675616,80000.0,1.0,1.4984211554606337e-09,305720.46869485686,317162.9549363076,-7.337402817747165e-11
427.5799999997561,upper,317467.15265696135,305896.7162352115,2766.7071854069454,1602.873344297678,3197.478945613629,0.7186995549582926,-0.002000031463278351,2599.7403005450897,1399.7403005450897,80000.0,1.0,1.4702705465336712e-09,305896.7162352115,317467.15265696135,-7.295815709374224e-11
427.689999999756,upper,317771.63062773214,306073.1008930056,2769.256422893378,1604.120717695196,3200.31004946008,0.7184795515054659,-0.002000031315506648,2597.1617078226177,1397.1617078226177,80000.0,1.0,1.4426264046359868e-09,306073.1008930056,317771.63062773214,-7.253820980107226e-11
427.7999999997559,upper,318076.3891808482,306249.62285562546,2771.808683571802,1605.3697962081708,3203.1446362756565,0.7182595480688558,-0.002000031168427409,2594.5831151001457,1394.5831151001457,80000.0,1.0,1.4154800277430494e-09,306249.62285562546,318076.3891808482,-7.213343908280338e-11
427.9099999997558,upper,318381.4286491841,306426.2823108103,2774.3639733306322,1606.6205830525166,3205.9827127423723,0.7180395446483864,-0.002000031022039274,2592.0045223776738,1392.0045223776738,80000.0,1.0,1.3888228561673857e-09,306426.2823108103,318381.4286491841,-7.172203558632074e-11
428.0199999997557,upper,318686.7493662637,306603.079446654,2776.9222980758464,1607.8730814537153,3208.8242855622843,0.717819541243982,-0.002000030876338081,2589.425929655202,1389.4259296552018,80000.0,1.0,1.3626464703502056e-09,306603.079446654,318686.7493662637,-7.131428677218065e-11
428.1299999997556,upper,318992.35166626086,306780.0144516058,2779.4836637310495,1609.127294646855,3211.6693614575715,0.717599537855567,-0.0020000307313212413,2586.84733693273,1386.8473369327298,80000.0,1.0,1.3369425886854682e-09,306780.0144516058,318992.35166626086,-7.091133165529111e-11
428.2399999997555,upper,319298.2358840024,306957.0875144711,2782.0480762375455,1610.3832258766658,3214.517947170612,0.7173795344830662,-0.002000030586984879,2584.268744210258,1384.2687442102579,80000.0,1.0,1.3117030653759323e-09,306957.0875144711,319298.2358840024,-7.050269663229998e-11
428.3499999997554,upper,319604.40235496947,307134.29882441263,2784.6155415544085,1611.640878397562,3217.370049464068,0.7171595311264054,-0.0020000304433262705,2581.690151487786,1381.690151487786,80000.0,1.0,1.2869198883205364e-09,307134.29882441263,319604.40235496947,-7.010305974662075e-11
428.4599999997553,upper,319910.8514152998,307311.6485709521,2787.1860656585536,1612.9002554736755,3220.2256751209616,0.7169395277855097,-0.0020000303003419565,2579.111558765314,1379.111558765314,80000.0,1.0,1.2625851770328621e-09,307311.6485709521,319910.8514152998,-6.970403894360062e-11
428.5699999997552,upper,320217.58340178966,307489.13694397063,2789.759654544808,1614.161360378901,3223.084830944763,0.7167195244603054,-0.0020000301580294375,2576.532966042842,1376.532966042842,80000.0,1.0,1.2386911805902832e-09,307489.13694397063,320217.58340178966,-6.930066251998792e-11
428.6799999997551,upper,320524.5986518954,307666.7641337097,2792.336314225984,1615.42419639693,3225.9475237594647,0.7164995211507188,-0.0020000300163843508,2573.95437332037,1373.95437332037,80000.0,1.0,1.2152302756132955e-09,307666.7641337097,320524.5986518954,-6.890791828351147e-11
428.789999999755,upper,320831.89750373625,307844.53033077286,2794.9160507329493,1616.6887668212912,3228.813760409667,0.7162795178566764,-0.0020000298754041168,2571.375780597898,1371.375780597898,80000.0,1.0,1.1921949642744428e-09,307844.53033077286,320831.89750373625,-6.851486378498661e-11
428.8999999997549,upper,321139.4802960954,308022.4357261264,2797.4988701147017,1617.955074955391,3231.683547760662,0.7160595145781058,-0.0020000297350858563,2568.797187875426,1368.797187875426,80000.0,1.0,1.1695778723368483e-09,308022.4357261264,321139.4802960954,-6.812501934045267e-11
429.0099999997548,upper,321447.3473684226,308200.48051110056,2800.0847784384387,1619.2231241125514,3234.5568926985115,0.7158395113149337,-0.002000029595426565,2566.218595152954,1366.218595152954,80000.0,1.0,1.1473717472215335e-09,308200.48051110056,321447.3473684226,-6.773540266123065e-11
429.1199999997547,upper,321755.4990608361,308378.66487739055,2802.673781789633,1620.4929176160526,3237.433802130136,0.7156195080670882,-0.002000029456421658,2563.640002430482,1363.6400024304821,80000.0,1.0,1.1255694561033293e-09,308378.66487739055,321755.4990608361,-6.735912035322981e-11
429.2299999997546,upper,322063.93571412447,308556.98901705776,2805.265886272107,1621.7644587991695,3240.3142829833946,0.715399504834497,-0.00200002931807071,2561.06140970801,1361.0614097080102,80000.0,1.0,1.1041639840349475e-09,308556.98901705776,322063.93571412447,-6.697297440323e-11
429.3399999997545,upper,322372.65766974865,308735.4531225306,2807.861098008103,1623.0377510052137,3243.1983422071694,0.7151795016170887,-0.002000029180368493,2558.482816985538,1358.4828169855382,80000.0,1.0,1.0831484320988657e-09,308735.4531225306,322372.65766974865,-6.65912575883155e-11
429.4499999997544,upper,322681.665269844,308914.05738660594,2810.4594231383626,1624.3127975875746,3246.085986771452,0.7149594984147919,-0.002000029043313297,2555.904224263066,1355.9042242630662,80000.0,1.0,1.0625160155864432e-09,308914.05738660594,322681.665269844,-6.620944964753188e-11
429.5599999997543,upper,322990.9588572227,309092.8020024503,2813.060867822197,1625.5896019097581,3248.9772236674266,0.7147394952275361,-0.002000028906900977,2553.3256315405943,1353.3256315405943,80000.0,1.0,1.0422600622041637e-09,309092.8020024503,322990.9588572227,-6.583571019311273e-11
429.6699999997542,upper,323300.5387753751,309271.68716360035,2815.665438237565,1626.8681673454294,3251.8720599075564,0.7145194920552502,-0.0020000287711285265,2550.7470388181223,1350.7470388181223,80000.0,1.0,1.0223740103064732e-09,309271.68716360035,323300.5387753751,-6.546545015868027e-11
429.7799999997541,upper,323610.4053684723,309450.7130639646,2818.273140581144,1628.1484972784517,3254.770502525668,0.7142994888978642,-0.002000028635994589,2548.1684460956503,1348.1684460956503,80000.0,1.0,1.0028514071548233e-09,309450.7130639646,323610.4053684723,-6.508928441453084e-11
429.889999999754,upper,323920.5589813682,309629.8798978243,2820.8839810684144,1629.4305951029291,3257.672558577039,0.7140794857553079,-0.0020000285014952273,2545.5898533731784,1345.5898533731784,80000.0,1.0,9.836859072026389e-10,309629.8798978243,323920.5589813682,-6.471215970135255e-11
429.9999999997539,upper,324230.99995960126,309809.18785983487,2823.4979659337255,1630.7144642232483,3260.5782351384855,0.713859482627512,-0.0020000283676264168,2543.0112606507064,1343.0112606507064,80000.0,1.0,9.648712704057049e-10,309809.18785983487,324230.99995960126,-6.434619648365882e-11
430.1099999997538,upper,324541.72864939686,309988.63714502624,2826.1151014303787,1632.000108054119,3263.487539308446,0.7136394795144068,-0.002000028234386648,2540.4326679282344,1340.4326679282344,80000.0,1.0,9.464013605579265e-10,309988.63714502624,324541.72864939686,-6.397392717203781e-11
430.2199999997537,upper,324852.74539766915,310168.22794880497,2828.7353938307037,1633.2875300206158,3266.4004782070724,0.7134194764159237,-0.002000028101771814,2537.8540752057625,1337.8540752057625,80000.0,1.0,9.282701436516423e-10,310168.22794880497,324852.74539766915,-6.361132841142987e-11
430.3299999997536,upper,325164.05055202334,310347.9604669549,2831.3588494261335,1634.5767335582216,3269.317058976315,0.713199473331994,-0.0020000279697796604,2535.2754824832905,1335.2754824832905,80000.0,1.0,9.104716862625464e-10,310347.9604669549,325164.05055202334,-6.324832538050917e-11
430.4399999997535,upper,325475.6444607581,310527.8348956384,2833.9854745272846,1635.8677221128678,3272.2372887800148,0.7129794702625493,-0.0020000278384063454,2532.6968897608185,1332.6968897608185,80000.0,1.0,8.93000153958748e-10,310527.8348956384,325475.6444607581,-6.289574286065608e-11
430.5499999997534,upper,325787.52747286664,310707.8514313972,2836.6152754640334,1637.160499140979,3275.161174803987,0.7127594672075217,-0.002000027707652038,2530.1182970383466,1330.1182970383466,80000.0,1.0,8.758498097335441e-10,310707.8514313972,325787.52747286664,-6.252636999040076e-11
430.6599999997533,upper,326099.6999380402,310888.01027115394,2839.248258585598,1638.4550681095143,3278.088724256118,0.7125394641668434,-0.002000027577509506,2527.5397043158746,1327.5397043158746,80000.0,1.0,8.590150124616343e-10,310888.01027115394,326099.6999380402,-6.217656051497835e-11
430.7699999997532,upper,326412.1622066691,311068.31161221326,2841.8844302606103,1639.7514324960102,3281.019944366445,0.712319461140447,-0.0020000274479786517,2524.9611115934026,1324.9611115934026,80000.0,1.0,8.424902153785013e-10,311068.31161221326,326412.1622066691,-6.182058878577269e-11
430.8799999997531,upper,326724.9146298454,311248.75565226295,2844.5237968772044,1641.0495957886242,3283.954842387257,0.7120994581282656,-0.0020000273190563644,2522.3825188709307,1322.3825188709307,80000.0,1.0,8.262699645825402e-10,311248.75565226295,326724.9146298454,-6.146630602639369e-11
430.989999999753,upper,327037.9575593649,311429.342589375,2847.1663648430886,1642.3495614861781,3286.8934255931767,0.7118794551302324,-0.0020000271907389573,2519.8039261484587,1319.8039261484587,80000.0,1.0,8.10348897559681e-10,311429.342589375,327037.9575593649,-6.111610374348127e-11
431.0999999997529,upper,327351.29134772933,311610.07262200676,2849.812140585629,1643.6513330982013,3289.835701281257,0.7116594521462809,-0.00200002706302417,2517.2253334259867,1317.2253334259867,80000.0,1.0,7.947217417301654e-10,311610.07262200676,327351.29134772933,-6.076120975772657e-11
431.2099999997528,upper,327664.91634814866,311790.9459490024,2852.4611305519334,1644.9549141449752,3292.7816767710724,0.7114394491763452,-0.0020000269359087266,2514.6467407035148,1314.6467407035148,80000.0,1.0,7.793833130171195e-10,311790.9459490024,327664.91634814866,-6.041599095665221e-11
431.3199999997527,upper,327978.8329145428,311971.96276959404,2855.113341208925,1646.2603081575762,3295.7313594048087,0.7112194462203593,-0.0020000268093894004,2512.068147981043,1312.0681479810428,80000.0,1.0,7.643285144366932e-10,311971.96276959404,327978.8329145428,-6.007723803937484e-11
431.4299999997526,upper,328293.04140154435,312153.12328340235,2857.768779043427,1647.567518677921,3298.6847565473545,0.7109994432782577,-0.0020000266834653544,2509.489555258571,1309.4895552585708,80000.0,1.0,7.4955233470949e-10,312153.12328340235,328293.04140154435,-5.972836092275304e-11
431.5399999997525,upper,328607.5421645006,312334.42769043875,2860.4274505622484,1648.8765492588102,3301.6418755864006,0.7107794403499752,-0.0020000265581317754,2506.910962536099,1306.9109625360989,80000.0,1.0,7.350498468927408e-10,312334.42769043875,328607.5421645006,-5.938844522424724e-11
431.6499999997524,upper,328922.33555947576,312515.8761911055,2863.0893622922604,1650.1874034639734,3304.6027239325263,0.710559437435447,-0.0020000264333862867,2504.332369813627,1304.3323698136269,80000.0,1.0,7.208162070333226e-10,312515.8761911055,328922.33555947576,-5.904862918922621e-11
431.7599999997523,upper,329237.4219432526,312697.468986198,2865.7545207804833,1651.5000848681145,3307.567309019299,0.7103394345346087,-0.0020000263092267634,2501.753777091155,1301.753777091155,80000.0,1.0,7.068466528409393e-10,312697.468986198,329237.4219432526,-5.871270295284566e-11
431.8699999997522,upper,329552.80167333584,312879.2062769052,2868.422932594166,1652.814597056956,3310.535638303364,0.7101194316473958,-0.0020000261856506175,2499.175184368683,1299.175184368683,80000.0,1.0,6.931365023814539e-10,312879.2062769052,329552.80167333584,-5.837320805815343e-11
431.9799999997521,upper,329868.4751079534,313061.0882648112,2871.094604320872,1654.130943627286,3313.507719264544,0.7098994287737443,-0.002000026062653941,2496.596591646211,1296.596591646211,80000.0,1.0,6.796811527899394e-10,313061.0882648112,329868.4751079534,-5.803997076340756e-11
432.089999999752,upper,330184.4426060588,313243.11515189614,2873.7695425685642,1655.449128187001,3316.4835594059314,0.7096794259135908,-0.0020000259402351878,2494.017998923739,1294.017998923739,80000.0,1.0,6.66476079003245e-10,313243.11515189614,330184.4426060588,-5.771021439435534e-11
432.1999999997519,upper,330500.70452733384,313425.2871405381,2876.447753965687,1656.769154355155,3319.4631662539864,0.7094594230668715,-0.0020000258183908476,2491.439406201267,1291.439406201267,80000.0,1.0,6.535168325116864e-10,313425.2871405381,330500.70452733384,-5.737841086201432e-11
432.3099999997518,upper,330817.26123219053,313607.6044335132,2879.1292451612508,1658.0910257620033,3322.4465473586306,0.7092394202335235,-0.0020000256971178724,2488.860813478795,1288.860813478795,80000.0,1.0,6.407990401298119e-10,313607.6044335132,330817.26123219053,-5.7053760542389325e-11
432.4199999997517,upper,331134.11308177316,313790.06723399804,2881.8140228249204,1659.4147460490497,3325.4337102933478,0.7090194174134843,-0.0020000255764151334,2486.282220756323,1286.282220756323,80000.0,1.0,6.283184027856514e-10,313790.06723399804,331134.11308177316,-5.672421633290342e-11
432.5299999997516,upper,331451.2604379611,313972.67574557016,2884.502093647098,1660.7403188690928,3328.424662655279,0.7087994146066912,-0.0020000254562800145,2483.703628033851,1283.7036280338511,80000.0,1.0,6.160706943285029e-10,313972.67574557016,331451.2604379611,-5.638810107821432e-11
432.6399999997515,upper,331768.70366337063,314155.4301722098,2887.193464339011,1662.0677478862738,3331.419412065321,0.7085794118130821,-0.002000025336707453,2481.125035311379,1281.1250353113792,80000.0,1.0,6.040517603547565e-10,314155.4301722098,331768.70366337063,-5.6069748040144636e-11
432.7499999997514,upper,332086.4431213576,314338.33071830054,2889.888141632796,1663.3970367761217,3334.417966168224,0.7083594090325952,-0.002000025217696318,2478.546442588907,1278.5464425889072,80000.0,1.0,5.922575170516846e-10,314338.33071830054,332086.4431213576,-5.575323218131686e-11
432.8599999997513,upper,332404.4791760194,314521.37758863106,2892.58613228159,1664.7281892256026,3337.4203326326938,0.7081394062651686,-0.0020000250992443006,2475.9678498664352,1275.9678498664352,80000.0,1.0,5.806839500587289e-10,314521.37758863106,332404.4791760194,-5.5433682849117845e-11
432.9699999997512,upper,332722.81219219754,314704.57098839624,2895.2874430596144,1666.061208933166,3340.4265191514874,0.7079194035107409,-0.002000024981348367,2473.3892571439633,1273.3892571439633,80000.0,1.0,5.693271133462497e-10,314704.57098839624,332722.81219219754,-5.511187406140247e-11
433.0799999997511,upper,333041.44253547984,314887.91112319834,2897.992080762264,1667.3960996087926,3343.4365334415143,0.7076994007692514,-0.002000024864005802,2470.8106644214913,1270.8106644214913,80000.0,1.0,5.581831281113567e-10,314887.91112319834,333041.44253547984,-5.480052055085144e-11
433.189999999751,upper,333360.3705722024,315071.39819904865,2900.700052206197,1668.7328649740434,3346.45038324394,0.7074793980406394,-0.002000024747214426,2468.2320716990193,1268.2320716990193,80000.0,1.0,5.472481816905609e-10,315071.39819904865,333360.3705722024,-5.448474517851793e-11
433.2999999997509,upper,333679.5966694529,315255.03242236807,2903.411364229422,1670.071508762107,3349.468076324283,0.7072593953248442,-0.0020000246309707518,2465.6534789765474,1265.6534789765474,80000.0,1.0,5.36518526489165e-10,315255.03242236807,333679.5966694529,-5.4171486809309864e-11
433.4099999997508,upper,333999.12119507225,315438.813999989,2906.1260236913868,1671.4120347178482,3352.4896204725183,0.7070393926218055,-0.0020000245152730326,2463.0748862540754,1263.0748862540754,80000.0,1.0,5.259904789269052e-10,315438.813999989,333999.12119507225,-5.3862692526127956e-11
433.5199999997507,upper,334318.9445176568,315622.74313915655,2908.8440374730712,1672.7544465978576,3355.5150235031797,0.7068193899314639,-0.002000024400119174,2460.4962935316034,1260.4962935316034,80000.0,1.0,5.156604183998496e-10,315622.74313915655,334318.9445176568,-5.355257136863468e-11
433.6299999997506,upper,334639.0670065612,315806.8200475293,2911.565412477073,1674.0987481705001,3358.544293255461,0.7065993872537594,-0.0020000242855053732,2457.9177008091315,1257.9177008091315,80000.0,1.0,5.055247862581754e-10,315806.8200475293,334639.0670065612,-5.324340413058335e-11
433.7399999997505,upper,334959.4890319004,315991.0449331814,2914.290155627705,1675.4449432159636,3361.577437593324,0.7063793845886328,-0.002000024171429223,2455.3391080866595,1255.3391080866595,80000.0,1.0,4.955800847996063e-10,315991.0449331814,334959.4890319004,-5.2945774137179205e-11
433.8499999997504,upper,335280.21096455253,316175.4180046032,2917.0182738710787,1676.7930355263102,3364.6144644055944,0.7061593819360251,-0.0020000240578899016,2452.7605153641875,1252.7605153641875,80000.0,1.0,4.858228762783614e-10,316175.4180046032,335280.21096455253,-5.2635409706370365e-11
433.9599999997503,upper,335601.23317616084,316359.939470703,2919.7497741752027,1678.1430289055238,3367.655381606074,0.7059393792958776,-0.0020000239448830135,2450.1819226417156,1250.1819226417156,80000.0,1.0,4.762497819293198e-10,316359.939470703,335601.23317616084,-5.233158703024928e-11
434.0699999997502,upper,335922.5560391362,316544.6095408082,2922.48466353007,1679.494927169563,3370.7001971336404,0.7057193766681313,-0.002000023832406733,2447.6033299192436,1247.6033299192436,80000.0,1.0,4.668574810071853e-10,316544.6095408082,335922.5560391362,-5.202995569949232e-11
434.1799999997501,upper,336244.17992665974,316729.4284246665,2925.2229489477545,1680.8487341464097,3373.7489189523553,0.7054993740527287,-0.0020000237204582587,2445.0247371967716,1245.0247371967716,80000.0,1.0,4.5764270984049684e-10,316729.4284246665,336244.17992665974,-5.1734883644029306e-11
434.28999999975,upper,336566.105212685,316914.39633244736,2927.9646374625013,1682.2044536761189,3376.801555051568,0.7052793714496112,-0.002000023609034929,2442.4461444742997,1242.4461444742997,80000.0,1.0,4.486022609001868e-10,316914.39633244736,336566.105212685,-5.14418952661696e-11
434.3999999997499,upper,336888.3322719405,317099.5134747434,2930.709736130823,1683.5620896108715,3379.8581134460246,0.7050593688587216,-0.0020000234981355815,2439.8675517518277,1239.8675517518277,80000.0,1.0,4.3973298188250516e-10,317099.5134747434,336888.3322719405,-5.1144648792819445e-11
434.5099999997498,upper,337210.86147993227,317284.78006257163,2933.45825203159,1684.9216458150252,3382.918602175974,0.7048393662800022,-0.0020000233877568497,2437.2889590293557,1237.2889590293557,80000.0,1.0,4.310317748061514e-10,317284.78006257163,337210.86147993227,-5.0850739991748374e-11
434.6199999997497,upper,337533.69321294635,317470.1963073747,2936.21019226613,1686.2831261651647,3385.983029307274,0.704619363713396,-0.0020000232778961905,2434.7103663068838,1234.7103663068838,80000.0,1.0,4.224955951233496e-10,317470.1963073747,337533.69321294635,-5.055545003016132e-11
434.7299999997496,upper,337856.8278480509,317655.7624210225,2938.9655639583198,1687.646534550154,3389.051402931503,0.7043993611588458,-0.0020000231685511484,2432.131773584412,1232.1317735844118,80000.0,1.0,4.141214508446334e-10,317655.7624210225,337856.8278480509,-5.026407698424434e-11
434.8399999997495,upper,338180.26576309925,317841.4786158133,2941.724374254683,1689.011874871189,3392.123731166066,0.7041793586162955,-0.002000023059719904,2429.55318086194,1229.5531808619398,80000.0,1.0,4.0590640167728073e-10,317841.4786158133,338180.26576309925,-4.997659732331097e-11
434.9499999997494,upper,338504.0073367318,318027.3451044752,2944.486630324484,1690.3791510418494,3395.2000221543058,0.7039593560856885,-0.0020000229513986393,2426.974588139468,1226.9745881394679,80000.0,1.0,3.9784755817700556e-10,318027.3451044752,338504.0073367318,-4.9695240672441175e-11
435.0599999997493,upper,338828.0529483792,318213.3621001675,2947.252339359826,1691.7483669881506,3398.2802840656095,0.7037393535669689,-0.002000022843587357,2424.395995416996,1224.395995416996,80000.0,1.0,3.8994208091288326e-10,318213.3621001675,338828.0529483792,-4.940297305259248e-11
435.1699999997492,upper,339152.40297826414,318399.5298164821,2950.0215085757495,1693.119526648598,3401.364525095526,0.7035193510600807,-0.0020000227362818148,2421.817402694524,1221.817402694524,80000.0,1.0,3.8218717964522456e-10,318399.5298164821,339152.40297826414,-4.9115317725453506e-11
435.2799999997491,upper,339477.0578074045,318585.8484674446,2952.7941452103264,1694.4926339742378,3404.452753465868,0.7032993485649685,-0.0020000226294803096,2419.238809972052,1219.238809972052,80000.0,1.0,3.7458011251623393e-10,318585.8484674446,339477.0578074045,-4.882973709534135e-11
435.389999999749,upper,339802.0178176154,318772.3182675161,2955.570256524762,1695.8676929287128,3407.5449774248323,0.7030793460815766,-0.0020000225231790957,2416.66021724958,1216.66021724958,80000.0,1.0,3.671181852532419e-10,318772.3182675161,339802.0178176154,-4.855548582449556e-11
435.4999999997489,upper,340127.283391512,318958.9394315944,2958.3498498034937,1697.2447074883146,3410.6412052471082,0.7028593436098505,-0.0020000224173779054,2414.081624527108,1214.081624527108,80000.0,1.0,3.5979875038438127e-10,318958.9394315944,340127.283391512,-4.8273087007110034e-11
435.6099999997488,upper,340452.85491251224,319145.7121750153,2961.132932354286,1698.6236816420383,3413.741445233989,0.7026393411497349,-0.002000022312072789,2411.503031804636,1211.503031804636,80000.0,1.0,3.526192064664718e-10,319145.7121750153,340452.85491251224,-4.799803508975815e-11
435.7199999997487,upper,340778.7327648388,319332.6367135541,2963.9195115083357,1700.004619391636,3416.845705713489,0.702419338701176,-0.0020000222072621004,2408.924439082164,1208.924439082164,80000.0,1.0,3.455769973249638e-10,319332.6367135541,340778.7327648388,-4.7726165112937266e-11
435.8299999997486,upper,341104.9173335225,319519.7132634271,2966.709594620368,1701.3875247516723,3419.9539950404555,0.702199336264119,-0.002000022102943914,2406.345846359692,1206.3458463596921,80000.0,1.0,3.3866961130572155e-10,319519.7132634271,341104.9173335225,-4.745408558936877e-11
435.9399999997485,upper,341431.4090044043,319706.9420412928,2969.503189068741,1702.7724017495782,3423.066321596684,0.70197933383851,-0.002000021999115949,2403.76725363722,1203.7672536372202,80000.0,1.0,3.3189458053855864e-10,319706.9420412928,341431.4090044043,-4.717547499225954e-11
436.0499999997484,upper,341758.2081641381,319894.3232642535,2972.3003022555445,1704.1592544257073,3426.1826937910337,0.7017593314242951,-0.0020000218957751297,2401.188660914748,1201.1886609147482,80000.0,1.0,3.2524948021225687e-10,319894.3232642535,341758.2081641381,-4.6899499685272753e-11
436.1599999997483,upper,342085.3152001932,320081.85714985663,2975.1009416067036,1705.5480868333887,3429.303120059544,0.7015393290214214,-0.00200002179292022,2398.6100681922762,1198.6100681922762,80000.0,1.0,3.187319278609512e-10,320081.85714985663,342085.3152001932,-4.6625506757504206e-11
436.2699999997482,upper,342412.7305008574,320269.54391609615,2977.9051145720796,1706.9389030389866,3432.427608865552,0.701319326629835,-0.002000021690546258,2396.0314754698043,1196.0314754698043,80000.0,1.0,3.123395826617059e-10,320269.54391609615,342412.7305008574,-4.636566068701418e-11
436.3799999997481,upper,342740.4544552389,320457.3837814141,2980.7128286255747,1708.3317071219528,3435.556168699805,0.7010993242494832,-0.0020000215886545416,2393.4528827473323,1193.4528827473323,80000.0,1.0,3.060701447431093e-10,320457.3837814141,342740.4544552389,-4.609501029287411e-11
436.489999999748,upper,343068.4874532698,320645.37696470186,2983.5240912652353,1709.726503174886,3438.6888080805847,0.7008793218803132,-0.0020000214872404865,2390.8742900248603,1190.8742900248603,80000.0,1.0,2.999213545047295e-10,320645.37696470186,343068.4874532698,-4.583447641231856e-11
436.5999999997479,upper,343396.8298857079,320833.52368530195,2986.3389100133563,1711.123295303585,3441.825535553823,0.7006593195222728,-0.0020000213863037635,2388.2956973023884,1188.2956973023884,80000.0,1.0,2.9389099194727293e-10,320833.52368530195,343396.8298857079,-4.5563853726373536e-11
436.7099999997478,upper,343725.4821441401,321021.8241630091,2989.157292416585,1712.5220876271094,3444.966359693221,0.700439317175309,-0.002000021285840694,2385.7171045799164,1185.7171045799164,80000.0,1.0,2.879768760132792e-10,321021.8241630091,343725.4821441401,-4.529809962432713e-11
436.8199999997477,upper,344054.4446209846,321210.27861807187,2991.979246046026,1713.922884277834,3448.1112891003672,0.7002193148393704,-0.0020000211858488635,2383.1385118574444,1183.1385118574444,80000.0,1.0,2.8217686393820227e-10,321210.27861807187,344054.4446209846,-4.503548084112602e-11
436.9299999997476,upper,344383.71770949377,321398.88727119414,2994.8047784973505,1715.3256894015074,3451.2603324048623,0.6999993125144051,-0.002000021086325725,2380.5599191349725,1180.5599191349725,80000.0,1.0,2.7648885061172166e-10,321398.88727119414,344383.71770949377,-4.478240431076295e-11
437.0399999997475,upper,344713.3018037569,321587.6503435366,2997.633897390899,1716.7305071573091,3454.413498264437,0.6997793102003615,-0.002000020987271019,2377.9813264125005,1177.9813264125005,80000.0,1.0,2.709107679491345e-10,321587.6503435366,344713.3018037569,-4.45220509163554e-11
437.1499999997474,upper,345043.1972987029,321776.5680567181,3000.4666103717905,1718.137341717909,3457.570795365073,0.6995593078971883,-0.0020000208886812683,2375.4027336900285,1175.4027336900285,80000.0,1.0,2.654405842726693e-10,321776.5680567181,345043.1972987029,-4.4262137249179555e-11
437.2599999997473,upper,345373.404590103,321965.64063281735,3003.3029251100274,1719.5461972695257,3460.732232421129,0.6993393056048347,-0.0020000207905541585,2372.8241409675566,1172.8241409675566,80000.0,1.0,2.600763037025989e-10,321965.64063281735,345373.404590103,-4.400845991423326e-11
437.3699999997472,upper,345703.9240745735,322154.86829437426,3006.142849300609,1720.9570780119839,3463.897818175463,0.6991193033232496,-0.0020000206928877506,2370.2455482450846,1170.2455482450846,80000.0,1.0,2.548159655579606e-10,322154.86829437426,345703.9240745735,-4.375152178818959e-11
437.4799999997471,upper,346034.7561495788,322344.2512643915,3008.986390663636,1722.3699881587752,3467.0675613995522,0.6988993010523824,-0.0020000205956801284,2367.6669555226126,1167.6669555226126,80000.0,1.0,2.496576437667985e-10,322344.2512643915,346034.7561495788,-4.350135100865904e-11
437.589999999747,upper,346365.90121343324,322533.78976633574,3011.8335569444203,1723.784931937116,3470.2414708936217,0.698679298792183,-0.00200002049892774,2365.0883628001407,1165.0883628001407,80000.0,1.0,2.445994462857464e-10,322533.78976633574,346365.90121343324,-4.3257370684995156e-11
437.6999999997469,upper,346697.35966530506,322723.4840241396,3014.684355913595,1725.2019135880091,3473.419555486768,0.6984592965426014,-0.002000020402631244,2362.5097700776687,1162.5097700776687,80000.0,1.0,2.3963951452880046e-10,322723.4840241396,346697.35966530506,-4.300134014268127e-11
437.8099999997468,upper,347029.1319052186,322913.3342622031,3017.5387953672284,1726.6209373663014,3476.6018240370854,0.6982392943035877,-0.002000020306787377,2359.9311773551967,1159.9311773551967,80000.0,1.0,2.347760228051905e-10,322913.3342622031,347029.1319052186,-4.2747008559973887e-11
437.9199999997467,upper,347361.218334057,323103.34070539474,3020.3968831269303,1728.0420075407465,3479.788285431792,0.698019292075092,-0.0020000202113912235,2357.3525846327248,1157.3525846327248,80000.0,1.0,2.300071777661916e-10,323103.34070539474,347361.218334057,-4.2510912938987165e-11
438.0299999997466,upper,347693.61935356545,323293.5035790536,3023.2586270399684,1729.465128394065,3482.9789485873575,0.6977992898570649,-0.002000020116444567,2354.773991910253,1154.7739919102528,80000.0,1.0,2.253312178607127e-10,323293.5035790536,347693.61935356545,-4.226016966382887e-11
438.1399999997465,upper,348026.33536635345,323483.8231089907,3026.124034979376,1730.890304223004,3486.17382244963,0.6975792876494576,-0.002000020021944269,2352.195399187781,1152.1953991877808,80000.0,1.0,2.2074641279958396e-10,323483.8231089907,348026.33536635345,-4.2009406167527137e-11
438.2499999997464,upper,348359.3667758982,323674.29952148994,3028.993114844069,1732.3175393384004,3489.3729159939653,0.697359285452221,-0.0020000199278864864,2349.616806465309,1149.6168064653089,80000.0,1.0,2.1625106302837788e-10,323674.29952148994,348359.3667758982,-4.176988946622325e-11
438.3599999997463,upper,348692.7139865471,323864.9330433109,3031.865874558958,1733.7468380652424,3492.576238225356,0.6971392832653064,-0.002000019834270532,2347.038213742837,1147.038213742837,80000.0,1.0,2.118434992086243e-10,323864.9330433109,348692.7139865471,-4.1529464748839796e-11
438.4699999997462,upper,349026.37740352063,324055.72390168917,3034.7423220750616,1735.1782047427303,3495.7837981785633,0.6969192810886653,-0.0020000197410946097,2344.459621020365,1144.459621020365,80000.0,1.0,2.0752208170734797e-10,324055.72390168917,349026.37740352063,-4.128586004147845e-11
438.5799999997461,upper,349360.3574329155,324246.6723243388,3037.6224653696254,1736.6116437243404,3498.995604918245,0.6966992789222496,-0.0020000196483558304,2341.881028297893,1141.881028297893,80000.0,1.0,2.0328520009473423e-10,324246.6723243388,349360.3574329155,-4.1046646689163924e-11
438.689999999746,upper,349694.65448170726,324437.7785394531,3040.5063124462317,1738.0471593778873,3502.211667539089,0.6964792767660108,-0.0020000195560525374,2339.302435575421,1139.302435575421,80000.0,1.0,1.99131272649871e-10,324437.7785394531,349694.65448170726,-4.0808196519000883e-11
438.7999999997459,upper,350029.2689577534,324629.0427757072,3043.393871334919,1739.4847560855862,3505.4319951659418,0.6962592746199019,-0.0020000194641821394,2336.723842852949,1136.723842852949,80000.0,1.0,1.9505874587435112e-10,324629.0427757072,350029.2689577534,-4.057482980968837e-11
438.9099999997458,upper,350364.2012697961,324820.4652622584,3046.285150092301,1740.9244382441175,3508.6565969539497,0.6960392724838749,-0.0020000193727431176,2334.145250130477,1134.145250130477,80000.0,1.0,1.9106609401375074e-10,324820.4652622584,350364.2012697961,-4.0346043457717024e-11
439.0199999997457,upper,350699.45182746527,325012.04622874915,3049.180156801679,1742.3662102646908,3511.885482088682,0.6958192703578825,-0.002000019281736045,2331.566657408005,1131.566657408005,80000.0,1.0,1.8715181858671274e-10,325012.04622874915,350699.45182746527,-4.009234685419559e-11
439.1299999997456,upper,351035.0210412814,325203.7859053073,3052.0788995731637,1743.8100765731076,3515.1186597862725,0.6955992682418777,-0.002000019191152537,2328.988064685533,1128.9880646855331,80000.0,1.0,1.8331444792165433e-10,325203.7859053073,351035.0210412814,-3.987420412511064e-11
439.2399999997455,upper,351370.90932265855,325395.6845225486,3054.9813865437914,1745.2560416098265,3518.3561392935517,0.6953792661358134,-0.0020000191009957443,2326.409471963061,1126.4094719630612,80000.0,1.0,1.79552536700885e-10,325395.6845225486,351370.90932265855,-3.964763218272387e-11
439.3499999997454,upper,351707.1170839076,325587.74231157807,3057.887625877648,1746.7041098300294,3521.5979298881857,0.6951592640396429,-0.0020000190112634255,2323.830879240589,1123.8308792405892,80000.0,1.0,1.7586466551207983e-10,325587.74231157807,351707.1170839076,-3.940731116623916e-11
439.4599999997453,upper,352043.6447382386,325779.95950399176,3060.797625765985,1748.154285703685,3524.8440408788088,0.6949392619533199,-0.002000018921951154,2321.252286518117,1121.2522865181172,80000.0,1.0,1.7224944040697776e-10,325779.95950399176,352043.6447382386,-3.918640381167266e-11
439.5699999997452,upper,352380.49269976444,325972.33633187803,3063.711394427339,1749.6065737156155,3528.0944816051633,0.6947192598767981,-0.0020000188330580033,2318.6736937956452,1118.6736937956452,80000.0,1.0,1.68705492467193e-10,325972.33633187803,352380.49269976444,-3.8961484417995163e-11
439.6799999997451,upper,352717.66138350335,326164.87302781927,3066.6289401076583,1751.0609783655616,3531.349261438236,0.6944992578100316,-0.002000018744583957,2316.0951010731733,1116.0951010731733,80000.0,1.0,1.6523147737703968e-10,326164.87302781927,352717.66138350335,-3.872761271815064e-11
439.789999999745,upper,353055.15120538225,326357.569824894,3069.550271080421,1752.5175041682498,3534.608389780401,0.6942792557529743,-0.0020000186565239876,2313.5165083507013,1113.5165083507013,80000.0,1.0,1.6182607500324784e-10,326357.569824894,353055.15120538225,-3.85053759163384e-11
439.8999999997449,upper,353392.96258223953,326550.4269566779,3072.475395646761,1753.9761556534588,3537.8718760655547,0.694059253705581,-0.0020000185688771864,2310.9379156282293,1110.9379156282293,80000.0,1.0,1.584879889814866e-10,326550.4269566779,353392.96258223953,-3.8286669230274003e-11
440.0099999997448,upper,353731.0959318283,326743.4446572461,3075.4043221355882,1755.4369373660854,3541.1397297592594,0.6938392516678059,-0.002000018481643385,2308.3593229057574,1108.3593229057574,80000.0,1.0,1.5521594630957512e-10,326743.4446572461,353731.0959318283,-3.805791136109047e-11
440.1199999997447,upper,354069.55167281965,326936.62316117407,3078.337058903712,1756.8998538662156,3544.411960358881,0.6936192496396042,-0.0020000183948178938,2305.7807301832854,1105.7807301832854,80000.0,1.0,1.520086969472917e-10,326936.62316117407,354069.55167281965,-3.78386770441716e-11
440.2299999997446,upper,354408.330224805,327129.96270354005,3081.273614335972,1758.3649097291873,3547.688577393737,0.6933992476209309,-0.0020000183084010336,2303.2021374608134,1103.2021374608134,80000.0,1.0,1.4886501342265714e-10,327129.96270354005,354408.330224805,-3.761495359464281e-11
440.3399999997445,upper,354747.4320082998,327323.46351992624,3084.2139968453585,1759.832109545663,3550.9695904252344,0.6931792456117412,-0.0020000182223895205,2300.6235447383415,1100.6235447383415,80000.0,1.0,1.4578369044462885e-10,327323.46351992624,354747.4320082998,-3.740038708178556e-11
440.4499999997444,upper,355086.8574447467,327517.1258464207,3087.1582148731386,1761.3014579216942,3554.255009047014,0.6929592436119905,-0.0020000181367817475,2298.0449520158695,1098.0449520158695,80000.0,1.0,1.427635445220781e-10,327517.1258464207,355086.8574447467,-3.718461230052748e-11
440.5599999997443,upper,355426.6069565182,327710.949919619,3090.106276888988,1762.7729594787963,3557.544842885098,0.6927392416216345,-0.0020000180515764338,2295.4663592933975,1095.4663592933975,80000.0,1.0,1.3980341358896081e-10,327710.949919619,355426.6069565182,-3.696476197573971e-11
440.6699999997442,upper,355766.68096692004,327904.935976626,3093.0581913911133,1764.2466188540104,3560.839101598031,0.6925192396406291,-0.0020000179667711416,2292.8877665709256,1092.8877665709256,80000.0,1.0,1.3690215663559712e-10,327904.935976626,355766.68096692004,-3.674824145940625e-11
440.7799999997441,upper,356107.07990019466,328099.08425505745,3096.0139669063824,1765.7224406999799,3564.1377948770287,0.6922992376689302,-0.002000017882362626,2290.3091738484536,1090.3091738484536,80000.0,1.0,1.34058653345961e-10,328099.08425505745,356107.07990019466,-3.654469824239064e-11
440.889999999744,upper,356447.8041815236,328293.3949930417,3098.973611990455,1767.2004296850166,3567.440932446125,0.6920792357064944,-0.0020000177983522417,2287.7305811259816,1087.7305811259816,80000.0,1.0,1.3127180374087723e-10,328293.3949930417,356447.8041815236,-3.6326522811571004e-11
440.9999999997439,upper,356788.8542370315,328487.8684292217,3101.9371352279104,1768.6805904931732,3570.748524062317,0.6918592337532781,-0.0020000177147363784,2285.1519884035097,1085.1519884035097,80000.0,1.0,1.2854052782705204e-10,328487.8684292217,356788.8542370315,-3.610772180041805e-11
441.1099999997438,upper,357130.2304937885,328682.5048027562,3104.9045452323794,1770.162927824313,3574.0605795157185,0.6916392318092379,-0.002000017631511149,2282.5733956810377,1082.5733956810377,80000.0,1.0,1.2586376525183743e-10,328682.5048027562,357130.2304937885,-3.590748079527419e-11
441.2199999997437,upper,357471.9333798142,328877.3043533217,3107.8758506466766,1771.6474463941822,3577.3771086297056,0.691419229874331,-0.0020000175486780524,2279.9948029585657,1079.9948029585657,80000.0,1.0,1.2324047496364161e-10,328877.3043533217,357471.9333798142,-3.5699776180737584e-11
441.3299999997436,upper,357813.9633240804,329072.267321115,3110.8510601429284,1773.1341509344802,3580.698121261065,0.6911992279485143,-0.0020000174662339484,2277.416210236094,1077.4162102360938,80000.0,1.0,1.2066963487789182e-10,329072.267321115,357813.9633240804,-3.5492319535914046e-11
441.4399999997435,upper,358156.3207565143,329267.3939468537,3113.830182422712,1774.6230461929333,3584.023627300153,0.690979226031745,-0.002000017384177663,2274.837617513622,1074.8376175136218,80000.0,1.0,1.1815024154848708e-10,329267.3939468537,358156.3207565143,-3.5279057928571105e-11
441.5499999997434,upper,358499.0061080023,329462.6844717786,3116.8132262171835,1776.1141369333677,3587.353636671039,0.6907592241239809,-0.0020000173025059046,2272.25902479115,1072.2590247911498,80000.0,1.0,1.156813098446361e-10,329462.6844717786,358499.0061080023,-3.507398436140912e-11
441.6599999997433,upper,358842.0198103922,329658.1391376554,3119.8002002872154,1777.6074279357802,3590.6881593316634,0.6905392222251796,-0.0020000172212170783,2269.680432068678,1069.6804320686779,80000.0,1.0,1.1326187263298929e-10,329658.1391376554,358842.0198103922,-3.487599818524266e-11
441.7699999997432,upper,359185.3622964979,329853.7581867766,3122.7911134235296,1779.1029239964137,3594.0272052739883,0.6903192203352989,-0.0020000171403109896,2267.101839346206,1067.101839346206,80000.0,1.0,1.1089098046501054e-10,329853.7581867766,359185.3622964979,-3.466772316563801e-11
441.8799999997431,upper,359529.0340001013,330049.54186196317,3125.785974446836,1780.6006299278301,3597.370784524156,0.690099218454297,-0.0020000170597849233,2264.523246623734,1064.523246623734,80000.0,1.0,1.0856770126948486e-10,330049.54186196317,359529.0340001013,-3.446444059634113e-11
441.989999999743,upper,359873.0353559566,330245.4904065663,3128.784792207967,1782.1005505589847,3600.7189071426396,0.6898792165821322,-0.0020000169796363623,2261.944653901262,1061.944653901262,80000.0,1.0,1.0629112005008916e-10,330245.4904065663,359873.0353559566,-3.4264919252607824e-11
442.0999999997429,upper,360217.366799793,330441.60406446946,3131.787575588015,1783.6026907353003,3604.0715832244036,0.689659214718763,-0.002000016899863605,2259.36606117879,1059.36606117879,80000.0,1.0,1.0406033858795131e-10,330441.60406446946,360217.366799793,-3.4070436583379575e-11
442.2099999997428,upper,360562.0287683186,330637.8830800897,3134.794333498472,1785.1070553187437,3607.428822899058,0.6894392128641482,-0.0020000168204662907,2256.787468456318,1056.787468456318,80000.0,1.0,1.0187447514912028e-10,330637.8830800897,360562.0287683186,-3.387097014232361e-11
442.3199999997427,upper,360907.0216992232,330834.32769838005,3137.805074881368,1786.6136491879,3610.79063633102,0.6892192110182465,-0.0020000167414423536,2254.208875733846,1054.208875733846,80000.0,1.0,9.973266419685337e-11,330834.32769838005,360907.0216992232,-3.366383979408651e-11
442.4299999997426,upper,361252.34603118204,331030.938164831,3140.819808709409,1788.122477238049,3614.157033719667,0.688999209181017,-0.002000016662788422,2251.630283011374,1051.630283011374,80000.0,1.0,9.763405610867693e-11,331030.938164831,361252.34603118204,-3.347050576672732e-11
442.5399999997425,upper,361598.0022038591,331227.71472547244,3143.8385439861213,1789.6335443812402,3617.528025299505,0.6887792073524192,-0.0020000165845052566,2249.051690288902,1049.0516902889021,80000.0,1.0,9.557781689811699e-11,331227.71472547244,361598.0022038591,-3.326856930606788e-11
442.6499999997424,upper,361943.99065791006,331424.6576268756,3146.86128974599,1791.1468555463723,3620.903621340321,0.6885592055324126,-0.0020000165065876736,2246.47309756643,1046.4730975664302,80000.0,1.0,9.356312794104023e-11,331424.6576268756,361943.99065791006,-3.308187047952635e-11
442.7599999997423,upper,362290.3118349866,331621.7671161548,3149.888055054602,1792.6624156792684,3624.283832147352,0.6883392037209562,-0.002000016429037997,2243.894504843958,1043.8945048439582,80000.0,1.0,9.158918570654086e-11,331621.7671161548,362290.3118349866,-3.28813535794356e-11
442.8699999997422,upper,362636.966177739,331819.04344096914,3152.918849008789,1794.1802297427546,3627.668668061441,0.6881192019180107,-0.002000016351850539,2241.3159121214862,1041.3159121214862,80000.0,1.0,8.965520149228238e-11,331819.04344096914,362636.966177739,-3.26965706190379e-11
442.9799999997421,upper,362983.9541298202,332016.48684952484,3155.953680736772,1795.700302716738,3631.0581394592077,0.6878992001235357,-0.002000016275026963,2238.7373193990143,1038.7373193990143,80000.0,1.0,8.776040116423824e-11,332016.48684952484,362983.9541298202,-3.250186550820833e-11
443.089999999742,upper,363331.27613588865,332214.09759057674,3158.9925593983057,1797.222639598285,3634.452256753208,0.6876791983374915,-0.002000016198563399,2236.1587266765423,1036.1587266765423,80000.0,1.0,8.590402490076518e-11,332214.09759057674,363331.27613588865,-3.231333771543933e-11
443.1999999997419,upper,363678.93264161225,332411.87591343024,3162.035494184823,1798.7472454017002,3637.8510303921,0.6874591965598386,-0.002000016122458828,2233.5801339540703,1033.5801339540703,80000.0,1.0,8.40853269409313e-11,332411.87591343024,363678.93264161225,-3.212918326528856e-11
443.3099999997418,upper,364026.92409367184,332609.82206794334,3165.0824943195826,1800.274125158606,3641.2544708608125,0.6872391947905372,-0.0020000160467118578,2231.0015412315984,1031.0015412315984,80000.0,1.0,8.230357533703383e-11,332609.82206794334,364026.92409367184,-3.1941279519006084e-11
443.4199999997417,upper,364375.2509397645,332807.9363045285,3168.133569057817,1801.8032839180244,3644.6625886807133,0.6870191930295485,-0.0020000159713212244,2228.4229485091264,1028.4229485091264,80000.0,1.0,8.055805171125218e-11,332807.9363045285,364375.2509397645,-3.175107761954372e-11
443.5299999997416,upper,364723.91362860706,333006.2188741544,3171.188727686878,1803.3347267464535,3648.0753944097737,0.6867991912768333,-0.0020000158962833734,2225.8443557866544,1025.8443557866544,80000.0,1.0,7.884805101635465e-11,333006.2188741544,364723.91362860706,-3.156885453533164e-11
443.6399999997415,upper,365072.9126099398,333204.6700283482,3174.247979526387,1804.868458727952,3651.492898642741,0.686579189532353,-0.0020000158215981926,2223.265763064182,1023.265763064182,80000.0,1.0,7.717288130040552e-11,333204.6700283482,365072.9126099398,-3.138960774999201e-11
443.7499999997414,upper,365422.24833453,333403.29001919716,3177.311333928386,1806.4044849642191,3654.915112011307,0.6863591877960686,-0.002000015747265823,2220.6871703417087,1020.6871703417088,80000.0,1.0,7.553186347541162e-11,333403.29001919716,365422.24833453,-3.1191799901178066e-11
443.8599999997413,upper,365771.9212541753,333602.0790993506,3180.378800277488,1807.942810574677,3658.3420451842853,0.6861391860679419,-0.0020000156732793,2218.108577619236,1018.1085776192356,80000.0,1.0,7.392433108983339e-11,333602.0790993506,365771.9212541753,-3.102310552925886e-11
443.9699999997412,upper,366121.9318217075,333801.0375220222,3183.450387991026,1809.4834406965522,3661.773708867773,0.6859191843479344,-0.0020000155996431003,2215.5299848967625,1015.5299848967624,80000.0,1.0,7.234963010491286e-11,333801.0375220222,366121.9318217075,-3.083210956985284e-11
444.0799999997411,upper,366472.28049099643,334000.1655409916,3186.5261065192076,1811.026380484958,3665.210113805334,0.6856991826360078,-0.0020000155263510976,2212.951392174289,1012.9513921742891,80000.0,1.0,7.080711867475345e-11,334000.1655409916,366472.28049099643,-3.06548334901482e-11
444.189999999741,upper,366822.9677169527,334199.4634106064,3189.6059653452676,1812.5716351129804,3668.6512707781667,0.6854791809321245,-0.0020000154534031062,2210.372799451816,1010.3727994518159,80000.0,1.0,6.929616693009071e-11,334199.4634106064,366822.9677169527,-3.0478954028248403e-11
444.2999999997409,upper,367173.99395553226,334398.9313857843,3192.6899739856226,1814.1192097717585,3672.0971906052846,0.6852591792362462,-0.0020000153807986708,2207.7942067293425,1007.7942067293427,80000.0,1.0,6.781615676569422e-11,334398.9313857843,367173.99395553226,-3.029335600779788e-11
444.4099999997408,upper,367525.3596637395,334598.56972201506,3195.778141990027,1815.6691096705708,3675.5478841436893,0.6850391775483359,-0.0020000153085341886,2205.2156140068696,1005.2156140068695,80000.0,1.0,6.636648163134956e-11,334598.56972201506,367525.3596637395,-3.0116414008239804e-11
444.5199999997407,upper,367877.0652996315,334798.37867536227,3198.8704789417275,1817.2213400369203,3679.0033622885503,0.6848191758683562,-0.0020000152366093818,2202.6370212843963,1002.6370212843963,80000.0,1.0,6.494654632635772e-11,334798.37867536227,367877.0652996315,-2.994447546130674e-11
444.6299999997406,upper,368229.11132232076,334998.35850246594,3201.9669944576194,1818.775906116617,3682.4636359733795,0.6845991741962694,-0.0020000151650225815,2200.058428561923,1000.058428561923,80000.0,1.0,6.355576679749575e-11,334998.35850246594,368229.11132232076,-2.9765659471092793e-11
444.7399999997405,upper,368581.49819198006,335198.50946054386,3205.0676981884085,1820.332813173867,3685.9287161702173,0.6843791725320387,-0.0020000150937720907,2197.47983583945,997.4798358394498,80000.0,1.0,6.21935699403902e-11,335198.50946054386,368581.49819198006,-2.95912665817519e-11
444.8499999997404,upper,368934.2263698452,335398.83180739376,3208.172599818763,1821.8920664913571,3689.398613889807,0.6841591708756273,-0.0020000150228557723,2194.9012431169767,994.9012431169766,80000.0,1.0,6.085939340424405e-11,335398.83180739376,368934.2263698452,-2.9419111817983234e-11
444.9599999997403,upper,369287.2963182195,335599.3258013958,3211.281709067481,1823.4536713703403,3692.87334018178,0.6839391692269983,-0.002000014952272316,2192.3226503945034,992.3226503945034,80000.0,1.0,5.955268539985642e-11,335599.3258013958,369287.2963182195,-2.9249462762375854e-11
445.0699999997402,upper,369640.7085004771,335799.9917015141,3214.3950356876453,1825.0176331307266,3696.3529061348377,0.6837191675861152,-0.002000014882020627,2189.74405767203,989.7440576720302,80000.0,1.0,5.827290451090321e-11,335799.9917015141,369640.7085004771,-2.907917451496492e-11
445.1799999997401,upper,369994.4633810667,336000.8297672992,3217.512589466787,1826.5839571111671,3699.837322876934,0.6834991659529416,-0.0020000148120995656,2187.1654649495567,987.165464949557,80000.0,1.0,5.701951950840229e-11,336000.8297672992,369994.4633810667,-2.890394198177117e-11
445.28999999974,upper,370348.56142551574,336201.8402588897,3220.6343802270494,1828.1526486691444,3703.3266015754643,0.6832791643274412,-0.0020000147425068586,2184.586872227084,984.5868722270837,80000.0,1.0,5.579200916833286e-11,336201.8402588897,370348.56142551574,-2.8729045205873207e-11
445.3999999997399,upper,370703.00310043397,336403.0234370147,3223.7604178253487,1829.72371318106,3706.820753437446,0.683059162709578,-0.0020000146732392084,2182.0082795046105,982.0082795046105,80000.0,1.0,5.458986209234251e-11,336403.0234370147,370703.00310043397,-2.8568162784950144e-11
445.5099999997398,upper,371057.7888735173,336604.37956299563,3226.890712153542,1831.2971560423255,3710.3197897097098,0.6828391610993163,-0.0020000146042978635,2179.429686782137,979.4296867821373,80000.0,1.0,5.341257653150414e-11,336604.37956299563,371057.7888735173,-2.8401502719990143e-11
445.6199999997397,upper,371412.9192135517,336805.9088987487,3230.02527313859,1832.8729826674507,3713.8237216790862,0.6826191594966203,-0.002000014535680456,2176.8510940596643,976.8510940596641,80000.0,1.0,5.225966021306576e-11,336805.9088987487,371412.9192135517,-2.823087221768839e-11
445.7299999997396,upper,371768.39459041704,337007.61170678644,3233.164110742724,1834.4511984901346,3717.332560672596,0.6823991579014547,-0.0020000144673856905,2174.272501337191,974.2725013371909,80000.0,1.0,5.113063017015434e-11,337007.61170678644,371768.39459041704,-2.806237422505611e-11
445.8399999997395,upper,372124.21547509095,337209.4882502203,3236.3072349636136,1836.031808963358,3720.846318057639,0.6821791563137839,-0.0020000143994104314,2171.6939086147177,971.6939086147177,80000.0,1.0,5.002501257437369e-11,337209.4882502203,372124.21547509095,-2.7902276037843187e-11
445.9499999997394,upper,372480.3823396528,337411.53879276285,3239.4546558345337,1837.614819559471,3724.3650052421854,0.6819591547335727,-0.0020000143317558203,2169.1153158922443,969.1153158922444,80000.0,1.0,4.894234257125998e-11,337411.53879276285,372480.3823396528,-2.77342484997109e-11
446.0599999997393,upper,372836.8956572876,337613.7635987294,3242.6063834245374,1839.2002357702888,3727.888633674971,0.6817391531607861,-0.002000014264417618,2166.536723169771,966.5367231697712,80000.0,1.0,4.788216411854926e-11,337613.7635987294,372836.8956572876,-2.757628286109126e-11
446.1699999997392,upper,373193.75590228976,337816.16293304035,3245.7624278386243,1840.7880631071823,3731.417214845691,0.6815191515953893,-0.0020000141973970115,2163.958130447298,963.958130447298,80000.0,1.0,4.684402982720325e-11,337816.16293304035,373193.75590228976,-2.7408889526273322e-11
446.2799999997391,upper,373550.96355006745,338018.7370612238,3248.9227992179103,1842.3783071011728,3734.950760285191,0.6812991500373473,-0.0020000141306899285,2161.379537724825,961.3795377248248,80000.0,1.0,4.582750080515294e-11,338018.7370612238,373550.96355006745,-2.725355830938008e-11
446.389999999739,upper,373908.51907714625,338221.48624941695,3252.087507739804,1843.970973303023,3738.4892815656685,0.6810791484866259,-0.002000014064295648,2158.8009450023515,958.8009450023516,80000.0,1.0,4.4832146503723395e-11,338221.48624941695,373908.51907714625,-2.709820923444886e-11
446.4999999997389,upper,374266.4229611733,338424.410764369,3255.2565636181753,1845.5660672833337,3742.0327903008656,0.6808591469431904,-0.0020000139982147705,2156.2223522798786,956.2223522798784,80000.0,1.0,4.3857544566683913e-11,338424.410764369,374266.4229611733,-2.693289915652621e-11
446.6099999997388,upper,374624.6756809212,338627.5108734428,3258.4299771035353,1847.1635946326385,3745.5812981462727,0.6806391454070071,-0.002000013932443225,2153.6437595574052,953.6437595574051,80000.0,1.0,4.2903280681891497e-11,338627.5108734428,374624.6756809212,-2.6774858073348992e-11
446.7199999997387,upper,374983.2777162921,338830.78684461745,3261.6077584832083,1848.763560961497,3749.134816799323,0.6804191438780416,-0.002000013866981067,2151.065166834932,951.0651668349319,80000.0,1.0,4.196894843547745e-11,338830.78684461745,374983.2777162921,-2.6616554779936824e-11
446.8299999997386,upper,375342.22954832215,339034.2389464901,3264.789918081507,1850.3659719005939,3752.6933579995957,0.68019914235626,-0.0020000138018277658,2148.4865741124586,948.4865741124587,80000.0,1.0,4.1054149168543576e-11,339034.2389464901,375342.22954832215,-2.6446751565976984e-11
446.9399999997385,upper,375701.53165918466,339237.86744827847,3267.976466259916,1851.9708331008317,3756.25693352902,0.6799791408416285,-0.0020000137369777173,2145.9079813899853,945.9079813899855,80000.0,1.0,4.015849183632323e-11,339237.86744827847,375701.53165918466,-2.630086835879706e-11
447.0499999997384,upper,376061.1845321953,339441.67261982313,3271.1674134172645,1853.5781502334307,3759.8255552120745,0.6797591393341137,-0.0020000136724327494,2143.3293886675124,943.3293886675123,80000.0,1.0,3.928159286976248e-11,339441.67261982313,376061.1845321953,-2.615053296775418e-11
447.1599999997383,upper,376421.1886518151,339645.65473158937,3274.3627699899102,1855.187928990026,3763.3992349159953,0.679539137833682,-0.0020000136081915823,2140.750795945039,940.750795945039,80000.0,1.0,3.842307603949589e-11,339645.65473158937,376421.1886518151,-2.5995468323956135e-11
447.2699999997382,upper,376781.5445036558,339849.8140546699,3277.5625464519185,1856.800175082766,3766.9779845509815,0.6793191363403004,-0.00200001354425275,2138.1722032225657,938.1722032225658,80000.0,1.0,3.758257232216091e-11,339849.8140546699,376781.5445036558,-2.5835945852133443e-11
447.3799999997381,upper,377142.2525744827,340054.1508607868,3280.766753315245,1858.4148942444097,3770.5618160704,0.6790991348539356,-0.002000013480613485,2135.593610500093,935.5936105000926,80000.0,1.0,3.6759719769026336e-11,340054.1508607868,377142.2525744827,-2.56830066222087e-11
447.489999999738,upper,377503.31335222,340258.6654222939,3283.975401129916,1860.0320922284277,3774.150741470994,0.6788791333745544,-0.0020000134172731545,2133.0150177776195,933.0150177776194,80000.0,1.0,3.5954163376888647e-11,340258.6654222939,377503.31335222,-2.553025200385861e-11
447.5999999997379,upper,377864.7273259543,340463.358012179,3287.1885004842184,1861.6517748091019,3777.744772793096,0.6786591319021245,-0.002000013354228389,2130.436425055146,930.4364250551462,80000.0,1.0,3.516555496120565e-11,340463.358012179,377864.7273259543,-2.5395606773984137e-11
447.7099999997378,upper,378226.4949859391,340668.22890406626,3290.4060620048804,1863.2739477816262,3781.3439221208364,0.678439130436613,-0.002000013291482318,2127.857832332673,927.857832332673,80000.0,1.0,3.439355303142416e-11,340668.22890406626,378226.4949859391,-2.5234915514222702e-11
447.8199999997377,upper,378588.61682359915,340873.27837221854,3293.628096357259,1864.8986169622074,3784.948201582354,0.6782191289779875,-0.0020000132290306826,2125.2792396101995,925.2792396101997,80000.0,1.0,3.363782266847162e-11,340873.27837221854,378588.61682359915,-2.5083738388778347e-11
447.9299999997376,upper,378951.093331534,341078.5066915396,3296.854614245529,1866.5257881881676,3788.5576233500124,0.6779991275262157,-0.002000013166872053,2122.7006468877266,922.7006468877265,80000.0,1.0,3.2898035404373395e-11,341078.5066915396,378951.093331534,-2.493404635569191e-11
448.0399999997375,upper,379313.92500352324,341283.91413757636,3300.0856264128684,1868.155467318046,3792.1721996406127,0.6777791260812653,-0.00200001310500563,2120.1220541652533,920.1220541652533,80000.0,1.0,3.2173869103961456e-11,341283.91413757636,379313.92500352324,-2.4782455453657558e-11
448.1499999997374,upper,379677.1123345304,341489.5009865215,3303.321143641653,1869.7876602317021,3795.79194271561,0.6775591246431042,-0.002000013043428737,2117.54346144278,917.5434614427801,80000.0,1.0,3.1465007848639586e-11,341489.5009865215,379677.1123345304,-2.464173661587293e-11
448.2599999997373,upper,380040.65582070686,341695.2675152156,3306.5611767536434,1871.4223728304203,3799.4168648813306,0.6773391232117005,-0.002000012982142258,2114.964868720307,914.9648687203069,80000.0,1.0,3.077114182217286e-11,341695.2675152156,380040.65582070686,-2.4490360625549938e-11
448.3699999997372,upper,380404.5559593969,341901.2140011497,3309.8057366101802,1873.0596110370134,3803.046978489194,0.6771191217870227,-0.0020000129211419897,2112.3862759978338,912.3862759978336,80000.0,1.0,3.009196719846634e-11,341901.2140011497,380404.5559593969,-2.435270179157694e-11
448.4799999997371,upper,380768.8132491415,342107.34072246734,3313.0548341123736,1874.6993807959282,3806.6822959359247,0.676899120369039,-0.002000012860428106,2109.8076832753604,909.8076832753604,80000.0,1.0,2.942718603130209e-11,342107.34072246734,380768.8132491415,-2.4215145863120544e-11
448.589999999737,upper,381133.42818968307,342313.64795796707,3316.3084802013022,1876.341688073351,3810.322829663784,0.6766791189577179,-0.0020000128000009013,2107.229090552887,907.2290905528872,80000.0,1.0,2.8776506146000702e-11,342313.64795796707,381133.42818968307,-2.406590451983555e-11
448.6999999997369,upper,381498.4012819699,342520.13598710526,3319.5666858582067,1877.986538857313,3813.9685921607834,0.6764591175530283,-0.002000012739856944,2104.6504978304138,904.650497830414,80000.0,1.0,2.8139641032974908e-11,342520.13598710526,381498.4012819699,-2.3926146372020445e-11
448.8099999997368,upper,381863.7330281602,342726.8050899979,3322.8294621046866,1879.633939157799,3817.619595960916,0.676239116154939,-0.002000012679995798,2102.071905107941,902.0719051079408,80000.0,1.0,2.7516309743147878e-11,342726.8050899979,381863.7330281602,-2.377660478146162e-11
448.9199999997367,upper,382229.4239316268,342933.65554742335,3326.0968200028988,1881.283895006853,3821.2758536443757,0.676019114763419,-0.0020000126204139284,2099.4933123854676,899.4933123854676,80000.0,1.0,2.690623678520104e-11,342933.65554742335,382229.4239316268,-2.3648492630208726e-11
449.0299999997366,upper,382595.47449696175,343140.6876408248,3329.3687706557566,1882.9364124586896,3824.9373778377894,0.6757991133784375,-0.002000012561114506,2096.9147196629942,896.9147196629943,80000.0,1.0,2.63091520246232e-11,343140.6876408248,382595.47449696175,-2.349878085853882e-11
449.1399999997365,upper,382961.8852299806,343347.9016523125,3332.6453252071324,1884.5914975897983,3828.6041812144426,0.6755791119999637,-0.002000012502091384,2094.3361269405214,894.3361269405211,80000.0,1.0,2.572479058453217e-11,343347.9016523125,382961.8852299806,-2.3368427526987148e-11
449.2499999997364,upper,383328.656637727,343555.2978646663,3335.9264948420546,1886.249156499058,3832.2762764945073,0.675359110627967,-0.002000012443347625,2091.757534218048,891.7575342180479,80000.0,1.0,2.5152892748235895e-11,343555.2978646663,383328.656637727,-2.322093771947734e-11
449.3599999997363,upper,383695.7892284772,343762.8765613386,3339.212290786916,1887.909395307843,3835.953676445276,0.6751391092624173,-0.002000012384878971,2089.1789414955747,889.1789414955747,80000.0,1.0,2.45932038635084e-11,343762.8765613386,383695.7892284772,-2.3081386024875946e-11
449.4699999997362,upper,384063.28351174464,343970.6380264557,3342.502724309677,1889.5722201601366,3839.6363938813947,0.6749191079032838,-0.002000012326682321,2086.6003487731014,886.6003487731015,80000.0,1.0,2.4045474248551197e-11,343970.6380264557,384063.28351174464,-2.29630487020364e-11
449.5799999997361,upper,384431.1399982845,344178.5825448216,3345.7978067200684,1891.2376372226431,3843.324441665094,0.6746991065505368,-0.0020000122687632875,2084.021756050628,884.0217560506283,80000.0,1.0,2.3509459099607974e-11,344178.5825448216,384431.1399982845,-2.2806792164664886e-11
449.689999999736,upper,384799.35920009844,344386.7104019194,3349.097549369801,1892.9056526848976,3847.017832706426,0.6744791052041461,-0.002000012211112659,2081.443163328155,881.443163328155,80000.0,1.0,2.2984918400212288e-11,344386.7104019194,384799.35920009844,-2.2686634417874514e-11
449.7999999997359,upper,385167.9416304391,344595.02188391454,3352.401963652773,1894.5762727593815,3850.7165799635004,0.674259103864082,-0.002000012153735282,2078.864570605682,878.8645706056818,80000.0,1.0,2.2471616832033067e-11,344595.02188391454,385167.9416304391,-2.2544286243267523e-11
449.9099999997358,upper,385536.8878038146,344803.5172776574,3355.711061005278,1896.249503681635,3854.4206964427244,0.6740391025303145,-0.0020000120966266396,2076.2859778832085,876.2859778832086,80000.0,1.0,2.1969323687298367e-11,344803.5172776574,385536.8878038146,-2.2408819156403582e-11
450.0199999997357,upper,385906.1982359936,345012.19687068503,3359.0248529062187,1897.9253517103723,3858.1301951990404,0.6738191012028142,-0.0020000120397858792,2073.7073851607356,873.7073851607354,80000.0,1.0,2.1477812782767576e-11,345012.19687068503,385906.1982359936,-2.2278863102044777e-11
450.1299999997356,upper,386275.8734440098,345221.0609512244,3362.3433508773155,1899.6038231275954,3861.8450893361673,0.6735990998815518,-0.0020000119832120273,2071.1287924382623,871.1287924382622,80000.0,1.0,2.0996862375225446e-11,345221.0609512244,386275.8734440098,-2.2145354197423277e-11
450.2399999997355,upper,386645.91394616646,345430.10980819503,3365.6665664833245,1901.284924238712,3865.565392006848,0.6733790985664977,-0.0020000119269046124,2068.550199715789,868.550199715789,80000.0,1.0,2.052625507847349e-11,345430.10980819503,386645.91394616646,-2.2008915091508258e-11
450.3499999997354,upper,387016.32026204164,345639.34373121103,3368.9945113322474,1902.9686613726499,3869.291116413086,0.6731590972576229,-0.0020000118708596833,2065.9716069933156,865.9716069933157,80000.0,1.0,2.0065777781795855e-11,345639.34373121103,387016.32026204164,-2.188870738138364e-11
450.4599999997353,upper,387387.0929124924,345848.76301058417,3372.327197075549,1904.6550408819764,3873.0222758063956,0.6729390959548985,-0.002000011815080375,2063.3930142708423,863.3930142708425,80000.0,1.0,1.961522156987133e-11,345848.76301058417,387387.0929124924,-2.1750929982044206e-11
450.5699999997352,upper,387758.2324196599,346058.367937326,3375.664635408378,1906.344069143015,3876.758883488052,0.6727190946582956,-0.0020000117595612987,2060.8144215483694,860.8144215483693,80000.0,1.0,1.917438164410927e-11,346058.367937326,387758.2324196599,-2.1629095538804873e-11
450.6799999997351,upper,388129.7393069742,346268.1588031512,3379.0068380697808,1908.0357525559634,3880.5009528093324,0.6724990933677852,-0.0020000117043054615,2058.235828825896,858.2358288258961,80000.0,1.0,1.8743057245384753e-11,346268.1588031512,388129.7393069742,-2.1484646099477267e-11
450.789999999735,upper,388501.61409915925,346478.1359004795,3382.353816842923,1909.7300975450157,3884.248497171774,0.6722790920833389,-0.0020000116493064045,2055.6572361034227,855.6572361034229,80000.0,1.0,1.832105157815059e-11,346478.1359004795,388501.61409915925,-2.136578010801701e-11
450.8999999997349,upper,388873.8573222374,346688.29952243867,3385.705583555314,1911.4271105584808,3888.0015300274217,0.6720590908049283,-0.002000011594566393,2053.07864338095,853.0786433809496,80000.0,1.0,1.790817173590193e-11,346688.29952243867,388873.8573222374,-2.1242239136119487e-11
451.0099999997348,upper,389246.46950353443,346898.64996286726,3389.0621500790253,1913.1267980689036,3891.7600648790826,0.6718390895325249,-0.002000011540083692,2050.5000506584765,850.5000506584764,80000.0,1.0,1.7504228627970427e-11,346898.64996286726,389246.46950353443,-2.1114289271596194e-11
451.1199999997347,upper,389619.45117168484,347109.1875163169,3392.42352833092,1914.8291665731865,3895.5241152805834,0.6716190882661005,-0.0020000114858566734,2047.9214579360032,847.9214579360032,80000.0,1.0,1.710903690762741e-11,347109.1875163169,389619.45117168484,-2.0991543659948903e-11
451.2299999997346,upper,389992.80285663594,347319.91247805546,3395.789730272874,1916.534222592714,3899.2936948370243,0.6713990870056271,-0.0020000114318843984,2045.3428652135299,845.34286521353,80000.0,1.0,1.6722414901470953e-11,347319.91247805546,389992.80285663594,-2.0868935415118258e-11
451.3399999997345,upper,390366.5250896537,347530.82514406944,3399.1607679120043,1918.2419726734738,3903.0688172050395,0.6711790857510767,-0.0020000113781668393,2042.7642724910568,842.7642724910568,80000.0,1.0,1.6344184540078388e-11,347530.82514406944,390366.5250896537,-2.0736092429731285e-11
451.4499999997344,upper,390740.61840332736,347741.92581106664,3402.5366533008987,1919.9524233861803,3906.8494960930534,0.6709590845024211,-0.002000011324700214,2040.1856797685837,840.1856797685836,80000.0,1.0,1.5974171289900953e-11,347741.92581106664,390740.61840332736,-2.061827417979383e-11
451.5599999997343,upper,391115.0833315744,347953.21477647923,3405.917398537846,1921.6655813264033,3910.6357452615493,0.6707390832596332,-0.002000011271485177,2037.6070870461103,837.6070870461103,80000.0,1.0,1.5612204086379118e-11,347953.21477647923,391115.0833315744,-2.0493132053662528e-11
451.6699999997342,upper,391489.9204096455,348164.69233846606,3409.303015767066,1923.3814531146893,3914.4275785233253,0.670519082022685,-0.0020000112185209725,2035.028494323637,835.0284943236371,80000.0,1.0,1.5258115268259663e-11,348164.69233846606,391489.9204096455,-2.0361116528263562e-11
451.7799999997341,upper,391865.1301741298,348376.35879591585,3412.6935171789432,1925.1000453966908,3918.225009743765,0.6702990807915497,-0.002000011165803459,2032.449901601164,832.4499016011639,80000.0,1.0,1.491174051309301e-11,348376.35879591585,391865.1301741298,-2.0247304690553406e-11
451.889999999734,upper,392240.71316296014,348588.2144484493,3416.0889150102616,1926.821364843293,3922.028052841101,0.6700790795661994,-0.002000011113334523,2029.8713088786908,829.8713088786907,80000.0,1.0,1.4572918773890754e-11,348588.2144484493,392240.71316296014,-2.0130760555616728e-11
451.9999999997339,upper,392616.6699154178,348800.2595964229,3419.4892215444406,1928.5454181507416,3925.8367217866844,0.6698590783466071,-0.0020000110611118572,2027.2927161562175,827.2927161562175,80000.0,1.0,1.4241492216923207e-11,348800.2595964229,392616.6699154178,-2.001095966492687e-11
452.1099999997338,upper,392993.0009721378,349012.4945409306,3422.8944491117704,1930.2722120407718,3929.651030605255,0.6696390771327456,-0.00200001100913426,2024.7141234337441,824.7141234337442,80000.0,1.0,1.391730616063989e-11,349012.4945409306,392993.0009721378,-1.9895476929709995e-11
452.2199999997337,upper,393369.70687511406,349224.91958380723,3426.304610089654,1932.0017532607374,3933.470993375212,0.6694190759245883,-0.0020000109574010694,2022.135530711271,822.135530711271,80000.0,1.0,1.3600209015690782e-11,349224.91958380723,393369.70687511406,-1.9778682002130892e-11
452.3299999997336,upper,393746.7881677047,349437.53502763173,3429.7197169028464,1933.7340485837428,3937.29662422889,0.6691990747221083,-0.002000010905913033,2019.556937988798,819.5569379887978,80000.0,1.0,1.3290052226029803e-11,349437.53502763173,393746.7881677047,-1.9641852026661982e-11
452.4399999997335,upper,394124.2453946371,349650.34117572877,3433.1397820236966,1935.4691048087732,3941.1279373528323,0.668979073525279,-0.002000010854661124,2016.9783452663246,816.9783452663246,80000.0,1.0,1.2986690211087179e-11,349650.34117572877,394124.2453946371,-1.9557017576363707e-11
452.5499999997334,upper,394502.07910201343,349863.3383321729,3436.56481797239,1937.2069287608265,3944.9649469880665,0.6687590723340735,-0.002000010803658066,2014.3997525438513,814.3997525438514,80000.0,1.0,1.2689980308983506e-11,349863.3383321729,394502.07910201343,-1.940406427038589e-11
452.6599999997333,upper,394880.2898373155,350076.5268017906,3439.994837317195,1938.9475272910488,3948.807667430389,0.6685390711484658,-0.0020000107528878324,2011.8211598213782,811.8211598213782,80000.0,1.0,1.2399782720776332e-11,350076.5268017906,394880.2898373155,-1.9309189056830303e-11
452.7699999997332,upper,395258.87814941036,350289.90689016355,3443.4298526747107,1940.6909072768658,3952.6561130306395,0.6683190699684294,-0.002000010702359151,2009.242567098905,809.2425670989049,80000.0,1.0,1.2115960455715427e-11,350289.90689016355,395258.87814941036,-1.918490129774191e-11
452.8799999997331,upper,395637.8445885555,350503.4789036313,3446.8698767101114,1942.4370756221188,3956.510298194987,0.6680990687939382,-0.002000010652066222,2006.6639743764317,806.6639743764317,80000.0,1.0,1.183837927749376e-11,350503.4789036313,395637.8445885555,-1.9078562315858488e-11
452.989999999733,upper,396017.1897064042,350717.2431492942,3450.314922137399,1944.1860392571996,3960.3702373852125,0.667879067624966,-0.0020000106020119815,2004.0853816539584,804.0853816539585,80000.0,1.0,1.1566907651473498e-11,350717.2431492942,396017.1897064042,-1.8950680227952315e-11
453.0999999997329,upper,396396.9140560113,350931.19993501675,3453.7650017196565,1945.9378051391873,3964.2359451189955,0.667659066461487,-0.0020000105521895866,2001.5067889314853,801.5067889314853,80000.0,1.0,1.1301416692873415e-11,350931.19993501675,396396.9140560113,-1.8851554841303365e-11
453.2099999997328,upper,396777.01819183794,351145.3495694299,3457.220128269297,1947.6923802519868,3968.107435970204,0.6674390653034755,-0.0020000105026036804,1998.9281962090122,798.9281962090121,80000.0,1.0,1.1041780115898327e-11,351145.3495694299,396777.01819183794,-1.872903641511191e-11
453.3199999997327,upper,397157.5026697576,351359.6923619344,3460.6803146483203,1949.449771606466,3971.9847245691794,0.6672190641509057,-0.0020000104532490815,1996.3496034865389,796.3496034865389,80000.0,1.0,1.078787418379739e-11,351359.6923619344,397157.5026697576,-1.8624634370092115e-11
453.4299999997326,upper,397538.368047061,351574.2286227037,3464.1455737685687,1951.2099862405946,3975.8678256030325,0.6669990630037522,-0.0020000104041275604,1993.7710107640655,793.7710107640656,80000.0,1.0,1.0539577659832105e-11,351574.2286227037,397538.368047061,-1.850885441530761e-11
453.5399999997325,upper,397919.6148824623,351788.95866268664,3467.6159185919864,1952.9730312195861,3979.756753815937,0.6667790618619891,-0.002000010355235717,1991.1924180415924,791.1924180415924,80000.0,1.0,1.0296771759141012e-11,351788.95866268664,397919.6148824623,-1.8398687367006952e-11
453.6499999997324,upper,398301.24373610393,352003.88279361126,3471.0913621308796,1954.738913636036,3983.6515240094227,0.6665590607255916,-0.00200001030657385,1988.6138253191193,788.6138253191192,80000.0,1.0,1.0059340101483018e-11,352003.88279361126,398301.24373610393,-1.8289923256740108e-11
453.7599999997323,upper,398683.25516956276,352219.001327987,3474.5719174481737,1956.5076406100661,3987.5521510426724,0.6663390595945343,-0.002000010258139991,1986.035232596646,786.035232596646,80000.0,1.0,9.827168664847287e-12,352219.001327987,398683.25516956276,-1.8185591157704283e-11
453.8699999997322,upper,399065.6497458551,352434.314579108,3478.0575976576824,1958.2792192894665,3991.4586498328267,0.6661190584687924,-0.002000010209935474,1983.4566398741727,783.4566398741728,80000.0,1.0,9.60014573991203e-12,352434.314579108,399065.6497458551,-1.8067354633520386e-11
453.9799999997321,upper,399448.4280294428,352649.82286105625,3481.5484159243665,1960.0536568498392,3995.3710353552765,0.6658990573483403,-0.0020000101619550006,1980.8780471516995,780.8780471516995,80000.0,1.0,9.378161885338086e-12,352649.82286105625,399448.4280294428,-1.796785744263026e-11
454.089999999732,upper,399831.5905862384,352865.5264887047,3485.0443854646046,1961.830960494743,3999.2893226439733,0.6656790562331537,-0.002000010114201892,1978.2994544292264,778.2994544292263,80000.0,1.0,9.16110988388411e-12,352865.5264887047,399831.5905862384,-1.7853963033034067e-11
454.1999999997319,upper,400215.13798361144,353081.42577772,3488.5455195464606,1963.6111374558395,4003.2135267917324,0.6654590551232078,-0.0020000100666727897,1975.720861706753,775.7208617067531,80000.0,1.0,8.948884699327841e-12,353081.42577772,400215.13798361144,-1.7743905048962876e-11
454.3099999997318,upper,400599.07079039357,353297.521044566,3492.0518314899523,1965.3941949930393,4007.1436629505397,0.6652390540184776,-0.0020000100193661463,1973.1422689842798,773.1422689842799,80000.0,1.0,8.741383434179118e-12,353297.521044566,400599.07079039357,-1.7639768365165908e-11
454.4199999997317,upper,400983.38957688445,353513.8126065068,3495.5633346673244,1967.1801403946486,4011.0797463318595,0.665019052918939,-0.002000009972282766,1970.5636762618067,770.5636762618067,80000.0,1.0,8.53850528817251e-12,353513.8126065068,400983.38957688445,-1.752680949766589e-11
454.5299999997316,upper,401368.09491485776,353730.30078160955,3499.080042503322,1968.9689809775202,4015.0217922069496,0.6647990518245674,-0.002000009925417306,1967.9850835393336,767.9850835393335,80000.0,1.0,8.340151517524644e-12,353730.30078160955,401368.09491485776,-1.744418597207038e-11
454.6399999997315,upper,401753.1873775668,353946.9858887478,3502.601968475466,1970.7607240872007,4018.969815907171,0.6645790507353387,-0.0020000098787758057,1965.4064908168602,765.4064908168602,80000.0,1.0,8.146225394943142e-12,353946.9858887478,401753.1873775668,-1.7328239211440946e-11
454.7499999997314,upper,402138.66753975017,354163.868247605,3506.1291261143283,1972.555377098082,4022.9238328243027,0.6643590496512286,-0.0020000098323526825,1962.827898094387,762.827898094387,80000.0,1.0,7.956632170373729e-12,354163.868247605,402138.66753975017,-1.721830580114604e-11
454.8599999997313,upper,402524.5359776377,354380.94817867724,3509.6615290038135,1974.352947413553,4026.8838584108644,0.6641390485722131,-0.0020000097861453737,1960.2493053719138,760.2493053719138,80000.0,1.0,7.771279032474401e-12,354380.94817867724,402524.5359776377,-1.712391261608215e-11
454.9699999997312,upper,402910.79326895677,354598.2260032764,3513.1991907814377,1976.1534424661506,4030.8499081804284,0.6639190474982684,-0.002000009740157277,1957.6707126494407,757.6707126494406,80000.0,1.0,7.590075070801337e-12,354598.2260032764,402910.79326895677,-1.7015544292342847e-11
455.0799999997311,upper,403297.43999293755,354815.7020435338,3516.742125138615,1977.956869717715,4034.821997707949,0.6636990464293706,-0.002000009694384356,1955.0921199269674,755.0921199269674,80000.0,1.0,7.412931238695738e-12,354815.7020435338,403297.43999293755,-1.6916809367871427e-11
455.189999999731,upper,403684.4767303191,355033.376622403,3520.2903458209344,1979.7632366595433,4038.800142630079,0.6634790453654961,-0.002000009648826916,1952.513527204494,752.5135272044942,80000.0,1.0,7.239760316859162e-12,355033.376622403,403684.4767303191,-1.6814743862544612e-11
455.2999999997309,upper,404071.904063356,355251.2500636633,3523.8438666284537,1981.5725508125456,4042.7843586455006,0.663259044306621,-0.0020000096034855737,1949.934934482021,749.9349344820209,80000.0,1.0,7.070476877604955e-12,355251.2500636633,404071.904063356,-1.6696607913112804e-11
455.4099999997308,upper,404459.72257582325,355469.32269192295,3527.402701415985,1983.3848197274,4046.774661515252,0.663039043252722,-0.0020000095583520383,1947.3563417595478,747.3563417595477,80000.0,1.0,6.9049972497736645e-12,355469.32269192295,404459.72257582325,-1.6617958996505573e-11
455.5199999997307,upper,404847.93285302323,355687.59483262245,3530.966864093384,1985.2000509847123,4050.7710670630563,0.6628190422037757,-0.002000009513434878,1944.7777490370745,744.7777490370745,80000.0,1.0,6.7432394843016015e-12,355687.59483262245,404847.93285302323,-1.6506630645490865e-11
455.6299999997306,upper,405236.5354817917,355906.0668120378,3534.5363686258443,1987.018252195172,4054.7735911756563,0.6625990411597589,-0.0020000094687266726,1942.1991563146012,742.1991563146013,80000.0,1.0,6.585123320430215e-12,355906.0668120378,405236.5354817917,-1.6412878941596802e-11
455.7399999997305,upper,405625.5310505031,356124.7389572837,3538.111229034188,1988.8394309997148,4058.782249803145,0.6623790401206483,-0.002000009424228331,1939.620563592128,739.6205635921281,80000.0,1.0,6.430570152545569e-12,356124.7389572837,405625.5310505031,-1.6318156443201902e-11
455.8499999997304,upper,406014.9201490774,356343.6115963174,3541.691459395167,1990.6635950696818,4062.7970589593097,0.6621590390864207,-0.002000009379939542,1937.041970869655,737.0419708696548,80000.0,1.0,6.279502997636267e-12,356343.6115963174,406014.9201490774,-1.6216707234451115e-11
455.9599999997303,upper,406404.7033689864,356562.6850579411,3545.2770738417557,1992.4907521069817,4066.8180347219627,0.6619390380570537,-0.0020000093358603947,1934.4633781471816,734.4633781471816,80000.0,1.0,6.131846463359653e-12,356562.6850579411,406404.7033689864,-1.6109475003431495e-11
456.0699999997302,upper,406794.8813032593,356781.9596718064,3548.868086563453,1994.320909844253,4070.845193233286,0.6617190370325241,-0.002000009291984052,1931.8847854247083,731.8847854247084,80000.0,1.0,5.98752671670464e-12,356781.9596718064,406794.8813032593,-1.6030994883265442e-11
456.1799999997301,upper,407185.4545464894,357001.435768417,3552.464511806586,1996.1540760450282,4074.878550700178,0.6614990360128091,-0.0020000092483198483,1929.3061927022352,729.3061927022352,80000.0,1.0,5.846471453241255e-12,357001.435768417,407185.4545464894,-1.5909558802307886e-11
456.28999999973,upper,407576.42369484017,357221.1136791325,3556.0663638746114,1997.9902585039003,4078.9181233945947,0.6612790349978863,-0.002000009204853301,1926.727599979762,726.727599979762,80000.0,1.0,5.708609866946497e-12,357221.1136791325,407576.42369484017,-1.584299628106134e-11
456.3999999997299,upper,407967.7893460518,357440.9937361711,3559.673657128424,1999.8294650466862,4082.9639276539,0.6610590339877334,-0.002000009161599242,1924.1490072572888,724.1490072572888,80000.0,1.0,5.573872620596018e-12,357440.9937361711,407967.7893460518,-1.5714100804685483e-11
456.5099999997298,upper,408359.55209944735,357661.0762726139,3563.2864059866615,2001.671703530597,4087.0159798812165,0.6608390329823277,-0.002000009118539721,1921.5704145348154,721.5704145348155,80000.0,1.0,5.442191816711693e-12,357661.0762726139,408359.55209944735,-1.5653759937227417e-11
456.6199999997297,upper,408751.71255593863,357881.36162240815,3566.9046249260186,2003.516981844404,4091.074296545778,0.6606190319816468,-0.002000009075692149,1918.9918218123423,718.9918218123423,80000.0,1.0,5.313500969054798e-12,357881.36162240815,408751.71255593863,-1.551933254552343e-11
456.7299999997296,upper,409144.2713180336,358101.85012037045,3570.5283284815578,2005.3653079086096,4095.138894183285,0.6603990309856688,-0.0020000090330350583,1916.4132290898692,716.4132290898691,80000.0,1.0,5.187734974656253e-12,358101.85012037045,409144.2713180336,-1.5471180037272214e-11
456.8399999997295,upper,409537.22898984223,358322.54210219043,3574.1575312470204,2007.2166896756178,4099.209789396262,0.6601790299943714,-0.0020000089905887236,1913.834636367396,713.8346363673959,80000.0,1.0,5.0648300863731506e-12,358322.54210219043,409537.22898984223,-1.5335683112510927e-11
456.9499999997294,upper,409930.58617708297,358543.4379044343,3577.792247875148,2009.0711351299044,4103.286998854414,0.6599590290077325,-0.0020000089483322,1911.2560436449226,711.2560436449227,80000.0,1.0,4.944723885962709e-12,358543.4379044343,409930.58617708297,-1.528105381755125e-11
457.0599999997293,upper,410324.3434870892,358764.5378645481,3581.4324930779985,2010.9286522881928,4107.370539295,0.6597390280257303,-0.002000008906282694,1908.6774509224495,708.6774509224495,80000.0,1.0,4.827355257664459e-12,358764.5378645481,410324.3434870892,-1.5157045133290546e-11
457.1699999997292,upper,410718.5015288162,358985.84232086194,3585.078281627268,2012.7892491996263,4111.460427523183,0.6595190270483432,-0.002000008864423344,1906.0988581999763,706.0988581999762,80000.0,1.0,4.712664362281187e-12,358985.84232086194,410718.5015288162,-1.5093737444444927e-11
457.2799999997291,upper,411113.060912847,359207.35161259264,3588.7296283546125,2014.652933945944,4115.556680412412,0.6592990260755495,-0.0020000088227671324,1903.520265477503,703.520265477503,80000.0,1.0,4.6005926117507155e-12,359207.35161259264,411113.060912847,-1.4977011481671642e-11
457.389999999729,upper,411508.0222514,359429.0660798482,3592.3865481519724,2016.5197146416567,4119.659314904779,0.6590790251073274,-0.00200000878130288,1900.9416727550297,700.9416727550298,80000.0,1.0,4.491082644198113e-12,359429.0660798482,411508.0222514,-1.4893513525023666e-11
457.4999999997289,upper,411903.38615833456,359650.9860636307,3596.0490559719037,2018.389599434225,4123.7683480114,0.6588590241436557,-0.0020000087400340533,1898.3630800325566,698.3630800325566,80000.0,1.0,4.384078299461572e-12,359650.9860636307,411903.38615833456,-1.480293443856317e-11
457.6099999997288,upper,412299.15324915847,359873.1119058405,3599.717166827902,2020.2625965042391,4127.883796812786,0.6586390231845127,-0.002000008698958,1895.7844873100835,695.7844873100834,80000.0,1.0,4.279524595081782e-12,359873.1119058405,412299.15324915847,-1.4719428226440923e-11
457.7199999997287,upper,412695.32414103416,360095.4439492795,3603.3908957947406,2022.1387140655972,4132.005678459226,0.6584190222298776,-0.0020000086580766623,1893.2058945876101,693.2058945876101,80000.0,1.0,4.177367702747841e-12,360095.4439492795,412695.32414103416,-1.462741547490497e-11
457.8299999997286,upper,413091.8994527857,360317.9825376553,3607.070258008799,2024.0179603656882,4136.134010171158,0.658199021279729,-0.002000008617385745,1890.6273018651368,690.6273018651369,80000.0,1.0,4.077554925190332e-12,360317.9825376553,413091.8994527857,-1.4545422179381513e-11
457.9399999997285,upper,413488.87980490574,360540.72801558406,3610.7552686684007,2025.9003436855742,4140.268809239557,0.6579790203340455,-0.002000008576889818,1888.0487091426637,688.0487091426637,80000.0,1.0,3.980034673514851e-12,360540.72801558406,413488.87980490574,-1.443586295852624e-11
458.0499999997284,upper,413886.26581956196,360763.68072859506,3614.4459430341544,2027.785872340174,4144.410093026323,0.6577590193928065,-0.00200000853657579,1885.4701164201906,685.4701164201905,80000.0,1.0,3.88475644496643e-12,360763.68072859506,413886.26581956196,-1.4387573100292085e-11
458.1599999997283,upper,414284.0581206043,360986.8410231339,3618.142296429293,2029.674554678447,4148.557878964663,0.6575390184559908,-0.0020000084964639617,1882.8915236977173,682.8915236977173,80000.0,1.0,3.7916708011185346e-12,360986.8410231339,414284.0581206043,-1.4242837848456968e-11
458.2699999997282,upper,414682.2573335716,361210.2092465667,3621.8443442400157,2031.5663990835824,4152.712184559487,0.6573190175235782,-0.0020000084565225088,1880.312930975244,680.3129309752441,80000.0,1.0,3.700729346478129e-12,361210.2092465667,414682.2573335716,-1.424112658849632e-11
458.3799999997281,upper,415080.8640856988,361433.7857471834,3625.5521019158373,2033.4614139731848,4156.8730273877945,0.6570990165955476,-0.0020000084167932745,1877.7343382527708,677.7343382527708,80000.0,1.0,3.6118847074996464e-12,361433.7857471834,415080.8640856988,-1.4046556801818274e-11
458.489999999728,upper,415479.87900592363,361657.5708742018,3629.26558496993,2035.3596077994634,4161.040425099078,0.6568790156718786,-0.0020000083772186397,1875.1557455302977,675.1557455302976,80000.0,1.0,3.525090512000422e-12,361657.5708742018,415479.87900592363,-1.4102523422289964e-11
458.5999999997279,upper,415879.30272489396,361881.5649777714,3632.9848089794814,2037.2609890494223,4165.214395415716,0.6566590147525505,-0.002000008337873914,1872.5771528078244,672.5771528078244,80000.0,1.0,3.4403013689699618e-12,361881.5649777714,415879.30272489396,-1.3818376653096217e-11
458.7099999997278,upper,416279.13587497437,362105.76840897725,3636.7097895860416,2039.1655662450523,4169.394956133378,0.6564390138375428,-0.002000008298652887,1869.998560085351,669.9985600853512,80000.0,1.0,3.3574728487666606e-12,362105.76840897725,416279.13587497437,-1.4004819470391863e-11
458.8199999997277,upper,416679.3790902539,362330.1815198437,3640.4405424958823,2041.0733479435246,4173.582125121428,0.6562190129268355,-0.0020000082596989977,1867.419967362878,667.419967362878,80000.0,1.0,3.2765614636941143e-12,362330.1815198437,416679.3790902539,-1.3552132265302595e-11
458.9299999997276,upper,417080.03300655284,362554.8046633383,3644.1770834803515,2042.9843427373821,4177.775920323331,0.6559990120204082,-0.00200000822081451,1864.8413746404049,664.8413746404048,80000.0,1.0,3.1975246489506363e-12,362554.8046633383,417080.03300655284,-1.3971529671920002e-11
459.0399999997275,upper,417481.09826142964,362779.6381933757,3647.9194283762354,2044.8985592547388,4181.976359757059,0.6557790111182411,-0.0020000081822733524,1862.2627819179315,662.2627819179315,80000.0,1.0,3.1203207439452094e-12,362779.6381933757,417481.09826142964,-1.3165087558155008e-11
459.1499999997274,upper,417882.57549418876,363004.68246482185,3651.66759308612,2046.8160061594738,4186.183461515512,0.6555590102203139,-0.002000008143678059,1859.6841891954582,659.6841891954583,80000.0,1.0,3.044908973972705e-12,363004.68246482185,417882.57549418876,-1.4154229909912113e-11
459.2599999997273,upper,418284.4653458873,363229.93783349736,3655.4215935787583,2048.7366921514313,4190.397243766927,0.6553390093266066,-0.0020000081056130415,1857.105596472985,657.1055964729851,80000.0,1.0,2.9712494322426028e-12,363229.93783349736,418284.4653458873,-1.2482880772774081e-11
459.3699999997272,upper,418686.76845934277,363455.404656182,3659.1814458894355,2050.6606259666178,4194.617724755297,0.6551190084370998,-0.00200000806720472,1854.527003750512,654.5270037505119,80000.0,1.0,2.899303062253918e-12,363455.404656182,418686.76845934277,-1.4785221915406765e-11
459.4799999997271,upper,419089.4854791401,363681.0832906185,3662.9471661203406,2052.587816377408,4198.844922800795,0.6548990075517735,-0.0020000080297657924,1851.9484110280387,651.9484110280387,80000.0,1.0,2.8290316405106634e-12,363681.0832906185,419089.4854791401,-1.1096806633497155e-11
459.589999999727,upper,419492.6170516391,363906.9740955165,3666.7187704409407,2054.5182721927413,4203.078856300197,0.6546790066706083,-0.002000007991296479,1849.3698183055653,649.3698183055654,80000.0,1.0,2.7603977595713922e-12,363906.9740955165,419492.6170516391,-1.6549606661734246e-11
459.6999999997269,upper,419896.1638249823,364133.07743055664,3670.496275088352,2056.452002258333,4207.319543727309,0.6544590057935838,-0.0020000079548865364,1846.7912255830922,646.7912255830922,80000.0,1.0,2.693364811426563e-12,364133.07743055664,419896.1638249823,-7.796477695879583e-12
459.8099999997268,upper,420300.1264491016,364359.3936563948,3674.279696367726,2058.3890154568635,4211.567003633397,0.6542390049206818,-0.0020000079156666387,1844.2126328606191,644.212632860619,80000.0,1.0,2.6278969711979096e-12,364359.3936563948,420300.1264491016,-2.1539359034911787e-11
459.9199999997267,upper,420704.5055757266,364585.9231346657,3678.069050652616,2060.329320708216,4215.821254647618,0.6540190040518817,-0.0020000078814352324,1841.6340401381458,641.6340401381458,80000.0,1.0,2.5639591811539073e-12,364585.9231346657,420704.5055757266,8.951170894380024e-13
460.0299999997266,upper,421109.3018583916,364812.66622798756,3681.864354385387,2062.272926969636,4220.082315477463,0.6537990031871657,-0.002000007839503257,1839.0554474156725,639.0554474156726,80000.0,1.0,2.501517135035447e-12,364812.66622798756,421109.3018583916,-3.574500893996415e-11
460.1399999997265,upper,421514.51595244324,365039.62329996587,3685.6656240775524,2064.219843236016,4224.350204909188,0.6535790023265121,-0.0020000078108362972,1836.4768546931994,636.4768546931994,80000.0,1.0,2.4405372626859824e-12,365039.62329996587,421514.51595244324,2.5605877067371884e-11
460.2499999997264,upper,421920.1485150483,365266.79471519747,3689.4728763102516,2066.1700785399858,4228.624941808267,0.6533590014699062,-0.002000007760233756,1833.8982619707263,633.8982619707261,80000.0,1.0,2.380986714980738e-12,365266.79471519747,421920.1485150483,-7.818128479465447e-11
460.3599999997263,upper,422326.2002052017,365494.18083927524,3693.2861277344878,2068.1236419523248,4232.906545119814,0.6531390006173217,-0.0020000077477298284,1831.319669248253,631.3196692482529,80000.0,1.0,2.322833349049107e-12,365494.18083927524,422326.2002052017,1.0071716653180578e-10
460.4699999997262,upper,422732.6716837333,365721.7820387916,3697.105395071786,2070.0805425818385,4237.195033869084,0.6529189997687526,-0.002000007669312957,1828.7410765257796,628.7410765257797,80000.0,1.0,2.266045713785489e-12,365721.7820387916,422732.6716837333,-2.1191505731204214e-10
460.5799999997261,upper,423139.5636133166,365949.59868134337,3700.9306951141334,2072.0407895761605,4241.4904271618225,0.6526989989241563,-0.0020000077080355506,1826.1624838033065,626.1624838033065,80000.0,1.0,2.210593035642259e-12,365949.59868134337,423139.5636133166,3.436193791085658e-10
460.689999999726,upper,423546.87665847584,366177.6311355353,3704.762044725185,2074.004392120925,4245.79274418491,0.6524789980835579,-0.0020000075366139593,1823.5838910808334,623.5838910808333,80000.0,1.0,2.156445204700866e-12,366177.6311355353,423546.87665847584,-6.585445453552729e-10
460.7999999997259,upper,423954.61148559436,366405.8797709851,3708.599460839219,2075.9713594418727,4250.102004206474,0.6522589972468572,-0.00200000774952098,1821.00529835836,621.00529835836,80000.0,1.0,2.103572761014448e-12,366405.8797709851,423954.61148559436,1.178553902255017e-09
460.9099999997258,upper,424362.76876292226,366634.3449583273,3712.4429604641837,2077.941700801618,4254.418226576977,0.65203899641419,-0.002000007249731945,1818.4267056358867,618.4267056358868,80000.0,1.0,2.051946881218874e-12,366634.3449583273,424362.76876292226,-2.2418390710952318e-09
461.0199999997257,upper,424771.3491605845,366863.0270692175,3716.2925606772083,2079.915425506284,4258.741430728537,0.6518189955852409,-0.002000008093995753,1815.8481129134136,615.8481129134136,80000.0,1.0,2.001539365404404e-12,366863.0270692175,424771.3491605845,4.228095381316839e-09
461.1299999997256,upper,425180.3533505885,367091.92647633696,3720.1482786342435,2081.8925428936313,4263.0716361775385,0.6515989947605716,-0.0020000063645465665,1813.2695201909405,613.2695201909404,80000.0,1.0,1.9523226242478806e-12,367091.92647633696,425180.3533505885,-8.204181968206802e-09
461.2399999997255,upper,425589.78200683254,367321.04355339694,3724.0101315528086,2083.873062356445,4267.408862521002,0.6513789939390134,-0.0020000096436219293,1810.6909274684672,610.6909274684672,80000.0,1.0,1.9042696663917835e-12,367321.04355339694,425589.78200683254,1.6065947704012896e-08
461.3499999997254,upper,425999.6358051136,367550.3786751427,3727.878136746767,2085.8569932976984,4271.753129445036,0.6511589931228642,-0.00200000302155051,1808.1123347459938,608.112334745994,80000.0,1.0,1.85735408608241e-12,367550.3786751427,425999.6358051136,-3.2068425772795743e-08
461.4599999997253,upper,426409.91542313574,367779.9322173586,3731.752311558848,2087.8443452198644,4276.104456709561,0.6509389923073705,-0.002000016287579664,1805.5337420235207,605.5337420235207,80000.0,1.0,1.8115500510300625e-12,367779.9322173586,426409.91542313574,6.491982620573356e-08
461.5699999997252,upper,426820.6215405181,368009.7045568719,3735.632673497422,2089.8351275461837,4280.462864180399,0.6507189915023466,-0.0019999889659033806,1802.9551493010476,602.9551493010475,80000.0,1.0,1.7668322905494663e-12,368009.7045568719,426820.6215405181,-1.336298030352013e-07
461.6799999997251,upper,427231.7548388032,368239.6960715575,3739.519239958678,2091.8293499862584,4284.828371765322,0.6504989906870399,-0.0020000458075614537,1800.3765565785743,600.3765565785743,80000.0,1.0,1.7231760838531191e-12,368239.6960715575,427231.7548388032,2.7933880112986207e-07
461.789999999725,upper,427643.3160014651,368469.9071403424,3743.412028804074,2093.827021778258,4289.200999548033,0.6502789899058445,-0.0019999253215209675,1797.797963856101,597.7979638561011,80000.0,1.0,1.6805572487378525e-12,368469.9071403424,427643.3160014651,-5.9337476758852e-07
461.8999999997249,upper,428055.30571391736,368700.33814321045,3747.311057144722,2095.8281532874103,4293.580767507607,0.6500589890621197,-0.002000184474533674,1795.2193711336279,595.2193711336279,80000.0,1.0,1.6389521301641007e-12,368700.33814321045,428055.30571391736,1.2805127413167757e-06
462.0099999997248,upper,428467.72466352256,368930.98946120613,3751.216343946293,2097.8327525815607,4297.9676961203095,0.6498389883693747,-0.0019996177550581015,1792.6407784111548,592.6407784111547,80000.0,1.0,1.5983375897470495e-12,368930.98946120613,428467.72466352256,-2.807780333889811e-06
462.1199999997247,upper,428880.57353959896,369161.86147644056,3755.12790436037,2099.840832889245,4302.361805052535,0.6496189873482634,-0.0020008766708262266,1790.0621856886814,590.0621856886814,80000.0,1.0,1.558690994010824e-12,369161.86147644056,428880.57353959896,6.25532932297595e-06
462.2299999997246,upper,429293.8530334316,369392.95457209327,3759.045762265902,2101.852396093965,4306.763116050752,0.6493989870918112,-0.0019980346485311867,1787.483592966208,587.4835929662082,80000.0,1.0,1.5199902059689955e-12,369392.95457209327,429293.8530334316,-1.4160123329730676e-05
462.3399999997245,upper,429707.56383827503,369624.26913242333,3762.9699220723123,2103.867469862463,4311.171646451389,0.6491789850679002,-0.002004553809328685,1784.905000243735,584.905000243735,80000.0,1.0,1.4822135701401298e-12,369624.26913242333,429707.56383827503,3.257004206956301e-05
462.4499999997244,upper,430121.70664937486,369855.80554275797,3766.900433151601,2105.8860227592945,4315.58742399348,0.6489589872356084,-0.0019893576419931273,1782.326407521262,582.3264075212618,80000.0,1.0,1.4453399127483169e-12,369855.80554275797,430121.70664937486,-7.61230891858466e-05
462.5599999997243,upper,430536.28216394567,370087.56418953475,3770.8372401676684,2107.908161479212,4320.0104524255485,0.6487389793470169,-0.0020253532462324803,1779.7478147987886,579.7478147987886,80000.0,1.0,1.40934850843828e-12,370087.56418953475,430536.28216394567,0.00018078829376232846
462.6699999997242,upper,430951.2910812439,370319.54546021007,3774.7805362853032,2109.93366492266,4324.440792460029,0.6485189960125988,-0.0019387060852693347,1777.1692220763152,577.1692220763154,80000.0,1.0,1.3742191240792182e-12,370319.54546021007,430951.2910812439,-0.0004363053003557044
462.7799999997241,upper,431366.73410237307,370551.74974346306,3778.72991486756,2111.963102140358,4328.878366773236,0.6482989518111978,-0.0021506669761888805,1774.5906293538421,574.5906293538421,80000.0,1.0,1.3399318837144728e-12,370551.74974346306,431366.73410237307,0.0010700069605907052
462.889999999724,upper,431782.61192879826,370784.1774307704,3782.6862456196063,2113.9953515395496,4333.323387324165,0.6480773439049583,-0.0018123624610438922,1772.012036631369,572.0120366313689,80000.0,1.0,1.3064675279144182e-12,370784.1774307704,431782.61192879826,-0.001924532912452417
462.9999999997239,upper,432198.92524813546,371016.82893527165,3786.6479187632094,2116.032578756503,4337.775505375151,0.6478359320743762,-0.0025739515537121244,1769.4334439088957,569.4334439088957,80000.0,1.0,1.2738068795546033e-12,371016.82893527165,432198.92524813546,0.002068434019974189
463.1099999997238,upper,432615.67477176804,371249.7046434013,3790.6172488514094,2118.07176531586,4342.235268881463,0.6475717831768529,-0.00222405718226735,1766.8548511864224,566.8548511864225,80000.0,1.0,1.2419317195664611e-12,371249.7046434013,432615.67477176804,-0.001938377921376226
463.2199999997237,upper,433032.86122661433,371482.8049249784,3794.5921346955565,2120.1157225996362,4346.70221500249,0.6472879151745113,-0.002933670339108685,1764.2762584639493,564.2762584639493,80000.0,1.0,1.2108236452365524e-12,371482.8049249784,433032.86122661433,0.0020520650577328745
463.3299999997236,upper,433450.4853479557,371716.13014256774,3798.5748338458084,2122.161499972759,4351.176875316992,0.646987095163327,-0.0025314047854086657,1761.6976657414762,561.697665741476,80000.0,1.0,1.180465223416376e-12,371716.13014256774,433450.4853479557,-0.001956182526905945
463.4399999997235,upper,433868.5478785435,371949.68065266515,3802.5632214167226,2124.2119436927414,4355.658783077253,0.6466718326634644,-0.0031974488615746635,1759.1190730190028,559.1190730190028,80000.0,1.0,1.150838856553213e-12,371949.68065266515,433868.5478785435,0.002036152496294503
463.5499999997234,upper,434287.0495678163,372183.45680673636,3806.5595464912362,2126.264110700752,4360.14846644442,0.6463444023222557,-0.0027524943568780166,1756.5404802965295,556.5404802965296,80000.0,1.0,1.1219278707095275e-12,372183.45680673636,434287.0495678163,-0.001968425132029678
463.6599999997233,upper,434705.991171176,372417.45895218255,3810.5616668586244,2128.320874174667,4364.64545643515,0.6460068490459855,-0.0033826183546468336,1753.9618875740564,553.9618875740564,80000.0,1.0,1.0937154402332324e-12,372417.45895218255,434705.991171176,0.002025496995312435
463.7699999997232,upper,435125.3734493526,372651.68743318727,3814.571823901611,2130.3792973710274,4369.150277842493,0.6456610119853198,-0.0029023271711941874,1751.3832948515833,551.3832948515832,80000.0,1.0,1.0661856184723012e-12,372651.68743318727,435125.3734493526,-0.001980095340644767
463.8799999997231,upper,435545.1971678305,372886.14259148785,3818.587860018973,2132.442278176604,4373.662460048707,0.645308542441621,-0.0035042741549557443,1748.80470212911,548.80470212911,80000.0,1.0,1.0393223192861362e-12,372886.14259148785,435545.1971678305,0.00201518568763383
463.989999999723,upper,435965.46309632424,373120.82476708,3822.612012029286,2134.506881842909,4378.182525106203,0.6449509113319968,-0.0029958505130918568,1746.2261094066366,546.2261094066367,80000.0,1.0,1.0131102930779166e-12,373120.82476708,435965.46309632424,-0.001987725903150342
464.0999999997229,upper,436386.1720083217,373355.7342988375,3826.642110078419,2136.57602707463,4382.7100015966635,0.6445894256583724,-0.0035754028056654737,1743.6475166841635,543.6475166841635,80000.0,1.0,9.875341623124133e-13,373355.7342988375,436386.1720083217,0.002008328345729192
464.2099999997228,upper,436807.32468067604,373590.8715250661,3830.6803874500342,2138.6467796634156,4387.245409019086,0.6442252423483417,-0.0030440934999975792,1741.0689239616904,541.0689239616903,80000.0,1.0,9.62579345277925e-13,373590.8715250661,436807.32468067604,-0.001994954044374481
464.3199999997227,upper,437228.9218932449,373826.23678399954,3834.724662943375,2140.722078112227,4391.788275441259,0.6438593796378788,-0.003606953500357054,1738.490331239217,538.4903312392171,80000.0,1.0,9.382311431919627e-13,373826.23678399954,437228.9218932449,0.0020020613038335923
464.4299999997226,upper,437650.9644285767,374061.8304142308,3838.7771690226405,2142.798985100015,4396.339118397844,0.6434927320606255,-0.003057853540306299,1735.9117385167438,535.9117385167439,80000.0,1.0,9.14475614467626e-13,374061.8304142308,437650.9644285767,-0.0019996222611401914
464.5399999997225,upper,438073.4530716281,374297.6527551064,3842.8357151370124,2144.880456397459,4400.897465945823,0.6431260741579332,-0.003608111455209281,1733.3331457942706,533.3331457942706,80000.0,1.0,8.912987105597607e-13,374297.6527551064,438073.4530716281,0.0019981877159291226
464.6499999997224,upper,438496.38860953064,374533.70414705394,3846.902533580611,2146.9635507043035,4405.463833800222,0.6427600770831406,-0.0030450619637253044,1730.7545530717975,530.7545530717974,80000.0,1.0,8.686871031900821e-13,374533.70414705394,438496.38860953064,-0.0020037338950474144
464.7599999997223,upper,438919.77183138503,374769.9849318763,3850.9754255089238,2149.0512397193515,4410.03775027073,0.642395317093179,-0.0035865767410513416,1728.1759603493242,528.1759603493242,80000.0,1.0,8.466273666176644e-13,374769.9849318763,438919.77183138503,0.0019947405649871066
464.8699999997222,upper,439343.6035280837,375006.495453006,3855.0566246338503,2151.140576067401,4414.619729618501,0.642032282748926,-0.003013053285921891,1725.5973676268509,525.597367626851,80000.0,1.0,8.251067602496459e-13,375006.495453006,439343.6035280837,-0.0020061480043707097
464.9799999997221,upper,439767.8844921657,375243.2360557208,3859.143925136806,2153.2345456452654,4419.209300709855,0.6416713837288623,-0.0035486853366192574,1723.0187749043778,523.0187749043778,80000.0,1.0,8.041124548558544e-13,375243.2360557208,439767.8844921657,0.001992708771442449
465.089999999722,upper,440192.61551769526,375480.2070873243,3863.2395628170834,2155.3301941508503,4423.806976522989,0.6413129601162223,-0.0029672552837125433,1720.4401821819047,520.4401821819046,80000.0,1.0,7.836322728658033e-13,375480.2070873243,440192.61551769526,-0.0020081527916015803
465.1999999997219,upper,440617.7974001613,375717.4088973027,3867.3413254509856,2157.4305209147233,4428.412286600623,0.6409572875235457,-0.0034995899632564113,1717.8615894594313,517.8615894594313,80000.0,1.0,7.636539562755167e-13,375717.4088973027,440617.7974001613,0.001991142725640809
465.3099999997218,upper,441043.430936401,375954.8418374473,3871.451452104937,2159.532563183403,4433.0257429271605,0.640604586340592,-0.002912496112355935,1715.282996736958,515.2829967369581,80000.0,1.0,7.441658669143501e-13,375954.8418374473,441043.430936401,-0.0020092164302502047
465.4199999997217,upper,441469.51692453725,376192.5062619614,3875.5677248777965,2161.6393327224555,4437.646875866448,0.6402550247771771,-0.0034434098258943916,1712.704404014485,512.7044040144849,80000.0,1.0,7.251562937598414e-13,376192.5062619614,441469.51692453725,0.001990394493314093
465.5299999997216,upper,441896.05616393615,376430.4025275372,3879.6923865811955,2163.747857748264,4442.276196546799,0.6399087273914973,-0.0028523536669310475,1710.1258112920118,510.1258112920117,80000.0,1.0,7.066141153136131e-13,376430.4025275372,441896.05616393615,-0.002009873666899732
465.6399999997215,upper,442323.0494551769,376668.5309934201,3883.8232141381886,2165.861161746661,4446.913236239412,0.6395657784917567,-0.0033834248066438176,1707.5472185695385,507.5472185695385,80000.0,1.0,6.885281442582837e-13,376668.5309934201,442323.0494551769,0.001989994846247619
465.7499999997214,upper,442750.4976000353,376906.89202145167,3887.962454739764,2167.976263118166,4451.558505389979,0.6392262281911019,-0.002789765987632745,1704.9686258470651,504.96862584706525,80000.0,1.0,6.708877539653369e-13,376906.89202145167,442750.4976000353,-0.0020100373343597093
465.8599999997213,upper,443178.4014014784,377145.48597610014,3892.107880558572,2170.0961964461903,4456.211536242008,0.6388900964436387,-0.0033221365617106427,1702.390033124592,502.39003312459204,80000.0,1.0,6.536822584854014e-13,377145.48597610014,443178.4014014784,0.0019899599886480483
465.9699999997212,upper,443606.7616636819,377384.3132244596,3896.2617437386803,2172.217969609867,4460.872838718628,0.6385573902741489,-0.0027266332793067748,1699.811440402119,499.8114404021188,80000.0,1.0,6.369015051272117e-13,377384.3132244596,443606.7616636819,-0.0020100400113519518
466.0799999997211,upper,444035.5791920443,377623.3741362532,3900.421811987952,2174.344627848312,4465.541946067038,0.6382281143603459,-0.003260620280376424,1697.2328476796456,497.2328476796456,80000.0,1.0,6.20535287872269e-13,377623.3741362532,444035.5791920443,0.0019899599886480483
466.189999999721,upper,444464.85479319596,377862.6690838434,3904.5903423842146,2176.473168609642,4470.219367717626,0.6379022744342207,-0.0026633061333005865,1694.6542549571723,494.6542549571724,80000.0,1.0,6.045739078349671e-13,377862.6690838434,444464.85479319596,-0.0020100400113519518
466.2999999997209,upper,444894.5892750031,378102.198442251,3908.765097905734,2178.606648087455,4474.90463783273,0.6375798752019798,-0.0031989194071174987,1692.0756622346992,492.07566223469917,80000.0,1.0,5.890076183256466e-13,378102.198442251,444894.5892750031,0.0019899599886480483
466.4099999997208,upper,445324.78344657406,378341.96258916735,3912.948340591212,2180.7420533278473,4479.598265390332,0.6372609224305811,-0.002599783348461924,1689.497069512226,489.49706951222595,80000.0,1.0,5.73827154942167e-13,378341.96258916735,445324.78344657406,-0.0020100400113519518
466.5199999997207,upper,445755.43811826373,378581.96190497343,3917.1378286195363,2182.88245151505,4484.299785421859,0.6369454208549843,-0.003137032831013114,1686.9184767897527,486.91847678975273,80000.0,1.0,5.590232105732226e-13,378581.96190497343,445755.43811826373,0.0019899599886480483
466.6299999997206,upper,446186.5541016803,378822.19677275285,3921.335829061574,2185.0248192635613,4489.009706503181,0.6366333762774354,-0.0025360637124757068,1684.3398840672794,484.3398840672795,80000.0,1.0,5.445869367585216e-13,378822.19677275285,446186.5541016803,-0.0020100400113519518
466.7399999997205,upper,446618.1322096893,379062.6675783106,3925.5400952262235,2187.172234784732,4493.727564488299,0.6363247934619115,-0.0030749594310856446,1681.7612913448063,481.7612913448063,80000.0,1.0,5.305094470216569e-13,379062.6675783106,446618.1322096893,0.0019899599886480483
466.8499999997204,upper,447050.1732564205,379303.3747101858,3929.7528992886473,2189.321664231648,4498.453867601796,0.6360196782462717,-0.0024721460017253045,1679.1826986223332,479.1826986223331,80000.0,1.0,5.167822910511379e-13,379303.3747101858,447050.1732564205,-0.0020100400113519518
466.9599999997203,upper,447482.67805727164,379544.31855967175,3933.971989616296,2191.47619687961,4503.188152473258,0.6357180354237781,-0.0030126980761788565,1676.6041058998599,476.60410589985986,80000.0,1.0,5.033969848379157e-13,379544.31855967175,447482.67805727164,0.0019899599886480483
467.0699999997202,upper,447915.6474289161,379785.49952082825,3938.199643561608,2193.6327883902477,4507.930927027338,0.6354198708682318,-0.0024080289811516465,1674.0255131773865,474.02551317738664,80000.0,1.0,4.903454591464406e-13,379785.49952082825,447915.6474289161,-0.0020100400113519518
467.1799999997201,upper,448349.0821893063,380026.91799050156,3942.433604478274,2195.7945391399803,4512.681728621742,0.6351251894024509,-0.002950247624834335,1671.4469204549134,471.4469204549134,80000.0,1.0,4.776196150134768e-13,380026.91799050156,448349.0821893063,0.0019899599886480483
467.28999999972,upper,448782.98315768084,380268.5743683376,3946.676154969844,2197.958394268691,4517.441064933084,0.6348339969365107,-0.002343711404110133,1668.8683277324403,468.8683277324402,80000.0,1.0,4.652117478994857e-13,380268.5743683376,448782.98315768084,-0.0020100400113519518
467.3999999997199,upper,449217.3511545684,380510.46905680146,3950.925033303073,2200.1274652914394,4522.20847399925,0.6345462983230603,-0.00288760692516602,1666.289735009967,466.289735009967,80000.0,1.0,4.5311412718252537e-13,380510.46905680146,449217.3511545684,0.0019899599886480483
467.5099999997198,upper,449652.1870017954,380752.60246119107,3955.182527407336,2202.2986867958402,4526.984463301256,0.6342620995087868,-0.0022791920122252982,1663.7111422874937,463.7111422874938,80000.0,1.0,4.4131939730577625e-13,380752.60246119107,449652.1870017954,-0.0020100400113519518
467.6199999997197,upper,450087.4915224895,380994.9749896573,3959.446370388397,2204.47518147346,4531.768571508733,0.6339814053764465,-0.0028247748147328393,1661.1325495650206,461.13254956502055,80000.0,1.0,4.298201799732438e-13,380994.9749896573,450087.4915224895,0.0019899599886480483
467.7299999997196,upper,450523.26554108685,381237.587053217,3963.718855577042,2206.653873328882,4536.561305960092,0.6337042219096799,-0.0022144695352431963,1658.5539568425474,458.55395684254734,80000.0,1.0,4.186094535386564e-13,381237.587053217,450523.26554108685,-0.0020100400113519518
467.8399999997195,upper,450959.50988333614,381480.4390657738,3967.997710843109,2208.837896268398,4541.362205907778,0.6334305540216324,-0.002761750120409377,1655.9753641200741,455.9753641200741,80000.0,1.0,4.0768017667901886e-13,381480.4390657738,450959.50988333614,0.0019899599886480483
467.9499999997194,upper,451396.225376306,381723.53144413175,3972.285234995276,2211.02416368256,4546.17177860116,0.6331604077332431,-0.002149542690881444,1653.3967713976008,453.3967713976009,80000.0,1.0,3.9702564720306303e-13,381723.53144413175,451396.225376306,-0.0020100400113519518
468.0599999997193,upper,451833.41284838854,381966.8646080154,3976.579150591616,2213.2158207309576,4550.989563826063,0.6328937879883306,-0.002698531658254569,1650.8181786751277,450.8181786751277,80000.0,1.0,3.866391460443033e-13,381966.8646080154,451833.41284838854,0.0019899599886480483
468.1699999997192,upper,452271.0731293072,382210.43898008426,3980.88176199608,2215.409770158871,4555.816068796939,0.6326307008454826,-0.002084410184676911,1648.2395859526546,448.23958595265447,80000.0,1.0,3.765142766039234e-13,382210.43898008426,452271.0731293072,-0.0020100400113519518
468.2799999997191,upper,452709.2070501201,382454.2549859531,3985.190786378235,2217.6091684181197,4560.6508337830555,0.6323711512794797,-0.0026351182333783675,1645.6609932301812,445.66099323018125,80000.0,1.0,3.666446279670018e-13,382454.2549859531,452709.2070501201,0.0019899599886480483
468.389999999719,upper,453147.81544322835,382698.3130542061,3989.508533735599,2219.810907577228,4565.494366018647,0.6321151453869118,-0.002019070709830967,1643.082400507708,443.08240050770803,80000.0,1.0,3.570240958347694e-13,382698.3130542061,453147.81544322835,-0.0020100400113519518
468.4999999997189,upper,453586.89914237894,382942.61361641827,3993.832715771569,2222.018155419533,4570.3462062059725,0.6318626881738132,-0.0025715086398063474,1640.5038077852348,440.5038077852348,80000.0,1.0,3.476465639264661e-13,382942.61361641827,453586.89914237894,0.0019899599886480483
468.6099999997188,upper,454026.4589826728,383187.1571071691,3998.1656481964455,2224.2277933050873,4575.2068616543365,0.6316137857751349,-0.00195352294705229,1637.9252150627617,437.9252150627616,80000.0,1.0,3.3850620749906814e-13,383187.1571071691,454026.4589826728,-0.0020100400113519518
468.7199999997187,upper,454466.4958005689,383431.9439640639,4002.5050371688662,2226.443000388394,4580.075873448018,0.6313684432284603,-0.0025077016603422125,1635.3466223402884,435.3466223402884,80000.0,1.0,3.295971919530306e-13,383431.9439640639,454466.4958005689,0.0019899599886480483
468.8299999997186,upper,454907.01043389126,383676.97462774866,4006.8532041920653,2228.660647289071,4584.953749027264,0.6311266667074652,-0.0018877655643971354,1632.768029617815,432.76802961781516,80000.0,1.0,3.20913959883682e-13,383676.97462774866,454907.01043389126,-0.0020100400113519518
468.9399999997185,upper,455348.0037218332,383922.24954193115,4011.2078498003843,2230.8839245728045,4589.8400298068755,0.6308884612815803,-0.0024436960664281655,1630.189436895342,430.18943689534194,80000.0,1.0,3.1245094596182606e-13,383922.24954193115,455348.0037218332,0.0019899599886480483
469.0499999997184,upper,455789.476504965,384167.7691533955,4015.571301371088,2233.109692086574,4594.735223414521,0.6306538331635743,-0.0018217972171070734,1627.6108441728688,427.6108441728687,80000.0,1.0,3.0420284841020015e-13,384167.7691533955,455789.476504965,-0.0020100400113519518
469.1599999997183,upper,456231.42962523765,384413.53391202434,4019.941253733737,2235.3411518476305,4599.638871543489,0.6304227874550292,-0.002379490618003101,1625.0322514503955,425.0322514503955,80000.0,1.0,2.9616435927980977e-13,384413.53391202434,456231.42962523765,0.0019899599886480483
469.2699999997182,upper,456673.8639259905,384659.5442708129,4024.3200402216826,2237.57515289787,4604.551482065954,0.6301953304081781,-0.001755616547444094,1622.4536587279222,422.4536587279223,80000.0,1.0,2.8833042119653457e-13,384659.5442708129,456673.8639259905,-0.0020100400113519518
469.3799999997181,upper,457116.78025195556,384905.8006858918,4028.7053498782498,2239.8149087468614,4609.472596901119,0.6299714671570611,-0.0023150840633585764,1619.875066005449,419.87506600544907,80000.0,1.0,2.8069597220144776e-13,384905.8006858918,457116.78025195556,0.0019899599886480483
469.489999999718,upper,457560.17944926437,385152.3036165416,4033.0995220758964,2242.0572575987303,4614.40272422336,0.6297512039937532,-0.0016892221845230646,1617.296473282976,417.29647328297585,80000.0,1.0,2.7325618856698247e-13,385152.3036165416,457560.17944926437,-0.0020100400113519518
469.5999999997179,upper,458004.06236545305,385399.0535252152,4037.500239989286,2244.305424496492,4619.3414061246785,0.6295345460850629,-0.0022504751389925246,1614.7178805605026,414.71788056050264,80000.0,1.0,2.6600624341427604e-13,385399.0535252152,458004.06236545305,0.0019899599886480483
469.7099999997178,upper,458448.4298494693,385646.0508775529,4041.9098491139857,2246.5562367735674,4624.289151139973,0.6293214997632899,-0.0016226127441414683,1612.1392878380293,412.1392878380294,80000.0,1.0,2.5894153635509785e-13,385646.0508775529,458448.4298494693,-0.0020100400113519518
469.8199999997177,upper,458893.2827516764,385893.29614240496,4046.326026672581,2248.812931047918,4629.24550148037,0.6291120702283259,-0.002185662569460658,1609.5606951155562,409.5606951155562,80000.0,1.0,2.520574651416051e-13,385893.29614240496,458893.2827516764,0.0019899599886480483
469.9299999997176,upper,459338.62192386127,386140.78979184723,4050.7511243687454,2251.0723237490897,4634.210966100247,0.6289062638530818,-0.0015557868286063853,1606.982102393083,406.982102393083,80000.0,1.0,2.453496428493839e-13,386140.78979184723,459338.62192386127,-0.0020100400113519518
470.0399999997175,upper,459784.4482192386,386388.5323012038,4055.1828133885633,2253.3376631118713,4639.185087275615,0.6287040858708512,-0.002120645067225537,1604.4035096706098,404.40350967060976,80000.0,1.0,2.3881368185509244e-13,386388.5323012038,459784.4482192386,0.0019899599886480483
470.1499999997174,upper,460230.76249245787,386636.5241490622,4059.6234517298176,2255.6057546285156,4644.168374439927,0.6285055426955478,-0.001488743026558651,1601.8249169481364,401.82491694813655,80000.0,1.0,2.324453992372803e-13,386636.5241490622,460230.76249245787,-0.0020100400113519518
470.2599999997173,upper,460677.56559960847,386884.7658172973,4064.0707044566607,2257.879858192898,4649.16036987928,0.6283106395941908,-0.0020554213325032385,1599.2463242256633,399.24632422566333,80000.0,1.0,2.2624061241542046e-13,386884.7658172973,460677.56559960847,0.0019899599886480483
470.3699999997172,upper,461124.8583982268,387133.25779108633,4068.526935948002,2260.15676832632,4654.161583566444,0.6281193830220932,-0.00142147991279414,1596.6677315031902,396.6677315031901,80000.0,1.0,2.2019533340842074e-13,387133.25779108633,461124.8583982268,-0.0020100400113519518
470.4799999997171,upper,461572.6417473002,387382.00055893254,4072.9898050596003,2262.43975662439,4659.17155774222,0.6279317782803269,-0.001989990053107582,1594.089138780717,394.0891387807169,80000.0,1.0,2.1430557550458087e-13,387382.00055893254,461572.6417473002,0.0019899599886480483
470.589999999717,upper,462020.91650727583,387630.99461268174,4077.461682639541,2264.7256066035493,4664.1908029796,0.6277478318660068,-0.0013539960480821191,1591.5105460582436,391.5105460582437,80000.0,1.0,2.0856753698307293e-13,387630.99461268174,462020.91650727583,-0.0020100400113519518
470.6999999997169,upper,462469.68354006356,387880.24044754484,4081.9402212476884,2267.0176016041737,4669.218861418124,0.627567549114588,-0.001924349904291885,1588.9319533357705,388.93195333577046,80000.0,1.0,2.029774182183063e-13,387880.24044754484,462469.68354006356,0.0019899599886480483
470.8099999997168,upper,462918.9437090444,388129.7385621149,4086.4277982903986,2269.3125141036962,4674.256244292578,0.6273909365653957,-0.0012862899789806178,1586.3533606132974,386.35336061329724,80000.0,1.0,1.9753159543689973e-13,388129.7385621149,462918.9437090444,-0.0020100400113519518
470.9199999997167,upper,463368.69787907484,388379.48945839086,4090.922059943087,2271.613639230683,4679.302493584685,0.627217999588603,-0.001858499548588176,1583.774767890824,383.774767890824,80000.0,1.0,1.9222644769213964e-13,388379.48945839086,463368.69787907484,0.0019899599886480483
471.0299999997166,upper,463818.9469164944,388629.4936417938,4095.4253902605283,2273.917738389166,4684.358121253274,0.6270487447661577,-0.0012183602376487435,1581.1961751683507,381.1961751683508,80000.0,1.0,1.8705852119787733e-13,388629.4936417938,463818.9469164944,-0.0020100400113519518
471.1399999997165,upper,464269.6916891301,388879.75162119145,4099.935428944069,2276.2281185397137,4689.4226690650985,0.626883177503292,-0.0017924376356438353,1578.6175824458776,378.6175824458776,80000.0,1.0,1.8202436563930826e-13,388879.75162119145,464269.6916891301,0.0019899599886480483
471.2499999997164,upper,464720.9330663039,389130.26390891464,4104.45456678812,2278.541529978321,4694.496649765958,0.626721304424994,-0.0011502053416558968,1576.0389897234045,376.03898972340437,80000.0,1.0,1.771206895958236e-13,389130.26390891464,464720.9330663039,-0.0020100400113519518
471.3599999997163,upper,465172.6719188375,389381.03102078196,4108.980436929257,2280.86129154177,4699.579604849879,0.6265631309718991,-0.0017261628020556019,1573.4603970009312,373.46039700093115,80000.0,1.0,1.7234420568318527e-13,389381.03102078196,465172.6719188375,0.0019899599886480483
471.4699999997162,upper,465624.90911906,389632.05347611656,4113.515436993831,2283.184142383134,4704.672047913261,0.6264086638124587,-0.0010818237937878093,1570.8818042784578,370.88180427845793,80000.0,1.0,1.676917775495752e-13,389632.05347611656,465624.90911906,-0.0020100400113519518
471.5799999997161,upper,466077.6455408118,389883.33179777086,4118.057193461852,2285.513413260023,4709.773520119029,0.6262579084230615,-0.0016596736712008939,1568.3032115559847,368.3032115559847,80000.0,1.0,1.6316027337153655e-13,389883.33179777086,466077.6455408118,0.0019899599886480483
471.689999999716,upper,466530.8820594535,390134.866512144,4122.608110885007,2287.8458321474577,4714.8845359785155,0.6261108715160516,-0.001013214081849353,1565.7246188335116,365.7246188335115,80000.0,1.0,1.5874670488115944e-13,390134.866512144,466530.8820594535,-0.0020100400113519518
471.7999999997159,upper,466984.61955186934,390386.6581492064,4127.165808993839,2290.1847417688855,4720.0046362645435,0.6259675586039234,-0.0015929688530664067,1563.1460261110383,363.1460261110383,80000.0,1.0,1.5444808876399816e-13,390386.6581492064,466984.61955186934,0.0019899599886480483
471.9099999997158,upper,467438.85889647546,390638.707242518,4131.732699359877,2292.5268588859053,4725.134336468428,0.6258279764433488,-0.0009443746784640495,1560.567433388565,360.56743338856506,80000.0,1.0,1.5026157815045247e-13,390638.707242518,467438.85889647546,-0.0020100400113519518
472.0199999997157,upper,467893.60097322427,390891.0143292526,4136.30639487017,2294.8755382332183,4730.273176913261,0.6256921305832865,-0.001526046944073915,1557.9888406660918,357.98884066609185,80000.0,1.0,1.4618433148832507e-13,390891.0143292526,467893.60097322427,0.0019899599886480483
472.1299999997156,upper,468348.8466636124,391143.57995021646,4140.889314211729,2297.227485323381,4735.421674136113,0.6255600278251771,-0.0008753040408702143,1555.4102479436187,355.41024794361863,80000.0,1.0,1.4221363690790967e-13,391143.57995021646,468348.8466636124,-0.0020100400113519518
472.2399999997155,upper,468804.596850685,391396.4046498732,4145.479063332939,2299.586066948176,4740.579367950074,0.6254316737548059,-0.001458906526903241,1552.8316552211454,352.8316552211454,80000.0,1.0,1.3834678816497301e-13,391396.4046498732,468804.596850685,0.0019899599886480483
472.3499999997154,upper,469260.85241904424,391649.48897636234,4150.078068133069,2301.947977335255,4745.7467760044865,0.6253070752188282,-0.0008060006107136724,1550.253062498672,350.2530624986722,80000.0,1.0,1.3458120226682387e-13,391649.48897636234,469260.85241904424,-0.0020100400113519518
472.4599999997153,upper,469717.61425485264,391902.8334815249,4154.683927525525,2304.3165953797147,4750.923437541515,0.6251862378402249,-0.0013915461703123211,1547.674469776199,347.674469776199,80000.0,1.0,1.3091430210336538e-13,391902.8334815249,469717.61425485264,0.0019899599886480483
472.5699999997152,upper,470174.88324584236,392156.4387209217,4159.299074719757,2306.6886039881965,4756.109871390026,0.6250691685113181,-0.000736462813836965,1545.0958770537259,345.09587705372576,80000.0,1.0,1.2734362770035016e-13,392156.4387209217,470174.88324584236,-0.0020100400113519518
472.6799999997151,upper,470632.6602813188,392410.30525385955,4163.921101496714,2309.0673942057606,4761.305616159688,0.6249558728926564,-0.0013239644289543206,1542.5172843312525,342.51728433125254,80000.0,1.0,1.2386672517688888e-13,392410.30525385955,470632.6602813188,0.0019899599886480483
472.789999999715,upper,471090.9462521692,392664.43364340987,4168.55244847512,2311.4496375816843,4766.511191926902,0.6248463579226875,-0.0006666890600649899,1539.9386916087792,339.9386916087793,80000.0,1.0,1.2048125197214522e-13,392664.43364340987,471090.9462521692,-0.0020100400113519518
472.8999999997149,upper,471549.74205086654,392918.8244564353,4173.190700204798,2313.8387373580586,4771.7261366065995,0.6247406292999057,-0.001256159843191736,1537.360098886306,337.3600988863061,80000.0,1.0,1.1718487178727147e-13,392918.8244564353,471549.74205086654,0.0019899599886480483
473.0099999997148,upper,472009.0485714781,393173.478263608,4177.83830481403,2316.2313536902,4776.950971591493,0.6246386940093489,-0.0005966777429869888,1534.781506163833,334.7815061638329,80000.0,1.0,1.1397535411298036e-13,393173.478263608,472009.0485714781,-0.0020100400113519518
473.1199999997147,upper,472468.8667096697,393428.3956394371,4182.492839521651,2318.630902064719,4782.185234038863,0.6245405577878395,-0.0011881309389074244,1532.2029134413597,332.20291344135967,80000.0,1.0,1.1085047483239419e-13,393428.3956394371,472468.8667096697,0.0019899599886480483
473.2299999997146,upper,472929.19736271416,393683.57716228726,4187.156760066979,2321.034031206127,4787.429446727289,0.6244462276674763,-0.0005264272397348219,1529.6243207188863,329.62432071888645,80000.0,1.0,1.0780811035909276e-13,393683.57716228726,472929.19736271416,-0.0020100400113519518
473.3399999997145,upper,473390.0414294951,393939.0234144063,4191.827636236778,2323.4441688934644,4792.683145992802,0.6243557094237983,-0.0011198762273125049,1527.0457279964132,327.04572799641323,80000.0,1.0,1.04846143594915e-13,393939.0234144063,473390.0414294951,0.0019899599886480483
473.4499999997144,upper,473851.3998105161,394194.7349819442,4196.507931484096,2325.857952383355,4797.94685607019,0.6242690101364425,-0.00045593591075743884,1524.4671352739401,324.46713527394,80000.0,1.0,1.0196255297122881e-13,394194.7349819442,473851.3998105161,-0.0020100400113519518
473.5599999997143,upper,474313.27340790443,394450.7124549808,4201.195208061325,2328.278821795604,4803.220112409941,0.6241861356200574,-0.0010513942047510566,1521.8885425514668,321.8885425514668,80000.0,1.0,9.915532347229031e-14,394450.7124549808,474313.27340790443,0.0019899599886480483
473.6699999997142,upper,474775.66312541964,394706.95642754534,4205.891937239164,2330.7034028816206,4808.503440774205,0.624107093002302,-0.0003852020995914723,1519.3099498289935,319.3099498289936,80000.0,1.0,9.6422530856549e-14,394706.95642754534,474775.66312541964,-0.0020100400113519518
473.7799999997141,upper,475238.5698684578,394963.46749764425,4210.595673632073,2333.1351481507395,4813.796375662924,0.6240318881373333,-0.0009826833525015594,1516.7313571065204,316.73135710652036,80000.0,1.0,9.376225747185873e-14,394963.46749764425,475238.5698684578,0.0019899599886480483
473.889999999714,upper,475701.9945440601,395220.2462672811,4215.30889643358,2335.5706718115807,4819.099444437569,0.6239605282013219,-0.0003142241326278811,1514.1527643840473,314.15276438404715,80000.0,1.0,9.117267191855236e-14,395220.2462672811,475701.9945440601,-0.0020100400113519518
473.9999999997139,upper,476165.93806091725,395477.2933424849,4220.0291525154,2338.0134388122146,4824.412180581834,0.6238930190883372,-0.0009137421365750168,1511.574171661574,311.5741716615739,80000.0,1.0,8.865194939763468e-14,395477.2933424849,476165.93806091725,0.0019899599886480483
474.1099999997138,upper,476630.4013293778,395734.60933333007,4224.758929100314,2340.4600517806516,4829.735113129283,0.6238293680235591,-0.0002430003188745542,1508.9955789391006,308.9955789391007,80000.0,1.0,8.619834706310481e-14,395734.60933333007,476630.4013293778,-0.0020100400113519518
474.2199999997137,upper,477095.38526145247,395992.194853965,4229.495765211192,2342.913988153334,4835.067774480929,0.6237695809413788,-0.0008445690075096759,1506.4169862166275,306.4169862166275,80000.0,1.0,8.381012865830083e-14,395992.194853965,477095.38526145247,0.0019899599886480483
474.3299999997136,upper,477560.89077082305,396250.050522633,4234.24215620779,2345.371838939606,4840.410695416055,0.6237136651164893,-0.0001715289497147902,1503.8383934941544,303.8383934941543,80000.0,1.0,8.148563579146389e-14,396250.050522633,477560.89077082305,-0.0020100400113519518
474.4399999997135,upper,478026.91877284605,396508.1769617003,4238.995633156737,2347.837094114359,4845.763407185832,0.6236616265240185,-0.0007751624001622959,1501.259800771681,301.25980077168106,80000.0,1.0,7.922321662867596e-14,396508.1769617003,478026.91877284605,0.0019899599886480483
474.5499999997134,upper,478493.47018456226,396766.574797678,4243.7586996637765,2350.30633302997,4851.126442389723,0.6236134724886828,-9.980829866156852e-05,1498.6812080492077,298.68120804920784,80000.0,1.0,7.702129331391613e-14,396766.574797678,478493.47018456226,-0.0020100400113519518
474.6599999997133,upper,478960.5459247002,397025.24466125044,4248.528878730583,2352.7830582502966,4856.499331061146,0.6235692090267686,-0.0007055207334958791,1496.1026153267346,296.1026153267346,80000.0,1.0,7.487829449957937e-14,397025.24466125044,478960.5459247002,0.0019899599886480483
474.7699999997132,upper,479428.1469136855,397284.1871872964,4253.308682319212,2355.2638374322096,4861.882607695077,0.6235288435135333,-2.7836621107529174e-05,1493.5240226042615,293.5240226042614,80000.0,1.0,7.279271912023838e-14,397284.1871872964,479428.1469136855,-0.0020100400113519518
474.8799999997131,upper,479896.27407364466,397543.4030149189,4258.095625256343,2357.7521857795014,4867.275801038525,0.6234923820068481,-0.0006356424103638038,1490.9454298817882,290.9454298817882,80000.0,1.0,7.076307255359958e-14,397543.4030149189,479896.27407364466,0.0019899599886480483
474.989999999713,upper,480364.92832841404,397802.892787467,4262.892227971998,2360.2446592147476,4872.679447558171,0.6234598319330366,4.4387845929443905e-05,1488.3668371593149,288.36683715931497,80000.0,1.0,6.878792694575973e-14,397802.892787467,480364.92832841404,-0.0020100400113519518
475.0999999997129,upper,480834.11060354434,398062.6571525649,4267.695997006469,2362.7447856330937,4878.093074645195,0.6234311993919867,-0.0005655258172902784,1485.7882444368418,285.78824443684175,80000.0,1.0,6.686586080671203e-14,398062.6571525649,480834.11060354434,0.0019899599886480483
475.2099999997128,upper,481303.821826309,398322.69676213467,4272.509461370754,2365.249109183798,4883.517220815072,0.6234064918616211,0.00011686688406510885,1483.2096517143686,283.20965171436853,80000.0,1.0,6.499551607412528e-14,398322.69676213467,481303.821826309,-0.0020100400113519518
475.3199999997127,upper,481774.0629257089,398583.0122724256,4277.330119205991,2367.7611705052295,4888.951412032956,0.6233857154842842,-0.0004951693242470449,1480.6310589918953,280.6310589918953,80000.0,1.0,6.317554095810464e-14,398583.0122724256,481774.0629257089,0.0019899599886480483
475.4299999997126,upper,482244.83483248105,398843.6043440372,4282.160508218528,2370.2775019340647,4894.396188941098,0.6233688777900362,0.0001896022938123349,1478.052466269422,278.0524662694221,80000.0,1.0,6.140464392033263e-14,398843.6043440372,482244.83483248105,-0.0020100400113519518
475.5399999997125,upper,482716.13847910287,399104.47364194924,4286.998118036195,2372.8016569042243,4899.851076007648,0.6233559849641221,-0.0004245712844262534,1475.4738735469489,275.4738735469489,80000.0,1.0,5.968153959284447e-14,399104.47364194924,482716.13847910287,0.0019899599886480483
475.6499999997124,upper,483187.974799801,399365.6208355447,4291.845495176449,2375.330155900302,4905.316616080529,0.6233470445892879,0.00026259589484923704,1472.8952808244758,272.89528082447566,80000.0,1.0,5.800499983973864e-14,399365.6208355447,483187.974799801,-0.0020100400113519518
475.7599999997123,upper,483660.344730556,399627.04659864045,4296.700120638259,2377.8665652045556,4910.792332059109,0.62334206289413,-0.00035373003400942724,1470.3166881020024,270.31668810200244,80000.0,1.0,5.6373802584222366e-14,399627.04659864045,483660.344730556,0.0019899599886480483
475.8699999997122,upper,484133.24920911074,399888.7516095102,4301.564549867357,2380.4073934097564,4916.278769076809,0.6233410475146342,0.00033584952629208884,1467.738095379529,267.7380953795292,80000.0,1.0,5.4786780110986474e-14,399888.7516095102,484133.24920911074,-0.0020100400113519518
475.9799999997121,upper,484606.6891749752,400150.73655091604,4306.4362551168615,2382.9562196997545,4921.775448391635,0.623344004723207,-0.00028264389193244095,1465.159502657056,265.159502657056,80000.0,1.0,5.324277064475871e-14,400150.73655091604,484606.6891749752,0.0019899599886480483
476.089999999712,upper,485080.6655694352,400413.0021101316,4311.317800879365,2385.509540735519,4927.282917503263,0.6233509422096369,0.0004093650469731032,1462.580909934583,262.5809099345828,80000.0,1.0,5.174066404283467e-14,400413.0021101316,485080.6655694352,-0.0020100400113519518
476.1999999997119,upper,485555.1793355567,400675.5489789736,4316.206650543708,2388.0709486562114,4932.800695954937,0.623361866290603,-0.0002113111596464259,1460.0023172121096,260.0023172121096,80000.0,1.0,5.0279355976870476e-14,400675.5489789736,485555.1793355567,0.0019899599886480483
476.3099999997118,upper,486030.23141819524,400938.37785382586,4321.105377769375,2390.636928150789,4938.329333694307,0.6233767847102674,0.00048314433572319677,1457.4237244896362,257.42372448963636,80000.0,1.0,4.8857791156913774e-14,400938.37785382586,486030.23141819524,-0.0020100400113519518
476.4199999997117,upper,486505.8227639994,401201.4894356712,4326.0114369610255,2393.211084367917,4943.86834847562,0.6233957038300528,-0.00013973012087452016,1454.8451317671634,254.84513176716328,80000.0,1.0,4.747491997620132e-14,401201.4894356712,486505.8227639994,0.0019899599886480483
476.5299999997116,upper,486981.95432142087,401464.88443011534,4330.927411066532,2395.7898899840893,4949.418292777185,0.6234186314490733,0.000557189291659836,1452.2665390446905,252.26653904469038,80000.0,1.0,4.6129739400343846e-14,401464.88443011534,486981.95432142087,-0.0020100400113519518
476.6399999997115,upper,487458.6270407182,401728.5635474198,4335.850745384992,2398.3769632121416,4954.978682489187,0.6234455739739723,-6.789904136437282e-05,1449.6879463222174,249.68794632221747,80000.0,1.0,4.4821251942485925e-14,401728.5635474198,487458.6270407182,0.0019899599886480483
476.7499999997114,upper,487935.8418739662,401992.5275025259,4340.784032275637,2400.9687646754264,4960.5500727042545,0.6234765392594034,0.0006315018344800843,1447.1093535997445,247.10935359974457,80000.0,1.0,4.354850434402302e-14,401992.5275025259,487935.8418739662,-0.0020100400113519518
476.8599999997113,upper,488413.5997750597,402256.7770150878,4345.724707809109,2403.568925706093,4966.131977372582,0.6235115337577138,4.1838313636828085e-06,1444.5307608772716,244.53076087727166,80000.0,1.0,4.231054875466543e-14,402256.7770150878,488413.5997750597,0.0019899599886480483
476.9699999997112,upper,488891.9016997234,402521.3128094975,4350.675373880488,2406.173894833438,4971.724954285791,0.6235505653796923,0.0007060839047589547,1441.9521681547988,241.95216815479876,80000.0,1.0,4.1106479324182576e-14,402521.3128094975,488891.9016997234,-0.0020100400113519518
477.0799999997111,upper,489370.748605516,402786.13561491785,4355.633457207534,2408.7873165645556,4977.328515377293,0.6235936406238813,7.652026827288151e-05,1439.3735754323259,239.37357543232585,80000.0,1.0,3.9935395468709527e-14,402786.13561491785,489370.748605516,0.0019899599886480483
477.189999999711,upper,489850.1414518393,403051.2461653081,4360.601569347174,2411.405627293541,4982.943221223375,0.6236407674578079,0.0007809374642531927,1436.794982709853,236.79498270985295,80000.0,1.0,3.879643648651523e-14,403051.2461653081,489850.1414518393,-0.0020100400113519518
477.2999999997109,upper,490330.08119994256,403316.64519945724,4365.57712753831,2414.032484758543,4988.568581662996,0.6236919524267078,0.0001491120590707951,1434.2163899873801,234.21638998738004,80000.0,1.0,3.7688746798303633e-14,403316.64519945724,490330.08119994256,0.0019899599886480483
477.4099999997108,upper,490810.5688129318,403582.3334610097,4370.562753127273,2416.6643131770843,4994.205160143816,0.623747203555459,0.0008560644962105961,1431.637797264907,231.63779726490714,80000.0,1.0,3.6611508693861833e-14,403582.3334610097,490810.5688129318,-0.0020100400113519518
477.5199999997107,upper,491291.60525577376,403848.3116985,4375.555853746566,2419.304783574974,4999.852464331781,0.6238065274364956,0.0002219610124747141,1429.0592045424341,229.05920454243423,80000.0,1.0,3.5563909440179184e-14,403848.3116985,491291.60525577376,0.0019899599886480483
477.6299999997106,upper,491773.1914953062,404114.5806653781,4380.5590606610285,2421.9503079515594,5005.5110606336775,0.6238699321526677,0.0009314670056850052,1426.4806118199613,226.48061181996133,80000.0,1.0,3.4545172260016866e-14,404114.5806653781,491773.1914953062,-0.0020100400113519518
477.7399999997105,upper,492255.32850024104,404381.1411200443,4385.5697717676285,2424.604570677408,5011.180454462975,0.6239374243441208,0.000295068956481743,1423.9020190974884,223.90201909748842,80000.0,1.0,3.3554525207421514e-14,404381.1411200443,492255.32850024104,0.0019899599886480483
477.8499999997104,upper,492738.0172411744,404647.9938258755,4390.590628380422,2427.2639714918614,5016.86121527439,0.6240090121523081,0.0010071470198570842,1421.3234263750155,221.32342637501552,80000.0,1.0,3.259123047375757e-14,404647.9938258755,492738.0172411744,-0.0020100400113519518
477.9599999997103,upper,493221.25869059074,404915.1395512606,4395.619018530078,2429.9322081678415,5022.552846148537,0.6240847022656049,0.0003684377386437075,1418.7448336525426,218.7448336525426,80000.0,1.0,3.1654554935617745e-14,404915.1395512606,493221.25869059074,0.0019899599886480483
478.0699999997102,upper,493705.0538228721,405182.5790696271,4400.657593712189,2432.605668142633,5028.2559196779575,0.6241645028847074,0.00108310658836102,1416.1662409300698,216.1662409300697,80000.0,1.0,3.074379787867157e-14,405182.5790696271,493705.0538228721,-0.0020100400113519518
478.1799999997101,upper,494189.4036143029,405450.31315947644,4405.703731958724,2435.288062649611,5033.969936529094,0.6242484207467487,0.0004420692263469774,1413.5876482075969,213.5876482075968,80000.0,1.0,2.985826312811424e-14,405450.31315947644,494189.4036143029,0.0019899599886480483
478.28999999971,upper,494674.3090430788,405718.3426044115,4410.760095080752,2437.975766781726,5039.695472523286,0.6243364641123169,0.0011593477836172722,1411.009055485124,211.0090554851239,80000.0,1.0,2.8997285275772973e-14,405718.3426044115,494674.3090430788,-0.0020100400113519518
478.3999999997099,upper,495159.7710893112,405986.6681931724,4415.824050977486,2440.672505291407,5045.432025830558,0.6244286397678378,0.0005159653070973109,1408.430462762651,208.430462762651,80000.0,1.0,2.8160203308086166e-14,405986.6681931724,495159.7710893112,0.0019899599886480483
478.5099999997098,upper,495645.7907350371,406255.29071966466,4420.898271911078,2443.3746408847746,5051.180175593141,0.6245249560344495,0.0012358727011715091,1405.851870040178,205.85187004017808,80000.0,1.0,2.7346385417270692e-14,406255.29071966466,495645.7907350371,-0.0020100400113519518
478.6199999997097,upper,496132.3689642227,406524.21098299505,4425.980115512228,2446.0859118924272,5056.939417401422,0.6246254197484139,0.0005901278888098297,1403.2732773177052,203.27327731770518,80000.0,1.0,2.6555204046419288e-14,406524.21098299505,496132.3689642227,0.0019899599886480483
478.7299999997096,upper,496619.5067627737,406793.4297874997,4431.072264631453,2448.802668590937,5062.710333811743,0.6247300392920877,0.0013126834600398645,1400.6946845952323,200.69468459523227,80000.0,1.0,2.5786059361146864e-14,406793.4297874997,496619.5067627737,-0.0020100400113519518
478.8399999997095,upper,497107.2051185387,407062.94794278167,4436.172066493483,2451.5286629487,5068.492417750676,0.6248388215521196,0.0006645589001042343,1398.1160918727594,198.11609187275937,80000.0,1.0,2.503835563572644e-14,407062.94794278167,497107.2051185387,0.0019899599886480483
478.9499999997094,upper,497595.46502131963,407332.76626373886,4441.282214676184,2454.260232769808,5074.286255283033,0.6249517749727627,0.0013897822030606664,1395.5374991502865,195.53749915028646,80000.0,1.0,2.4311523457485464e-14,407332.76626373886,497595.46502131963,-0.0020100400113519518
479.0599999997093,upper,498084.2874627798,407602.88557073486,4446.400041447104,2457.0011498353865,5080.091335682187,0.6250688075080522,0.0007346854673790221,1392.9589064278136,192.95890642781356,80000.0,1.0,2.3604997373245156e-14,407602.88557073486,498084.2874627798,0.001993098781758129
479.1699999997092,upper,498573.6734350833,407873.30669152644,4451.528234514599,2459.7477626415416,5085.908245190895,0.62518822277378,0.00143340714011857,1390.3803137053405,190.38031370534065,80000.0,1.0,2.291823687643574e-14,407873.30669152644,498573.6734350833,-0.0019999998467253085
479.2799999997091,upper,499063.623932202,408144.0304594947,4456.6641337281735,2462.503831358552,5091.736473965894,0.625307371079174,0.0007288877983287393,1387.8017209828677,187.80172098286775,80000.0,1.0,2.2250705348768393e-14,408144.0304594947,499063.623932202,0.0020059822954780517
479.389999999709,upper,499554.1399522706,408415.0577104266,4461.810478959716,2465.2656349454296,5097.576620414608,0.6254239844706607,0.001389034143073594,1385.2231282603948,185.22312826039484,80000.0,1.0,2.1601889897184828e-14,408415.0577104266,499554.1399522706,-0.0019891299169931057
479.4999999997089,upper,500045.22249851224,408686.38928127877,4466.964617373045,2468.0369223435,5103.42817554176,0.625536151370682,0.0006474803328151477,1382.644535537922,182.64453553792194,80000.0,1.0,2.0971281340424206e-14,408686.38928127877,500045.22249851224,0.0020137095513273187
479.6099999997088,upper,500536.87258000654,408958.0260091623,4472.129313153621,2470.8139416080608,5109.291744225675,0.62564227068517,0.0012809591199560693,1380.065942815449,180.06594281544903,80000.0,1.0,2.0358393003187165e-14,408958.0260091623,500536.87258000654,-0.0019827773317998365
479.7199999997087,upper,501029.09121237183,409229.9687304459,4477.301914915029,2473.6004387402063,5115.166817205234,0.625741045269967,0.0005126454065574874,1377.4873500929762,177.48735009297613,80000.0,1.0,1.9762741787890607e-14,409229.9687304459,501029.09121237183,0.002020057692919128
479.8299999997086,upper,501521.879418274,409502.2182801024,4482.485208397156,2476.3926345739756,5121.0540051899015,0.6258314147034049,0.0011297784024401412,1374.9087573705033,174.90875737050322,80000.0,1.0,1.9183865945918613e-14,409502.2182801024,501521.879418274,-0.0019779827044999485
479.9399999997085,upper,502015.238227898,409774.7754911052,4487.676538735264,2479.194279235884,5126.952797765049,0.62591255109557,0.0003438845144550125,1372.3301646480304,172.33016464803032,80000.0,1.0,1.862130717326651e-14,409774.7754911052,502015.238227898,0.0020231018684470446
480.0499999997084,upper,502509.1686792985,410047.6411939938,4492.878708930625,2482.001572053852,5132.8638104707115,0.6259838225244497,0.0009519553076727098,1369.7515719255575,169.7515719255574,80000.0,1.0,1.8074627413357626e-14,410047.6411939938,502509.1686792985,-0.001975641369760516
480.1599999997083,upper,503003.67181868193,410320.8162165342,4498.089058804815,2484.8182701176743,5138.786531512103,0.6260447667734568,0.0001549719091553716,1367.1729792030844,167.1729792030845,80000.0,1.0,1.754339193048265e-14,410320.8162165342,503003.67181868193,0.0020250603190571327
480.2699999997082,upper,503498.7487006293,410594.3013834619,4503.310406194861,2487.6405543063206,5144.721580607874,0.6260950753838127,0.0007601092637889589,1364.5943864806115,164.5943864806116,80000.0,1.0,1.7027185185603976e-14,410594.3013834619,503498.7487006293,-0.001974523874764914
480.3799999997081,upper,503994.40038824413,410868.0975163279,4508.540082714587,2490.472193004013,5150.668444150747,0.6261345639586385,-4.289214949145068e-05,1362.0157937581387,162.0157937581387,80000.0,1.0,1.6525594841736625e-14,410868.0975163279,503994.40038824413,0.0020255522813500014
480.489999999708,upper,504490.62795326696,411142.20543339115,4513.780918959283,2493.309351181116,5156.627745440629,0.6261631604587435,0.000563461987178902,1359.4372010356658,159.4372010356658,80000.0,1.0,1.6038226758838807e-14,411142.20543339115,504490.62795326696,-0.001974447290587561
480.5999999997079,upper,504987.4324760928,411416.62594964507,4519.030236402195,2496.1558115323132,5162.598968829927,0.6261808395404984,-0.0002427228861027939,1356.858608313193,156.8586083131929,80000.0,1.0,1.556468988578586e-14,411416.62594964507,504987.4324760928,0.0020255527094124393
480.7099999997078,upper,505484.8150457927,411691.35987683886,4524.29087666884,2499.007725158644,5168.582740666098,0.6261875812703914,0.0003659380945826924,1354.28001559072,154.28001559071998,80000.0,1.0,1.5104610416626834e-14,411691.35987683886,505484.8150457927,-0.001974447290587561
480.8199999997077,upper,505982.7767601652,411966.4080234569,4529.5601515413355,2501.8688887904423,5174.578543526873,0.6261833640061013,-0.00044331971313698226,1351.7014228682472,151.70142286824708,80000.0,1.0,1.4657617529331638e-14,411966.4080234569,505982.7767601652,0.0020255527094124393
480.9299999997076,upper,506481.3187257982,412241.7711946836,4534.84091429936,2504.7354384449736,5180.587006759522,0.6261681676618648,0.00016766573115973042,1349.122830145774,149.12283014577417,80000.0,1.0,1.4223356741566028e-14,412241.7711946836,506481.3187257982,-0.001974447290587561
481.0399999997075,upper,506980.44205812505,412517.45019237674,4540.130467258676,2507.6111849277495,5186.60761138774,0.626141970429742,-0.0006446885268578979,1346.5442374233012,146.54423742330127,80000.0,1.0,1.380147645417222e-14,412517.45019237674,506980.44205812505,0.0020255527094124393
481.1499999997074,upper,507480.14788148715,412793.44581503095,4545.431675275268,2510.4922489230985,5192.640989563855,0.6261047520699682,-3.136079671296624e-05,1343.9656447008283,143.96564470082836,80000.0,1.0,1.339164054580261e-14,412793.44581503095,507480.14788148715,-0.001974447290587561
481.2599999997073,upper,507980.43732919014,413069.75885775086,4550.74183129725,2513.3824555305755,5198.686620954139,0.6260564906070756,-0.0008468352918608777,1341.3870519783554,141.38705197835546,80000.0,1.0,1.2993515682085585e-14,413069.75885775086,507980.43732919014,0.0020255527094124393
481.3699999997072,upper,508481.31154356746,413346.39011221356,4556.063811677488,2516.2779098488736,5204.745140318651,0.6259971656455193,-0.0002311472478704758,1338.8084592558826,138.80845925588255,80000.0,1.0,1.2606783186447114e-14,413346.39011221356,508481.31154356746,-0.001974447290587561
481.4799999997071,upper,508982.77167603694,413623.34036664054,4561.394900096949,2519.1824514932105,5210.816026165364,0.6259267550403671,-0.0010497660421326144,1336.2298665334097,136.22986653340965,80000.0,1.0,1.2231127077264279e-14,413623.34036664054,508982.77167603694,0.0020255527094124393
481.589999999707,upper,509484.8188871645,413900.61040575965,4566.73798432435,2522.092169720366,5216.899915662137,0.6258452382384885,-0.0004316994473596156,1333.6512738109368,133.65127381093674,80000.0,1.0,1.1866245250756008e-14,413900.61040575965,509484.8188871645,-0.001974447290587561
481.6999999997069,upper,509987.45434672234,414178.2010107757,4572.0903388758725,2525.0109188856254,5222.996286360322,0.6257525929235181,-0.0012534868821316861,1331.072681088464,131.07268108846384,80000.0,1.0,1.1511838209911201e-14,414178.2010107757,509987.45434672234,0.0020255527094124393
481.8099999997068,upper,510490.6792337524,414456.1129593316,4577.454862853387,2527.934772143962,5229.105777632984,0.6256487983829073,-0.0006330232874578163,1328.494088365991,128.49408836599093,80000.0,1.0,1.116761959391092e-14,414456.1129593316,510490.6792337524,-0.001974447290587561
481.9199999997067,upper,510994.4947366251,414734.3470254784,4582.8288217125455,2530.867598817926,5235.227866279138,0.6255338321268588,-0.001458003987890199,1325.915495643518,125.91549564351803,80000.0,1.0,1.0833305564068589e-14,414734.3470254784,510994.4947366251,0.0020255527094124393
482.0299999997066,upper,511498.90205310343,415012.90397963475,4588.21512580396,2533.8054556971447,5241.363193671744,0.6254076732815428,-0.0008351247287116686,1323.336902921045,123.33690292104512,80000.0,1.0,1.050862471285975e-14,415012.90397963475,511498.90205310343,-0.001974447290587561
482.1399999997065,upper,512003.90239040257,415291.7845885566,4593.611031628969,2536.7522273014515,5247.51123606441,0.6252702991817011,-0.0016633236081370418,1320.7583101985722,120.75831019857222,80000.0,1.0,1.0193308073529672e-14,415291.7845885566,512003.90239040257,0.0020255527094124393
482.2499999997064,upper,512509.49696525483,415570.9896152955,4599.019460700754,2539.703953787886,5253.672636621935,0.6251216887903325,-0.0010380098009956035,1318.1797174760993,118.17971747609931,80000.0,1.0,9.887098440449153e-15,415570.9896152955,512509.49696525483,-0.001974447290587561
482.3599999997063,upper,513015.6870039689,415850.519819167,4604.437660674543,2542.664535106429,5259.8468712621325,0.6249618192646562,-0.0018694520654432623,1315.6011247536264,115.60112475362641,80000.0,1.0,9.589740970430287e-15,415850.519819167,513015.6870039689,0.0020255527094124393
482.4699999997062,upper,513522.473742496,416130.37595570827,4609.86856413811,2545.6299945105566,5266.03458473077,0.6247906694025785,-0.0012416846045911673,1313.0225320311536,113.0225320311535,80000.0,1.0,9.30099194480358e-15,416130.37595570827,513522.473742496,-0.001974447290587561
482.5799999997061,upper,514029.8584264897,416410.5587766454,4615.30941001083,2548.604247616122,5272.235252822227,0.624608216181702,-0.002076395757390087,1310.4439393086807,110.4439393086806,80000.0,1.0,9.020609931829326e-15,416410.5587766454,514029.8584264897,0.0020255527094124393
482.689999999706,upper,514537.8423113724,416691.06902985007,4620.7631418652145,2551.5833004982874,5278.449521649499,0.6244144382328892,-0.0014461553112873836,1307.8653465862076,107.86534658620769,80000.0,1.0,8.748364019604156e-15,416691.06902985007,514537.8423113724,-0.001974447290587561
482.7999999997059,upper,515046.426662396,416971.9074593058,4626.226989997155,2554.5710846773854,5284.676867098681,0.6242093123519994,-0.0022841611577601242,1305.2867538637347,105.28675386373479,80000.0,1.0,8.484025510264776e-15,416971.9074593058,515046.426662396,0.0020255527094124393
482.9099999997058,upper,515555.6127547092,417253.0748050631,4631.703908872128,2557.5635887717012,5290.917936433349,0.6239928170008697,-0.001651428165502693,1302.7081611412618,102.70816114126188,80000.0,1.0,8.227375651580701e-15,417253.0748050631,515555.6127547092,-0.001974447290587561
483.0199999997057,upper,516065.401873418,417534.57180320524,4637.191120277072,2560.5647604475557,5297.172205849302,0.6237649287914561,-0.0024927548177523092,1300.129568418789,100.12956841878898,80000.0,1.0,7.978197834919353e-15,417534.57180320524,516065.401873418,0.0020255527094124393
483.1299999997056,upper,516575.79531365423,417816.39918580226,4642.691589476667,2563.570570583931,5303.440323541069,0.6235256260145559,-0.0018575094854289846,1297.550975696316,97.55097569631607,80000.0,1.0,7.736284852164373e-15,417816.39918580226,516575.79531365423,-0.001974447290587561
483.2399999997055,upper,517086.7943806364,418098.5576808753,4648.202529865643,2566.5849832375743,5309.721766235024,0.6232748850960262,-0.0027021833672211623,1294.9723829738432,94.97238297384317,80000.0,1.0,7.501431570646991e-15,418098.5576808753,517086.7943806364,0.0020255527094124393
483.3499999997054,upper,517598.4003897391,418381.04801234964,4653.726917412095,2569.6039512618345,5316.017182833997,0.6230126841535806,-0.0020644056641982377,1292.3937902513703,92.39379025137026,80000.0,1.0,7.273441740849053e-15,418381.04801234964,517598.4003897391,-0.001974447290587561
483.4599999997053,upper,518110.6146665542,418663.8709000181,4659.261957237564,2572.6314553512707,5322.3260508187595,0.6227389994247468,-0.002912453515940934,1289.8151975288974,89.81519752889736,80000.0,1.0,7.05212112270136e-15,418663.8709000181,518110.6146665542,0.0020255527094124393
483.5699999997052,upper,518623.4385469606,418947.0270594927,4664.810635915673,2575.6634300433284,5328.649019574713,0.6224538088520755,-0.0022721231710723174,1287.2366048064246,87.23660480642445,80000.0,1.0,6.8372838683874396e-15,418947.0270594927,518623.4385469606,-0.001974447290587561
483.6799999997051,upper,519136.87337718706,419230.5172021668,4670.370150416124,2578.703872920726,5334.985567563822,0.6221570884825001,-0.0031235720548952544,1284.6580120839515,84.65801208395155,80000.0,1.0,6.628746075568032e-15,419230.5172021668,519136.87337718706,0.0020255527094124393
483.789999999705,upper,519650.9205138814,419514.3420351659,4675.9434978180125,2581.7486999107446,5341.336344425182,0.6218488160812966,-0.002480668552656476,1282.0794193614786,82.07941936147864,80000.0,1.0,6.426331768494529e-15,419514.3420351659,519650.9205138814,-0.001974447290587561
483.8999999997049,upper,520165.5813241747,419798.50226130866,4681.52786706296,2584.801925737603,5347.700829831815,0.6215289675025014,-0.0033355458575929,1279.5008266390057,79.50082663900574,80000.0,1.0,6.229866854838498e-15,419798.50226130866,520165.5813241747,0.0020255527094124393
484.0099999997048,upper,520680.8571857507,420082.99857905624,4687.126265633261,2587.859447420124,5354.0796734444275,0.6211975203319705,-0.002690048434137125,1276.9222339165328,76.92223391653283,80000.0,1.0,6.039184727254144e-15,420082.99857905624,520680.8571857507,-0.001974447290587561
484.1199999997047,upper,521196.74948691076,420367.8316824722,4692.735874568656,2590.925297080377,5360.47235638005,0.6208544502285037,-0.0035483818814103112,1274.34364119406,74.34364119405993,80000.0,1.0,5.8541206015742315e-15,420367.8316824722,521196.74948691076,0.0020255527094124393
484.2299999997046,upper,521713.2596266442,420653.0022611705,4698.359711650089,2593.995352526355,5366.879528085667,0.6204997345963563,-0.0029002695205444713,1271.765048471587,71.76504847158702,80000.0,1.0,5.674516759926183e-15,420653.0022611705,521713.2596266442,-0.001974447290587561
484.3399999997045,upper,522230.3890146933,420938.51100027433,4703.994950144136,2597.073663537354,5373.300671358422,0.6201333488967139,-0.0037620871689615235,1269.1864557491142,69.18645574911412,80000.0,1.0,5.5002172491001524e-15,420938.51100027433,522230.3890146933,0.0020255527094124393
484.4499999997044,upper,522748.13907162484,421224.3585803628,4709.644618023479,2600.1560884040446,5379.736435192912,0.6197552703500151,-0.0031113385980406087,1266.607863026641,66.60786302664121,80000.0,1.0,5.331072785326605e-15,421224.3585803628,522748.13907162484,-0.001974447290587561
484.5599999997043,upper,523266.51122889546,421510.5456774287,4715.305880912837,2603.246694825387,5386.186304305717,0.6193654742174148,-0.003976668849496187,1264.0292703041682,64.0292703041683,80000.0,1.0,5.166935792628472e-15,421510.5456774287,523266.51122889546,0.0020255527094124393
484.6699999997042,upper,523785.50692892337,421797.0729628235,4720.981776867307,2606.341321264058,5392.6509269970065,0.6189639375332836,-0.003323262535233694,1261.4506775816953,61.4506775816954,80000.0,1.0,5.0076649884067e-15,421797.0729628235,523785.50692892337,-0.001974447290587561
484.7799999997041,upper,524305.1276251558,422083.941103214,4726.669464003699,2609.4440536041875,5399.129790145378,0.6185506353562896,-0.004192134140326353,1258.8720848592225,58.8720848592225,80000.0,1.0,4.853120742559346e-15,422083.941103214,524305.1276251558,0.0020255527094124393
484.889999999704,upper,524825.3747821401,422371.15076052607,4732.371990347713,2612.550710165582,5405.623541111077,0.6181255445324454,-0.003536048284518837,1256.2934921367496,56.29349213674959,80000.0,1.0,4.703169362093921e-15,422371.15076052607,524825.3747821401,-0.001974447290587561
484.9999999997039,upper,525346.2498755916,422658.7025919,4738.08650664492,2615.6653952861416,5412.131669180644,0.617688639915437,-0.004408490348282763,1253.7148994142767,53.71489941427669,80000.0,1.0,4.557678752730346e-15,422658.7025919,525346.2498755916,0.0020255527094124393
485.1099999997038,upper,525867.7543924658,422946.5972496328,4743.81607077724,2618.783906823652,5418.654820525382,0.6172398981605914,-0.0037497028834463497,1251.1363066918038,51.13630669180378,80000.0,1.0,4.416522419867916e-15,422946.5972496328,525867.7543924658,-0.001974447290587561
485.2199999997037,upper,526389.8898310281,423234.8353811322,4749.557826258461,2621.910367841503,5425.192487089077,0.6167792939140753,-0.004625744871201363,1248.557713969331,48.55771396933088,80000.0,1.0,4.279575415287151e-15,423234.8353811322,526389.8898310281,0.0020255527094124393
485.3299999997036,upper,526912.6577009253,423523.4176288576,4755.314840709726,2625.0405554120057,5431.745313601507,0.6163068036381654,-0.003964233456118063,1245.979121246858,45.97912124685797,80000.0,1.0,4.146718070941785e-15,423523.4176288576,526912.6577009253,-0.001974447290587561
485.4399999997035,upper,527436.0595232551,423812.3446302727,4761.084250555341,2628.178611598888,5438.31279491645,0.6158224017689289,-0.004843905199440796,1243.400528524385,43.40052852438507,80000.0,1.0,4.017832214237272e-15,423812.3446302727,527436.0595232551,0.0020255527094124393
485.5499999997034,upper,527960.0968306403,424101.6170177848,4766.869133035951,2631.320292361169,5444.895574065914,0.6153260645731881,-0.004179647214612354,1240.821935801912,40.82193580191216,80000.0,1.0,3.892804650295243e-15,424101.6170177848,527960.0968306403,-0.001974447290587561
485.6599999997033,upper,528484.7711672982,424391.23541869636,4772.66661763162,2634.469759040927,5451.493149069933,0.6148177662742879,-0.005062978917431659,1238.2433430794392,38.243343079439256,80000.0,1.0,3.771523630114888e-15,424391.23541869636,528484.7711672982,0.0020255527094124393
485.7699999997032,upper,529010.084089115,424681.2004551427,4778.479791080009,2637.6227461516605,5458.1061610027955,0.6142974829411515,-0.004395951460438633,1235.6647503569664,35.66475035696635,80000.0,1.0,3.653882096165996e-15,424681.2004551427,529010.084089115,-0.001974447290587561
485.8799999997031,upper,529536.037163716,424971.5127440419,4784.305776065173,2640.7834345949886,5464.73411131062,0.6137651885817358,-0.005282973705258323,1233.0861576344935,33.086157634493446,80000.0,1.0,3.5397743885358694e-15,424971.5127440419,529536.037163716,0.0020255527094124393
485.989999999703,upper,530062.631970541,425262.17289703153,4790.147668696418,2643.9475371022,5471.3776388462275,0.6132208590645789,-0.004613153586022007,1230.5075649120206,30.50756491202054,80000.0,1.0,3.4290992679477856e-15,425262.17289703153,530062.631970541,-0.001974447290587561
486.0999999997029,upper,530589.8701009151,425553.1815204164,4796.002585013108,2647.119254418843,5478.036248745291,0.612664468179538,-0.005503897340274129,1227.9289721895477,27.928972189547636,80000.0,1.0,3.3217568457584822e-15,425553.1815204164,530589.8701009151,0.0020255527094124393
486.2099999997028,upper,531117.7531581252,425844.539215104,4801.873630367903,2650.294277152803,5484.710577371565,0.6120959915922394,-0.004831261076218883,1225.3503794670746,25.35037946707473,80000.0,1.0,3.2176513977722504e-15,425844.539215104,531117.7531581252,-0.001974447290587561
486.3199999997027,upper,531646.2827574904,426136.24657655146,4807.757914309934,2653.47682618116,5491.400133817444,0.6115154028716848,-0.005725757698750837,1222.7717867446017,22.771786744601826,80000.0,1.0,3.1166885046840632e-15,426136.24657655146,531646.2827574904,0.0020255527094124393
486.4299999997026,upper,532175.4605264396,426428.3041946982,4813.658551303888,2656.6625696426395,5498.105551686079,0.6109226774780174,-0.005050281509864285,1220.1931940221289,20.19319402212892,80000.0,1.0,3.0187776693631228e-15,426428.3041946982,532175.4605264396,-0.001974447290587561
486.5399999997025,upper,532705.288104583,426720.71265391196,4819.572644566364,2659.855748836706,5504.8263442975285,0.6103177887565802,-0.005948562757563172,1217.614601299656,17.614601299656016,80000.0,1.0,2.9238296550370726e-15,426720.71265391196,532705.288104583,0.0020255527094124393
486.6499999997024,upper,533235.7671437905,427013.4725329198,4825.503317539641,2663.052009082547,5511.563142218791,0.6097007119594196,-0.005270222561351677,1215.036008577183,15.036008577183102,80000.0,1.0,2.831758918050846e-15,427013.4725329198,533235.7671437905,-0.001974447290587561
486.7599999997023,upper,533766.8993082633,427306.5844047526,4831.447667268802,2666.2556123961217,5518.315463272372,0.6090714202053688,-0.006172320595909388,1212.4574158547102,12.457415854710177,80000.0,1.0,2.742481131756891e-15,427306.5844047526,533766.8993082633,0.0020255527094124393
486.8699999997022,upper,534298.6862746128,427600.0488366745,4837.408826036086,2669.4621809220457,5525.083934709491,0.6084298885357199,-0.005491092002246123,1209.8788231322374,9.878823132237253,80000.0,1.0,2.655915446117988e-15,427600.0488366745,534298.6862746128,-0.001974447290587561
486.9799999997021,upper,534831.1297319337,427893.8663901252,4843.383884879457,2672.6759976901576,5531.868079133766,0.6077760898398961,-0.006397039397068756,1207.3002304097643,7.300230409764328,80000.0,1.0,2.5719821859084834e-15,427893.8663901252,534831.1297319337,0.0020255527094124393
487.089999999702,upper,535364.2313818831,428188.0376206484,4849.375984780204,2675.8926613107474,5538.668520196861,0.607109998945731,-0.005712897702931634,1204.7216376872914,4.721637687291404,80000.0,1.0,2.4906049479195397e-15,428188.0376206484,535364.2313818831,-0.001974447290587561
487.1999999997019,upper,535897.9929387547,428482.56307783216,4855.382210937069,2679.1164761282234,5545.484785566168,0.6064315885102894,-0.00662272745019697,1202.1430449648185,2.143044964818479,80000.0,1.0,2.4117084626878844e-15,428482.56307783216,535897.9929387547,0.0020255527094124393
487.3099999997018,upper,536432.409736043,428777.438873508,4860.583105529558,2681.7740009551158,5551.322357597168,0.6057422857095602,-0.006320457438845416,1200.0,0.0,0.0,0.0,2.3343847521885567e-15,428777.438873508,536432.409736043,0.0020255527094124393
487.4199999997017,upper,536967.0738776515,429072.381931415,4860.583105529558,2680.8270655906736,5550.8649669545075,0.6050470353912871,-0.006320457438845416,1200.0,0.0,0.0,0.0,2.25440119155399e-15,429072.381931415,536967.0738776515,0.0
487.5299999997016,upper,537501.73801926,429367.2208309492,4860.583105529558,2679.8802123520013,5550.407739825532,0.604351785073014,-0.006320457438845416,1200.0,0.0,0.0,0.0,2.177184903630222e-15,429367.2208309492,537501.73801926,0.0
487.6399999997015,upper,538036.4021608685,429661.9555811422,4860.583105529558,2678.9334411994137,5549.950676189465,0.6036565347547409,-0.006320457438845416,1200.0,0.0,0.0,0.0,2.102639236472404e-15,429661.9555811422,538036.4021608685,0.0
487.7499999997014,upper,538571.066302477,429956.5861910215,4860.583105529558,2677.986752093243,5549.493776025547,0.6029612844364678,-0.006320457438845416,1200.0,0.0,0.0,0.0,2.03067094510447e-15,429956.5861910215,538571.066302477,0.0
487.8599999997013,upper,539105.7304440856,430251.1126696096,4860.583105529558,2677.0401449938367,5549.037039313037,0.6022660341181947,-0.006320457438845416,1200.0,0.0,0.0,0.0,1.9611900703416204e-15,430251.1126696096,539105.7304440856,0.0
487.9699999997012,upper,539640.3945856941,430545.5350259255,4860.583105529558,2676.0936198615577,5548.580466031209,0.6015707837999216,-0.006320457438845416,1200.0,0.0,0.0,0.0,1.8941098219603367e-15,430545.5350259255,539640.3945856941,0.0
488.0799999997011,upper,540175.0587273026,430839.8532689832,4860.583105529558,2675.1471766567843,5548.124056159355,0.6008755334816485,-0.006320457438845416,1200.0,0.0,0.0,0.0,1.8293464660593778e-15,430839.8532689832,540175.0587273026,0.0
488.189999999701,upper,540709.7228689111,431134.0674077925,4860.583105529558,2674.20081533991,5547.667809676785,0.6001802831633753,-0.006320457438845416,1200.0,0.0,0.0,0.0,1.7668192164593115e-15,431134.0674077925,540709.7228689111,0.0
488.2999999997009,upper,541244.3870105196,431428.17745135905,4860.583105529558,2673.2545358713455,5547.211726562822,0.5994850328451022,-0.006320457438845416,1200.0,0.0,0.0,0.0,1.7064501299951287e-15,431428.17745135905,541244.3870105196,0.0
488.4099999997008,upper,541779.0511521281,431722.1834086839,4860.583105529558,2672.308338211514,5546.755806796812,0.5987897825268291,-0.006320457438845416,1200.0,0.0,0.0,0.0,1.6481640055609931e-15,431722.1834086839,541779.0511521281,0.0
488.5199999997007,upper,542313.7152937367,432016.0852887638,4860.583105529558,2671.3622223208595,5546.300050358113,0.598094532208556,-0.006320457438845416,1200.0,0.0,0.0,0.0,1.5918882867714347e-15,432016.0852887638,542313.7152937367,0.0
488.6299999997006,upper,542848.3794353452,432309.8831005912,4860.583105529558,2670.4161881598375,5545.844457226102,0.5973992818902829,-0.006320457438845416,1200.0,0.0,0.0,0.0,1.5375529681083216e-15,432309.8831005912,542848.3794353452,0.0
488.7399999997005,upper,543383.0435769537,432603.5768531542,4860.583105529558,2669.4702356889197,5545.3890273801735,0.5967040315720098,-0.006320457438845416,1200.0,0.0,0.0,0.0,1.4850905044279681e-15,432603.5768531542,543383.0435769537,0.0
488.8499999997004,upper,543917.7077185622,432897.1665554366,4860.583105529558,2668.524364868594,5544.933760799736,0.5960087812537367,-0.006320457438845416,1200.0,0.0,0.0,0.0,1.434435723706726e-15,432897.1665554366,543917.7077185622,0.0
488.9599999997003,upper,544452.3718601707,433190.6522164177,4860.583105529558,2667.5785756593646,5544.478657464218,0.5953135309354636,-0.006320457438845416,1200.0,0.0,0.0,0.0,1.3855257429083048e-15,433190.6522164177,544452.3718601707,0.0
489.0699999997002,upper,544987.0360017793,433484.03384507267,4860.583105529558,2666.6328680217484,5544.023717353062,0.5946182806171905,-0.006320457438845416,1200.0,0.0,0.0,0.0,1.3382998868601333e-15,433484.03384507267,544987.0360017793,0.0
489.1799999997001,upper,545521.7001433878,433777.3114503721,4860.583105529558,2665.687241916283,5543.568940445731,0.5939230302989174,-0.006320457438845416,1200.0,0.0,0.0,0.0,1.2926996100303687e-15,433777.3114503721,545521.7001433878,0.0
489.2899999997,upper,546056.3642849963,434070.4850412823,4860.583105529558,2664.741697303515,5543.114326721702,0.5932277799806442,-0.006320457438845416,1200.0,0.0,0.0,0.0,1.2486684211006256e-15,434070.4850412823,546056.3642849963,0.0
489.3999999996999,upper,546591.0284266048,434363.5546267654,4860.583105529558,2663.7962341440116,5542.659876160469,0.5925325296623711,-0.006320457438845416,1200.0,0.0,0.0,0.0,1.2061518102339509e-15,434363.5546267654,546591.0284266048,0.0
489.5099999996998,upper,547125.6925682133,434656.5202157792,4860.583105529558,2662.850852398352,5542.205588741544,0.591837279344098,-0.006320457438845416,1200.0,0.0,0.0,0.0,1.1650971789407817e-15,434656.5202157792,547125.6925682133,0.0
489.6199999996997,upper,547660.3567098218,434949.3818172768,4860.583105529558,2661.9055520271345,5541.751464444454,0.5911420290258249,-0.006320457438845416,1200.0,0.0,0.0,0.0,1.1254537724492458e-15,434949.3818172768,547660.3567098218,0.0
489.7299999996996,upper,548195.0208514304,435242.1394402075,4860.583105529558,2660.9603329909705,5541.297503248746,0.5904467787075518,-0.006320457438845416,1200.0,0.0,0.0,0.0,1.0871726144896025e-15,435242.1394402075,548195.0208514304,0.0
489.8399999996995,upper,548729.6849930389,435534.79309351585,4860.583105529558,2660.0151952504875,5540.843705133981,0.5897515283892787,-0.006320457438845416,1200.0,0.0,0.0,0.0,1.0502064444060964e-15,435534.79309351585,548729.6849930389,0.0
489.9499999996994,upper,549264.3491346474,435827.3427861421,4860.583105529558,2659.070138766328,5540.390070079737,0.5890562780710056,-0.006320457438845416,1200.0,0.0,0.0,0.0,1.0145096565121115e-15,435827.3427861421,549264.3491346474,0.0
490.0599999996993,upper,549799.0132762559,436119.7885270223,4860.583105529558,2658.1251634991513,5539.936598065609,0.5883610277527325,-0.006320457438845416,1200.0,0.0,0.0,0.0,9.800382416082105e-16,436119.7885270223,549799.0132762559,0.0
490.1699999996992,upper,550333.6774178644,436412.13032508834,4860.583105529558,2657.1802694096295,5539.4832890712105,0.5876657774344594,-0.006320457438845416,1200.0,0.0,0.0,0.0,9.467497305850604e-16,436412.13032508834,550333.6774178644,0.0
490.2799999996991,upper,550868.341559473,436704.36818926746,4860.583105529558,2656.235456458453,5539.030143076169,0.5869705271161862,-0.006320457438845416,1200.0,0.0,0.0,0.0,9.146031400364305e-16,436704.36818926746,550868.341559473,0.0
490.389999999699,upper,551403.0057010815,436996.50212848274,4860.583105529558,2655.2907246063264,5538.577160060132,0.5862752767979131,-0.006320457438845416,1200.0,0.0,0.0,0.0,8.835589198098443e-16,436996.50212848274,551403.0057010815,0.0
490.4999999996989,upper,551937.66984269,437288.5321516531,4860.583105529558,2654.346073813969,5538.124340002759,0.58558002647964,-0.006320457438845416,1200.0,0.0,0.0,0.0,8.535789024253069e-16,437288.5321516531,551937.66984269,0.0
490.6099999996988,upper,552472.3339842985,437580.45826769265,4860.583105529558,2653.4015040421164,5537.671682883731,0.5848847761613669,-0.006320457438845416,1200.0,0.0,0.0,0.0,8.246262542951481e-16,437580.45826769265,552472.3339842985,0.0
490.7199999996987,upper,553006.998125907,437872.2804855117,4860.583105529558,2652.45701525152,5537.219188682742,0.5841895258430938,-0.006320457438845416,1200.0,0.0,0.0,0.0,7.966654286799263e-16,437872.2804855117,553006.998125907,0.0
490.8299999996986,upper,553541.6622675156,438163.99881401594,4860.583105529558,2651.512607402946,5536.766857379506,0.5834942755248207,-0.006320457438845416,1200.0,0.0,0.0,0.0,7.69662120318523e-16,438163.99881401594,553541.6622675156,0.0
490.9399999996985,upper,554076.3264091241,438455.61326210684,4860.583105529558,2650.5682804571743,5536.314688953751,0.5827990252065476,-0.006320457438845416,1200.0,0.0,0.0,0.0,7.435832216719501e-16,438455.61326210684,554076.3264091241,0.0
491.0499999996984,upper,554610.9905507326,438747.1238386815,4860.583105529558,2649.624034375004,5535.862683385223,0.5821037748882745,-0.006320457438845416,1200.0,0.0,0.0,0.0,7.183967807232018e-16,438747.1238386815,554610.9905507326,0.0
491.1599999996983,upper,555145.6546923411,439038.5305526329,4860.583105529558,2648.6798691172476,5535.410840653684,0.5814085245700014,-0.006320457438845416,1200.0,0.0,0.0,0.0,6.940719602772016e-16,439038.5305526329,555145.6546923411,0.0
491.2699999996982,upper,555680.3188339496,439329.8334128495,4860.583105529558,2647.735784644731,5534.959160738913,0.5807132742517283,-0.006320457438845416,1200.0,0.0,0.0,0.0,6.705789987071894e-16,439329.8334128495,555680.3188339496,0.0
491.3799999996981,upper,556214.9829755581,439621.0324282155,4860.583105529558,2646.7917809182977,5534.507643620706,0.5800180239334551,-0.006320457438845416,1200.0,0.0,0.0,0.0,6.478891720955471e-16,439621.0324282155,556214.9829755581,0.0
491.489999999698,upper,556749.6471171667,439912.1276076108,4860.583105529558,2645.847857898806,5534.056289278875,0.579322773615182,-0.006320457438845416,1200.0,0.0,0.0,0.0,6.259747577191801e-16,439912.1276076108,556749.6471171667,0.0
491.5999999996979,upper,557284.3112587752,440203.11895991105,4860.583105529558,2644.90401554713,5533.605097693247,0.5786275232969089,-0.006320457438845416,1200.0,0.0,0.0,0.0,6.048089988312955e-16,440203.11895991105,557284.3112587752,0.0
491.7099999996978,upper,557818.9754003837,440494.0064939876,4860.583105529558,2643.9602538241575,5533.154068843671,0.5779322729786358,-0.006320457438845416,1200.0,0.0,0.0,0.0,5.843660706931131e-16,440494.0064939876,557818.9754003837,0.0
491.8199999996977,upper,558353.6395419922,440784.79021870735,4860.583105529558,2643.016572690793,5532.703202710006,0.5772370226603627,-0.006320457438845416,1200.0,0.0,0.0,0.0,5.646210478107451e-16,440784.79021870735,558353.6395419922,0.0
491.9299999996976,upper,558888.3036836007,441075.470142933,4860.583105529558,2642.0729721079565,5532.252499272131,0.5765417723420896,-0.006320457438845416,1200.0,0.0,0.0,0.0,5.455498723341908e-16,441075.470142933,558888.3036836007,0.0
492.0399999996975,upper,559422.9678252093,441366.04627552314,4860.583105529558,2641.1294520365823,5531.801958509942,0.5758465220238165,-0.006320457438845416,1200.0,0.0,0.0,0.0,5.271293235767514e-16,441366.04627552314,559422.9678252093,0.0
492.1499999996974,upper,559957.6319668178,441656.51862533175,4860.583105529558,2640.1860124376203,5531.3515804033495,0.5751512717055434,-0.006320457438845416,1200.0,0.0,0.0,0.0,5.093369886148968e-16,441656.51862533175,559957.6319668178,0.0
492.2599999996973,upper,560492.2961084263,441946.8872012087,4860.583105529558,2639.2426532720356,5530.901364932282,0.5744560213872703,-0.006320457438845416,1200.0,0.0,0.0,0.0,4.921512339299063e-16,441946.8872012087,560492.2961084263,0.0
492.3699999996972,upper,561026.9602500348,442237.15201199945,4860.583105529558,2638.299374500809,5530.451312076685,0.5737607710689971,-0.006320457438845416,1200.0,0.0,0.0,0.0,4.755511780540038e-16,442237.15201199945,561026.9602500348,0.0
492.4799999996971,upper,561561.6243916433,442527.3130665453,4860.583105529558,2637.356176084935,5530.001421816519,0.573065520750724,-0.006320457438845416,1200.0,0.0,0.0,0.0,4.595166651851848e-16,442527.3130665453,561561.6243916433,0.0
492.589999999697,upper,562096.2885332518,442817.3703736831,4860.583105529558,2636.4130579854254,5529.551694131761,0.5723702704324509,-0.006320457438845416,1200.0,0.0,0.0,0.0,4.4402823973605317e-16,442817.3703736831,562096.2885332518,0.0
492.6999999996969,upper,562630.9526748604,443107.3239422457,4860.583105529558,2635.4700201633063,5529.102129002406,0.5716750201141778,-0.006320457438845416,1200.0,0.0,0.0,0.0,4.290671217833433e-16,443107.3239422457,562630.9526748604,0.0
492.8099999996968,upper,563165.6168164689,443397.1737810612,4860.583105529558,2634.527062579618,5528.652726408465,0.5709797697959047,-0.006320457438845416,1200.0,0.0,0.0,0.0,4.146151833859993e-16,443397.1737810612,563165.6168164689,0.0
492.9199999996967,upper,563700.2809580774,443686.91989895387,4860.583105529558,2633.584185195418,5528.203486329965,0.5702845194776316,-0.006320457438845416,1200.0,0.0,0.0,0.0,4.0065492574072965e-16,443686.91989895387,563700.2809580774,0.0
493.0299999996966,upper,564234.9450996859,443976.5623047435,4860.583105529558,2632.6413879717766,5527.754408746949,0.5695892691593585,-0.006320457438845416,1200.0,0.0,0.0,0.0,3.87169457145287e-16,443976.5623047435,564234.9450996859,0.0
493.1399999996965,upper,564769.6092412944,444266.1010072454,4860.583105529558,2631.6986708697823,5527.305493639477,0.5688940188410854,-0.006320457438845416,1200.0,0.0,0.0,0.0,3.741424717405441e-16,444266.1010072454,564769.6092412944,0.0
493.2499999996964,upper,565304.273382903,444555.5360152711,4860.583105529558,2630.7560338505355,5526.856740987627,0.5681987685228123,-0.006320457438845416,1200.0,0.0,0.0,0.0,3.615582290036521e-16,444555.5360152711,565304.273382903,0.0
493.3599999996963,upper,565838.9375245115,444844.86733762745,4860.583105529558,2629.813476875154,5526.408150771489,0.5675035182045391,-0.006320457438845416,1200.0,0.0,0.0,0.0,3.4940153396553227e-16,444844.86733762745,565838.9375245115,0.0
493.4699999996962,upper,566373.60166612,445134.0949831171,4860.583105529558,2628.870999904769,5525.959722971175,0.566808267886266,-0.006320457438845416,1200.0,0.0,0.0,0.0,3.376577181268561e-16,445134.0949831171,566373.60166612,0.0
493.5799999996961,upper,566908.2658077285,445423.2189605385,4860.583105529558,2627.9286029005298,5525.51145756681,0.5661130175679929,-0.006320457438845416,1200.0,0.0,0.0,0.0,3.26312621047624e-16,445423.2189605385,566908.2658077285,0.0
493.689999999696,upper,567442.929949337,445712.2392786858,4860.583105529558,2626.986285823597,5525.063354538536,0.5654177672497198,-0.006320457438845416,1200.0,0.0,0.0,0.0,3.1535257258639823e-16,445712.2392786858,567442.929949337,0.0
493.7999999996959,upper,567977.5940909456,446001.15594634897,4860.583105529558,2626.044048635148,5524.6154138665115,0.5647225169314467,-0.006320457438845416,1200.0,0.0,0.0,0.0,3.047643757660394e-16,446001.15594634897,567977.5940909456,0.0
493.9099999996958,upper,568512.2582325541,446289.96897231345,4860.583105529558,2625.1018912963764,5524.167635530912,0.5640272666131736,-0.006320457438845416,1200.0,0.0,0.0,0.0,2.9453529024365203e-16,446289.96897231345,568512.2582325541,0.0
494.0199999996957,upper,569046.9223741626,446578.67836536065,4860.583105529558,2624.159813768488,5523.720019511926,0.5633320162949005,-0.006320457438845416,1200.0,0.0,0.0,0.0,2.846530163632301e-16,446578.67836536065,569046.9223741626,0.0
494.1299999996956,upper,569581.5865157711,446867.2841342676,4860.583105529558,2623.217816012707,5523.2725657897645,0.5626367659766274,-0.006320457438845416,1200.0,0.0,0.0,0.0,2.751056797703299e-16,446867.2841342676,569581.5865157711,0.0
494.2399999996955,upper,570116.2506573796,447155.78628780704,4860.583105529558,2622.275897990271,5522.825274344649,0.5619415156583543,-0.006320457438845416,1200.0,0.0,0.0,0.0,2.6588181656872215e-16,447155.78628780704,570116.2506573796,0.0
494.3499999996954,upper,570650.9147989881,447444.1848347476,4860.583105529558,2621.3340596624325,5522.378145156821,0.5612462653400812,-0.006320457438845416,1200.0,0.0,0.0,0.0,2.5697035899980893e-16,447444.1848347476,570650.9147989881,0.0
494.4599999996953,upper,571185.5789405967,447732.4797838535,4860.583105529558,2620.3923009904597,5521.931178206538,0.560551015021808,-0.006320457438845416,1200.0,0.0,0.0,0.0,2.483606216262182e-16,447732.4797838535,571185.5789405967,0.0
494.5699999996952,upper,571720.2430822052,448020.67114388477,4860.583105529558,2619.450621935634,5521.484373474071,0.5598557647035349,-0.006320457438845416,1200.0,0.0,0.0,0.0,2.4004228800166774e-16,448020.67114388477,571720.2430822052,0.0
494.6799999996951,upper,572254.9072238137,448308.75892359717,4860.583105529558,2618.5090224592545,5521.037730939709,0.5591605143852618,-0.006320457438845416,1200.0,0.0,0.0,0.0,2.3200539780981367e-16,448308.75892359717,572254.9072238137,0.0
494.789999999695,upper,572789.5713654222,448596.74313174223,4860.583105529558,2617.567502522634,5520.591250583759,0.5584652640669887,-0.006320457438845416,1200.0,0.0,0.0,0.0,2.2424033445547916e-16,448596.74313174223,572789.5713654222,0.0
494.8999999996949,upper,573324.2355070307,448884.6237770672,4860.583105529558,2616.6260620871008,5520.144932386542,0.5577700137487156,-0.006320457438845416,1200.0,0.0,0.0,0.0,2.1673781309216623e-16,448884.6237770672,573324.2355070307,0.0
495.0099999996948,upper,573858.8996486393,449172.400868315,4860.583105529558,2615.684701113997,5519.698776328396,0.5570747634304425,-0.006320457438845416,1200.0,0.0,0.0,0.0,2.094888690704109e-16,449172.400868315,573858.8996486393,0.0
495.1199999996947,upper,574393.5637902478,449460.0744142244,4860.583105529558,2614.7434195646792,5519.252782389674,0.5563795131121694,-0.006320457438845416,1200.0,0.0,0.0,0.0,2.0248484679202488e-16,449460.0744142244,574393.5637902478,0.0
495.2299999996946,upper,574928.2279318563,449747.64442353,4860.583105529558,2613.8022174005214,5518.806950550748,0.5556842627938963,-0.006320457438845416,1200.0,0.0,0.0,0.0,1.9571738895585666e-16,449747.64442353,574928.2279318563,0.0
495.3399999996945,upper,575462.8920734648,450035.1109049619,4860.583105529558,2612.8610945829114,5518.361280792004,0.5549890124756232,-0.006320457438845416,1200.0,0.0,0.0,0.0,1.8917842618120123e-16,450035.1109049619,575462.8920734648,0.0
495.4499999996944,upper,575997.5562150733,450322.47386724624,4860.583105529558,2611.9200510732526,5517.915773093847,0.55429376215735,-0.006320457438845416,1200.0,0.0,0.0,0.0,1.8286016699544947e-16,450322.47386724624,575997.5562150733,0.0
495.5599999996943,upper,576532.2203566818,450609.7333191046,4860.583105529558,2610.979086832962,5517.470427436694,0.5535985118390769,-0.006320457438845416,1200.0,0.0,0.0,0.0,1.7675508817312183e-16,450609.7333191046,576532.2203566818,0.0
495.6699999996942,upper,577066.8844982904,450896.88926925464,4860.583105529558,2610.0382018234714,5517.02524380098,0.5529032615208038,-0.006320457438845416,1200.0,0.0,0.0,0.0,1.7085592541378698e-16,450896.88926925464,577066.8844982904,0.0
495.7799999996941,upper,577601.5486398989,451183.9417264095,4860.583105529558,2609.0973960062283,5516.580222167157,0.5522080112025307,-0.006320457438845416,1200.0,0.0,0.0,0.0,1.6515566434694335e-16,451183.9417264095,577601.5486398989,0.0
495.889999999694,upper,578136.2127815074,451470.8906992783,4860.583105529558,2608.1566693426944,5516.1353625156935,0.5515127608842576,-0.006320457438845416,1200.0,0.0,0.0,0.0,1.5964753185221924e-16,451470.8906992783,578136.2127815074,0.0
495.9999999996939,upper,578670.8769231159,451757.7361965658,4860.583105529558,2607.216021794348,5515.690664827072,0.5508175105659845,-0.006320457438845416,1200.0,0.0,0.0,0.0,1.5432498768379707e-16,451757.7361965658,578670.8769231159,0.0
496.1099999996938,upper,579205.5410647244,452044.4782269726,4860.583105529558,2606.275453322681,5515.246129081794,0.5501222602477114,-0.006320457438845416,1200.0,0.0,0.0,0.0,1.4918171638827852e-16,452044.4782269726,579205.5410647244,0.0
496.2199999996937,upper,579740.205206333,452331.1167991949,4860.583105529558,2605.3349638892,5514.801755260374,0.5494270099294383,-0.006320457438845416,1200.0,0.0,0.0,0.0,1.4421161950561662e-16,452331.1167991949,579740.205206333,0.0
496.3299999996936,upper,580274.8693479415,452617.65192192484,4860.583105529558,2604.394553455427,5514.357543343345,0.5487317596111652,-0.006320457438845416,1200.0,0.0,0.0,0.0,1.394088080431096e-16,452617.65192192484,580274.8693479415,0.0
496.4399999996935,upper,580809.53348955,452904.0836038503,4860.583105529558,2603.4542219828986,5513.913493311256,0.548036509292892,-0.006320457438845416,1200.0,0.0,0.0,0.0,1.3476759521283544e-16,452904.0836038503,580809.53348955,0.0
496.5499999996934,upper,581344.1976311585,453190.4118536549,4860.583105529558,2602.5139694331665,5513.469605144672,0.5473412589746189,-0.006320457438845416,1200.0,0.0,0.0,0.0,1.302824894231899e-16,453190.4118536549,581344.1976311585,0.0
496.6599999996933,upper,581878.861772767,453476.63668001804,4860.583105529558,2601.573795767796,5513.025878824172,0.5466460086563458,-0.006320457438845416,1200.0,0.0,0.0,0.0,1.259481875155777e-16,453476.63668001804,581878.861772767,0.0
496.7699999996932,upper,582413.5259143756,453762.75809161493,4860.583105529558,2600.6337009483696,5512.582314330352,0.5459507583380727,-0.006320457438845416,1200.0,0.0,0.0,0.0,1.2175956823760256e-16,453762.75809161493,582413.5259143756,0.0
496.8799999996931,upper,582948.1900559841,454048.7760971163,4860.583105529558,2599.6936849364824,5512.138911643827,0.5452555080197996,-0.006320457438845416,1200.0,0.0,0.0,0.0,1.177116859444064e-16,454048.7760971163,582948.1900559841,0.0
496.989999999693,upper,583482.8541975926,454334.6907051891,4860.583105529558,2598.753747693746,5511.6956707452255,0.5445602577015265,-0.006320457438845416,1200.0,0.0,0.0,0.0,1.1379976452010733e-16,454334.6907051891,583482.8541975926,0.0
497.0999999996929,upper,584017.5183392011,454620.50192449574,4860.583105529558,2597.813889181784,5511.252591615191,0.5438650073832534,-0.006320457438845416,1200.0,0.0,0.0,0.0,1.1001919151159666e-16,454620.50192449574,584017.5183392011,0.0
497.2099999996928,upper,584552.1824808096,454906.20976369444,4860.583105529558,2596.8741093622384,5510.809674234385,0.5431697570649803,-0.006320457438845416,1200.0,0.0,0.0,0.0,1.0636551246718803e-16,454906.20976369444,584552.1824808096,0.0
497.3199999996927,upper,585086.8466224181,455191.8142314394,4860.583105529558,2595.9344081967633,5510.366918583484,0.5424745067467072,-0.006320457438845416,1200.0,0.0,0.0,0.0,1.0283442547290281e-16,455191.8142314394,585086.8466224181,0.0
497.4299999996926,upper,585621.5107640267,455477.31533638027,4860.583105529558,2594.9947856470294,5509.924324643183,0.541779256428434,-0.006320457438845416,1200.0,0.0,0.0,0.0,9.942177587944957e-17,455477.31533638027,585621.5107640267,0.0
497.5399999996925,upper,586156.1749056352,455762.7130871628,4860.583105529558,2594.0552416747205,5509.481892394189,0.5410840061101609,-0.006320457438845416,1200.0,0.0,0.0,0.0,9.612355121315433e-17,455762.7130871628,586156.1749056352,0.0
497.6499999996924,upper,586690.8390472437,456048.00749242847,4860.583105529558,2593.115776241536,5509.039621817228,0.5403887557918878,-0.006320457438845416,1200.0,0.0,0.0,0.0,9.293587626438791e-17,456048.00749242847,586690.8390472437,0.0
497.7599999996923,upper,587225.5031888522,456333.1985608143,4860.583105529558,2592.1763893091893,5508.59751289304,0.5396935054736147,-0.006320457438845416,1200.0,0.0,0.0,0.0,8.98550083472395e-17,456333.1985608143,587225.5031888522,0.0
497.8699999996922,upper,587760.1673304607,456618.2863009535,4860.583105529558,2591.23708083941,5508.155565602384,0.5389982551553416,-0.006320457438845416,1200.0,0.0,0.0,0.0,8.687733272439935e-17,456618.2863009535,587760.1673304607,0.0
497.9799999996921,upper,588294.8314720693,456903.2707214746,4860.583105529558,2590.2978507939415,5507.71377992603,0.5383030048370685,-0.006320457438845416,1200.0,0.0,0.0,0.0,8.399935819146321e-17,456903.2707214746,588294.8314720693,0.0
498.089999999692,upper,588829.4956136778,457188.1518310024,4860.583105529558,2589.3586991345414,5507.272155844769,0.5376077545187954,-0.006320457438845416,1200.0,0.0,0.0,0.0,8.121771281502618e-17,457188.1518310024,588829.4956136778,0.0
498.1999999996919,upper,589364.1597552863,457472.92963815713,4860.583105529558,2588.4196258229836,5506.830693339406,0.5369125042005223,-0.006320457438845416,1200.0,0.0,0.0,0.0,7.852913981918944e-17,457472.92963815713,589364.1597552863,0.0
498.3099999996918,upper,589898.8238968948,457757.604151555,4860.583105529558,2587.480630821054,5506.38939239076,0.5362172538822492,-0.006320457438845416,1200.0,0.0,0.0,0.0,7.593049361524385e-17,457757.604151555,589898.8238968948,0.0
498.4199999996917,upper,590433.4880385033,458042.17537980794,4860.583105529558,2586.541714090556,5505.94825297967,0.5355220035639761,-0.006320457438845416,1200.0,0.0,0.0,0.0,7.341873596951037e-17,458042.17537980794,590433.4880385033,0.0
498.5299999996916,upper,590968.1521801119,458326.6433315236,4860.583105529558,2585.6028755933066,5505.507275086988,0.534826753245703,-0.006320457438845416,1200.0,0.0,0.0,0.0,7.099093230448922e-17,458326.6433315236,590968.1521801119,0.0
498.6399999996915,upper,591502.8163217204,458611.0080153056,4860.583105529558,2584.664115291136,5505.06645869358,0.5341315029274298,-0.006320457438845416,1200.0,0.0,0.0,0.0,6.864424812862622e-17,458611.0080153056,591502.8163217204,0.0
498.7499999996914,upper,592037.4804633289,458895.26943975344,4860.583105529558,2583.725433145891,5504.625803780334,0.5334362526091567,-0.006320457438845416,1200.0,0.0,0.0,0.0,6.637594559020175e-17,458895.26943975344,592037.4804633289,0.0
498.8599999996913,upper,592572.1446049374,459179.42761346215,4860.583105529558,2582.786829119434,5504.185310328149,0.5327410022908836,-0.006320457438845416,1200.0,0.0,0.0,0.0,6.418338015097407e-17,459179.42761346215,592572.1446049374,0.0
498.9699999996912,upper,593106.8087465459,459463.4825450227,4860.583105529558,2581.8483031736364,5503.744978317941,0.5320457519726105,-0.006320457438845416,1200.0,0.0,0.0,0.0,6.206399737538065e-17,459463.4825450227,593106.8087465459,0.0
499.0799999996911,upper,593641.4728881544,459747.4342430218,4860.583105529558,2580.90985527039,5503.304807730641,0.5313505016543374,-0.006320457438845416,1200.0,0.0,0.0,0.0,6.001532983124774e-17,459747.4342430218,593641.4728881544,0.0
499.189999999691,upper,594176.137029763,460031.2827160422,4860.583105529558,2579.9714853715996,5502.864798547199,0.5306552513360643,-0.006320457438845416,1200.0,0.0,0.0,0.0,5.80349940981024e-17,460031.2827160422,594176.137029763,0.0
499.2999999996909,upper,594710.8011713715,460315.0279726623,4860.583105529558,2579.0331934391843,5502.424950748577,0.5299600010177912,-0.006320457438845416,1200.0,0.0,0.0,0.0,5.612068787931472e-17,460315.0279726623,594710.8011713715,0.0
499.4099999996908,upper,595245.46531298,460598.67002145626,4860.583105529558,2578.0949794350768,5501.985264315756,0.5292647506995181,-0.006320457438845416,1200.0,0.0,0.0,0.0,5.427018721443601e-17,460598.67002145626,595245.46531298,0.0
499.5199999996907,upper,595780.1294545885,460882.208870994,4860.583105529558,2577.1568433212265,5501.54573922973,0.528569500381245,-0.006320457438845416,1200.0,0.0,0.0,0.0,5.248134378822026e-17,460882.208870994,595780.1294545885,0.0
499.6299999996906,upper,596314.793596197,461165.64452984143,4860.583105529558,2576.218785059595,5501.106375471511,0.5278742500629718,-0.006320457438845416,1200.0,0.0,0.0,0.0,5.075208233294996e-17,461165.64452984143,596314.793596197,0.0
499.7399999996905,upper,596849.4577378056,461448.97700656037,4860.583105529558,2575.2808046121613,5500.667173022126,0.5271789997446987,-0.006320457438845416,1200.0,0.0,0.0,0.0,4.908039812080128e-17,461448.97700656037,596849.4577378056,0.0
499.8499999996904,upper,597384.1218794141,461732.20630970795,4860.583105529558,2574.3429019409164,5500.228131862618,0.5264837494264256,-0.006320457438845416,1200.0,0.0,0.0,0.0,4.7464354543100876e-17,461732.20630970795,597384.1218794141,0.0
499.9599999996903,upper,597918.7860210226,462015.33244783775,4860.583105529558,2573.405077007866,5499.789251974045,0.5257884991081525,-0.006320457438845416,1200.0,0.0,0.0,0.0,4.5902080773423846e-17,462015.33244783775,597918.7860210226,0.0
500.0699999996902,upper,598453.4501626311,462298.3554294987,4860.583105529558,2572.467329775032,5499.350533337482,0.5250932487898794,-0.006320457438845416,1200.0,0.0,0.0,0.0,4.439176951162381e-17,462298.3554294987,598453.4501626311,0.0
500.1799999996901,upper,598988.1143042396,462581.2752632359,4860.583105529558,2571.5296602044486,5498.911975934019,0.5243979984716063,-0.006320457438845416,1200.0,0.0,0.0,0.0,4.2931674805946444e-17,462581.2752632359,598988.1143042396,0.0
500.28999999969,upper,599522.7784458481,462864.0919575899,4860.583105529558,2570.5920682581673,5498.473579744761,0.5237027481533332,-0.006320457438845416,1200.0,0.0,0.0,0.0,4.152010995051435e-17,462864.0919575899,599522.7784458481,0.0
500.3999999996899,upper,600057.4425874567,463146.80552109744,4860.583105529558,2569.6545538982523,5498.035344750831,0.5230074978350601,-0.006320457438845416,1200.0,0.0,0.0,0.0,4.015544545553694e-17,463146.80552109744,600057.4425874567,0.0
500.5099999996898,upper,600592.1067290652,463429.41596229083,4860.583105529558,2568.7171170867814,5497.5972709333655,0.522312247516787,-0.006320457438845416,1200.0,0.0,0.0,0.0,3.883610708772161e-17,463429.41596229083,600592.1067290652,0.0
500.6199999996897,upper,601126.7708706737,463711.9232896985,4860.583105529558,2567.779757785848,5497.159358273518,0.5216169971985138,-0.006320457438845416,1200.0,0.0,0.0,0.0,3.756057397842346e-17,463711.9232896985,601126.7708706737,0.0
500.7299999996896,upper,601661.4350122822,463994.3275118444,4860.583105529558,2566.8424759575596,5496.721606752456,0.5209217468802407,-0.006320457438845416,1200.0,0.0,0.0,0.0,3.6327376797180426e-17,463994.3275118444,601661.4350122822,0.0
500.8399999996895,upper,602196.0991538907,464276.6286372485,4860.583105529558,2565.905271564039,5496.284016351365,0.5202264965619676,-0.006320457438845416,1200.0,0.0,0.0,0.0,3.5135095988344296e-17,464276.6286372485,602196.0991538907,0.0
500.9499999996894,upper,602730.7632954993,464558.82667442627,4860.583105529558,2564.968144567424,5495.846587051446,0.5195312462436945,-0.006320457438845416,1200.0,0.0,0.0,0.0,3.398236006861641e-17,464558.82667442627,602730.7632954993,0.0
501.0599999996893,upper,603265.4274371078,464840.92163188965,4860.583105529558,2564.0310949298646,5495.409318833913,0.5188359959254214,-0.006320457438845416,1200.0,0.0,0.0,0.0,3.2867843983356616e-17,464840.92163188965,603265.4274371078,0.0
501.1699999996892,upper,603800.0915787163,465122.913518146,4860.583105529558,2563.094122613526,5494.972211679998,0.5181407456071483,-0.006320457438845416,1200.0,0.0,0.0,0.0,3.179026751962809e-17,465122.913518146,603800.0915787163,0.0
501.2799999996891,upper,604334.7557203248,465404.80234169844,4860.583105529558,2562.1572275805884,5494.5352655709485,0.5174454952888752,-0.006320457438845416,1200.0,0.0,0.0,0.0,3.074839377399257e-17,465404.80234169844,604334.7557203248,0.0
501.389999999689,upper,604869.4198619333,465686.58811104606,4860.583105529558,2561.220409793245,5494.098480488027,0.5167502449706021,-0.006320457438845416,1200.0,0.0,0.0,0.0,2.9741027673153585e-17,465686.58811104606,604869.4198619333,0.0
501.4999999996889,upper,605404.0840035419,465968.2708346839,4860.583105529558,2560.2836692137053,5493.661856412511,0.516054994652329,-0.006320457438845416,1200.0,0.0,0.0,0.0,2.8767014545608043e-17,465968.2708346839,605404.0840035419,0.0
501.6099999996888,upper,605938.7481451504,466249.8505211028,4860.583105529558,2559.347005804193,5493.225393325696,0.5153597443340558,-0.006320457438845416,1200.0,0.0,0.0,0.0,2.782523874253279e-17,466249.8505211028,605938.7481451504,0.0
501.7199999996887,upper,606473.4122867589,466531.32717878907,4860.583105529558,2558.410419526945,5492.789091208892,0.5146644940157827,-0.006320457438845416,1200.0,0.0,0.0,0.0,2.6914622306189247e-17,466531.32717878907,606473.4122867589,0.0
501.8299999996886,upper,607008.0764283674,466812.70081622544,4860.583105529558,2557.473910344213,5492.352950043422,0.5139692436975096,-0.006320457438845416,1200.0,0.0,0.0,0.0,2.6034123684197042e-17,466812.70081622544,607008.0764283674,0.0
501.9399999996885,upper,607542.7405699759,467093.97144189023,4860.583105529558,2556.537478218263,5491.916969810629,0.5132739933792365,-0.006320457438845416,1200.0,0.0,0.0,0.0,2.518273648808163e-17,467093.97144189023,607542.7405699759,0.0
502.0499999996884,upper,608077.4047115844,467375.13906425744,4860.583105529558,2555.601123111376,5491.481150491868,0.5125787430609634,-0.006320457438845416,1200.0,0.0,0.0,0.0,2.435948829455812e-17,467375.13906425744,608077.4047115844,0.0
502.1599999996883,upper,608612.068853193,467656.2036917973,4860.583105529558,2554.6648449858462,5491.0454920685115,0.5118834927426903,-0.006320457438845416,1200.0,0.0,0.0,0.0,2.3563439488061956e-17,467656.2036917973,608612.068853193,0.0
502.2699999996882,upper,609146.7329948015,467937.16533297556,4860.583105529558,2553.7286438039823,5490.609994521947,0.5111882424244172,-0.006320457438845416,1200.0,0.0,0.0,0.0,2.2793682143100695e-17,467937.16533297556,609146.7329948015,0.0
502.3799999996881,upper,609681.39713641,468218.023996254,4860.583105529558,2552.7925195281077,5490.174657833577,0.5104929921061441,-0.006320457438845416,1200.0,0.0,0.0,0.0,2.2049338945040483e-17,468218.023996254,609681.39713641,0.0
502.489999999688,upper,610216.0612780185,468498.7796900903,4860.583105529558,2551.85647212056,5489.73948198482,0.509797741787871,-0.006320457438845416,1200.0,0.0,0.0,0.0,2.1329562147992455e-17,468498.7796900903,610216.0612780185,0.0
502.5999999996879,upper,610750.725419627,468779.43242293765,4860.583105529558,2550.920501543693,5489.304466957111,0.5091024914695979,-0.006320457438845416,1200.0,0.0,0.0,0.0,2.0633532568515153e-17,468779.43242293765,610750.725419627,0.0
502.7099999996878,upper,611285.3895612356,469059.98220324557,4860.583105529558,2549.984607759871,5488.869612731899,0.5084072411513247,-0.006320457438845416,1200.0,0.0,0.0,0.0,1.996045861388696e-17,469059.98220324557,611285.3895612356,0.0
502.8199999996877,upper,611820.0537028441,469340.4290394592,4860.583105529558,2549.0487907314755,5488.43491929065,0.5077119908330516,-0.006320457438845416,1200.0,0.0,0.0,0.0,1.9309575343754255e-17,469340.4290394592,611820.0537028441,0.0
502.9299999996876,upper,612354.7178444526,469620.77294001955,4860.583105529558,2548.1130504209,5488.000386614844,0.5070167405147785,-0.006320457438845416,1200.0,0.0,0.0,0.0,1.868014356399369e-17,469620.77294001955,612354.7178444526,0.0
503.0399999996875,upper,612889.3819860611,469901.0139133635,4860.583105529558,2547.1773867905554,5487.566014685976,0.5063214901965054,-0.006320457438845416,1200.0,0.0,0.0,0.0,1.807144895167562e-17,469901.0139133635,612889.3819860611,0.0
503.1499999996874,upper,613424.0461276696,470181.1519679239,4860.583105529558,2546.241799802863,5487.131803485559,0.5056262398782323,-0.006320457438845416,1200.0,0.0,0.0,0.0,1.7482801210050784e-17,470181.1519679239,613424.0461276696,0.0
503.2599999996873,upper,613958.7102692781,470461.18711212924,4860.583105529558,2545.306289420262,5486.697752995121,0.5049309895599592,-0.006320457438845416,1200.0,0.0,0.0,0.0,1.6913533252519173e-17,470461.18711212924,613958.7102692781,0.0
503.3699999996872,upper,614493.3744108867,470741.1193544039,4860.583105529558,2544.3708556052034,5486.263863196203,0.5042357392416861,-0.006320457438845416,1200.0,0.0,0.0,0.0,1.6363000414579894e-17,470741.1193544039,614493.3744108867,0.0
503.4799999996871,upper,615028.0385524952,471020.9487031685,4860.583105529558,2543.4354983201524,5485.830134070362,0.503540488923413,-0.006320457438845416,1200.0,0.0,0.0,0.0,1.5830579692790724e-17,471020.9487031685,615028.0385524952,0.0
503.589999999687,upper,615562.7026941037,471300.67516683904,4860.583105529558,2542.5002175275895,5485.396565599173,0.5028452386051399,-0.006320457438845416,1200.0,0.0,0.0,0.0,1.5315669009807834e-17,471300.67516683904,615562.7026941037,0.0
503.6999999996869,upper,616097.3668357122,471580.2987538278,4860.583105529558,2541.5650131900093,5484.963157764225,0.5021499882868667,-0.006320457438845416,1200.0,0.0,0.0,0.0,1.4817686504597705e-17,471580.2987538278,616097.3668357122,0.0
503.8099999996868,upper,616632.0309773207,471859.81947254285,4860.583105529558,2540.6298852699197,5484.529910547121,0.5014547379685936,-0.006320457438845416,1200.0,0.0,0.0,0.0,1.433606984695646e-17,471859.81947254285,616632.0309773207,0.0
503.9199999996867,upper,617166.6951189293,472139.23733138776,4860.583105529558,2539.694833729844,5484.096823929482,0.5007594876503205,-0.006320457438845416,1200.0,0.0,0.0,0.0,1.387027557549273e-17,472139.23733138776,617166.6951189293,0.0
504.0299999996866,upper,617701.3592605378,472418.5523387626,4860.583105529558,2538.7598585323185,5483.663897892941,0.5000642373320474,-0.006320457438845416,1200.0,0.0,0.0,0.0,1.3419778458264556e-17,472418.5523387626,617701.3592605378,0.0
504.1399999996865,upper,618236.0234021463,472697.7645030628,4860.583105529558,2537.8249596398937,5483.23113241915,0.4993689870137743,-0.006320457438845416,1200.0,0.0,0.0,0.0,1.2984070875289815e-17,472697.7645030628,618236.0234021463,0.0
504.2499999996864,upper,618770.6875437548,472976.87383268,4860.583105529558,2536.890137015136,5482.798527489775,0.4986737366955012,-0.006320457438845416,1200.0,0.0,0.0,0.0,1.2562662222170886e-17,472976.87383268,618770.6875437548,0.0
504.3599999996863,upper,619305.3516853633,473255.88033600134,4860.583105529558,2535.955390620624,5482.366083086496,0.4979784863772281,-0.006320457438845416,1200.0,0.0,0.0,0.0,1.2155078334109443e-17,473255.88033600134,619305.3516853633,0.0
504.4699999996862,upper,619840.0158269719,473534.7840214103,4860.583105529558,2535.020720418949,5481.93379919101,0.49728323605895497,-0.006320457438845416,1200.0,0.0,0.0,0.0,1.1760860929603202e-17,473534.7840214103,619840.0158269719,0.0
504.5799999996861,upper,620374.6799685804,473813.58489728597,4860.583105529558,2534.0861263727224,5481.501675785029,0.49658798574068186,-0.006320457438845416,1200.0,0.0,0.0,0.0,1.1379567073149831e-17,473813.58489728597,620374.6799685804,0.0
504.689999999686,upper,620909.3441101889,474092.2829720034,4860.583105529558,2533.151608444562,5481.069712850279,0.49589273542240875,-0.006320457438845416,1200.0,0.0,0.0,0.0,1.1010768656299896e-17,474092.2829720034,620909.3441101889,0.0
504.7999999996859,upper,621444.0082517974,474370.87825393345,4860.583105529558,2532.217166597105,5480.637910368504,0.49519748510413564,-0.006320457438845416,1200.0,0.0,0.0,0.0,1.0654051896427684e-17,474370.87825393345,621444.0082517974,0.0
504.9099999996858,upper,621978.6723934059,474649.370751443,4860.583105529558,2531.282800793002,5480.206268321461,0.4945022347858625,-0.006320457438845416,1200.0,0.0,0.0,0.0,1.030901685260769e-17,474649.370751443,621978.6723934059,0.0
505.0199999996857,upper,622513.3365350144,474927.7604728948,4860.583105529558,2530.348510994916,5479.774786690923,0.4938069844675894,-0.006320457438845416,1200.0,0.0,0.0,0.0,9.975276958010462e-18,474927.7604728948,622513.3365350144,0.0
505.1299999996856,upper,623048.000676623,475206.0474266474,4860.583105529558,2529.414297165524,5479.343465458679,0.4931117341493163,-0.006320457438845416,1200.0,0.0,0.0,0.0,9.652458568245725e-18,475206.0474266474,623048.000676623,0.0
505.2399999996855,upper,623582.6648182315,475484.2316210554,4860.583105529558,2528.480159267519,5478.912304606532,0.4924164838310432,-0.006320457438845416,1200.0,0.0,0.0,0.0,9.340200525105487e-18,475484.2316210554,623582.6648182315,0.0
505.3499999996854,upper,624117.32895984,475762.3130644691,4860.583105529558,2527.546097263605,5478.4813041163015,0.4917212335127701,-0.006320457438845416,1200.0,0.0,0.0,0.0,9.038153735177582e-18,475762.3130644691,624117.32895984,0.0
505.4599999996853,upper,624651.9931014485,476040.29176523484,4860.583105529558,2526.612111116504,5478.05046396982,0.491025983194497,-0.006320457438845416,1200.0,0.0,0.0,0.0,8.745980762815824e-18,476040.29176523484,624651.9931014485,0.0
505.5699999996852,upper,625186.657243057,476318.1677316947,4860.583105529558,2525.678200788949,5477.619784148939,0.49033073287622386,-0.006320457438845416,1200.0,0.0,0.0,0.0,8.463355436976026e-18,476318.1677316947,625186.657243057,0.0
505.6799999996851,upper,625721.3213846656,476595.940972187,4860.583105529558,2524.744366243689,5477.189264635523,0.48963548255795075,-0.006320457438845416,1200.0,0.0,0.0,0.0,8.18996247143812e-18,476595.940972187,625721.3213846656,0.0
505.789999999685,upper,626255.9855262741,476873.6114950456,4860.583105529558,2523.810607443485,5476.75890541145,0.48894023223967764,-0.006320457438845416,1200.0,0.0,0.0,0.0,7.92549709795704e-18,476873.6114950456,626255.9855262741,0.0
505.8999999996849,upper,626790.6496678826,477151.1793086005,4860.583105529558,2522.8769243511138,5476.328706458617,0.48824498192140453,-0.006320457438845416,1200.0,0.0,0.0,0.0,7.669664711896168e-18,477151.1793086005,626790.6496678826,0.0
506.0099999996848,upper,627325.3138094911,477428.6444211774,4860.583105529558,2521.9433169293634,5475.898667758932,0.4875497316031314,-0.006320457438845416,1200.0,0.0,0.0,0.0,7.422180529915306e-18,477428.6444211774,627325.3138094911,0.0
506.1199999996847,upper,627859.9779510996,477706.00684109813,4860.583105529558,2521.0097851410396,5475.468789294323,0.4868544812848583,-0.006320457438845416,1200.0,0.0,0.0,0.0,7.182769259299102e-18,477706.00684109813,627859.9779510996,0.0
506.2299999996846,upper,628394.6420927081,477983.26657668035,4860.583105529558,2520.07632894896,5475.039071046729,0.4861592309665852,-0.006320457438845416,1200.0,0.0,0.0,0.0,6.951164778527161e-18,477983.26657668035,628394.6420927081,0.0
506.3399999996845,upper,628929.3062343167,478260.42363623745,4860.583105529558,2519.142948315957,5474.609512998108,0.4854639806483121,-0.006320457438845416,1200.0,0.0,0.0,0.0,6.727109828698819e-18,478260.42363623745,628929.3062343167,0.0
506.4499999996844,upper,629463.9703759252,478537.47802807903,4860.583105529558,2518.2096432048756,5474.180115130429,0.484768730330039,-0.006320457438845416,1200.0,0.0,0.0,0.0,6.510355715440663e-18,478537.47802807903,629463.9703759252,0.0
506.5599999996843,upper,629998.6345175337,478814.4297605103,4860.583105529558,2517.2764135785756,5473.7508774256785,0.48407348001176587,-0.006320457438845416,1200.0,0.0,0.0,0.0,6.3006620209382936e-18,478814.4297605103,629998.6345175337,0.0
506.6699999996842,upper,630533.2986591422,479091.27884183265,4860.583105529558,2516.3432593999305,5473.321799865857,0.48337822969349276,-0.006320457438845416,1200.0,0.0,0.0,0.0,6.0977963257433895e-18,479091.27884183265,630533.2986591422,0.0
506.7799999996841,upper,631067.9628007507,479368.02528034337,4860.583105529558,2515.410180631829,5472.892882432984,0.48268297937521965,-0.006320457438845416,1200.0,0.0,0.0,0.0,5.901533940023244e-18,479368.02528034337,631067.9628007507,0.0
506.889999999684,upper,631602.6269423593,479644.6690843354,4860.583105529558,2514.4771772371705,5472.464125109088,0.48198772905694653,-0.006320457438845416,1200.0,0.0,0.0,0.0,5.711657643927342e-18,479644.6690843354,631602.6269423593,0.0
506.9999999996839,upper,632137.2910839678,479921.2102620978,4860.583105529558,2513.544249178872,5472.035527876217,0.4812924787386734,-0.006320457438845416,1200.0,0.0,0.0,0.0,5.527957436759813e-18,479921.2102620978,632137.2910839678,0.0
507.1099999996838,upper,632671.9552255763,480197.64882191573,4860.583105529558,2512.611396419863,5471.607090716432,0.4805972284204003,-0.006320457438845416,1200.0,0.0,0.0,0.0,5.350230294656251e-18,480197.64882191573,632671.9552255763,0.0
507.2199999996837,upper,633206.6193671848,480473.9847720698,4860.583105529558,2511.6786189230857,5471.178813611811,0.4799019781021272,-0.006320457438845416,1200.0,0.0,0.0,0.0,5.178279936473481e-18,480473.9847720698,633206.6193671848,0.0
507.3299999996836,upper,633741.2835087933,480750.21812083694,4860.583105529558,2510.745916651497,5470.750696544445,0.4792067277838541,-0.006320457438845416,1200.0,0.0,0.0,0.0,5.011916597611268e-18,480750.21812083694,633741.2835087933,0.0
507.4399999996835,upper,634275.9476504019,481026.34887648997,4860.583105529558,2509.813289568068,5470.3227394964415,0.478511477465581,-0.006320457438845416,1200.0,0.0,0.0,0.0,4.850956811495103e-18,481026.34887648997,634275.9476504019,0.0
507.5499999996834,upper,634810.6117920104,481302.37704729737,4860.583105529558,2508.880737635784,5469.894942449922,0.47781622714730787,-0.006320457438845416,1200.0,0.0,0.0,0.0,4.6952231984577745e-18,481302.37704729737,634810.6117920104,0.0
507.6599999996833,upper,635345.2759336189,481578.3026415239,4860.583105529558,2507.9482608176436,5469.467305387026,0.47712097682903476,-0.006320457438845416,1200.0,0.0,0.0,0.0,4.5445442617667205e-18,481578.3026415239,635345.2759336189,0.0
507.7699999996832,upper,635879.9400752274,481854.12566743,4860.583105529558,2507.0158590766587,5469.039828289902,0.47642572651076165,-0.006320457438845416,1200.0,0.0,0.0,0.0,4.3987541905534926e-18,481854.12566743,635879.9400752274,0.0
507.8799999996831,upper,636414.6042168359,482129.8461332721,4860.583105529558,2506.0835323758565,5468.612511140721,0.47573047619248854,-0.006320457438845416,1200.0,0.0,0.0,0.0,4.257692669408944e-18,482129.8461332721,636414.6042168359,0.0
507.989999999683,upper,636949.2683584444,482405.4640473027,4860.583105529558,2505.151280678275,5468.185353921662,0.4750352258742154,-0.006320457438845416,1200.0,0.0,0.0,0.0,4.121204694417037e-18,482405.4640473027,636949.2683584444,0.0
508.0999999996829,upper,637483.932500053,482680.97941777005,4860.583105529558,2504.219103946969,5467.758356614923,0.4743399755559423,-0.006320457438845416,1200.0,0.0,0.0,0.0,3.989140395407376e-18,482680.97941777005,637483.932500053,0.0
508.2099999996828,upper,638018.5966416615,482956.3922529184,4860.583105529558,2503.287002145007,5467.3315192027185,0.4736447252376692,-0.006320457438845416,1200.0,0.0,0.0,0.0,3.861354864213785e-18,482956.3922529184,638018.5966416615,0.0
508.3199999996827,upper,638553.26078327,483231.7025609879,4860.583105529558,2502.354975235469,5466.904841667273,0.4729494749193961,-0.006320457438845416,1200.0,0.0,0.0,0.0,3.737707988734918e-18,483231.7025609879,638553.26078327,0.0
508.4299999996826,upper,639087.9249248785,483506.91035021475,4860.583105529558,2501.4230231814518,5466.47832399083,0.472254224601123,-0.006320457438845416,1200.0,0.0,0.0,0.0,3.618064292598034e-18,483506.91035021475,639087.9249248785,0.0
508.5399999996825,upper,639622.589066487,483782.01562883105,4860.583105529558,2500.4911459460627,5466.051966155647,0.4715589742828499,-0.006320457438845416,1200.0,0.0,0.0,0.0,3.502292780235902e-18,483782.01562883105,639622.589066487,0.0
508.6499999996824,upper,640157.2532080956,484057.0184050648,4860.583105529558,2499.559343492426,5465.6257681439965,0.47086372396457676,-0.006320457438845416,1200.0,0.0,0.0,0.0,3.3902667871915708e-18,484057.0184050648,640157.2532080956,0.0
508.7599999996823,upper,640691.9173497041,484331.9186871399,4860.583105529558,2498.6276157836774,5465.199729938165,0.47016847364630365,-0.006320457438845416,1200.0,0.0,0.0,0.0,3.281863835473428e-18,484331.9186871399,640691.9173497041,0.0
508.8699999996822,upper,641226.5814913126,484606.71648327645,4860.583105529558,2497.6959627829665,5464.773851520454,0.46947322332803054,-0.006320457438845416,1200.0,0.0,0.0,0.0,3.1769654937879465e-18,484606.71648327645,641226.5814913126,0.0
508.9799999996821,upper,641761.2456329211,484881.41180169,4860.583105529558,2496.764384453458,5464.348132873181,0.46877797300975743,-0.006320457438845416,1200.0,0.0,0.0,0.0,3.0754572424851365e-18,484881.41180169,641761.2456329211,0.0
509.089999999682,upper,642295.9097745296,485156.00465059263,4860.583105529558,2495.83288075833,5463.922573978679,0.4680827226914843,-0.006320457438845416,1200.0,0.0,0.0,0.0,2.9772283430546952e-18,485156.00465059263,642295.9097745296,0.0
509.1999999996819,upper,642830.5739161381,485430.49503819196,4860.583105529558,2494.901451660773,5463.497174819294,0.4673874723732112,-0.006320457438845416,1200.0,0.0,0.0,0.0,2.882171712019744e-18,485430.49503819196,642830.5739161381,0.0
509.3099999996818,upper,643365.2380577467,485704.8829726918,4860.583105529558,2493.9700971239927,5463.071935377387,0.4666922220549381,-0.006320457438845416,1200.0,0.0,0.0,0.0,2.7901837990773043e-18,485704.8829726918,643365.2380577467,0.0
509.4199999996817,upper,643899.9021993552,485979.16846229177,4860.583105529558,2493.0388171112068,5462.646855635335,0.465996971736665,-0.006320457438845416,1200.0,0.0,0.0,0.0,2.7011644693416785e-18,485979.16846229177,643899.9021993552,0.0
509.5299999996816,upper,644434.5663409637,486253.3515151875,4860.583105529558,2492.107611585648,5462.22193557553,0.4653017214183919,-0.006320457438845416,1200.0,0.0,0.0,0.0,2.615016889551179e-18,486253.3515151875,644434.5663409637,0.0
509.6399999996815,upper,644969.2304825722,486527.4321395705,4860.583105529558,2491.1764805105627,5461.797175180378,0.46460647110011877,-0.006320457438845416,1200.0,0.0,0.0,0.0,2.5316474181036263e-18,486527.4321395705,644969.2304825722,0.0
509.7499999996814,upper,645503.8946241807,486801.4103436284,4860.583105529558,2490.2454238492114,5461.372574432302,0.46391122078184566,-0.006320457438845416,1200.0,0.0,0.0,0.0,2.450965498790171e-18,486801.4103436284,645503.8946241807,0.0
509.8599999996813,upper,646038.5587657893,487075.28613554453,4860.583105529558,2489.3144415648653,5460.948133313735,0.46321597046357255,-0.006320457438845416,1200.0,0.0,0.0,0.0,2.3728835581025437e-18,487075.28613554453,646038.5587657893,0.0
509.9699999996812,upper,646573.2229073978,487349.0595234985,4860.583105529558,2488.383533620814,5460.52385180713,0.46252072014529944,-0.006320457438845416,1200.0,0.0,0.0,0.0,2.2973169059916407e-18,487349.0595234985,646573.2229073978,0.0
510.0799999996811,upper,647107.8870490063,487622.7305156657,4860.583105529558,2487.4526999803556,5460.099729894952,0.4618254698270263,-0.006320457438845416,1200.0,0.0,0.0,0.0,2.2241836399609275e-18,487622.7305156657,647107.8870490063,0.0
510.189999999681,upper,647642.5511906148,487896.29912021745,4860.583105529558,2486.5219406068063,5459.675767559683,0.4611302195087532,-0.006320457438845416,1200.0,0.0,0.0,0.0,2.1534045523813503e-18,487896.29912021745,647642.5511906148,0.0
510.2999999996809,upper,648177.2153322233,488169.76534532104,4860.583105529558,2485.591255463493,5459.251964783815,0.4604349691904801,-0.006320457438845416,1200.0,0.0,0.0,0.0,2.0849030409182853e-18,488169.76534532104,648177.2153322233,0.0
510.4099999996808,upper,648711.8794738319,488443.1291991398,4860.583105529558,2484.6606445137586,5458.828321549862,0.459739718872207,-0.006320457438845416,1200.0,0.0,0.0,0.0,2.0186050219653266e-18,488443.1291991398,648711.8794738319,0.0
510.5199999996807,upper,649246.5436154404,488716.39068983303,4860.583105529558,2483.7301077209568,5458.404837840349,0.4590444685539339,-0.006320457438845416,1200.0,0.0,0.0,0.0,1.9544388469828664e-18,488716.39068983303,649246.5436154404,0.0
510.6299999996806,upper,649781.2077570489,488989.5498255561,4860.583105529558,2482.7996450484566,5457.981513637813,0.45834921823566077,-0.006320457438845416,1200.0,0.0,0.0,0.0,1.8923352216430717e-18,488989.5498255561,649781.2077570489,0.0
510.7399999996805,upper,650315.8718986574,489262.6066144602,4860.583105529558,2481.8692564596404,5457.55834892481,0.45765396791738766,-0.006320457438845416,1200.0,0.0,0.0,0.0,1.832227127686336e-18,489262.6066144602,650315.8718986574,0.0
510.8499999996804,upper,650850.5360402659,489535.5610646924,4860.583105529558,2480.9389419179047,5457.135343683909,0.45695871759911455,-0.006320457438845416,1200.0,0.0,0.0,0.0,1.774049747397014e-18,489535.5610646924,650850.5360402659,0.0
510.9599999996803,upper,651385.2001818744,489808.41318439593,4860.583105529558,2480.0087013866573,5456.712497897695,0.45626346728084144,-0.006320457438845416,1200.0,0.0,0.0,0.0,1.7177403906103448e-18,489808.41318439593,651385.2001818744,0.0
511.0699999996802,upper,651919.864323483,490081.16298170993,4860.583105529558,2479.0785348293225,5456.289811548766,0.45556821696256833,-0.006320457438845416,1200.0,0.0,0.0,0.0,1.6632384241644562e-18,490081.16298170993,651919.864323483,0.0
511.1799999996801,upper,652454.5284650915,490353.8104647695,4860.583105529558,2478.1484422093363,5455.867284619736,0.4548729666442952,-0.006320457438845416,1200.0,0.0,0.0,0.0,1.6104852037149834e-18,490353.8104647695,652454.5284650915,0.0
511.28999999968,upper,652989.1926067,490626.35564170574,4860.583105529558,2477.2184234901492,5455.444917093232,0.4541777163260221,-0.006320457438845416,1200.0,0.0,0.0,0.0,1.559424007832384e-18,490626.35564170574,652989.1926067,0.0
511.3999999996799,upper,653523.8567483085,490898.7985206457,4860.583105529558,2476.2884786352242,5455.022708951899,0.453482466007749,-0.006320457438845416,1200.0,0.0,0.0,0.0,1.5099999743047776e-18,490898.7985206457,653523.8567483085,0.0
511.5099999996798,upper,654058.520889917,491171.13910971244,4860.583105529558,2475.358607608038,5454.600660178394,0.4527872156894759,-0.006320457438845416,1200.0,0.0,0.0,0.0,1.4621600385716907e-18,491171.13910971244,654058.520889917,0.0
511.6199999996797,upper,654593.1850315256,491443.3774170251,4860.583105529558,2474.428810372081,5454.1787707553885,0.4520919653712028,-0.006320457438845416,1200.0,0.0,0.0,0.0,1.4158528742169e-18,491443.3774170251,654593.1850315256,0.0
511.7299999996796,upper,655127.8491731341,491715.5134506987,4860.583105529558,2473.4990868908585,5453.7570406655705,0.45139671505292966,-0.006320457438845416,1200.0,0.0,0.0,0.0,1.3710288354507501e-18,491715.5134506987,655127.8491731341,0.0
511.8399999996795,upper,655662.5133147426,491987.5472188442,4860.583105529558,2472.5694371278873,5453.335469891641,0.45070146473465655,-0.006320457438845416,1200.0,0.0,0.0,0.0,1.3276399015147418e-18,491987.5472188442,655662.5133147426,0.0
511.9499999996794,upper,656197.1774563511,492259.47872956854,4860.583105529558,2471.6398610466986,5452.914058416317,0.45000621441638344,-0.006320457438845416,1200.0,0.0,0.0,0.0,1.2856396229436654e-18,492259.47872956854,656197.1774563511,0.0
512.0599999996793,upper,656731.8415979596,492531.30799097475,4860.583105529558,2470.7103586108365,5452.49280622233,0.44931096409811033,-0.006320457438845416,1200.0,0.0,0.0,0.0,1.2449830696223636e-18,492531.30799097475,656731.8415979596,0.0
512.1699999996792,upper,657266.5057395682,492803.0350111619,4860.583105529558,2469.7809297838585,5452.071713292424,0.4486157137798372,-0.006320457438845416,1200.0,0.0,0.0,0.0,1.2056267805769586e-18,492803.0350111619,657266.5057395682,0.0
512.2799999996791,upper,657801.1698811767,493074.6597982249,4860.583105529558,2468.851574529337,5451.650779609361,0.4479204634615641,-0.006320457438845416,1200.0,0.0,0.0,0.0,1.1675287154417461e-18,493074.6597982249,657801.1698811767,0.0
512.389999999679,upper,658335.8340227852,493346.1823602547,4860.583105529558,2467.922292810857,5451.230005155916,0.447225213143291,-0.006320457438845416,1200.0,0.0,0.0,0.0,1.1306482075454849e-18,493346.1823602547,658335.8340227852,0.0
512.499999999679,upper,658870.4981643937,493617.6027053383,4860.583105529558,2466.993084592015,5450.809389914877,0.4465299628250179,-0.006320457438845416,1200.0,0.0,0.0,0.0,1.0949459185623789e-18,493617.6027053383,658870.4981643937,0.0
512.6099999996788,upper,659405.1623060022,493888.92084155866,4860.583105529558,2466.063949836423,5450.388933869049,0.4458347125067448,-0.006320457438845416,1200.0,0.0,0.0,0.0,1.0603837946752033e-18,493888.92084155866,659405.1623060022,0.0
512.7199999996787,upper,659939.8264476107,494160.1367769946,4860.583105529558,2465.134888507707,5449.9686370012505,0.44513946218847167,-0.006320457438845416,1200.0,0.0,0.0,0.0,1.0269250241996137e-18,494160.1367769946,659939.8264476107,0.0
512.8299999996786,upper,660474.4905892193,494431.25051972124,4860.583105529558,2464.205900569506,5449.548499294317,0.44444421187019856,-0.006320457438845416,1200.0,0.0,0.0,0.0,9.945339966202928e-19,494431.25051972124,660474.4905892193,0.0
512.9399999996785,upper,661009.1547308278,494702.26207780954,4860.583105529558,2463.2769859854707,5449.128520731093,0.44374896155192545,-0.006320457438845416,1200.0,0.0,0.0,0.0,9.631762629917509e-19,494702.26207780954,661009.1547308278,0.0
513.0499999996784,upper,661543.8188724363,494973.17145932635,4860.583105529558,2462.3481447192667,5448.708701294444,0.44305371123365234,-0.006320457438845416,1200.0,0.0,0.0,0.0,9.32818497657636e-19,494973.17145932635,661543.8188724363,0.0
513.1599999996783,upper,662078.4830140448,495243.9786723347,4860.583105529558,2461.419376734573,5448.289040967245,0.4423584609153792,-0.006320457438845416,1200.0,0.0,0.0,0.0,9.034284612442403e-19,495243.9786723347,662078.4830140448,0.0
513.2699999996782,upper,662613.1471556533,495514.6837248936,4860.583105529558,2460.4906819950806,5447.869539732388,0.4416632105971061,-0.006320457438845416,1200.0,0.0,0.0,0.0,8.749749648855185e-19,495514.6837248936,662613.1471556533,0.0
513.3799999996781,upper,663147.8112972619,495785.2866250579,4860.583105529558,2459.5620604644955,5447.45019757278,0.440967960278833,-0.006320457438845416,1200.0,0.0,0.0,0.0,8.474278356381151e-19,495785.2866250579,663147.8112972619,0.0
513.489999999678,upper,663682.4754388704,496055.78738087864,4860.583105529558,2458.633512106537,5447.031014471341,0.4402727099605599,-0.006320457438845416,1200.0,0.0,0.0,0.0,8.207578830464239e-19,496055.78738087864,663682.4754388704,0.0
513.599999999678,upper,664217.1395804789,496326.1860004029,4860.583105529558,2457.705036884936,5446.611990411007,0.4395774596422868,-0.006320457438845416,1200.0,0.0,0.0,0.0,7.949368668191297e-19,496326.1860004029,664217.1395804789,0.0
513.7099999996778,upper,664751.8037220874,496596.4824916736,4860.583105529558,2456.776634763437,5446.193125374726,0.4388822093240137,-0.006320457438845416,1200.0,0.0,0.0,0.0,7.699374655799147e-19,496596.4824916736,664751.8037220874,0.0
513.8199999996777,upper,665286.4678636959,496866.67686272995,4860.583105529558,2455.8483057058,5445.774419345463,0.43818695900574056,-0.006320457438845416,1200.0,0.0,0.0,0.0,7.457332466562254e-19,496866.67686272995,665286.4678636959,0.0
513.9299999996776,upper,665821.1320053044,497136.76912160666,4860.583105529558,2454.9200496757976,5445.355872306197,0.43749170868746745,-0.006320457438845416,1200.0,0.0,0.0,0.0,7.2229863687134965e-19,497136.76912160666,665821.1320053044,0.0
514.0399999996775,upper,666355.796146913,497406.75927633495,4860.583105529558,2453.991866637213,5444.937484239921,0.43679645836919434,-0.006320457438845416,1200.0,0.0,0.0,0.0,6.996088943060406e-19,497406.75927633495,666355.796146913,0.0
514.1499999996774,upper,666890.4602885215,497676.64733494184,4860.583105529558,2453.063756553847,5444.519255129642,0.43610120805092123,-0.006320457438845416,1200.0,0.0,0.0,0.0,6.776400809973868e-19,497676.64733494184,666890.4602885215,0.0
514.2599999996773,upper,667425.12443013,497946.4333054504,4860.583105529558,2452.135719389509,5444.101184958383,0.4354059577326481,-0.006320457438845416,1200.0,0.0,0.0,0.0,6.563690365433138e-19,497946.4333054504,667425.12443013,0.0
514.3699999996772,upper,667959.7885717385,498216.1171958799,4860.583105529558,2451.2077551080265,5443.68327370918,0.434710707414375,-0.006320457438845416,1200.0,0.0,0.0,0.0,6.357733525824884e-19,498216.1171958799,667959.7885717385,0.0
514.4799999996771,upper,668494.452713347,498485.69901424536,4860.583105529558,2450.2798636732364,5443.265521365084,0.4340154570961019,-0.006320457438845416,1200.0,0.0,0.0,0.0,6.158313481203092e-19,498485.69901424536,668494.452713347,0.0
514.589999999677,upper,669029.1168549556,498755.17876855773,4860.583105529558,2449.3520450489914,5442.847927909161,0.4333202067778288,-0.006320457438845416,1200.0,0.0,0.0,0.0,5.965220456725991e-19,498755.17876855773,669029.1168549556,0.0
514.699999999677,upper,669563.7809965641,499024.5564668245,4860.583105529558,2448.424299199155,5442.430493324489,0.4326249564595557,-0.006320457438845416,1200.0,0.0,0.0,0.0,5.778251481996497e-19,499024.5564668245,669563.7809965641,0.0
514.8099999996768,upper,670098.4451381726,499293.8321170485,4860.583105529558,2447.496626087606,5442.0132175941635,0.43192970614128257,-0.006320457438845416,1200.0,0.0,0.0,0.0,5.597210168042716e-19,499293.8321170485,670098.4451381726,0.0
514.9199999996767,upper,670633.1092797811,499563.00572722935,4860.583105529558,2446.569025678235,5441.596100701293,0.43123445582300945,-0.006320457438845416,1200.0,0.0,0.0,0.0,5.421906491681073e-19,499563.00572722935,670633.1092797811,0.0
515.0299999996766,upper,671167.7734213896,499832.0773053622,4860.583105529558,2445.641497934948,5441.179142629,0.43053920550473634,-0.006320457438845416,1200.0,0.0,0.0,0.0,5.252156587017357e-19,499832.0773053622,671167.7734213896,0.0
